ObjectName,v1x,v1y,v1z,v2x,v2y,v2z,v3x,v3y,v3z
Road_floor,1490.489,-0.005,3217.449,490.4894,-0.005,2217.449,490.4894,-0.005,3217.449
Road_floor,490.4894,-0.005,2217.449,1490.489,-0.005,3217.449,1490.489,-0.005,2217.449
Road_floor,2476.01,-0.005,3217.449,1476.01,-0.005,2217.449,1476.01,-0.005,3217.449
Road_floor,1476.01,-0.005,2217.449,2476.01,-0.005,3217.449,2476.01,-0.005,2217.449
Road_floor,1490.489,-0.005,4189.369,490.4894,-0.005,3189.369,490.4894,-0.005,4189.369
Road_floor,490.4894,-0.005,3189.369,1490.489,-0.005,4189.369,1490.489,-0.005,3189.369
Road_floor,517.2628,-0.005,3232.009,-482.7371,-0.005,2232.009,-482.7371,-0.005,3232.009
Road_floor,-482.7371,-0.005,2232.009,517.2628,-0.005,3232.009,517.2628,-0.005,2232.009
Road_floor,517.2628,-0.005,4189.369,-482.7371,-0.005,3189.369,-482.7371,-0.005,4189.369
Road_floor,-482.7371,-0.005,3189.369,517.2628,-0.005,4189.369,517.2628,-0.005,3189.369
Road_floor,2476.01,-0.005,4189.369,1476.01,-0.005,3189.369,1476.01,-0.005,4189.369
Road_floor,1476.01,-0.005,3189.369,2476.01,-0.005,4189.369,2476.01,-0.005,3189.369
Road_floor,1490.489,-0.005,5143.009,490.4894,-0.005,4143.009,490.4894,-0.005,5143.009
Road_floor,490.4894,-0.005,4143.009,1490.489,-0.005,5143.009,1490.489,-0.005,4143.009
Road_floor,2476.01,-0.005,5143.009,1476.01,-0.005,4143.009,1476.01,-0.005,5143.009
Road_floor,1476.01,-0.005,4143.009,2476.01,-0.005,5143.009,2476.01,-0.005,4143.009
Road_floor,1490.489,-0.005,6114.929,490.4894,-0.005,5114.929,490.4894,-0.005,6114.929
Road_floor,490.4894,-0.005,5114.929,1490.489,-0.005,6114.929,1490.489,-0.005,5114.929
Road_floor,517.2628,-0.005,5157.569,-482.7371,-0.005,4157.569,-482.7371,-0.005,5157.569
Road_floor,-482.7371,-0.005,4157.569,517.2628,-0.005,5157.569,517.2628,-0.005,4157.569
Road_floor,517.2628,-0.005,6114.929,-482.7371,-0.005,5114.929,-482.7371,-0.005,6114.929
Road_floor,-482.7371,-0.005,5114.929,517.2628,-0.005,6114.929,517.2628,-0.005,5114.929
Road_floor,2476.01,-0.005,6114.929,1476.01,-0.005,5114.929,1476.01,-0.005,6114.929
Road_floor,1476.01,-0.005,5114.929,2476.01,-0.005,6114.929,2476.01,-0.005,5114.929
UNIConcrete,2477.026,1231.4406,2197.818,2004.459,1227.7193,2205.347,2004.459,1231.4406,2197.818
UNIConcrete,2004.459,1227.7193,2205.347,2477.026,1231.4406,2197.818,2477.026,1227.7193,2205.347
UNIConcrete,2477.026,1244.1739,2203.606,2004.459,1231.4406,2197.818,2004.459,1244.1739,2203.606
UNIConcrete,2004.459,1231.4406,2197.818,2477.026,1244.1739,2203.606,2477.026,1231.4406,2197.818
UNIConcrete,2477.026,1244.1741,2242.41,2004.459,1244.1739,2203.606,2004.459,1244.1741,2242.41
UNIConcrete,2004.459,1244.1739,2203.606,2477.026,1244.1741,2242.41,2477.026,1244.1739,2203.606
UNIConcrete,2477.026,-4.1741,2205.347,2004.459,1227.7193,2205.347,2477.026,1227.7193,2205.347
UNIConcrete,2004.459,1227.7193,2205.347,2477.026,-4.1741,2205.347,2004.459,-4.1741,2205.347
UNIConcrete,2477.026,-4.1739,2240.668,2004.459,1227.7195,2240.668,2004.459,-4.1739,2240.668
UNIConcrete,2004.459,1227.7195,2240.668,2477.026,-4.1739,2240.668,2477.026,1227.7195,2240.668
UNIConcrete,2477.026,1244.1741,2242.41,2004.459,1231.4408,2248.198,2477.026,1231.4408,2248.198
UNIConcrete,2004.459,1231.4408,2248.198,2477.026,1244.1741,2242.41,2004.459,1244.1741,2242.41
UNIConcrete,2477.026,1231.4408,2248.198,2004.459,1227.7195,2240.668,2477.026,1227.7195,2240.668
UNIConcrete,2004.459,1227.7195,2240.668,2477.026,1231.4408,2248.198,2004.459,1231.4408,2248.198
UNIConcrete,2012.02,1231.4406,2197.285,1539.452,1227.7193,2204.814,1539.452,1231.4406,2197.285
UNIConcrete,1539.452,1227.7193,2204.814,2012.02,1231.4406,2197.285,2012.02,1227.7193,2204.814
UNIConcrete,2012.02,1244.1739,2203.073,1539.452,1231.4406,2197.285,1539.452,1244.1739,2203.073
UNIConcrete,1539.452,1231.4406,2197.285,2012.02,1244.1739,2203.073,2012.02,1231.4406,2197.285
UNIConcrete,2012.02,1244.1741,2241.877,1539.452,1244.1739,2203.073,1539.452,1244.1741,2241.877
UNIConcrete,1539.452,1244.1739,2203.073,2012.02,1244.1741,2241.877,2012.02,1244.1739,2203.073
UNIConcrete,2012.02,-4.1741,2204.814,1539.452,1227.7193,2204.814,2012.02,1227.7193,2204.814
UNIConcrete,1539.452,1227.7193,2204.814,2012.02,-4.1741,2204.814,1539.452,-4.1741,2204.814
UNIConcrete,2012.02,-4.1739,2240.135,1539.452,1227.7195,2240.135,1539.452,-4.1739,2240.135
UNIConcrete,1539.452,1227.7195,2240.135,2012.02,-4.1739,2240.135,2012.019,1227.7195,2240.135
UNIConcrete,2012.02,1244.1741,2241.877,1539.452,1231.4408,2247.665,2012.019,1231.4408,2247.665
UNIConcrete,1539.452,1231.4408,2247.665,2012.02,1244.1741,2241.877,1539.452,1244.1741,2241.877
UNIConcrete,2012.019,1231.4408,2247.665,1539.452,1227.7195,2240.135,2012.019,1227.7195,2240.135
UNIConcrete,1539.452,1227.7195,2240.135,2012.019,1231.4408,2247.665,1539.452,1231.4408,2247.665
UNIConcrete,1550.027,1231.4406,2196.747,1077.46,1227.7193,2204.276,1077.46,1231.4406,2196.747
UNIConcrete,1077.46,1227.7193,2204.276,1550.027,1231.4406,2196.747,1550.027,1227.7193,2204.276
UNIConcrete,1550.027,1244.1739,2202.535,1077.46,1231.4406,2196.747,1077.46,1244.1739,2202.535
UNIConcrete,1077.46,1231.4406,2196.747,1550.027,1244.1739,2202.535,1550.027,1231.4406,2196.747
UNIConcrete,1550.027,1244.1741,2241.339,1077.46,1244.1739,2202.535,1077.46,1244.1741,2241.339
UNIConcrete,1077.46,1244.1739,2202.535,1550.027,1244.1741,2241.339,1550.027,1244.1739,2202.535
UNIConcrete,1550.027,-4.1741,2204.276,1077.46,1227.7193,2204.276,1550.027,1227.7193,2204.276
UNIConcrete,1077.46,1227.7193,2204.276,1550.027,-4.1741,2204.276,1077.46,-4.1741,2204.276
UNIConcrete,1550.027,-4.1739,2239.597,1077.46,1227.7195,2239.597,1077.46,-4.1739,2239.597
UNIConcrete,1077.46,1227.7195,2239.597,1550.027,-4.1739,2239.597,1550.027,1227.7195,2239.597
UNIConcrete,1550.027,1244.1741,2241.339,1077.459,1231.4408,2247.127,1550.027,1231.4408,2247.127
UNIConcrete,1077.459,1231.4408,2247.127,1550.027,1244.1741,2241.339,1077.46,1244.1741,2241.339
UNIConcrete,1550.027,1231.4408,2247.127,1077.46,1227.7195,2239.597,1550.027,1227.7195,2239.597
UNIConcrete,1077.46,1227.7195,2239.597,1550.027,1231.4408,2247.127,1077.459,1231.4408,2247.127
UNIConcrete,1085.03,1231.4406,2196.193,612.4626,1227.7193,2203.722,612.4626,1231.4406,2196.193
UNIConcrete,612.4626,1227.7193,2203.722,1085.03,1231.4406,2196.193,1085.03,1227.7193,2203.722
UNIConcrete,1085.03,1244.1739,2201.981,612.4626,1231.4406,2196.193,612.4626,1244.1739,2201.981
UNIConcrete,612.4626,1231.4406,2196.193,1085.03,1244.1739,2201.981,1085.03,1231.4406,2196.193
UNIConcrete,1085.03,1244.1741,2240.785,612.4626,1244.1739,2201.981,612.4626,1244.1741,2240.785
UNIConcrete,612.4626,1244.1739,2201.981,1085.03,1244.1741,2240.785,1085.03,1244.1739,2201.981
UNIConcrete,1085.03,-4.1741,2203.722,612.4626,1227.7193,2203.722,1085.03,1227.7193,2203.722
UNIConcrete,612.4626,1227.7193,2203.722,1085.03,-4.1741,2203.722,612.4626,-4.1741,2203.722
UNIConcrete,1085.03,-4.1739,2239.043,612.4626,1227.7195,2239.043,612.4626,-4.1739,2239.043
UNIConcrete,612.4626,1227.7195,2239.043,1085.03,-4.1739,2239.043,1085.03,1227.7195,2239.043
UNIConcrete,1085.03,1244.1741,2240.785,612.4624,1231.4408,2246.573,1085.03,1231.4408,2246.573
UNIConcrete,612.4624,1231.4408,2246.573,1085.03,1244.1741,2240.785,612.4626,1244.1741,2240.785
UNIConcrete,1085.03,1231.4408,2246.573,612.4626,1227.7195,2239.043,1085.03,1227.7195,2239.043
UNIConcrete,612.4626,1227.7195,2239.043,1085.03,1231.4408,2246.573,612.4624,1231.4408,2246.573
UNIConcrete,644.0378,1231.4406,2195.698,171.4704,1227.7193,2203.227,171.4704,1231.4406,2195.698
UNIConcrete,171.4704,1227.7193,2203.227,644.0378,1231.4406,2195.698,644.0378,1227.7193,2203.227
UNIConcrete,644.0378,1244.1739,2201.486,171.4704,1231.4406,2195.698,171.4704,1244.1739,2201.486
UNIConcrete,171.4704,1231.4406,2195.698,644.0378,1244.1739,2201.486,644.0378,1231.4406,2195.698
UNIConcrete,644.0378,1244.1741,2240.29,171.4704,1244.1739,2201.486,171.4704,1244.1741,2240.29
UNIConcrete,171.4704,1244.1739,2201.486,644.0378,1244.1741,2240.29,644.0378,1244.1739,2201.486
UNIConcrete,644.0378,-4.1741,2203.227,171.4704,1227.7193,2203.227,644.0378,1227.7193,2203.227
UNIConcrete,171.4704,1227.7193,2203.227,644.0378,-4.1741,2203.227,171.4704,-4.1741,2203.227
UNIConcrete,644.0378,-4.1739,2238.548,171.4704,1227.7195,2238.548,171.4704,-4.1739,2238.548
UNIConcrete,171.4704,1227.7195,2238.548,644.0378,-4.1739,2238.548,644.0376,1227.7195,2238.548
UNIConcrete,644.0378,1244.1741,2240.29,171.4702,1231.4408,2246.078,644.0376,1231.4408,2246.078
UNIConcrete,171.4702,1231.4408,2246.078,644.0378,1244.1741,2240.29,171.4704,1244.1741,2240.29
UNIConcrete,644.0376,1231.4408,2246.078,171.4704,1227.7195,2238.548,644.0376,1227.7195,2238.548
UNIConcrete,171.4704,1227.7195,2238.548,644.0376,1231.4408,2246.078,171.4702,1231.4408,2246.078
UNIConcrete,179.0297,1231.4406,2195.161,-293.5378,1227.7193,2202.691,-293.5378,1231.4406,2195.161
UNIConcrete,-293.5378,1227.7193,2202.691,179.0297,1231.4406,2195.161,179.0297,1227.7193,2202.691
UNIConcrete,179.0297,1244.1739,2200.95,-293.5378,1231.4406,2195.161,-293.5378,1244.1739,2200.95
UNIConcrete,-293.5378,1231.4406,2195.161,179.0297,1244.1739,2200.95,179.0297,1231.4406,2195.161
UNIConcrete,179.0297,1244.1741,2239.753,-293.5378,1244.1739,2200.95,-293.5378,1244.1741,2239.753
UNIConcrete,-293.5378,1244.1739,2200.95,179.0297,1244.1741,2239.753,179.0297,1244.1739,2200.95
UNIConcrete,179.0297,-4.1741,2202.691,-293.5378,1227.7193,2202.691,179.0297,1227.7193,2202.691
UNIConcrete,-293.5378,1227.7193,2202.691,179.0297,-4.1741,2202.691,-293.5378,-4.1741,2202.691
UNIConcrete,179.0297,-4.1739,2238.011,-293.5378,1227.7195,2238.011,-293.5378,-4.1739,2238.011
UNIConcrete,-293.5378,1227.7195,2238.011,179.0297,-4.1739,2238.011,179.0295,1227.7195,2238.011
UNIConcrete,179.0297,1244.1741,2239.753,-293.5379,1231.4408,2245.542,179.0295,1231.4408,2245.542
UNIConcrete,-293.5379,1231.4408,2245.542,179.0297,1244.1741,2239.753,-293.5378,1244.1741,2239.753
UNIConcrete,179.0295,1231.4408,2245.542,-293.5378,1227.7195,2238.011,179.0295,1227.7195,2238.011
UNIConcrete,-293.5378,1227.7195,2238.011,179.0295,1231.4408,2245.542,-293.5379,1231.4408,2245.542
UNIConcrete,-282.9679,1231.4406,2194.633,-755.5353,1227.7193,2202.162,-755.5353,1231.4406,2194.633
UNIConcrete,-755.5353,1227.7193,2202.162,-282.9679,1231.4406,2194.633,-282.9679,1227.7193,2202.162
UNIConcrete,-282.9679,1244.1739,2200.421,-755.5353,1231.4406,2194.633,-755.5353,1244.1739,2200.421
UNIConcrete,-755.5353,1231.4406,2194.633,-282.9679,1244.1739,2200.421,-282.9679,1231.4406,2194.633
UNIConcrete,-282.9679,1244.1741,2239.225,-755.5353,1244.1739,2200.421,-755.5353,1244.1741,2239.225
UNIConcrete,-755.5353,1244.1739,2200.421,-282.9679,1244.1741,2239.225,-282.9679,1244.1739,2200.421
UNIConcrete,-282.9679,-4.1741,2202.162,-755.5353,1227.7193,2202.162,-282.9679,1227.7193,2202.162
UNIConcrete,-755.5353,1227.7193,2202.162,-282.9679,-4.1741,2202.162,-755.5353,-4.1741,2202.162
UNIConcrete,-282.9679,-4.1739,2237.483,-755.5353,1227.7195,2237.483,-755.5353,-4.1739,2237.483
UNIConcrete,-755.5353,1227.7195,2237.483,-282.9679,-4.1739,2237.483,-282.9681,1227.7195,2237.483
UNIConcrete,-282.9679,1244.1741,2239.225,-755.5355,1231.4408,2245.013,-282.9681,1231.4408,2245.013
UNIConcrete,-755.5355,1231.4408,2245.013,-282.9679,1244.1741,2239.225,-755.5353,1244.1741,2239.225
UNIConcrete,-282.9681,1231.4408,2245.013,-755.5353,1227.7195,2237.483,-282.9681,1227.7195,2237.483
UNIConcrete,-755.5353,1227.7195,2237.483,-282.9681,1231.4408,2245.013,-755.5355,1231.4408,2245.013
UNIConcrete,2477.026,1231.4406,6100.889,2004.458,1227.7193,6108.418,2004.458,1231.4406,6100.889
UNIConcrete,2004.458,1227.7193,6108.418,2477.026,1231.4406,6100.889,2477.026,1227.7193,6108.418
UNIConcrete,2477.026,1244.1739,6106.677,2004.458,1231.4406,6100.889,2004.458,1244.1739,6106.678
UNIConcrete,2004.458,1231.4406,6100.889,2477.026,1244.1739,6106.677,2477.026,1231.4406,6100.889
UNIConcrete,2477.026,1244.1741,6145.481,2004.458,1244.1739,6106.678,2004.458,1244.1741,6145.481
UNIConcrete,2004.458,1244.1739,6106.678,2477.026,1244.1741,6145.481,2477.026,1244.1739,6106.677
UNIConcrete,2477.026,-4.1741,6108.418,2004.458,1227.7193,6108.418,2477.026,1227.7193,6108.418
UNIConcrete,2004.458,1227.7193,6108.418,2477.026,-4.1741,6108.418,2004.458,-4.1741,6108.418
UNIConcrete,2477.026,-4.1739,6143.739,2004.458,1227.7195,6143.739,2004.458,-4.1739,6143.739
UNIConcrete,2004.458,1227.7195,6143.739,2477.026,-4.1739,6143.739,2477.025,1227.7195,6143.739
UNIConcrete,2477.026,1244.1741,6145.481,2004.458,1231.4408,6151.27,2477.025,1231.4408,6151.269
UNIConcrete,2004.458,1231.4408,6151.27,2477.026,1244.1741,6145.481,2004.458,1244.1741,6145.481
UNIConcrete,2477.025,1231.4408,6151.269,2004.458,1227.7195,6143.739,2477.025,1227.7195,6143.739
UNIConcrete,2004.458,1227.7195,6143.739,2477.025,1231.4408,6151.269,2004.458,1231.4408,6151.27
UNIConcrete,2012.019,1231.4406,6100.356,1539.451,1227.7193,6107.886,1539.451,1231.4406,6100.356
UNIConcrete,1539.451,1227.7193,6107.886,2012.019,1231.4406,6100.356,2012.019,1227.7193,6107.886
UNIConcrete,2012.019,1244.1739,6106.145,1539.451,1231.4406,6100.356,1539.451,1244.1739,6106.145
UNIConcrete,1539.451,1231.4406,6100.356,2012.019,1244.1739,6106.145,2012.019,1231.4406,6100.356
UNIConcrete,2012.019,1244.1741,6144.949,1539.451,1244.1739,6106.145,1539.451,1244.1741,6144.949
UNIConcrete,1539.451,1244.1739,6106.145,2012.019,1244.1741,6144.949,2012.019,1244.1739,6106.145
UNIConcrete,2012.019,-4.1741,6107.886,1539.451,1227.7193,6107.886,2012.019,1227.7193,6107.886
UNIConcrete,1539.451,1227.7193,6107.886,2012.019,-4.1741,6107.886,1539.451,-4.1741,6107.886
UNIConcrete,2012.019,-4.1739,6143.207,1539.451,1227.7195,6143.207,1539.451,-4.1739,6143.207
UNIConcrete,1539.451,1227.7195,6143.207,2012.019,-4.1739,6143.207,2012.019,1227.7195,6143.207
UNIConcrete,2012.019,1244.1741,6144.949,1539.451,1231.4408,6150.737,2012.019,1231.4408,6150.737
UNIConcrete,1539.451,1231.4408,6150.737,2012.019,1244.1741,6144.949,1539.451,1244.1741,6144.949
UNIConcrete,2012.019,1231.4408,6150.737,1539.451,1227.7195,6143.207,2012.019,1227.7195,6143.207
UNIConcrete,1539.451,1227.7195,6143.207,2012.019,1231.4408,6150.737,1539.451,1231.4408,6150.737
UNIConcrete,1085.029,1231.4406,6099.264,612.462,1227.7193,6106.793,612.462,1231.4406,6099.264
UNIConcrete,612.462,1227.7193,6106.793,1085.029,1231.4406,6099.264,1085.029,1227.7193,6106.793
UNIConcrete,1085.029,1244.1739,6105.052,612.462,1231.4406,6099.264,612.462,1244.1739,6105.053
UNIConcrete,612.462,1231.4406,6099.264,1085.029,1244.1739,6105.052,1085.029,1231.4406,6099.264
UNIConcrete,1085.029,1244.1741,6143.856,612.462,1244.1739,6105.053,612.462,1244.1741,6143.856
UNIConcrete,612.462,1244.1739,6105.053,1085.029,1244.1741,6143.856,1085.029,1244.1739,6105.052
UNIConcrete,1085.029,-4.1741,6106.793,612.462,1227.7193,6106.793,1085.029,1227.7193,6106.793
UNIConcrete,612.462,1227.7193,6106.793,1085.029,-4.1741,6106.793,612.462,-4.1741,6106.793
UNIConcrete,1085.029,-4.1739,6142.114,612.462,1227.7195,6142.114,612.462,-4.1739,6142.114
UNIConcrete,612.462,1227.7195,6142.114,1085.029,-4.1739,6142.114,1085.029,1227.7195,6142.114
UNIConcrete,1085.029,1244.1741,6143.856,612.4617,1231.4408,6149.645,1085.029,1231.4408,6149.644
UNIConcrete,612.4617,1231.4408,6149.645,1085.029,1244.1741,6143.856,612.462,1244.1741,6143.856
UNIConcrete,1085.029,1231.4408,6149.644,612.462,1227.7195,6142.114,1085.029,1227.7195,6142.114
UNIConcrete,612.462,1227.7195,6142.114,1085.029,1231.4408,6149.644,612.4617,1231.4408,6149.645
UNIConcrete,1550.026,1231.4406,6099.818,1077.459,1227.7193,6107.348,1077.459,1231.4406,6099.818
UNIConcrete,1077.459,1227.7193,6107.348,1550.026,1231.4406,6099.818,1550.026,1227.7193,6107.347
UNIConcrete,1550.026,1244.1739,6105.606,1077.459,1231.4406,6099.818,1077.459,1244.1739,6105.606
UNIConcrete,1077.459,1231.4406,6099.818,1550.026,1244.1739,6105.606,1550.026,1231.4406,6099.818
UNIConcrete,1550.026,1244.1741,6144.41,1077.459,1244.1739,6105.606,1077.459,1244.1741,6144.41
UNIConcrete,1077.459,1244.1739,6105.606,1550.026,1244.1741,6144.41,1550.026,1244.1739,6105.606
UNIConcrete,1550.026,-4.1741,6107.347,1077.459,1227.7193,6107.348,1550.026,1227.7193,6107.347
UNIConcrete,1077.459,1227.7193,6107.348,1550.026,-4.1741,6107.347,1077.459,-4.1741,6107.348
UNIConcrete,1550.026,-4.1739,6142.668,1077.459,1227.7195,6142.668,1077.459,-4.1739,6142.668
UNIConcrete,1077.459,1227.7195,6142.668,1550.026,-4.1739,6142.668,1550.026,1227.7195,6142.668
UNIConcrete,1550.026,1244.1741,6144.41,1077.459,1231.4408,6150.198,1550.026,1231.4408,6150.198
UNIConcrete,1077.459,1231.4408,6150.198,1550.026,1244.1741,6144.41,1077.459,1244.1741,6144.41
UNIConcrete,1550.026,1231.4408,6150.198,1077.459,1227.7195,6142.668,1550.026,1227.7195,6142.668
UNIConcrete,1077.459,1227.7195,6142.668,1550.026,1231.4408,6150.198,1077.459,1231.4408,6150.198
UNIConcrete,2515.475,1231.4406,5193.293,2507.946,1227.7193,4720.726,2515.475,1231.4406,4720.726
UNIConcrete,2507.946,1227.7193,4720.726,2515.475,1231.4406,5193.293,2507.946,1227.7193,5193.293
UNIConcrete,2509.687,1244.1739,5193.293,2515.475,1231.4406,4720.726,2509.687,1244.1739,4720.726
UNIConcrete,2515.475,1231.4406,4720.726,2509.687,1244.1739,5193.293,2515.475,1231.4406,5193.293
UNIConcrete,2470.883,1244.1741,5193.293,2509.687,1244.1739,4720.726,2470.883,1244.1741,4720.726
UNIConcrete,2509.687,1244.1739,4720.726,2470.883,1244.1741,5193.293,2509.687,1244.1739,5193.293
UNIConcrete,2507.946,-4.1741,5193.293,2507.946,1227.7193,4720.726,2507.946,1227.7193,5193.293
UNIConcrete,2507.946,1227.7193,4720.726,2507.946,-4.1741,5193.293,2507.946,-4.1741,4720.726
UNIConcrete,2472.625,-4.1739,5193.293,2472.625,1227.7195,4720.726,2472.625,-4.1739,4720.726
UNIConcrete,2472.625,1227.7195,4720.726,2472.625,-4.1739,5193.293,2472.625,1227.7195,5193.293
UNIConcrete,2470.883,1244.1741,5193.293,2465.095,1231.4408,4720.726,2465.095,1231.4408,5193.293
UNIConcrete,2465.095,1231.4408,4720.726,2470.883,1244.1741,5193.293,2470.883,1244.1741,4720.726
UNIConcrete,2465.095,1231.4408,5193.293,2472.625,1227.7195,4720.726,2472.625,1227.7195,5193.293
UNIConcrete,2472.625,1227.7195,4720.726,2465.095,1231.4408,5193.293,2465.095,1231.4408,4720.726
UNIConcrete,-470.0672,1231.4406,4267.292,-477.5965,1227.7193,3794.725,-470.0672,1231.4406,3794.725
UNIConcrete,-477.5965,1227.7193,3794.725,-470.0672,1231.4406,4267.292,-477.5965,1227.7193,4267.292
UNIConcrete,-475.8554,1244.1739,4267.292,-470.0672,1231.4406,3794.725,-475.8554,1244.1739,3794.725
UNIConcrete,-470.0672,1231.4406,3794.725,-475.8554,1244.1739,4267.292,-470.0672,1231.4406,4267.292
UNIConcrete,-514.6591,1244.1741,4267.292,-475.8554,1244.1739,3794.725,-514.6591,1244.1741,3794.725
UNIConcrete,-475.8554,1244.1739,3794.725,-514.6591,1244.1741,4267.292,-475.8554,1244.1739,4267.292
UNIConcrete,-477.5965,-4.1741,4267.292,-477.5965,1227.7193,3794.725,-477.5965,1227.7193,4267.292
UNIConcrete,-477.5965,1227.7193,3794.725,-477.5965,-4.1741,4267.292,-477.5965,-4.1741,3794.725
UNIConcrete,-512.9174,-4.1739,4267.292,-512.9174,1227.7195,3794.725,-512.9174,-4.1739,3794.725
UNIConcrete,-512.9174,1227.7195,3794.725,-512.9174,-4.1739,4267.292,-512.9174,1227.7195,4267.292
UNIConcrete,-514.6591,1244.1741,4267.292,-520.4473,1231.4408,3794.725,-520.4473,1231.4408,4267.292
UNIConcrete,-520.4473,1231.4408,3794.725,-514.6591,1244.1741,4267.292,-514.6591,1244.1741,3794.725
UNIConcrete,-520.4473,1231.4408,4267.292,-512.9174,1227.7195,3794.725,-512.9174,1227.7195,4267.292
UNIConcrete,-512.9174,1227.7195,3794.725,-520.4473,1231.4408,4267.292,-520.4473,1231.4408,3794.725
UNIConcrete,-471.0672,1231.4406,3795.592,-478.5965,1227.7193,3323.025,-471.0672,1231.4406,3323.025
UNIConcrete,-478.5965,1227.7193,3323.025,-471.0672,1231.4406,3795.592,-478.5965,1227.7193,3795.592
UNIConcrete,-476.8555,1244.1739,3795.592,-471.0672,1231.4406,3323.025,-476.8555,1244.1739,3323.025
UNIConcrete,-471.0672,1231.4406,3323.025,-476.8555,1244.1739,3795.592,-471.0672,1231.4406,3795.592
UNIConcrete,-515.6591,1244.1741,3795.592,-476.8555,1244.1739,3323.025,-515.6591,1244.1741,3323.025
UNIConcrete,-476.8555,1244.1739,3323.025,-515.6591,1244.1741,3795.592,-476.8555,1244.1739,3795.592
UNIConcrete,-478.5965,-4.1741,3795.592,-478.5965,1227.7193,3323.025,-478.5965,1227.7193,3795.592
UNIConcrete,-478.5965,1227.7193,3323.025,-478.5965,-4.1741,3795.592,-478.5965,-4.1741,3323.025
UNIConcrete,-513.9174,-4.1739,3795.592,-513.9174,1227.7195,3323.025,-513.9174,-4.1739,3323.025
UNIConcrete,-513.9174,1227.7195,3323.025,-513.9174,-4.1739,3795.592,-513.9174,1227.7195,3795.592
UNIConcrete,-515.6591,1244.1741,3795.592,-521.4474,1231.4408,3323.025,-521.4474,1231.4408,3795.592
UNIConcrete,-521.4474,1231.4408,3323.025,-515.6591,1244.1741,3795.592,-515.6591,1244.1741,3323.025
UNIConcrete,-521.4474,1231.4408,3795.592,-513.9174,1227.7195,3323.025,-513.9174,1227.7195,3795.592
UNIConcrete,-513.9174,1227.7195,3323.025,-521.4474,1231.4408,3795.592,-521.4474,1231.4408,3323.025
UNIConcrete,-471.0672,1231.4406,3332.292,-478.5965,1227.7193,2859.725,-471.0672,1231.4406,2859.725
UNIConcrete,-478.5965,1227.7193,2859.725,-471.0672,1231.4406,3332.292,-478.5965,1227.7193,3332.292
UNIConcrete,-476.8555,1244.1739,3332.292,-471.0672,1231.4406,2859.725,-476.8555,1244.1739,2859.725
UNIConcrete,-471.0672,1231.4406,2859.725,-476.8555,1244.1739,3332.292,-471.0672,1231.4406,3332.292
UNIConcrete,-515.6591,1244.1741,3332.292,-476.8555,1244.1739,2859.725,-515.6591,1244.1741,2859.725
UNIConcrete,-476.8555,1244.1739,2859.725,-515.6591,1244.1741,3332.292,-476.8555,1244.1739,3332.292
UNIConcrete,-478.5965,-4.1741,3332.292,-478.5965,1227.7193,2859.725,-478.5965,1227.7193,3332.292
UNIConcrete,-478.5965,1227.7193,2859.725,-478.5965,-4.1741,3332.292,-478.5965,-4.1741,2859.725
UNIConcrete,-513.9174,-4.1739,3332.292,-513.9174,1227.7195,2859.725,-513.9174,-4.1739,2859.725
UNIConcrete,-513.9174,1227.7195,2859.725,-513.9174,-4.1739,3332.292,-513.9174,1227.7195,3332.292
UNIConcrete,-515.6591,1244.1741,3332.292,-521.4474,1231.4408,2859.725,-521.4474,1231.4408,3332.292
UNIConcrete,-521.4474,1231.4408,2859.725,-515.6591,1244.1741,3332.292,-515.6591,1244.1741,2859.725
UNIConcrete,-521.4474,1231.4408,3332.292,-513.9174,1227.7195,2859.725,-513.9174,1227.7195,3332.292
UNIConcrete,-513.9174,1227.7195,2859.725,-521.4474,1231.4408,3332.292,-521.4474,1231.4408,2859.725
UNIConcrete,-473.0673,1231.4406,2870.292,-480.5966,1227.7193,2397.725,-473.0673,1231.4406,2397.725
UNIConcrete,-480.5966,1227.7193,2397.725,-473.0673,1231.4406,2870.292,-480.5966,1227.7193,2870.292
UNIConcrete,-478.8555,1244.1739,2870.292,-473.0673,1231.4406,2397.725,-478.8555,1244.1739,2397.725
UNIConcrete,-473.0673,1231.4406,2397.725,-478.8555,1244.1739,2870.292,-473.0673,1231.4406,2870.292
UNIConcrete,-517.6592,1244.1741,2870.292,-478.8555,1244.1739,2397.725,-517.6592,1244.1741,2397.725
UNIConcrete,-478.8555,1244.1739,2397.725,-517.6592,1244.1741,2870.292,-478.8555,1244.1739,2870.292
UNIConcrete,-480.5966,-4.1741,2870.292,-480.5966,1227.7193,2397.725,-480.5966,1227.7193,2870.292
UNIConcrete,-480.5966,1227.7193,2397.725,-480.5966,-4.1741,2870.292,-480.5966,-4.1741,2397.725
UNIConcrete,-515.9174,-4.1739,2870.292,-515.9174,1227.7195,2397.725,-515.9174,-4.1739,2397.725
UNIConcrete,-515.9174,1227.7195,2397.725,-515.9174,-4.1739,2870.292,-515.9174,1227.7195,2870.292
UNIConcrete,-517.6592,1244.1741,2870.292,-523.4474,1231.4408,2397.725,-523.4474,1231.4408,2870.292
UNIConcrete,-523.4474,1231.4408,2397.725,-517.6592,1244.1741,2870.292,-517.6592,1244.1741,2397.725
UNIConcrete,-523.4474,1231.4408,2870.292,-515.9174,1227.7195,2397.725,-515.9174,1227.7195,2870.292
UNIConcrete,-515.9174,1227.7195,2397.725,-523.4474,1231.4408,2870.292,-523.4474,1231.4408,2397.725
UNIConcrete,-474.0673,1231.4406,2492.292,-481.5966,1227.7193,2019.725,-474.0673,1231.4406,2019.725
UNIConcrete,-481.5966,1227.7193,2019.725,-474.0673,1231.4406,2492.292,-481.5966,1227.7193,2492.292
UNIConcrete,-479.8555,1244.1739,2492.292,-474.0673,1231.4406,2019.725,-479.8555,1244.1739,2019.725
UNIConcrete,-474.0673,1231.4406,2019.725,-479.8555,1244.1739,2492.292,-474.0673,1231.4406,2492.292
UNIConcrete,-518.6592,1244.1741,2492.292,-479.8555,1244.1739,2019.725,-518.6592,1244.1741,2019.725
UNIConcrete,-479.8555,1244.1739,2019.725,-518.6592,1244.1741,2492.292,-479.8555,1244.1739,2492.292
UNIConcrete,-481.5966,-4.1741,2492.292,-481.5966,1227.7193,2019.725,-481.5966,1227.7193,2492.292
UNIConcrete,-481.5966,1227.7193,2019.725,-481.5966,-4.1741,2492.292,-481.5966,-4.1741,2019.725
UNIConcrete,-516.9174,-4.1739,2492.292,-516.9174,1227.7195,2019.725,-516.9174,-4.1739,2019.725
UNIConcrete,-516.9174,1227.7195,2019.725,-516.9174,-4.1739,2492.292,-516.9174,1227.7195,2492.292
UNIConcrete,-518.6592,1244.1741,2492.292,-524.4474,1231.4408,2019.725,-524.4474,1231.4408,2492.292
UNIConcrete,-524.4474,1231.4408,2019.725,-518.6592,1244.1741,2492.292,-518.6592,1244.1741,2019.725
UNIConcrete,-524.4474,1231.4408,2492.292,-516.9174,1227.7195,2019.725,-516.9174,1227.7195,2492.292
UNIConcrete,-516.9174,1227.7195,2019.725,-524.4474,1231.4408,2492.292,-524.4474,1231.4408,2019.725
UNIConcrete,2513.933,1231.4406,4774.292,2506.404,1227.7193,4301.725,2513.933,1231.4406,4301.725
UNIConcrete,2506.404,1227.7193,4301.725,2513.933,1231.4406,4774.292,2506.404,1227.7193,4774.292
UNIConcrete,2508.145,1244.1739,4774.292,2513.933,1231.4406,4301.725,2508.145,1244.1739,4301.725
UNIConcrete,2513.933,1231.4406,4301.725,2508.145,1244.1739,4774.292,2513.933,1231.4406,4774.292
UNIConcrete,2469.341,1244.1741,4774.292,2508.145,1244.1739,4301.725,2469.341,1244.1741,4301.725
UNIConcrete,2508.145,1244.1739,4301.725,2469.341,1244.1741,4774.292,2508.145,1244.1739,4774.292
UNIConcrete,2506.404,-4.1741,4774.292,2506.404,1227.7193,4301.725,2506.404,1227.7193,4774.292
UNIConcrete,2506.404,1227.7193,4301.725,2506.404,-4.1741,4774.292,2506.404,-4.1741,4301.725
UNIConcrete,2471.083,-4.1739,4774.292,2471.083,1227.7195,4301.725,2471.083,-4.1739,4301.725
UNIConcrete,2471.083,1227.7195,4301.725,2471.083,-4.1739,4774.292,2471.083,1227.7195,4774.292
UNIConcrete,2469.341,1244.1741,4774.292,2463.553,1231.4408,4301.725,2463.553,1231.4408,4774.292
UNIConcrete,2463.553,1231.4408,4301.725,2469.341,1244.1741,4774.292,2469.341,1244.1741,4301.725
UNIConcrete,2463.553,1231.4408,4774.292,2471.083,1227.7195,4301.725,2471.083,1227.7195,4774.292
UNIConcrete,2471.083,1227.7195,4301.725,2463.553,1231.4408,4774.292,2463.553,1231.4408,4301.725
UNIConcrete,2516.19,1231.4406,5655.284,2508.661,1227.7193,5182.716,2516.19,1231.4406,5182.716
UNIConcrete,2508.661,1227.7193,5182.716,2516.19,1231.4406,5655.284,2508.661,1227.7193,5655.284
UNIConcrete,2510.402,1244.1739,5655.284,2516.19,1231.4406,5182.716,2510.402,1244.1739,5182.716
UNIConcrete,2516.19,1231.4406,5182.716,2510.402,1244.1739,5655.284,2516.19,1231.4406,5655.284
UNIConcrete,2471.598,1244.1741,5655.284,2510.402,1244.1739,5182.716,2471.598,1244.1741,5182.716
UNIConcrete,2510.402,1244.1739,5182.716,2471.598,1244.1741,5655.284,2510.402,1244.1739,5655.284
UNIConcrete,2508.661,-4.1741,5655.284,2508.661,1227.7193,5182.716,2508.661,1227.7193,5655.284
UNIConcrete,2508.661,1227.7193,5182.716,2508.661,-4.1741,5655.284,2508.661,-4.1741,5182.716
UNIConcrete,2473.34,-4.1739,5655.284,2473.34,1227.7195,5182.716,2473.34,-4.1739,5182.716
UNIConcrete,2473.34,1227.7195,5182.716,2473.34,-4.1739,5655.284,2473.34,1227.7195,5655.283
UNIConcrete,2471.598,1244.1741,5655.284,2465.81,1231.4408,5182.716,2465.81,1231.4408,5655.283
UNIConcrete,2465.81,1231.4408,5182.716,2471.598,1244.1741,5655.284,2471.598,1244.1741,5182.716
UNIConcrete,2465.81,1231.4408,5655.283,2473.34,1227.7195,5182.716,2473.34,1227.7195,5655.283
UNIConcrete,2473.34,1227.7195,5182.716,2465.81,1231.4408,5655.283,2465.81,1231.4408,5182.716
UNIConcrete,2516.933,1231.4406,6120.292,2509.404,1227.7193,5647.725,2516.933,1231.4406,5647.725
UNIConcrete,2509.404,1227.7193,5647.725,2516.933,1231.4406,6120.292,2509.404,1227.7193,6120.292
UNIConcrete,2511.145,1244.1739,6120.292,2516.933,1231.4406,5647.725,2511.145,1244.1739,5647.725
UNIConcrete,2516.933,1231.4406,5647.725,2511.145,1244.1739,6120.292,2516.933,1231.4406,6120.292
UNIConcrete,2472.341,1244.1741,6120.292,2511.145,1244.1739,5647.725,2472.341,1244.1741,5647.725
UNIConcrete,2511.145,1244.1739,5647.725,2472.341,1244.1741,6120.292,2511.145,1244.1739,6120.292
UNIConcrete,2509.404,-4.1741,6120.292,2509.404,1227.7193,5647.725,2509.404,1227.7193,6120.292
UNIConcrete,2509.404,1227.7193,5647.725,2509.404,-4.1741,6120.292,2509.404,-4.1741,5647.725
UNIConcrete,2474.083,-4.1739,6120.292,2474.083,1227.7195,5647.725,2474.083,-4.1739,5647.725
UNIConcrete,2474.083,1227.7195,5647.725,2474.083,-4.1739,6120.292,2474.083,1227.7195,6120.292
UNIConcrete,2472.341,1244.1741,6120.292,2466.553,1231.4408,5647.724,2466.553,1231.4408,6120.292
UNIConcrete,2466.553,1231.4408,5647.724,2472.341,1244.1741,6120.292,2472.341,1244.1741,5647.725
UNIConcrete,2466.553,1231.4408,6120.292,2474.083,1227.7195,5647.725,2474.083,1227.7195,6120.292
UNIConcrete,2474.083,1227.7195,5647.725,2466.553,1231.4408,6120.292,2466.553,1231.4408,5647.724
UNIConcrete,-282.9687,1231.4406,6097.705,-755.5361,1227.7193,6105.234,-755.5361,1231.4406,6097.705
UNIConcrete,-755.5361,1227.7193,6105.234,-282.9687,1231.4406,6097.705,-282.9687,1227.7193,6105.234
UNIConcrete,-282.9687,1244.1739,6103.493,-755.5361,1231.4406,6097.705,-755.5361,1244.1739,6103.493
UNIConcrete,-755.5361,1231.4406,6097.705,-282.9687,1244.1739,6103.493,-282.9687,1231.4406,6097.705
UNIConcrete,-282.9687,1244.1741,6142.296,-755.5361,1244.1739,6103.493,-755.5361,1244.1741,6142.296
UNIConcrete,-755.5361,1244.1739,6103.493,-282.9687,1244.1741,6142.296,-282.9687,1244.1739,6103.493
UNIConcrete,-282.9687,-4.1741,6105.234,-755.5361,1227.7193,6105.234,-282.9687,1227.7193,6105.234
UNIConcrete,-755.5361,1227.7193,6105.234,-282.9687,-4.1741,6105.234,-755.5361,-4.1741,6105.234
UNIConcrete,-282.9687,-4.1739,6140.555,-755.5361,1227.7195,6140.555,-755.5361,-4.1739,6140.555
UNIConcrete,-755.5361,1227.7195,6140.555,-282.9687,-4.1739,6140.555,-282.9689,1227.7195,6140.555
UNIConcrete,-282.9687,1244.1741,6142.296,-755.5363,1231.4408,6148.085,-282.9689,1231.4408,6148.084
UNIConcrete,-755.5363,1231.4408,6148.085,-282.9687,1244.1741,6142.296,-755.5361,1244.1741,6142.296
UNIConcrete,-282.9689,1231.4408,6148.084,-755.5361,1227.7195,6140.555,-282.9689,1227.7195,6140.555
UNIConcrete,-755.5361,1227.7195,6140.555,-282.9689,1231.4408,6148.084,-755.5363,1231.4408,6148.085
UNIConcrete,179.0289,1231.4406,6098.232,-293.5385,1227.7193,6105.762,-293.5385,1231.4406,6098.232
UNIConcrete,-293.5385,1227.7193,6105.762,179.0289,1231.4406,6098.232,179.0289,1227.7193,6105.762
UNIConcrete,179.0289,1244.1739,6104.021,-293.5385,1231.4406,6098.232,-293.5385,1244.1739,6104.021
UNIConcrete,-293.5385,1231.4406,6098.232,179.0289,1244.1739,6104.021,179.0289,1231.4406,6098.232
UNIConcrete,179.0289,1244.1741,6142.825,-293.5385,1244.1739,6104.021,-293.5385,1244.1741,6142.825
UNIConcrete,-293.5385,1244.1739,6104.021,179.0289,1244.1741,6142.825,179.0289,1244.1739,6104.021
UNIConcrete,179.0289,-4.1741,6105.762,-293.5385,1227.7193,6105.762,179.0289,1227.7193,6105.762
UNIConcrete,-293.5385,1227.7193,6105.762,179.0289,-4.1741,6105.762,-293.5385,-4.1741,6105.762
UNIConcrete,179.0289,-4.1739,6141.083,-293.5385,1227.7195,6141.083,-293.5385,-4.1739,6141.083
UNIConcrete,-293.5385,1227.7195,6141.083,179.0289,-4.1739,6141.083,179.0287,1227.7195,6141.083
UNIConcrete,179.0289,1244.1741,6142.825,-293.5387,1231.4408,6148.613,179.0287,1231.4408,6148.613
UNIConcrete,-293.5387,1231.4408,6148.613,179.0289,1244.1741,6142.825,-293.5385,1244.1741,6142.825
UNIConcrete,179.0287,1231.4408,6148.613,-293.5385,1227.7195,6141.083,179.0287,1227.7195,6141.083
UNIConcrete,-293.5385,1227.7195,6141.083,179.0287,1231.4408,6148.613,-293.5387,1231.4408,6148.613
UNIConcrete,644.037,1231.4406,6098.77,171.4697,1227.7193,6106.299,171.4697,1231.4406,6098.77
UNIConcrete,171.4697,1227.7193,6106.299,644.037,1231.4406,6098.77,644.037,1227.7193,6106.299
UNIConcrete,644.037,1244.1739,6104.558,171.4697,1231.4406,6098.77,171.4697,1244.1739,6104.558
UNIConcrete,171.4697,1231.4406,6098.77,644.037,1244.1739,6104.558,644.037,1231.4406,6098.77
UNIConcrete,644.037,1244.1741,6143.362,171.4697,1244.1739,6104.558,171.4697,1244.1741,6143.362
UNIConcrete,171.4697,1244.1739,6104.558,644.037,1244.1741,6143.362,644.037,1244.1739,6104.558
UNIConcrete,644.037,-4.1741,6106.299,171.4697,1227.7193,6106.299,644.037,1227.7193,6106.299
UNIConcrete,171.4697,1227.7193,6106.299,644.037,-4.1741,6106.299,171.4697,-4.1741,6106.299
UNIConcrete,644.037,-4.1739,6141.62,171.4697,1227.7195,6141.62,171.4697,-4.1739,6141.62
UNIConcrete,171.4697,1227.7195,6141.62,644.037,-4.1739,6141.62,644.0369,1227.7195,6141.62
UNIConcrete,644.037,1244.1741,6143.362,171.4695,1231.4408,6149.15,644.0369,1231.4408,6149.15
UNIConcrete,171.4695,1231.4408,6149.15,644.037,1244.1741,6143.362,171.4697,1244.1741,6143.362
UNIConcrete,644.0369,1231.4408,6149.15,171.4697,1227.7195,6141.62,644.0369,1227.7195,6141.62
UNIConcrete,171.4697,1227.7195,6141.62,644.0369,1231.4408,6149.15,171.4695,1231.4408,6149.15
Hangar_v3_basic,-1538.403,-17.9395,6107.56,-1538.402,416.949,5694.21,-1538.405,-17.9397,5694.21
Hangar_v3_basic,-1538.402,416.949,5694.21,-1538.403,-17.9395,6107.56,-1538.401,416.949,6107.56
Hangar_v3_basic,-1532.08,417.7483,4873.071,-1265.029,575.3766,4873.07,-1265.03,417.7468,4873.07
Hangar_v3_basic,-1265.029,575.3766,4873.07,-1532.08,417.7483,4873.071,-1532.079,575.3781,4873.071
Hangar_v3_basic,-1538.401,917.9473,5487.54,-1274.331,667.4594,4865.656,-1538.406,667.4611,4865.657
Hangar_v3_basic,-1274.331,667.4594,4865.656,-1538.401,917.9473,5487.54,-1274.326,917.9455,5487.539
Hangar_v3_basic,-1111.624,356.7739,4867.511,-1394.409,289.7894,4771.846,-1394.409,356.7756,4867.512
Hangar_v3_basic,-1394.409,289.7894,4771.846,-1111.624,356.7739,4867.511,-1111.625,289.8027,4771.845
Hangar_v3_basic,-499.4803,554.35,5012.865,-499.48,454.238,5308.421,-499.4817,454.238,5012.865
Hangar_v3_basic,-499.48,454.238,5308.421,-499.4803,554.35,5012.865,-499.4786,554.3502,5308.422
Hangar_v3_basic,-1538.405,-17.9397,5694.21,-1538.404,416.9488,5280.861,-1538.407,-17.94,5280.861
Hangar_v3_basic,-1538.404,416.9488,5280.861,-1538.405,-17.9397,5694.21,-1538.402,416.949,5694.21
Hangar_v3_basic,-1538.408,-17.9401,4867.514,-1368.721,237.4243,4867.512,-1368.723,-17.9412,4867.512
Hangar_v3_basic,-1368.721,237.4243,4867.512,-1538.408,-17.9401,4867.514,-1538.405,416.9485,4867.514
Hangar_v3_basic,-1538.405,416.9485,4867.514,-1143.79,237.4229,4867.511,-1368.721,237.4243,4867.512
Hangar_v3_basic,-1143.79,237.4229,4867.511,-1538.405,416.9485,4867.514,-1010.254,416.9452,4867.511
Hangar_v3_basic,-1010.256,-17.9435,4867.511,-1143.79,237.4229,4867.511,-1010.254,416.9452,4867.511
Hangar_v3_basic,-1143.79,237.4229,4867.511,-1010.256,-17.9435,4867.511,-1143.791,-17.9427,4867.511
Hangar_v3_basic,-1010.256,-17.9435,4867.511,-482.105,416.9413,4867.509,-482.1076,-17.9474,4867.509
Hangar_v3_basic,-482.105,416.9413,4867.509,-1010.256,-17.9435,4867.511,-1010.254,416.9452,4867.511
Hangar_v3_basic,-482.1015,416.9415,5694.204,-482.1024,375.6041,5745.352,-482.1018,375.6041,5694.204
Hangar_v3_basic,-482.1024,375.6041,5745.352,-482.1015,416.9415,5694.204,-482.0995,416.9418,6107.554
Hangar_v3_basic,-482.1007,270.0165,6012.358,-482.1024,375.6041,5745.352,-482.0995,416.9418,6107.554
Hangar_v3_basic,-482.1024,375.6041,5745.352,-482.1007,270.0165,6012.358,-482.1028,270.0165,5835.78
Hangar_v3_basic,-482.0995,416.9418,6107.554,-482.1011,197.8087,6012.358,-482.1007,270.0165,6012.358
Hangar_v3_basic,-482.1011,197.8087,6012.358,-482.0995,416.9418,6107.554,-482.1021,-17.9468,6107.555
Hangar_v3_basic,-482.1032,197.8087,5835.78,-482.1024,375.6041,5745.352,-482.1028,270.0165,5835.78
Hangar_v3_basic,-482.1021,-17.9468,6107.555,-482.1032,197.8087,5835.78,-482.1011,197.8087,6012.358
Hangar_v3_basic,-482.1024,375.6041,5745.352,-482.1032,197.8087,5835.78,-482.1048,-17.9471,5745.352
Hangar_v3_basic,-482.1032,197.8087,5835.78,-482.1021,-17.9468,6107.555,-482.1048,-17.9471,5745.352
Hangar_v3_basic,-482.1036,416.9413,5280.855,-482.1018,375.6041,5694.204,-482.1039,375.604,5280.855
Hangar_v3_basic,-482.1018,375.6041,5694.204,-482.1036,416.9413,5280.855,-482.1015,416.9415,5694.204
Hangar_v3_basic,-1538.403,-17.9395,6107.56,-1010.25,416.9454,6107.559,-1538.401,416.949,6107.56
Hangar_v3_basic,-1010.25,416.9454,6107.559,-1538.403,-17.9395,6107.56,-1010.252,-17.9432,6107.559
Hangar_v3_basic,-482.0995,416.9418,6107.554,-1010.252,-17.9432,6107.559,-482.1021,-17.9468,6107.555
Hangar_v3_basic,-1010.252,-17.9432,6107.559,-482.0995,416.9418,6107.554,-1010.25,416.9454,6107.559
Hangar_v3_basic,-1274.326,917.9455,5487.539,-1010.257,667.4576,4865.655,-1274.331,667.4594,4865.656
Hangar_v3_basic,-1010.257,667.4576,4865.655,-1274.326,917.9455,5487.539,-1010.252,917.9437,5487.538
Hangar_v3_basic,-1010.252,917.9437,5487.538,-746.1819,667.4557,4865.653,-1010.257,667.4576,4865.655
Hangar_v3_basic,-746.1819,667.4557,4865.653,-1010.252,917.9437,5487.538,-746.1769,917.9418,5487.537
Hangar_v3_basic,-746.1769,917.9418,5487.537,-482.1073,667.4539,4865.652,-746.1819,667.4557,4865.653
Hangar_v3_basic,-482.1073,667.4539,4865.652,-746.1769,917.9418,5487.537,-482.103,917.9401,5487.536
Hangar_v3_basic,-1538.401,917.9473,5487.54,-1274.324,667.4796,6109.413,-1274.326,917.9455,5487.539
Hangar_v3_basic,-1274.324,667.4796,6109.413,-1538.401,917.9473,5487.54,-1538.399,667.4813,6109.414
Hangar_v3_basic,-1274.326,917.9455,5487.539,-1010.25,667.4778,6109.413,-1010.252,917.9437,5487.538
Hangar_v3_basic,-1010.25,667.4778,6109.413,-1274.326,917.9455,5487.539,-1274.324,667.4796,6109.413
Hangar_v3_basic,-1010.252,917.9437,5487.538,-746.1749,667.476,6109.413,-746.1769,917.9418,5487.537
Hangar_v3_basic,-746.1749,667.476,6109.413,-1010.252,917.9437,5487.538,-1010.25,667.4778,6109.413
Hangar_v3_basic,-746.1769,917.9418,5487.537,-482.1017,667.4741,6109.412,-482.103,917.9401,5487.536
Hangar_v3_basic,-482.1017,667.4741,6109.412,-746.1769,917.9418,5487.537,-746.1749,667.476,6109.413
Hangar_v3_basic,-1265.03,417.7468,4873.07,-1005.686,575.3751,4873.07,-1005.687,417.7453,4873.07
Hangar_v3_basic,-1005.686,575.3751,4873.07,-1265.03,417.7468,4873.07,-1265.029,575.3766,4873.07
Hangar_v3_basic,-1005.687,417.7453,4873.07,-746.3427,575.3735,4873.065,-746.3437,417.7436,4873.065
Hangar_v3_basic,-746.3427,575.3735,4873.065,-1005.687,417.7453,4873.07,-1005.686,575.3751,4873.07
Hangar_v3_basic,-746.3437,417.7436,4873.065,-486.9967,575.371,4873.062,-486.9977,417.7411,4873.062
Hangar_v3_basic,-486.9967,575.371,4873.062,-746.3437,417.7436,4873.065,-746.3427,575.3735,4873.065
Hangar_v3_basic,-1532.076,417.7491,6101.956,-1265.025,575.3772,6101.956,-1532.075,575.379,6101.956
Hangar_v3_basic,-1265.025,575.3772,6101.956,-1532.076,417.7491,6101.956,-1265.026,417.7473,6101.956
Hangar_v3_basic,-1265.026,417.7473,6101.956,-1005.682,575.3757,6101.954,-1265.025,575.3772,6101.956
Hangar_v3_basic,-1005.682,575.3757,6101.954,-1265.026,417.7473,6101.956,-1005.683,417.7458,6101.954
Hangar_v3_basic,-1005.683,417.7458,6101.954,-746.3387,575.374,6101.951,-1005.682,575.3757,6101.954
Hangar_v3_basic,-746.3387,575.374,6101.951,-1005.683,417.7458,6101.954,-746.3397,417.7441,6101.951
Hangar_v3_basic,-746.3397,417.7441,6101.951,-486.9943,575.3719,6101.949,-746.3387,575.374,6101.951
Hangar_v3_basic,-486.9943,575.3719,6101.949,-746.3397,417.7441,6101.951,-486.9953,417.742,6101.949
Hangar_v3_basic,-482.1053,576.4354,5177.522,-482.105,657.6611,4867.512,-482.104,782.5229,5177.523
Hangar_v3_basic,-482.105,657.6611,4867.512,-482.1053,576.4354,5177.522,-482.1055,576.4359,4867.512
Hangar_v3_basic,-482.1023,907.3848,5487.535,-482.1053,576.4354,5177.522,-482.104,782.5229,5177.523
Hangar_v3_basic,-482.1053,576.4354,5177.522,-482.1023,907.3848,5487.535,-482.1043,576.4355,5487.533
Hangar_v3_basic,-482.102,782.5241,5797.544,-482.1043,576.4355,5487.533,-482.1023,907.3848,5487.535
Hangar_v3_basic,-482.1043,576.4355,5487.533,-482.102,782.5241,5797.544,-482.1033,576.4355,5797.542
Hangar_v3_basic,-482.1011,657.6622,6107.554,-482.1033,576.4355,5797.542,-482.102,782.5241,5797.544
Hangar_v3_basic,-482.1033,576.4355,5797.542,-482.1011,657.6622,6107.554,-482.1015,576.4363,6107.554
Hangar_v3_basic,-1538.403,576.4434,5177.524,-1538.404,657.6691,4867.516,-1538.404,576.4432,4867.516
Hangar_v3_basic,-1538.404,657.6691,4867.516,-1538.403,576.4434,5177.524,-1538.401,782.5309,5177.526
Hangar_v3_basic,-1538.4,907.3928,5487.538,-1538.403,576.4434,5177.524,-1538.402,576.4435,5487.536
Hangar_v3_basic,-1538.403,576.4434,5177.524,-1538.4,907.3928,5487.538,-1538.401,782.5309,5177.526
Hangar_v3_basic,-1538.399,782.5321,5797.546,-1538.402,576.4435,5487.536,-1538.401,576.4436,5797.545
Hangar_v3_basic,-1538.402,576.4435,5487.536,-1538.399,782.5321,5797.546,-1538.4,907.3928,5487.538
Hangar_v3_basic,-1538.399,657.6702,6107.558,-1538.401,576.4436,5797.545,-1538.399,576.4437,6107.558
Hangar_v3_basic,-1538.401,576.4436,5797.545,-1538.399,657.6702,6107.558,-1538.399,782.5321,5797.546
Hangar_v3_basic,-746.1794,576.438,4867.511,-482.105,657.6611,4867.512,-482.1055,576.4359,4867.512
Hangar_v3_basic,-482.105,657.6611,4867.512,-746.1794,576.438,4867.511,-746.1797,657.6631,4867.511
Hangar_v3_basic,-746.1794,576.438,4867.511,-1010.254,657.6642,4867.514,-746.1797,657.6631,4867.511
Hangar_v3_basic,-1010.254,657.6642,4867.514,-746.1794,576.438,4867.511,-1010.254,576.4398,4867.513
Hangar_v3_basic,-1010.254,576.4398,4867.513,-1274.327,657.6655,4867.515,-1010.254,657.6642,4867.514
Hangar_v3_basic,-1274.327,657.6655,4867.515,-1010.254,576.4398,4867.513,-1274.327,576.4415,4867.515
Hangar_v3_basic,-1274.327,576.4415,4867.515,-1538.404,657.6691,4867.516,-1274.327,657.6655,4867.515
Hangar_v3_basic,-1538.404,657.6691,4867.516,-1274.327,576.4415,4867.515,-1538.404,576.4432,4867.516
Hangar_v3_basic,-746.1747,576.4386,6107.554,-482.1011,657.6622,6107.554,-746.175,657.6636,6107.554
Hangar_v3_basic,-482.1011,657.6622,6107.554,-746.1747,576.4386,6107.554,-482.1015,576.4363,6107.554
Hangar_v3_basic,-746.1747,576.4386,6107.554,-1010.25,657.6648,6107.556,-1010.249,576.4403,6107.555
Hangar_v3_basic,-1010.25,657.6648,6107.556,-746.1747,576.4386,6107.554,-746.175,657.6636,6107.554
Hangar_v3_basic,-1010.249,576.4403,6107.555,-1274.322,657.6661,6107.557,-1274.323,576.442,6107.557
Hangar_v3_basic,-1274.322,657.6661,6107.557,-1010.249,576.4403,6107.555,-1010.25,657.6648,6107.556
Hangar_v3_basic,-1274.323,576.442,6107.557,-1538.399,657.6702,6107.558,-1538.399,576.4437,6107.558
Hangar_v3_basic,-1538.399,657.6702,6107.558,-1274.323,576.442,6107.557,-1274.322,657.6661,6107.557
Hangar_v3_basic,-1532.078,575.3781,5180.292,-1532.079,564.8268,4984.874,-1532.078,564.8268,5180.292
Hangar_v3_basic,-1532.079,564.8268,4984.874,-1532.078,575.3781,5180.292,-1532.079,575.3781,4873.071
Hangar_v3_basic,-1532.079,575.3781,4873.071,-1532.08,499.6761,4984.874,-1532.079,564.8268,4984.874
Hangar_v3_basic,-1532.08,499.6761,4984.874,-1532.079,575.3781,4873.071,-1532.08,417.7483,4873.071
Hangar_v3_basic,-1532.079,417.7482,5180.292,-1532.08,499.6761,4984.874,-1532.08,417.7483,4873.071
Hangar_v3_basic,-1532.08,499.6761,4984.874,-1532.079,417.7482,5180.292,-1532.078,499.6762,5180.292
Hangar_v3_basic,-1532.077,575.3785,5487.513,-1532.078,564.8268,5180.292,-1532.077,564.827,5487.513
Hangar_v3_basic,-1532.078,564.8268,5180.292,-1532.077,575.3785,5487.513,-1532.078,575.3781,5180.292
Hangar_v3_basic,-1532.075,575.3787,5794.736,-1532.077,564.827,5487.513,-1532.074,564.8271,5794.736
Hangar_v3_basic,-1532.077,564.827,5487.513,-1532.075,575.3787,5794.736,-1532.077,575.3785,5487.513
Hangar_v3_basic,-1532.074,564.8271,5794.736,-1532.075,575.379,6101.956,-1532.075,575.3787,5794.736
Hangar_v3_basic,-1532.075,575.379,6101.956,-1532.074,564.8271,5794.736,-1532.075,564.8272,5990.153
Hangar_v3_basic,-1532.076,499.6765,5990.153,-1532.075,575.379,6101.956,-1532.075,564.8272,5990.153
Hangar_v3_basic,-1532.075,575.379,6101.956,-1532.076,499.6765,5990.153,-1532.076,417.7491,6101.956
Hangar_v3_basic,-1532.076,499.6765,5990.153,-1532.076,417.7489,5794.736,-1532.076,417.7491,6101.956
Hangar_v3_basic,-1532.076,417.7489,5794.736,-1532.076,499.6765,5990.153,-1532.075,499.6765,5794.736
Hangar_v3_basic,-486.9959,417.7408,5180.281,-486.997,447.6035,5007.876,-486.995,447.6036,5180.281
Hangar_v3_basic,-486.997,447.6035,5007.876,-486.9959,417.7408,5180.281,-486.9977,417.7411,4873.062
Hangar_v3_basic,-486.9967,575.371,4873.062,-486.997,447.6035,5007.876,-486.9977,417.7411,4873.062
Hangar_v3_basic,-486.997,447.6035,5007.876,-486.9967,575.371,4873.062,-486.9964,560.985,5007.876
Hangar_v3_basic,-486.9949,575.3707,5180.281,-486.9964,560.985,5007.876,-486.9967,575.371,4873.062
Hangar_v3_basic,-486.9964,560.985,5007.876,-486.9949,575.3707,5180.281,-486.995,560.9851,5180.281
Hangar_v3_basic,-486.9949,575.3707,5180.281,-486.9946,560.9851,5313.409,-486.995,560.9851,5180.281
Hangar_v3_basic,-486.9946,560.9851,5313.409,-486.9949,575.3707,5180.281,-486.994,575.371,5487.503
Hangar_v3_basic,-486.9949,417.7411,5487.503,-486.9946,560.9851,5313.409,-486.994,575.371,5487.503
Hangar_v3_basic,-486.9946,560.9851,5313.409,-486.9949,417.7411,5487.503,-486.9946,447.6037,5313.408
Hangar_v3_basic,-486.9959,417.7408,5180.281,-486.9946,447.6037,5313.408,-486.9949,417.7411,5487.503
Hangar_v3_basic,-486.9946,447.6037,5313.408,-486.9959,417.7408,5180.281,-486.995,447.6036,5180.281
Hangar_v3_basic,-486.9928,560.9853,5652.717,-486.9922,575.3712,5794.726,-486.9923,560.9853,5794.726
Hangar_v3_basic,-486.9922,575.3712,5794.726,-486.9928,560.9853,5652.717,-486.994,575.371,5487.503
Hangar_v3_basic,-486.9935,447.6037,5652.717,-486.994,575.371,5487.503,-486.9928,560.9853,5652.717
Hangar_v3_basic,-486.994,575.371,5487.503,-486.9935,447.6037,5652.717,-486.9949,417.7411,5487.503
Hangar_v3_basic,-486.9935,447.6037,5652.717,-486.9932,417.7413,5794.726,-486.9949,417.7411,5487.503
Hangar_v3_basic,-486.9932,417.7413,5794.726,-486.9935,447.6037,5652.717,-486.9938,447.6037,5794.726
Hangar_v3_basic,-486.9922,575.3712,5794.726,-486.9933,560.9854,5958.25,-486.9923,560.9853,5794.726
Hangar_v3_basic,-486.9933,560.9854,5958.25,-486.9922,575.3712,5794.726,-486.9943,575.3719,6101.949
Hangar_v3_basic,-486.9953,417.742,6101.949,-486.9933,560.9854,5958.25,-486.9943,575.3719,6101.949
Hangar_v3_basic,-486.9933,560.9854,5958.25,-486.9953,417.742,6101.949,-486.994,447.6038,5958.25
Hangar_v3_basic,-486.9932,417.7413,5794.726,-486.994,447.6038,5958.25,-486.9953,417.742,6101.949
Hangar_v3_basic,-486.994,447.6038,5958.25,-486.9932,417.7413,5794.726,-486.9938,447.6037,5794.726
Hangar_v3_basic,-500.7214,-17.9473,5491.535,-500.7191,365.7993,5220.82,-500.7182,365.7995,5491.534
Hangar_v3_basic,-500.7191,365.7993,5220.82,-500.7214,-17.9473,5491.535,-500.7222,-17.9476,5220.821
Hangar_v3_basic,-500.7214,-17.9473,5491.535,-500.7182,365.8001,5737.985,-500.7213,-17.9468,5737.986
Hangar_v3_basic,-500.7182,365.8001,5737.985,-500.7214,-17.9473,5491.535,-500.7182,365.7995,5491.534
Hangar_v3_basic,-1363.69,-17.9413,4880.226,-1148.823,230.7278,4880.217,-1148.824,-17.9427,4880.222
Hangar_v3_basic,-1148.823,230.7278,4880.217,-1363.69,-17.9413,4880.226,-1363.689,230.7291,4880.221
Hangar_v3_basic,-1522.617,558.724,4989.906,-1522.615,506.3715,5319.967,-1522.615,558.7241,5319.966
Hangar_v3_basic,-1522.615,506.3715,5319.967,-1522.617,558.724,4989.906,-1522.618,506.3714,4989.906
Hangar_v3_basic,-1522.615,558.7241,5655.059,-1522.615,506.3713,5985.121,-1522.615,558.724,5985.12
Hangar_v3_basic,-1522.615,506.3713,5985.121,-1522.615,558.7241,5655.059,-1522.615,506.3714,5655.06
Hangar_v3_basic,-1522.615,558.7241,5319.966,-1522.615,506.3714,5655.06,-1522.615,558.7241,5655.059
Hangar_v3_basic,-1522.615,506.3714,5655.06,-1522.615,558.7241,5319.966,-1522.615,506.3715,5319.967
Hangar_v3_basic,-1532.078,417.7486,5487.513,-1532.078,499.6762,5180.292,-1532.079,417.7482,5180.292
Hangar_v3_basic,-1532.078,499.6762,5180.292,-1532.078,417.7486,5487.513,-1532.077,499.6763,5487.513
Hangar_v3_basic,-1532.076,417.7489,5794.736,-1532.077,499.6763,5487.513,-1532.078,417.7486,5487.513
Hangar_v3_basic,-1532.077,499.6763,5487.513,-1532.076,417.7489,5794.736,-1532.075,499.6765,5794.736
Hangar_v3_basic,-502.0084,266.6686,4964.88,-502.009,201.1562,5136.425,-502.0095,201.156,4964.88
Hangar_v3_basic,-502.009,201.1562,5136.425,-502.0084,266.6686,4964.88,-502.0078,266.6689,5136.425
Hangar_v3_basic,-467.4777,365.7997,5745.351,-482.1048,-17.9472,5745.352,-467.48,-17.9472,5745.351
Hangar_v3_basic,-482.1048,-17.9472,5745.352,-467.4777,365.7997,5745.351,-482.1024,365.7998,5745.351
Hangar_v3_basic,-500.7182,365.8,5737.985,-467.48,-17.9472,5737.985,-500.7206,-17.947,5737.985
Hangar_v3_basic,-467.48,-17.9472,5737.985,-500.7182,365.8,5737.985,-467.4777,365.7998,5737.985
Hangar_v3_basic,-467.4777,365.7998,5737.985,-467.48,-17.9472,5745.351,-467.48,-17.9472,5737.985
Hangar_v3_basic,-467.48,-17.9472,5745.351,-467.4777,365.7998,5737.985,-467.4777,365.7997,5745.351
Hangar_v3_basic,-467.4825,-17.9477,5213.454,-482.1034,365.7993,5213.454,-467.4786,365.7992,5213.454
Hangar_v3_basic,-482.1034,365.7993,5213.454,-467.4825,-17.9477,5213.454,-482.1073,-17.9476,5213.455
Hangar_v3_basic,-500.723,-17.9476,5220.821,-467.4786,365.7991,5220.821,-500.7191,365.7993,5220.821
Hangar_v3_basic,-467.4786,365.7991,5220.821,-500.723,-17.9476,5220.821,-467.4825,-17.9478,5220.821
Hangar_v3_basic,-467.4825,-17.9478,5220.821,-467.4786,365.7992,5213.454,-467.4786,365.7991,5220.821
Hangar_v3_basic,-467.4786,365.7992,5213.454,-467.4825,-17.9478,5220.821,-467.4825,-17.9477,5213.454
Hangar_v3_basic,-467.4793,375.6036,5213.455,-482.1024,375.6043,5745.351,-467.4776,375.6042,5745.351
Hangar_v3_basic,-482.1024,375.6043,5745.351,-467.4793,375.6036,5213.455,-482.1041,375.6038,5213.455
Hangar_v3_basic,-500.7199,365.7995,5213.455,-482.1024,365.8,5745.351,-500.7182,365.8001,5745.351
Hangar_v3_basic,-482.1042,365.7995,5213.455,-482.1024,365.8,5745.351,-500.7199,365.7995,5213.455
Hangar_v3_basic,-482.1042,365.7995,5213.455,-467.4777,365.8,5745.351,-482.1024,365.8,5745.351
Hangar_v3_basic,-467.4794,365.7994,5213.455,-467.4777,365.8,5745.351,-482.1042,365.7995,5213.455
Hangar_v3_basic,-467.4794,365.7994,5213.455,-467.4776,375.6042,5745.351,-467.4777,365.8,5745.351
Hangar_v3_basic,-467.4776,375.6042,5745.351,-467.4794,365.7994,5213.455,-467.4793,375.6036,5213.455
Hangar_v3_basic,-482.1039,375.604,5280.855,-482.105,416.9413,4867.509,-482.1036,416.9413,5280.855
Hangar_v3_basic,-482.105,416.9413,4867.509,-482.1039,375.604,5280.855,-482.1041,375.604,5213.454
Hangar_v3_basic,-482.105,270.0163,5138.941,-482.105,416.9413,4867.509,-482.1041,375.604,5213.454
Hangar_v3_basic,-482.105,416.9413,4867.509,-482.105,270.0163,5138.941,-482.1055,270.0163,4962.364
Hangar_v3_basic,-482.1041,375.604,5213.454,-482.1054,197.8085,5138.941,-482.105,270.0163,5138.941
Hangar_v3_basic,-482.1054,197.8085,5138.941,-482.1041,375.604,5213.454,-482.1065,-17.9474,5213.454
Hangar_v3_basic,-482.106,197.8084,4962.364,-482.105,416.9413,4867.509,-482.1055,270.0163,4962.364
Hangar_v3_basic,-482.1065,-17.9474,5213.454,-482.106,197.8084,4962.364,-482.1054,197.8085,5138.941
Hangar_v3_basic,-482.105,416.9413,4867.509,-482.106,197.8084,4962.364,-482.1076,-17.9474,4867.509
Hangar_v3_basic,-482.106,197.8084,4962.364,-482.1065,-17.9474,5213.454,-482.1076,-17.9474,4867.509
Hangar_v3_basic,-467.4777,365.8,5745.351,-482.1024,375.6043,5745.351,-482.1024,365.8,5745.351
Hangar_v3_basic,-482.1024,375.6043,5745.351,-467.4777,365.8,5745.351,-467.4776,375.6042,5745.351
Hangar_v3_basic,-482.1041,375.6038,5213.455,-467.4794,365.7994,5213.455,-482.1042,365.7995,5213.455
Hangar_v3_basic,-467.4794,365.7994,5213.455,-482.1041,375.6038,5213.455,-467.4793,375.6036,5213.455
Hangar_v3_basic,-477.1863,554.35,5313.41,-486.9945,454.2382,5313.408,-477.1869,454.2382,5313.408
Hangar_v3_basic,-486.9945,454.2382,5313.408,-477.1863,554.35,5313.41,-486.9939,554.3501,5313.41
Hangar_v3_basic,-499.4786,554.3502,5308.422,-477.1869,454.2382,5308.42,-499.4792,454.2383,5308.42
Hangar_v3_basic,-477.1869,454.2382,5308.42,-499.4786,554.3502,5308.422,-477.1863,554.35,5308.422
Hangar_v3_basic,-477.1863,554.35,5308.422,-477.1869,454.2382,5313.408,-477.1869,454.2382,5308.42
Hangar_v3_basic,-477.1869,454.2382,5313.408,-477.1863,554.35,5308.422,-477.1863,554.35,5313.41
Hangar_v3_basic,-477.188,560.9849,5007.876,-486.9938,560.985,5313.41,-477.1862,560.9849,5313.41
Hangar_v3_basic,-486.9938,560.985,5313.41,-477.188,560.9849,5007.876,-486.9956,560.9849,5007.876
Hangar_v3_basic,-499.4804,554.3502,5007.876,-486.9939,554.3503,5313.41,-499.4786,554.3503,5313.41
Hangar_v3_basic,-486.9956,554.3502,5007.876,-486.9939,554.3503,5313.41,-499.4804,554.3502,5007.876
Hangar_v3_basic,-486.9956,554.3502,5007.876,-477.1863,554.3502,5313.41,-486.9939,554.3503,5313.41
Hangar_v3_basic,-477.188,554.3501,5007.876,-477.1863,554.3502,5313.41,-486.9956,554.3502,5007.876
Hangar_v3_basic,-477.188,554.3501,5007.876,-477.1862,560.9849,5313.41,-477.1863,554.3502,5313.41
Hangar_v3_basic,-477.1862,560.9849,5313.41,-477.188,554.3501,5007.876,-477.188,560.9849,5007.876
Hangar_v3_basic,-477.1863,554.3502,5313.41,-486.9938,560.985,5313.41,-486.9939,554.3503,5313.41
Hangar_v3_basic,-486.9938,560.985,5313.41,-477.1863,554.3502,5313.41,-477.1862,560.9849,5313.41
Hangar_v3_basic,-486.9956,560.9849,5007.876,-477.188,554.3501,5007.876,-486.9956,554.3502,5007.876
Hangar_v3_basic,-477.188,554.3501,5007.876,-486.9956,560.9849,5007.876,-477.188,560.9849,5007.876
Hangar_v3_basic,-477.1862,447.6034,5313.408,-486.9955,447.6034,5007.873,-477.1879,447.6033,5007.873
Hangar_v3_basic,-486.9955,447.6034,5007.873,-477.1862,447.6034,5313.408,-486.9938,447.6035,5313.408
Hangar_v3_basic,-499.4792,454.2383,5313.408,-486.9955,454.2382,5007.873,-499.481,454.2383,5007.873
Hangar_v3_basic,-486.9937,454.2382,5313.408,-486.9955,454.2382,5007.873,-499.4792,454.2383,5313.408
Hangar_v3_basic,-486.9937,454.2382,5313.408,-477.1879,454.2381,5007.873,-486.9955,454.2382,5007.873
Hangar_v3_basic,-477.1862,454.2381,5313.408,-477.1879,454.2381,5007.873,-486.9937,454.2382,5313.408
Hangar_v3_basic,-477.1862,454.2381,5313.408,-477.1879,447.6033,5007.873,-477.1879,454.2381,5007.873
Hangar_v3_basic,-477.1879,447.6033,5007.873,-477.1862,454.2381,5313.408,-477.1862,447.6034,5313.408
Hangar_v3_basic,-477.1879,454.2381,5007.873,-486.9955,447.6034,5007.873,-486.9955,454.2382,5007.873
Hangar_v3_basic,-486.9955,447.6034,5007.873,-477.1879,454.2381,5007.873,-477.1879,447.6033,5007.873
Hangar_v3_basic,-486.9938,447.6035,5313.408,-477.1862,454.2381,5313.408,-486.9937,454.2382,5313.408
Hangar_v3_basic,-477.1862,454.2381,5313.408,-486.9938,447.6035,5313.408,-477.1862,447.6034,5313.408
Hangar_v3_basic,-477.188,554.35,5007.878,-486.9963,454.2381,5007.876,-486.9956,554.35,5007.878
Hangar_v3_basic,-486.9963,454.2381,5007.876,-477.188,554.35,5007.878,-477.1887,454.2381,5007.876
Hangar_v3_basic,-499.4803,554.35,5012.865,-477.1886,454.238,5012.863,-477.188,554.3499,5012.865
Hangar_v3_basic,-477.1886,454.238,5012.863,-499.4803,554.35,5012.865,-499.4817,454.2381,5012.863
Hangar_v3_basic,-477.188,554.3499,5012.865,-477.1887,454.2381,5007.876,-477.188,554.35,5007.878
Hangar_v3_basic,-477.1887,454.2381,5007.876,-477.188,554.3499,5012.865,-477.1886,454.238,5012.863
Hangar_v3_basic,-499.4791,554.3505,5657.71,-499.4787,454.2385,5953.266,-499.4804,454.2384,5657.71
Hangar_v3_basic,-499.4787,454.2385,5953.266,-499.4791,554.3505,5657.71,-499.4773,554.3506,5953.267
Hangar_v3_basic,-477.185,554.3505,5958.254,-486.9932,454.2386,5958.252,-477.1856,454.2386,5958.252
Hangar_v3_basic,-486.9932,454.2386,5958.252,-477.185,554.3505,5958.254,-486.9926,554.3505,5958.254
Hangar_v3_basic,-499.4773,554.3507,5953.267,-477.1856,454.2386,5953.265,-499.478,454.2388,5953.265
Hangar_v3_basic,-477.1856,454.2386,5953.265,-499.4773,554.3507,5953.267,-477.185,554.3505,5953.267
Hangar_v3_basic,-477.185,554.3505,5953.267,-477.1856,454.2386,5958.252,-477.1856,454.2386,5953.265
Hangar_v3_basic,-477.1856,454.2386,5958.252,-477.185,554.3505,5953.267,-477.185,554.3505,5958.254
Hangar_v3_basic,-477.1867,560.9854,5652.72,-486.9926,560.9855,5958.254,-477.185,560.9854,5958.254
Hangar_v3_basic,-486.9926,560.9855,5958.254,-477.1867,560.9854,5652.72,-486.9943,560.9854,5652.72
Hangar_v3_basic,-499.4791,554.3506,5652.72,-486.9926,554.3507,5958.254,-499.4773,554.3508,5958.254
Hangar_v3_basic,-486.9943,554.3506,5652.72,-486.9926,554.3507,5958.254,-499.4791,554.3506,5652.72
Hangar_v3_basic,-486.9943,554.3506,5652.72,-477.185,554.3506,5958.254,-486.9926,554.3507,5958.254
Hangar_v3_basic,-477.1867,554.3505,5652.72,-477.185,554.3506,5958.254,-486.9943,554.3506,5652.72
Hangar_v3_basic,-477.1867,554.3505,5652.72,-477.185,560.9854,5958.254,-477.185,554.3506,5958.254
Hangar_v3_basic,-477.185,560.9854,5958.254,-477.1867,554.3505,5652.72,-477.1867,560.9854,5652.72
Hangar_v3_basic,-477.185,554.3506,5958.254,-486.9926,560.9855,5958.254,-486.9926,554.3507,5958.254
Hangar_v3_basic,-486.9926,560.9855,5958.254,-477.185,554.3506,5958.254,-477.185,560.9854,5958.254
Hangar_v3_basic,-486.9943,560.9854,5652.72,-477.1867,554.3505,5652.72,-486.9943,554.3506,5652.72
Hangar_v3_basic,-477.1867,554.3505,5652.72,-486.9943,560.9854,5652.72,-477.1867,560.9854,5652.72
Hangar_v3_basic,-477.1849,447.6039,5958.251,-486.9942,447.6038,5652.717,-477.1866,447.6038,5652.717
Hangar_v3_basic,-486.9942,447.6038,5652.717,-477.1849,447.6039,5958.251,-486.9925,447.6039,5958.251
Hangar_v3_basic,-499.478,454.2388,5958.251,-486.9942,454.2386,5652.717,-499.4797,454.2387,5652.717
Hangar_v3_basic,-486.9925,454.2386,5958.251,-486.9942,454.2386,5652.717,-499.478,454.2388,5958.251
Hangar_v3_basic,-486.9925,454.2386,5958.251,-477.1866,454.2386,5652.717,-486.9942,454.2386,5652.717
Hangar_v3_basic,-477.1849,454.2386,5958.251,-477.1866,454.2386,5652.717,-486.9925,454.2386,5958.251
Hangar_v3_basic,-477.1849,454.2386,5958.251,-477.1866,447.6038,5652.717,-477.1866,454.2386,5652.717
Hangar_v3_basic,-477.1866,447.6038,5652.717,-477.1849,454.2386,5958.251,-477.1849,447.6039,5958.251
Hangar_v3_basic,-477.1866,454.2386,5652.717,-486.9942,447.6038,5652.717,-486.9942,454.2386,5652.717
Hangar_v3_basic,-486.9942,447.6038,5652.717,-477.1866,454.2386,5652.717,-477.1866,447.6038,5652.717
Hangar_v3_basic,-486.9925,447.6039,5958.251,-477.1849,454.2386,5958.251,-486.9925,454.2386,5958.251
Hangar_v3_basic,-477.1849,454.2386,5958.251,-486.9925,447.6039,5958.251,-477.1849,447.6039,5958.251
Hangar_v3_basic,-477.1867,554.3504,5652.723,-486.9949,454.2386,5652.721,-486.9943,554.3505,5652.723
Hangar_v3_basic,-486.9949,454.2386,5652.721,-477.1867,554.3504,5652.723,-477.1873,454.2385,5652.721
Hangar_v3_basic,-499.4791,554.3505,5657.71,-477.1873,454.2385,5657.708,-477.1867,554.3503,5657.71
Hangar_v3_basic,-477.1873,454.2385,5657.708,-499.4791,554.3505,5657.71,-499.4804,454.2386,5657.708
Hangar_v3_basic,-477.1867,554.3503,5657.71,-477.1873,454.2385,5652.721,-477.1867,554.3504,5652.723
Hangar_v3_basic,-477.1873,454.2385,5652.721,-477.1867,554.3503,5657.71,-477.1873,454.2385,5657.708
Hangar_v3_basic,-479.3096,266.6688,5141.458,-489.2969,201.1561,5141.458,-479.31,201.1561,5141.458
Hangar_v3_basic,-489.2969,201.1561,5141.458,-479.3096,266.6688,5141.458,-489.2965,266.6688,5141.458
Hangar_v3_basic,-502.0086,266.6689,5136.426,-479.31,201.1561,5136.425,-502.009,201.1563,5136.426
Hangar_v3_basic,-479.31,201.1561,5136.425,-502.0086,266.6689,5136.426,-479.3096,266.6688,5136.425
Hangar_v3_basic,-479.3096,266.6688,5136.425,-479.31,201.1561,5141.458,-479.31,201.1561,5136.425
Hangar_v3_basic,-479.31,201.1561,5141.458,-479.3096,266.6688,5136.425,-479.3096,266.6688,5141.458
Hangar_v3_basic,-479.3101,273.3637,4959.848,-489.2964,273.3639,5141.458,-479.3096,273.3639,5141.458
Hangar_v3_basic,-489.2964,273.3639,5141.458,-479.3101,273.3637,4959.848,-489.297,273.3637,4959.848
Hangar_v3_basic,-489.2971,266.6686,4959.848,-502.0086,266.6689,5141.458,-502.0092,266.6687,4959.848
Hangar_v3_basic,-479.3102,266.6686,4959.848,-502.0086,266.6689,5141.458,-489.2971,266.6686,4959.848
Hangar_v3_basic,-479.3102,266.6686,4959.848,-479.3096,266.6689,5141.458,-502.0086,266.6689,5141.458
Hangar_v3_basic,-479.3102,266.6686,4959.848,-479.3096,273.3639,5141.458,-479.3096,266.6689,5141.458
Hangar_v3_basic,-479.3096,273.3639,5141.458,-479.3102,266.6686,4959.848,-479.3101,273.3637,4959.848
Hangar_v3_basic,-479.3096,266.6689,5141.458,-489.2964,273.3639,5141.458,-489.2965,266.6689,5141.458
Hangar_v3_basic,-489.2964,273.3639,5141.458,-479.3096,266.6689,5141.458,-479.3096,273.3639,5141.458
Hangar_v3_basic,-489.297,273.3637,4959.848,-479.3102,266.6686,4959.848,-489.2971,266.6686,4959.848
Hangar_v3_basic,-479.3102,266.6686,4959.848,-489.297,273.3637,4959.848,-479.3101,273.3637,4959.848
Hangar_v3_basic,-479.309,201.1559,4959.848,-489.296,194.4609,4959.848,-489.2959,201.1559,4959.848
Hangar_v3_basic,-489.296,194.4609,4959.848,-479.309,201.1559,4959.848,-479.3091,194.4608,4959.848
Hangar_v3_basic,-489.2954,194.4611,5141.458,-479.3085,201.156,5141.458,-489.2953,201.1561,5141.458
Hangar_v3_basic,-479.3085,201.156,5141.458,-489.2954,194.4611,5141.458,-479.3085,194.461,5141.458
Hangar_v3_basic,-479.3091,194.4608,4959.848,-489.2954,194.4611,5141.458,-489.296,194.4609,4959.848
Hangar_v3_basic,-489.2954,194.4611,5141.458,-479.3091,194.4608,4959.848,-479.3085,194.461,5141.458
Hangar_v3_basic,-502.0082,201.1562,5141.458,-489.2959,201.1559,4959.848,-502.0088,201.156,4959.848
Hangar_v3_basic,-502.0082,201.1562,5141.458,-479.309,201.1559,4959.848,-489.2959,201.1559,4959.848
Hangar_v3_basic,-502.0082,201.1562,5141.458,-479.3085,201.156,5141.458,-479.309,201.1559,4959.848
Hangar_v3_basic,-479.309,201.1559,4959.848,-479.3085,194.461,5141.458,-479.3091,194.4608,4959.848
Hangar_v3_basic,-479.3085,194.461,5141.458,-479.309,201.1559,4959.848,-479.3085,201.156,5141.458
Hangar_v3_basic,-479.3102,266.6685,4959.848,-489.2974,201.1559,4959.848,-489.2971,266.6686,4959.848
Hangar_v3_basic,-489.2974,201.1559,4959.848,-479.3102,266.6685,4959.848,-479.3105,201.1559,4959.848
Hangar_v3_basic,-502.0092,266.6686,4964.88,-479.3105,201.1558,4964.88,-479.3102,266.6685,4964.88
Hangar_v3_basic,-479.3105,201.1558,4964.88,-502.0092,266.6686,4964.88,-502.0095,201.1559,4964.88
Hangar_v3_basic,-479.3102,266.6685,4964.88,-479.3105,201.1559,4959.848,-479.3102,266.6685,4959.848
Hangar_v3_basic,-479.3105,201.1559,4959.848,-479.3102,266.6685,4964.88,-479.3105,201.1558,4964.88
Hangar_v3_basic,-502.0056,266.6688,5838.296,-502.0062,201.1565,6009.841,-502.0067,201.1562,5838.296
Hangar_v3_basic,-502.0062,201.1565,6009.841,-502.0056,266.6688,5838.296,-502.0051,266.6692,6009.841
Hangar_v3_basic,-479.3068,266.669,6014.874,-489.2941,201.1563,6014.874,-479.3072,201.1564,6014.874
Hangar_v3_basic,-489.2941,201.1563,6014.874,-479.3068,266.669,6014.874,-489.2937,266.669,6014.874
Hangar_v3_basic,-502.0058,266.6692,6009.842,-479.3072,201.1564,6009.841,-502.0062,201.1565,6009.842
Hangar_v3_basic,-479.3072,201.1564,6009.841,-502.0058,266.6692,6009.842,-479.3069,266.669,6009.841
Hangar_v3_basic,-479.3069,266.669,6009.841,-479.3072,201.1564,6014.874,-479.3072,201.1564,6009.841
Hangar_v3_basic,-479.3072,201.1564,6014.874,-479.3069,266.669,6009.841,-479.3068,266.669,6014.874
Hangar_v3_basic,-479.3073,273.3639,5833.264,-489.2936,273.3642,6014.874,-479.3067,273.3641,6014.874
Hangar_v3_basic,-489.2936,273.3642,6014.874,-479.3073,273.3639,5833.264,-489.2942,273.364,5833.264
Hangar_v3_basic,-489.2943,266.6689,5833.264,-502.0058,266.6691,6014.874,-502.0063,266.6689,5833.264
Hangar_v3_basic,-479.3074,266.6688,5833.264,-502.0058,266.6691,6014.874,-489.2943,266.6689,5833.264
Hangar_v3_basic,-479.3074,266.6688,5833.264,-479.3068,266.6691,6014.874,-502.0058,266.6691,6014.874
Hangar_v3_basic,-479.3074,266.6688,5833.264,-479.3067,273.3641,6014.874,-479.3068,266.6691,6014.874
Hangar_v3_basic,-479.3067,273.3641,6014.874,-479.3074,266.6688,5833.264,-479.3073,273.3639,5833.264
Hangar_v3_basic,-479.3068,266.6691,6014.874,-489.2936,273.3642,6014.874,-489.2937,266.6692,6014.874
Hangar_v3_basic,-489.2936,273.3642,6014.874,-479.3068,266.6691,6014.874,-479.3067,273.3641,6014.874
Hangar_v3_basic,-489.2942,273.364,5833.264,-479.3074,266.6688,5833.264,-489.2943,266.6689,5833.264
Hangar_v3_basic,-479.3074,266.6688,5833.264,-489.2942,273.364,5833.264,-479.3073,273.3639,5833.264
Hangar_v3_basic,-479.3063,201.1561,5833.263,-489.2932,194.4611,5833.263,-489.2932,201.1562,5833.263
Hangar_v3_basic,-489.2932,194.4611,5833.263,-479.3063,201.1561,5833.263,-479.3063,194.461,5833.263
Hangar_v3_basic,-489.2926,194.4613,6014.873,-479.3057,201.1563,6014.873,-489.2926,201.1563,6014.873
Hangar_v3_basic,-479.3057,201.1563,6014.873,-489.2926,194.4613,6014.873,-479.3057,194.4612,6014.873
Hangar_v3_basic,-479.3063,194.461,5833.263,-489.2926,194.4613,6014.873,-489.2932,194.4611,5833.263
Hangar_v3_basic,-489.2926,194.4613,6014.873,-479.3063,194.461,5833.263,-479.3057,194.4612,6014.873
Hangar_v3_basic,-502.0054,201.1564,6014.874,-489.2932,201.1562,5833.263,-502.006,201.1563,5833.263
Hangar_v3_basic,-502.0054,201.1564,6014.874,-479.3063,201.1561,5833.263,-489.2932,201.1562,5833.263
Hangar_v3_basic,-502.0054,201.1564,6014.874,-479.3057,201.1563,6014.873,-479.3063,201.1561,5833.263
Hangar_v3_basic,-479.3063,201.1561,5833.263,-479.3057,194.4612,6014.873,-479.3063,194.461,5833.263
Hangar_v3_basic,-479.3057,194.4612,6014.873,-479.3063,201.1561,5833.263,-479.3057,201.1563,6014.873
Hangar_v3_basic,-479.3074,266.6688,5833.264,-489.2947,201.1562,5833.264,-489.2943,266.6689,5833.264
Hangar_v3_basic,-489.2947,201.1562,5833.264,-479.3074,266.6688,5833.264,-479.3078,201.1561,5833.264
Hangar_v3_basic,-502.0063,266.6688,5838.296,-479.3077,201.156,5838.296,-479.3074,266.6687,5838.296
Hangar_v3_basic,-479.3077,201.156,5838.296,-502.0063,266.6688,5838.296,-502.0067,201.1562,5838.296
Hangar_v3_basic,-479.3074,266.6687,5838.296,-479.3078,201.1561,5833.264,-479.3074,266.6688,5833.264
Hangar_v3_basic,-479.3078,201.1561,5833.264,-479.3074,266.6687,5838.296,-479.3077,201.156,5838.296
Hangar_v3_basic,-1143.791,230.7276,4857.521,-1143.792,-17.9427,4867.511,-1143.792,-17.9427,4857.523
Hangar_v3_basic,-1143.792,-17.9427,4867.511,-1143.791,230.7276,4857.521,-1143.791,230.7275,4867.51
Hangar_v3_basic,-1148.823,230.7277,4880.22,-1148.824,-17.9427,4857.523,-1148.824,-17.9426,4880.222
Hangar_v3_basic,-1148.824,-17.9427,4857.523,-1148.823,230.7277,4880.22,-1148.824,230.7276,4857.521
Hangar_v3_basic,-1148.824,230.7276,4857.521,-1143.792,-17.9427,4857.523,-1148.824,-17.9427,4857.523
Hangar_v3_basic,-1143.792,-17.9427,4857.523,-1148.824,230.7276,4857.521,-1143.791,230.7276,4857.521
Hangar_v3_basic,-1368.723,-17.9412,4857.525,-1368.722,230.729,4867.511,-1368.722,230.729,4857.522
Hangar_v3_basic,-1368.722,230.729,4867.511,-1368.723,-17.9412,4857.525,-1368.723,-17.9412,4867.512
Hangar_v3_basic,-1363.69,-17.9413,4880.226,-1363.69,230.7289,4857.522,-1363.689,230.7289,4880.221
Hangar_v3_basic,-1363.69,230.7289,4857.522,-1363.69,-17.9413,4880.226,-1363.69,-17.9413,4857.525
Hangar_v3_basic,-1363.69,-17.9413,4857.525,-1368.722,230.729,4857.522,-1363.69,230.7289,4857.522
Hangar_v3_basic,-1368.722,230.729,4857.522,-1363.69,-17.9413,4857.525,-1368.723,-17.9412,4857.525
Hangar_v3_basic,-1368.72,237.4242,4857.522,-1143.791,237.4228,4867.51,-1143.791,237.4228,4857.521
Hangar_v3_basic,-1143.791,237.4228,4867.51,-1368.72,237.4242,4857.522,-1368.72,237.4242,4867.511
Hangar_v3_basic,-1368.72,230.7291,4880.221,-1143.791,230.7277,4867.51,-1143.791,230.7277,4880.22
Hangar_v3_basic,-1368.72,230.7292,4867.511,-1143.791,230.7277,4867.51,-1368.72,230.7291,4880.221
Hangar_v3_basic,-1368.72,230.7292,4867.511,-1143.791,230.7277,4857.521,-1143.791,230.7277,4867.51
Hangar_v3_basic,-1368.72,230.7292,4857.522,-1143.791,230.7277,4857.521,-1368.72,230.7292,4867.511
Hangar_v3_basic,-1368.72,230.7292,4857.522,-1143.791,237.4228,4857.521,-1143.791,230.7277,4857.521
Hangar_v3_basic,-1143.791,237.4228,4857.521,-1368.72,230.7292,4857.522,-1368.72,237.4242,4857.522
Hangar_v3_basic,-1143.791,230.7277,4857.521,-1143.791,237.4228,4867.51,-1143.791,230.7277,4867.51
Hangar_v3_basic,-1143.791,237.4228,4867.51,-1143.791,230.7277,4857.521,-1143.791,237.4228,4857.521
Hangar_v3_basic,-1368.72,237.4242,4867.511,-1368.72,230.7292,4857.522,-1368.72,230.7292,4867.511
Hangar_v3_basic,-1368.72,230.7292,4857.522,-1368.72,237.4242,4867.511,-1368.72,237.4242,4857.522
Hangar_v3_basic,-1539.511,506.3712,4984.874,-1532.079,558.7236,4984.874,-1532.079,506.3712,4984.874
Hangar_v3_basic,-1532.079,558.7236,4984.874,-1539.511,506.3712,4984.874,-1539.512,558.7237,4984.874
Hangar_v3_basic,-1522.617,506.3711,4989.906,-1539.512,558.7236,4989.906,-1539.511,506.3712,4989.906
Hangar_v3_basic,-1539.512,558.7236,4989.906,-1522.617,506.3711,4989.906,-1522.617,558.7235,4989.906
Hangar_v3_basic,-1539.511,506.3712,4989.906,-1539.512,558.7237,4984.874,-1539.511,506.3712,4984.874
Hangar_v3_basic,-1539.512,558.7237,4984.874,-1539.511,506.3712,4989.906,-1539.512,558.7236,4989.906
Hangar_v3_basic,-1539.512,565.4185,4984.874,-1532.077,565.4188,5487.513,-1532.079,565.4185,4984.874
Hangar_v3_basic,-1532.077,565.4188,5487.513,-1539.512,565.4185,4984.874,-1539.51,565.4188,5487.513
Hangar_v3_basic,-1539.51,558.7238,5487.513,-1522.617,558.7233,4984.874,-1522.616,558.7236,5487.513
Hangar_v3_basic,-1539.51,558.7238,5487.513,-1532.079,558.7234,4984.874,-1522.617,558.7233,4984.874
Hangar_v3_basic,-1539.512,558.7234,4984.874,-1532.079,558.7234,4984.874,-1539.51,558.7238,5487.513
Hangar_v3_basic,-1539.512,558.7234,4984.874,-1539.51,565.4188,5487.513,-1539.512,565.4185,4984.874
Hangar_v3_basic,-1539.51,565.4188,5487.513,-1539.512,558.7234,4984.874,-1539.51,558.7238,5487.513
Hangar_v3_basic,-1532.079,565.4185,4984.874,-1539.512,558.7234,4984.874,-1539.512,565.4185,4984.874
Hangar_v3_basic,-1539.512,558.7234,4984.874,-1532.079,565.4185,4984.874,-1532.079,558.7234,4984.874
Hangar_v3_basic,-1539.51,499.6765,5487.513,-1532.079,499.6761,4984.874,-1532.077,499.6764,5487.513
Hangar_v3_basic,-1532.079,499.6761,4984.874,-1539.51,499.6765,5487.513,-1539.511,499.6762,4984.874
Hangar_v3_basic,-1532.079,506.3712,4984.874,-1522.615,506.3715,5487.513,-1522.617,506.3712,4984.874
Hangar_v3_basic,-1539.511,506.3712,4984.874,-1522.615,506.3715,5487.513,-1532.079,506.3712,4984.874
Hangar_v3_basic,-1539.51,506.3715,5487.513,-1522.615,506.3715,5487.513,-1539.511,506.3712,4984.874
Hangar_v3_basic,-1539.51,506.3715,5487.513,-1539.511,499.6762,4984.874,-1539.51,499.6765,5487.513
Hangar_v3_basic,-1539.511,499.6762,4984.874,-1539.51,506.3715,5487.513,-1539.511,506.3712,4984.874
Hangar_v3_basic,-1539.511,506.3712,4984.874,-1532.079,499.6761,4984.874,-1539.511,499.6762,4984.874
Hangar_v3_basic,-1532.079,499.6761,4984.874,-1539.511,506.3712,4984.874,-1532.079,506.3712,4984.874
Hangar_v3_basic,-1539.51,506.3714,5990.153,-1532.076,558.7237,5990.153,-1539.509,558.7238,5990.153
Hangar_v3_basic,-1532.076,558.7237,5990.153,-1539.51,506.3714,5990.153,-1532.076,506.3714,5990.153
Hangar_v3_basic,-1522.615,506.3713,5985.121,-1539.509,558.7238,5985.121,-1522.615,558.7238,5985.121
Hangar_v3_basic,-1539.509,558.7238,5985.121,-1522.615,506.3713,5985.121,-1539.51,506.3714,5985.121
Hangar_v3_basic,-1539.51,506.3714,5985.121,-1539.509,558.7238,5990.153,-1539.509,558.7238,5985.121
Hangar_v3_basic,-1539.509,558.7238,5990.153,-1539.51,506.3714,5985.121,-1539.51,506.3714,5990.153
Hangar_v3_basic,-1539.51,565.4188,5487.513,-1532.076,565.4189,5990.153,-1532.077,565.4188,5487.513
Hangar_v3_basic,-1532.076,565.4189,5990.153,-1539.51,565.4188,5487.513,-1539.509,565.4189,5990.153
Hangar_v3_basic,-1539.51,558.7238,5487.513,-1532.076,558.7238,5990.153,-1539.509,558.7239,5990.153
Hangar_v3_basic,-1539.51,558.7238,5487.513,-1522.616,558.7236,5487.513,-1532.076,558.7238,5990.153
Hangar_v3_basic,-1532.076,558.7238,5990.153,-1522.616,558.7236,5487.513,-1522.615,558.7238,5990.153
Hangar_v3_basic,-1539.51,558.7238,5487.513,-1539.509,565.4189,5990.153,-1539.51,565.4188,5487.513
Hangar_v3_basic,-1539.509,565.4189,5990.153,-1539.51,558.7238,5487.513,-1539.509,558.7239,5990.153
Hangar_v3_basic,-1539.509,558.7239,5990.153,-1532.076,565.4189,5990.153,-1539.509,565.4189,5990.153
Hangar_v3_basic,-1532.076,565.4189,5990.153,-1539.509,558.7239,5990.153,-1532.076,558.7238,5990.153
Hangar_v3_basic,-1539.509,499.6765,5990.153,-1532.077,499.6764,5487.513,-1532.076,499.6765,5990.153
Hangar_v3_basic,-1532.077,499.6764,5487.513,-1539.509,499.6765,5990.153,-1539.51,499.6765,5487.513
Hangar_v3_basic,-1522.615,506.3715,5487.513,-1532.076,506.3716,5990.153,-1522.615,506.3716,5990.153
Hangar_v3_basic,-1539.51,506.3715,5487.513,-1532.076,506.3716,5990.153,-1522.615,506.3715,5487.513
Hangar_v3_basic,-1539.509,506.3716,5990.153,-1532.076,506.3716,5990.153,-1539.51,506.3715,5487.513
Hangar_v3_basic,-1539.509,506.3716,5990.153,-1539.51,499.6765,5487.513,-1539.509,499.6765,5990.153
Hangar_v3_basic,-1539.51,499.6765,5487.513,-1539.509,506.3716,5990.153,-1539.51,506.3715,5487.513
Hangar_v3_basic,-1532.076,499.6765,5990.153,-1539.509,506.3716,5990.153,-1539.509,499.6765,5990.153
Hangar_v3_basic,-1539.509,506.3716,5990.153,-1532.076,499.6765,5990.153,-1532.076,506.3716,5990.153
Hangar_v3_basic,-1525.92,148.896,5012.683,-1525.919,249.0077,5155.47,-1525.921,249.0081,5012.683
Hangar_v3_basic,-1525.919,249.0077,5155.47,-1525.92,148.896,5012.683,-1525.919,148.8956,5155.47
Hangar_v3_basic,-1548.212,249.0079,5007.693,-1538.405,148.8959,5007.695,-1548.213,148.896,5007.695
Hangar_v3_basic,-1538.405,148.8959,5007.695,-1548.212,249.0079,5007.693,-1538.404,249.0078,5007.693
Hangar_v3_basic,-1525.92,249.0078,5012.682,-1548.213,148.896,5012.683,-1525.92,148.8959,5012.683
Hangar_v3_basic,-1548.213,148.896,5012.683,-1525.92,249.0078,5012.682,-1548.212,249.0079,5012.682
Hangar_v3_basic,-1548.212,249.0079,5012.682,-1548.213,148.896,5007.695,-1548.213,148.896,5012.683
Hangar_v3_basic,-1548.213,148.896,5007.695,-1548.212,249.0079,5012.682,-1548.212,249.0079,5007.693
Hangar_v3_basic,-1548.212,255.6427,5160.459,-1538.406,255.6427,5007.692,-1548.213,255.6428,5007.692
Hangar_v3_basic,-1538.406,255.6427,5007.692,-1548.212,255.6427,5160.459,-1538.405,255.6427,5160.459
Hangar_v3_basic,-1538.405,249.0079,5160.459,-1525.921,249.0078,5007.692,-1525.92,249.0078,5160.459
Hangar_v3_basic,-1548.212,249.008,5160.459,-1525.921,249.0078,5007.692,-1538.405,249.0079,5160.459
Hangar_v3_basic,-1548.212,249.008,5160.459,-1548.213,249.008,5007.692,-1525.921,249.0078,5007.692
Hangar_v3_basic,-1548.212,249.008,5160.459,-1548.213,255.6428,5007.692,-1548.213,249.008,5007.692
Hangar_v3_basic,-1548.213,255.6428,5007.692,-1548.212,249.008,5160.459,-1548.212,255.6427,5160.459
Hangar_v3_basic,-1548.213,249.008,5007.692,-1538.406,255.6427,5007.692,-1538.406,249.008,5007.695
Hangar_v3_basic,-1538.406,255.6427,5007.692,-1548.213,249.008,5007.692,-1548.213,255.6428,5007.692
Hangar_v3_basic,-1538.405,255.6427,5160.459,-1548.212,249.008,5160.459,-1538.405,249.0079,5160.459
Hangar_v3_basic,-1548.212,249.008,5160.459,-1538.405,255.6427,5160.459,-1548.212,255.6427,5160.459
Hangar_v3_basic,-1548.214,148.896,5160.462,-1538.406,142.2612,5160.462,-1538.406,148.896,5160.462
Hangar_v3_basic,-1538.406,142.2612,5160.462,-1548.214,148.896,5160.462,-1548.214,142.2612,5160.462
Hangar_v3_basic,-1538.407,142.2612,5007.695,-1548.215,148.896,5007.695,-1538.407,148.8959,5007.695
Hangar_v3_basic,-1548.215,148.896,5007.695,-1538.407,142.2612,5007.695,-1548.215,142.2612,5007.695
Hangar_v3_basic,-1548.212,249.0079,5160.458,-1538.405,148.8959,5160.459,-1538.405,249.0078,5160.458
Hangar_v3_basic,-1538.405,148.8959,5160.459,-1548.212,249.0079,5160.458,-1548.213,148.896,5160.459
Hangar_v3_basic,-1525.92,249.0077,5155.47,-1548.213,148.8959,5155.473,-1548.212,249.0078,5155.47
Hangar_v3_basic,-1548.213,148.8959,5155.473,-1525.92,249.0077,5155.47,-1525.92,148.8957,5155.473
Hangar_v3_basic,-1548.212,249.0078,5155.47,-1548.213,148.896,5160.459,-1548.212,249.0079,5160.458
Hangar_v3_basic,-1548.213,148.896,5160.459,-1548.212,249.0078,5155.47,-1548.213,148.8959,5155.473
Hangar_v3_basic,-1548.214,142.2612,5160.462,-1538.407,142.2612,5007.695,-1538.406,142.2612,5160.462
Hangar_v3_basic,-1538.407,142.2612,5007.695,-1548.214,142.2612,5160.462,-1548.215,142.2612,5007.695
Hangar_v3_basic,-1525.922,148.8958,5007.695,-1538.406,148.896,5160.462,-1525.921,148.8959,5160.462
Hangar_v3_basic,-1525.922,148.8958,5007.695,-1548.214,148.896,5160.462,-1538.406,148.896,5160.462
Hangar_v3_basic,-1525.922,148.8958,5007.695,-1548.215,148.896,5007.695,-1548.214,148.896,5160.462
Hangar_v3_basic,-1548.214,148.896,5160.462,-1548.215,142.2612,5007.695,-1548.214,142.2612,5160.462
Hangar_v3_basic,-1548.215,142.2612,5007.695,-1548.214,148.896,5160.462,-1548.215,148.896,5007.695
Hangar_v3_basic,-482.1081,657.6509,4867.52,-467.4775,907.3849,5487.536,-482.1023,907.3851,5487.536
Hangar_v3_basic,-467.4775,907.3849,5487.536,-482.1081,657.6509,4867.52,-467.4825,657.6509,4867.517
Hangar_v3_basic,-1553.025,907.3937,5487.538,-1538.405,657.6589,4867.519,-1538.4,907.3937,5487.538
Hangar_v3_basic,-1538.405,657.6589,4867.519,-1553.025,907.3937,5487.538,-1553.029,657.6592,4867.519
Hangar_v3_basic,-1553.028,657.6594,4867.519,-467.4833,657.6513,4852.894,-467.4833,657.6513,4867.518
Hangar_v3_basic,-467.4833,657.6513,4852.894,-1553.028,657.6594,4867.519,-1553.028,657.6593,4852.895
Hangar_v3_basic,-1553.028,657.6593,4852.895,-467.4832,667.4556,4852.894,-467.4833,657.6513,4852.894
Hangar_v3_basic,-467.4832,667.4556,4852.894,-1553.028,657.6593,4852.895,-1553.028,667.4636,4852.895
Hangar_v3_basic,-467.4833,657.6513,4852.894,-467.4832,667.4556,4865.65,-467.4833,657.6513,4867.518
Hangar_v3_basic,-467.4832,667.4556,4865.65,-467.4833,657.6513,4852.894,-467.4832,667.4556,4852.894
Hangar_v3_basic,-1553.028,667.4636,4865.652,-1553.028,657.6593,4852.895,-1553.028,657.6594,4867.519
Hangar_v3_basic,-1553.028,657.6593,4852.895,-1553.028,667.4636,4865.652,-1553.028,667.4636,4852.895
Hangar_v3_basic,-467.4774,917.9401,5487.537,-482.1073,667.4542,4865.652,-482.1022,917.9402,5487.537
Hangar_v3_basic,-482.1073,667.4542,4865.652,-467.4774,917.9401,5487.537,-467.4825,667.454,4865.652
Hangar_v3_basic,-467.4825,657.6509,4867.517,-467.4774,917.9401,5487.537,-467.4775,907.3849,5487.536
Hangar_v3_basic,-467.4774,917.9401,5487.537,-467.4825,657.6509,4867.517,-467.4825,667.454,4865.652
Hangar_v3_basic,-1538.4,917.9482,5487.541,-1553.029,667.4625,4865.652,-1553.025,917.9484,5487.541
Hangar_v3_basic,-1553.029,667.4625,4865.652,-1538.4,917.9482,5487.541,-1538.405,667.4625,4865.652
Hangar_v3_basic,-1553.029,657.6592,4867.519,-1553.025,917.9484,5487.541,-1553.029,667.4625,4865.652
Hangar_v3_basic,-1553.025,917.9484,5487.541,-1553.029,657.6592,4867.519,-1553.025,907.3937,5487.538
Hangar_v3_basic,-1553.028,667.4636,4852.895,-467.4832,667.4556,4865.65,-467.4832,667.4556,4852.894
Hangar_v3_basic,-467.4832,667.4556,4865.65,-1553.028,667.4636,4852.895,-1553.028,667.4636,4865.652
Hangar_v3_basic,-467.4775,907.3849,5487.536,-482.1033,657.671,6107.544,-482.1023,907.3851,5487.536
Hangar_v3_basic,-482.1033,657.671,6107.544,-467.4775,907.3849,5487.536,-467.4778,657.6711,6107.546
Hangar_v3_basic,-1538.4,657.679,6107.552,-1553.025,907.3937,5487.538,-1538.4,907.3937,5487.538
Hangar_v3_basic,-1553.025,907.3937,5487.538,-1538.4,657.679,6107.552,-1553.025,657.6792,6107.552
Hangar_v3_basic,-1553.023,657.6794,6107.552,-467.4785,657.6714,6122.17,-1553.023,657.6794,6122.176
Hangar_v3_basic,-467.4785,657.6714,6122.17,-1553.023,657.6794,6107.552,-467.4786,657.6714,6107.546
Hangar_v3_basic,-1553.023,657.6794,6122.176,-467.4784,667.4757,6122.17,-1553.023,667.4836,6122.176
Hangar_v3_basic,-467.4784,667.4757,6122.17,-1553.023,657.6794,6122.176,-467.4785,657.6714,6122.17
Hangar_v3_basic,-467.4785,657.6714,6122.17,-467.4785,667.4757,6109.414,-467.4784,667.4757,6122.17
Hangar_v3_basic,-467.4785,667.4757,6109.414,-467.4785,657.6714,6122.17,-467.4786,657.6714,6107.546
Hangar_v3_basic,-1553.023,667.4836,6109.418,-1553.023,657.6794,6122.176,-1553.023,667.4836,6122.176
Hangar_v3_basic,-1553.023,657.6794,6122.176,-1553.023,667.4836,6109.418,-1553.023,657.6794,6107.552
Hangar_v3_basic,-467.4774,917.9401,5487.537,-482.1025,667.4742,6109.412,-467.4777,667.4741,6109.412
Hangar_v3_basic,-482.1025,667.4742,6109.412,-467.4774,917.9401,5487.537,-482.1022,917.9402,5487.537
Hangar_v3_basic,-467.4778,657.6711,6107.546,-467.4774,917.9401,5487.537,-467.4777,667.4741,6109.412
Hangar_v3_basic,-467.4774,917.9401,5487.537,-467.4778,657.6711,6107.546,-467.4775,907.3849,5487.536
Hangar_v3_basic,-1538.4,917.9482,5487.541,-1553.025,667.4825,6109.418,-1538.4,667.4825,6109.418
Hangar_v3_basic,-1553.025,667.4825,6109.418,-1538.4,917.9482,5487.541,-1553.025,917.9484,5487.541
Hangar_v3_basic,-1553.025,657.6792,6107.552,-1553.025,917.9484,5487.541,-1553.025,907.3937,5487.538
Hangar_v3_basic,-1553.025,917.9484,5487.541,-1553.025,657.6792,6107.552,-1553.025,667.4825,6109.418
Hangar_v3_basic,-1553.023,667.4836,6122.176,-467.4785,667.4757,6109.414,-1553.023,667.4836,6109.418
Hangar_v3_basic,-467.4785,667.4757,6109.414,-1553.023,667.4836,6122.176,-467.4784,667.4757,6122.17
Hangar_v3_basic,-1530.205,411.9694,4874.933,-474.2399,411.9614,4860.305,-488.8616,411.9615,4874.929
Hangar_v3_basic,-474.2399,411.9614,4860.305,-1530.205,411.9694,4874.933,-1544.832,411.9695,4860.309
Hangar_v3_basic,-1544.832,411.9695,4860.309,-474.2398,417.7413,4860.305,-474.2399,411.9614,4860.305
Hangar_v3_basic,-474.2398,417.7413,4860.305,-1544.832,411.9695,4860.309,-1544.832,417.7494,4860.309
Hangar_v3_basic,-1544.832,581.1579,4860.309,-474.2404,575.3709,4860.305,-1544.832,575.3781,4860.309
Hangar_v3_basic,-474.2404,575.3709,4860.305,-1544.832,581.1579,4860.309,-474.2404,581.1508,4860.305
Hangar_v3_basic,-1544.832,411.9688,6114.712,-474.2381,417.7424,6114.706,-1544.832,417.7488,6114.712
Hangar_v3_basic,-474.2381,417.7424,6114.706,-1544.832,411.9688,6114.712,-474.2382,411.9625,6114.706
Hangar_v3_basic,-1530.206,581.1572,6100.089,-474.2371,581.1519,6114.706,-488.8604,581.1519,6100.082
Hangar_v3_basic,-474.2371,581.1519,6114.706,-1530.206,581.1572,6100.089,-1544.832,581.1573,6114.713
Hangar_v3_basic,-1544.832,581.1573,6114.713,-474.2372,575.372,6114.706,-474.2371,581.1519,6114.706
Hangar_v3_basic,-474.2372,575.372,6114.706,-1544.832,581.1573,6114.713,-1544.832,575.3774,6114.713
Hangar_v3_basic,-488.8646,411.9613,4874.934,-474.2382,411.9622,6114.707,-488.8622,411.9623,6100.081
Hangar_v3_basic,-474.2382,411.9622,6114.707,-488.8646,411.9613,4874.934,-474.2406,411.9612,4860.305
Hangar_v3_basic,-474.2406,411.9612,4860.305,-474.2381,417.7421,6114.707,-474.2382,411.9622,6114.707
Hangar_v3_basic,-474.2381,417.7421,6114.707,-474.2406,411.9612,4860.305,-474.2406,417.7411,4860.305
Hangar_v3_basic,-474.2396,581.1497,4860.305,-474.2372,575.3718,6114.706,-474.2396,575.3698,4860.305
Hangar_v3_basic,-474.2372,575.3718,6114.706,-474.2396,581.1497,4860.305,-474.2371,581.1516,6114.706
Hangar_v3_basic,-1544.832,411.9694,4860.309,-1544.832,417.7487,6114.712,-1544.832,417.7494,4860.309
Hangar_v3_basic,-1544.832,417.7487,6114.712,-1544.832,411.9694,4860.309,-1544.832,411.9688,6114.712
Hangar_v3_basic,-1530.207,581.1578,4874.933,-1544.831,581.1581,6114.711,-1530.207,581.1581,6100.09
Hangar_v3_basic,-1544.831,581.1581,6114.711,-1530.207,581.1578,4874.933,-1544.831,581.1579,4860.309
Hangar_v3_basic,-1544.831,581.1579,4860.309,-1544.831,575.3783,6114.711,-1544.831,581.1581,6114.711
Hangar_v3_basic,-1544.831,575.3783,6114.711,-1544.831,581.1579,4860.309,-1544.831,575.378,4860.309
Hangar_v3_basic,-474.2398,417.7413,4860.305,-1532.072,417.7494,4873.067,-486.9931,417.7415,4873.062
Hangar_v3_basic,-1532.072,417.7494,4873.067,-474.2398,417.7413,4860.305,-1544.832,417.7494,4860.309
Hangar_v3_basic,-474.2404,581.1508,4860.305,-1530.205,581.1578,4874.933,-488.8605,581.1509,4874.929
Hangar_v3_basic,-1530.205,581.1578,4874.933,-474.2404,581.1508,4860.305,-1544.832,581.1579,4860.309
Hangar_v3_basic,-486.9929,575.371,4873.062,-1544.832,575.3781,4860.309,-474.2404,575.3709,4860.305
Hangar_v3_basic,-1544.832,575.3781,4860.309,-486.9929,575.371,4873.062,-1532.072,575.3779,4873.067
Hangar_v3_basic,-1544.832,411.9688,6114.712,-1530.208,411.9693,4874.933,-1530.208,411.9687,6100.09
Hangar_v3_basic,-1530.208,411.9693,4874.933,-1544.832,411.9688,6114.712,-1544.832,411.9694,4860.309
Hangar_v3_basic,-1532.076,417.7487,6101.957,-1544.832,417.7494,4860.309,-1544.832,417.7487,6114.712
Hangar_v3_basic,-1544.832,417.7494,4860.309,-1532.076,417.7487,6101.957,-1532.074,417.7493,4873.065
Hangar_v3_basic,-1544.831,575.3783,6114.711,-1532.073,575.3779,4873.065,-1532.074,575.3782,6101.957
Hangar_v3_basic,-1532.073,575.3779,4873.065,-1544.831,575.3783,6114.711,-1544.831,575.378,4860.309
Hangar_v3_basic,-474.2381,417.7421,6114.707,-486.9984,417.7412,4873.066,-486.9945,417.7422,6101.947
Hangar_v3_basic,-486.9984,417.7412,4873.066,-474.2381,417.7421,6114.707,-474.2406,417.7411,4860.305
Hangar_v3_basic,-474.2371,581.1516,6114.706,-488.8636,581.1498,4874.934,-488.8612,581.1517,6100.081
Hangar_v3_basic,-488.8636,581.1498,4874.934,-474.2371,581.1516,6114.706,-474.2396,581.1497,4860.305
Hangar_v3_basic,-486.9936,575.3718,6101.947,-474.2396,575.3698,4860.305,-474.2372,575.3718,6114.706
Hangar_v3_basic,-474.2396,575.3698,4860.305,-486.9936,575.3718,6101.947,-486.9975,575.3699,4873.066
Hangar_v3_basic,-474.2382,411.9625,6114.706,-1530.207,411.9688,6100.088,-488.8607,411.9626,6100.082
Hangar_v3_basic,-1530.207,411.9688,6100.088,-474.2382,411.9625,6114.706,-1544.832,411.9688,6114.712
Hangar_v3_basic,-486.9945,417.7425,6101.95,-1544.832,417.7488,6114.712,-474.2381,417.7424,6114.706
Hangar_v3_basic,-1544.832,417.7488,6114.712,-486.9945,417.7425,6101.95,-1532.073,417.7487,6101.954
Hangar_v3_basic,-1544.832,575.3774,6114.713,-486.9936,575.3721,6101.95,-474.2372,575.372,6114.706
Hangar_v3_basic,-486.9936,575.3721,6101.95,-1544.832,575.3774,6114.713,-1532.073,575.3774,6101.956
Hangar_v3_basic,-1394.408,284.6139,4774.035,-1111.625,289.8027,4771.845,-1111.625,284.6271,4774.035
Hangar_v3_basic,-1111.625,289.8027,4771.845,-1394.408,284.6139,4774.035,-1394.409,289.7894,4771.846
Hangar_v3_basic,-1394.409,350.1409,4867.512,-1394.409,289.7894,4771.846,-1394.408,284.6139,4774.035
Hangar_v3_basic,-1394.409,289.7894,4771.846,-1394.409,350.1409,4867.512,-1394.409,356.7756,4867.512
Hangar_v3_basic,-1111.624,350.1391,4867.511,-1111.625,289.8027,4771.845,-1111.624,356.7739,4867.511
Hangar_v3_basic,-1111.625,289.8027,4771.845,-1111.624,350.1391,4867.511,-1111.625,284.6271,4774.035
Hangar_v3_basic,-1382.37,252.3069,4853.218,-1385.482,253.0059,4863.345,-1382.37,254.7955,4860.234
Hangar_v3_basic,-1385.482,253.0059,4863.345,-1382.37,252.3069,4853.218,-1385.482,248.6422,4853.224
Hangar_v3_basic,-1382.37,252.3069,4853.218,-1385.482,294.5032,4788.139,-1385.482,248.6422,4853.224
Hangar_v3_basic,-1385.482,294.5032,4788.139,-1382.37,252.3069,4853.218,-1382.371,296.3964,4790.843
Hangar_v3_basic,-1379.259,248.6423,4853.225,-1382.37,254.7955,4860.234,-1379.259,253.0058,4863.347
Hangar_v3_basic,-1382.37,254.7955,4860.234,-1379.259,248.6423,4853.225,-1382.37,252.3069,4853.218
Hangar_v3_basic,-1379.259,294.5031,4788.139,-1382.37,252.3069,4853.218,-1379.259,248.6423,4853.225
Hangar_v3_basic,-1382.37,252.3069,4853.218,-1379.259,294.5031,4788.139,-1382.371,296.3964,4790.843
Hangar_v3_basic,-1382.371,245.0715,4853.593,-1379.259,253.0058,4863.347,-1382.371,251.302,4866.458
Hangar_v3_basic,-1379.259,253.0058,4863.347,-1382.371,245.0715,4853.593,-1379.259,248.6423,4853.225
Hangar_v3_basic,-1382.37,292.6082,4785.432,-1379.259,248.6423,4853.225,-1382.371,245.0715,4853.593
Hangar_v3_basic,-1379.259,248.6423,4853.225,-1382.37,292.6082,4785.432,-1379.259,294.5031,4788.139
Hangar_v3_basic,-1382.371,251.302,4866.458,-1385.482,248.6422,4853.224,-1382.371,245.0715,4853.593
Hangar_v3_basic,-1385.482,248.6422,4853.224,-1382.371,251.302,4866.458,-1385.482,253.0059,4863.345
Hangar_v3_basic,-1382.371,251.302,4866.458,-1385.481,347.1509,4863.345,-1385.482,253.0059,4863.345
Hangar_v3_basic,-1385.481,347.1509,4863.345,-1382.371,251.302,4866.458,-1382.37,349.3286,4866.456
Hangar_v3_basic,-1385.482,248.6422,4853.224,-1382.37,292.6082,4785.432,-1382.371,245.0715,4853.593
Hangar_v3_basic,-1382.37,292.6082,4785.432,-1385.482,248.6422,4853.224,-1385.482,294.5032,4788.139
Hangar_v3_basic,-1111.624,350.1391,4867.511,-1394.408,284.6139,4774.035,-1111.625,284.6271,4774.035
Hangar_v3_basic,-1394.408,284.6139,4774.035,-1111.624,350.1391,4867.511,-1394.409,350.1409,4867.512
Hangar_v3_basic,-1385.482,253.0059,4863.345,-1382.369,344.9731,4860.234,-1382.37,254.7955,4860.234
Hangar_v3_basic,-1382.369,344.9731,4860.234,-1385.482,253.0059,4863.345,-1385.481,347.1509,4863.345
Hangar_v3_basic,-1382.369,344.9731,4860.234,-1379.259,253.0058,4863.347,-1382.37,254.7955,4860.234
Hangar_v3_basic,-1379.259,253.0058,4863.347,-1382.369,344.9731,4860.234,-1379.258,347.1508,4863.347
Hangar_v3_basic,-1379.258,347.1508,4863.347,-1382.371,251.302,4866.458,-1379.259,253.0058,4863.347
Hangar_v3_basic,-1382.371,251.302,4866.458,-1379.258,347.1508,4863.347,-1382.37,349.3286,4866.456
Hangar_v3_basic,-1123.65,252.3054,4853.217,-1126.762,253.0043,4863.344,-1123.65,254.7939,4860.233
Hangar_v3_basic,-1126.762,253.0043,4863.344,-1123.65,252.3054,4853.217,-1126.762,248.6406,4853.223
Hangar_v3_basic,-1123.65,252.3054,4853.217,-1126.761,294.5016,4788.138,-1126.762,248.6406,4853.223
Hangar_v3_basic,-1126.761,294.5016,4788.138,-1123.65,252.3054,4853.217,-1123.65,296.3947,4790.842
Hangar_v3_basic,-1120.538,248.6407,4853.225,-1123.65,254.7939,4860.233,-1120.538,253.0042,4863.346
Hangar_v3_basic,-1123.65,254.7939,4860.233,-1120.538,248.6407,4853.225,-1123.65,252.3054,4853.217
Hangar_v3_basic,-1120.538,294.5016,4788.138,-1123.65,252.3054,4853.217,-1120.538,248.6407,4853.225
Hangar_v3_basic,-1123.65,252.3054,4853.217,-1120.538,294.5016,4788.138,-1123.65,296.3947,4790.842
Hangar_v3_basic,-1123.65,245.0699,4853.592,-1120.538,253.0042,4863.346,-1123.65,251.3004,4866.457
Hangar_v3_basic,-1120.538,253.0042,4863.346,-1123.65,245.0699,4853.592,-1120.538,248.6407,4853.225
Hangar_v3_basic,-1123.65,292.6066,4785.431,-1120.538,248.6407,4853.225,-1123.65,245.0699,4853.592
Hangar_v3_basic,-1120.538,248.6407,4853.225,-1123.65,292.6066,4785.431,-1120.538,294.5016,4788.138
Hangar_v3_basic,-1123.65,251.3004,4866.457,-1126.762,248.6406,4853.223,-1123.65,245.0699,4853.592
Hangar_v3_basic,-1126.762,248.6406,4853.223,-1123.65,251.3004,4866.457,-1126.762,253.0043,4863.344
Hangar_v3_basic,-1123.65,251.3004,4866.457,-1126.761,347.1493,4863.344,-1126.762,253.0043,4863.344
Hangar_v3_basic,-1126.761,347.1493,4863.344,-1123.65,251.3004,4866.457,-1123.65,349.327,4866.456
Hangar_v3_basic,-1126.762,248.6406,4853.223,-1123.65,292.6066,4785.431,-1123.65,245.0699,4853.592
Hangar_v3_basic,-1123.65,292.6066,4785.431,-1126.762,248.6406,4853.223,-1126.761,294.5016,4788.138
Hangar_v3_basic,-1126.762,253.0043,4863.344,-1123.649,344.9716,4860.233,-1123.65,254.7939,4860.233
Hangar_v3_basic,-1123.649,344.9716,4860.233,-1126.762,253.0043,4863.344,-1126.761,347.1493,4863.344
Hangar_v3_basic,-1123.649,344.9716,4860.233,-1120.538,253.0042,4863.346,-1123.65,254.7939,4860.233
Hangar_v3_basic,-1120.538,253.0042,4863.346,-1123.649,344.9716,4860.233,-1120.538,347.1493,4863.346
Hangar_v3_basic,-1120.538,347.1493,4863.346,-1123.65,251.3004,4866.457,-1120.538,253.0042,4863.346
Hangar_v3_basic,-1123.65,251.3004,4866.457,-1120.538,347.1493,4863.346,-1123.65,349.327,4866.456
Hangar_v3_basic,-490.7693,-17.9325,4861.905,-477.3588,411.9615,4861.906,-477.3606,-17.9325,4861.905
Hangar_v3_basic,-477.3588,411.9615,4861.906,-490.7693,-17.9325,4861.905,-490.7674,411.9615,4861.906
Hangar_v3_basic,-477.3606,-17.9326,4875.822,-490.7674,411.9614,4875.824,-490.7693,-17.9326,4875.822
Hangar_v3_basic,-490.7674,411.9614,4875.824,-477.3606,-17.9326,4875.822,-477.3587,411.9614,4875.824
Hangar_v3_basic,-490.7693,-17.9326,4875.822,-490.7674,411.9615,4861.906,-490.7693,-17.9325,4861.905
Hangar_v3_basic,-490.7674,411.9615,4861.906,-490.7693,-17.9326,4875.822,-490.7674,411.9614,4875.824
Hangar_v3_basic,-477.3606,-17.9326,4875.822,-477.3588,411.9615,4861.906,-477.3587,411.9614,4875.824
Hangar_v3_basic,-477.3588,411.9615,4861.906,-477.3606,-17.9326,4875.822,-477.3606,-17.9325,4861.905
Hangar_v3_basic,-477.3589,-17.9323,6112.609,-490.7642,411.9619,6112.607,-490.7676,-17.932,6112.609
Hangar_v3_basic,-490.7642,411.9619,6112.607,-477.3589,-17.9323,6112.609,-477.3555,411.9617,6112.607
Hangar_v3_basic,-490.7676,-17.9322,6098.691,-477.3556,411.9616,6098.689,-477.3589,-17.9323,6098.691
Hangar_v3_basic,-477.3556,411.9616,6098.689,-490.7676,-17.9322,6098.691,-490.7642,411.9617,6098.689
Hangar_v3_basic,-477.3589,-17.9323,6098.691,-477.3555,411.9617,6112.607,-477.3589,-17.9323,6112.609
Hangar_v3_basic,-477.3555,411.9617,6112.607,-477.3589,-17.9323,6098.691,-477.3556,411.9616,6098.689
Hangar_v3_basic,-490.7676,-17.9322,6098.691,-490.7642,411.9619,6112.607,-490.7642,411.9617,6098.689
Hangar_v3_basic,-490.7642,411.9619,6112.607,-490.7676,-17.9322,6098.691,-490.7676,-17.932,6112.609
Hangar_v3_basic,-1542.625,-17.9261,4875.571,-1542.621,411.968,4862.163,-1542.625,-17.9259,4862.163
Hangar_v3_basic,-1542.621,411.968,4862.163,-1542.625,-17.9261,4875.571,-1542.621,411.9679,4875.572
Hangar_v3_basic,-1528.708,-17.9261,4862.163,-1528.704,411.9677,4875.572,-1528.708,-17.9262,4875.572
Hangar_v3_basic,-1528.704,411.9677,4875.572,-1528.708,-17.9261,4862.163,-1528.704,411.9678,4862.164
Hangar_v3_basic,-1528.708,-17.9262,4875.572,-1542.621,411.9679,4875.572,-1542.625,-17.9261,4875.571
Hangar_v3_basic,-1542.621,411.9679,4875.572,-1528.708,-17.9262,4875.572,-1528.704,411.9677,4875.572
Hangar_v3_basic,-1528.708,-17.9261,4862.163,-1542.621,411.968,4862.163,-1528.704,411.9678,4862.164
Hangar_v3_basic,-1542.621,411.968,4862.163,-1528.708,-17.9261,4862.163,-1542.625,-17.9259,4862.163
Hangar_v3_basic,-1528.958,-17.9258,6112.612,-1542.363,411.9684,6112.611,-1542.367,-17.9256,6112.612
Hangar_v3_basic,-1542.363,411.9684,6112.611,-1528.958,-17.9258,6112.612,-1528.955,411.9681,6112.611
Hangar_v3_basic,-1542.367,-17.9257,6098.695,-1528.955,411.9681,6098.693,-1528.958,-17.9259,6098.695
Hangar_v3_basic,-1528.955,411.9681,6098.693,-1542.367,-17.9257,6098.695,-1542.363,411.9682,6098.693
Hangar_v3_basic,-1528.958,-17.9259,6098.695,-1528.955,411.9681,6112.611,-1528.958,-17.9258,6112.612
Hangar_v3_basic,-1528.955,411.9681,6112.611,-1528.958,-17.9259,6098.695,-1528.955,411.9681,6098.693
Hangar_v3_basic,-1542.367,-17.9257,6098.695,-1542.363,411.9684,6112.611,-1542.363,411.9682,6098.693
Hangar_v3_basic,-1542.363,411.9684,6112.611,-1542.367,-17.9257,6098.695,-1542.367,-17.9256,6112.612
Hangar_v3_basic,-1538.408,-17.9401,4867.514,-1538.406,255.6428,5007.692,-1538.405,416.9485,4867.514
Hangar_v3_basic,-1538.406,255.6428,5007.692,-1538.404,416.9488,5280.861,-1538.405,416.9485,4867.514
Hangar_v3_basic,-1538.406,255.6428,5007.692,-1538.408,-17.9401,4867.514,-1538.407,142.2612,5007.695
Hangar_v3_basic,-1538.404,416.9488,5280.861,-1538.406,255.6428,5007.692,-1538.405,255.6428,5160.46
Hangar_v3_basic,-1538.408,-17.9401,4867.514,-1538.406,142.2613,5160.463,-1538.407,142.2612,5007.695
Hangar_v3_basic,-1538.405,255.6428,5160.46,-1538.407,-17.94,5280.861,-1538.404,416.9488,5280.861
Hangar_v3_basic,-1538.406,142.2613,5160.463,-1538.408,-17.9401,4867.514,-1538.407,-17.94,5280.861
Hangar_v3_basic,-1538.407,-17.94,5280.861,-1538.405,255.6428,5160.46,-1538.406,142.2613,5160.463
Hangar_v1_full,2453.867,306.5734,2206.144,3410.237,-1.4488,2206.144,2453.867,-1.449,2206.145
Hangar_v1_full,2453.867,306.5734,2206.144,3410.238,266.7744,2206.143,3410.237,-1.4488,2206.144
Hangar_v1_full,3410.238,306.5734,2206.144,3410.238,266.7744,2206.143,2453.867,306.5734,2206.144
Hangar_v1_full,3410.238,266.7744,2206.143,3410.238,266.7744,2566.008,3410.237,-1.4488,2206.144
Hangar_v1_full,3410.237,-1.4488,2206.144,3410.238,266.7744,2566.008,3410.238,-1.449,2925.874
Hangar_v1_full,3410.238,-1.449,2925.874,3410.238,266.7744,2566.008,3410.238,266.7743,2925.874
Hangar_v1_full,3410.238,306.5734,2925.874,3410.238,266.7743,2925.874,3410.238,266.7744,2566.008
Hangar_v1_full,3410.238,306.5734,2925.874,3410.238,266.7744,2566.008,3410.238,501.4492,2566.008
Hangar_v1_full,3410.238,306.5734,2206.144,3410.238,266.7744,2566.008,3410.238,266.7744,2206.143
Hangar_v1_full,3410.238,266.7744,2566.008,3410.238,306.5734,2206.144,3410.238,501.4492,2566.008
Hangar_v1_full,2453.867,306.5734,2206.144,2932.052,501.4492,2566.008,2932.053,306.5734,2206.144
Hangar_v1_full,2932.052,501.4492,2566.008,2453.867,306.5734,2206.144,2453.867,501.4492,2566.008
Hangar_v1_full,2932.053,306.5734,2206.144,3410.238,501.4492,2566.008,3410.238,306.5734,2206.144
Hangar_v1_full,3410.238,501.4492,2566.008,2932.053,306.5734,2206.144,2932.052,501.4492,2566.008
Hangar_v1_full,2453.868,266.7742,2423.758,2453.867,-1.449,2206.145,2453.868,-1.449,2423.758
Hangar_v1_full,2453.867,-1.449,2206.145,2453.868,266.7742,2423.758,2453.868,266.7742,2206.143
Hangar_v1_full,3410.238,266.7743,2925.874,2453.868,-1.4492,2925.874,3410.238,-1.449,2925.874
Hangar_v1_full,3410.238,306.5734,2925.874,2453.868,-1.4492,2925.874,3410.238,266.7743,2925.874
Hangar_v1_full,2453.868,306.5732,2925.874,2453.868,-1.4492,2925.874,3410.238,306.5734,2925.874
Hangar_v1_full,3410.238,306.5734,2925.874,2932.052,501.4492,2566.008,2932.053,306.5733,2925.874
Hangar_v1_full,2932.052,501.4492,2566.008,3410.238,306.5734,2925.874,3410.238,501.4492,2566.008
Hangar_v1_full,2932.053,306.5733,2925.874,2453.867,501.4492,2566.008,2453.868,306.5732,2925.874
Hangar_v1_full,2453.867,501.4492,2566.008,2932.053,306.5733,2925.874,2932.052,501.4492,2566.008
Hangar_v1_full,2467.384,312.2132,2702.906,2467.383,-1.449,2429.109,2467.384,-1.4488,2702.906
Hangar_v1_full,2467.383,-1.449,2429.109,2467.384,312.2132,2702.906,2467.382,312.2128,2429.109
Hangar_v1_full,2453.868,266.7742,2925.874,2453.868,-1.4491,2708.254,2453.868,-1.4492,2925.874
Hangar_v1_full,2453.868,-1.4491,2708.254,2453.868,266.7742,2925.874,2453.868,266.7742,2708.254
Hangar_v1_full,2453.868,306.5732,2925.874,2453.868,266.7742,2708.254,2453.868,266.7742,2925.874
Hangar_v1_full,2453.868,266.7742,2708.254,2453.868,306.5732,2925.874,2453.867,319.3315,2708.254
Hangar_v1_full,2453.868,306.5732,2925.874,2453.867,501.4492,2566.008,2453.867,319.3315,2708.254
Hangar_v1_full,2453.867,319.3315,2708.254,2453.867,501.4492,2566.008,2453.868,319.3314,2566.008
Hangar_v1_full,2453.867,319.3314,2423.758,2453.868,266.7742,2206.143,2453.868,266.7742,2423.758
Hangar_v1_full,2453.868,266.7742,2206.143,2453.867,319.3314,2423.758,2453.867,306.5734,2206.144
Hangar_v1_full,2453.867,319.3314,2423.758,2453.867,501.4492,2566.008,2453.867,306.5734,2206.144
Hangar_v1_full,2453.867,501.4492,2566.008,2453.867,319.3314,2423.758,2453.868,319.3314,2566.008
Hangar_v1_full,2443.249,312.2128,2423.76,2453.868,-1.4492,2423.758,2443.25,-1.4492,2423.758
Hangar_v1_full,2453.868,-1.4492,2423.758,2443.249,312.2128,2423.76,2453.866,312.2127,2423.76
Hangar_v1_full,2467.382,312.2129,2429.109,2443.25,-1.4492,2429.108,2467.384,-1.4492,2429.108
Hangar_v1_full,2443.25,-1.4492,2429.108,2467.382,312.2129,2429.109,2443.249,312.2129,2429.109
Hangar_v1_full,2443.249,312.2129,2429.109,2443.25,-1.4492,2423.758,2443.25,-1.4492,2429.108
Hangar_v1_full,2443.25,-1.4492,2423.758,2443.249,312.2129,2429.109,2443.249,312.2128,2423.76
Hangar_v1_full,2443.25,-1.4488,2708.254,2453.865,312.2131,2708.255,2443.247,312.2131,2708.255
Hangar_v1_full,2453.865,312.2131,2708.255,2443.25,-1.4488,2708.254,2453.867,-1.4488,2708.254
Hangar_v1_full,2467.384,-1.4489,2702.906,2443.247,312.2131,2702.908,2467.381,312.2131,2702.908
Hangar_v1_full,2443.247,312.2131,2702.908,2467.384,-1.4489,2702.906,2443.25,-1.4489,2702.906
Hangar_v1_full,2443.25,-1.4489,2702.906,2443.247,312.2131,2708.255,2443.247,312.2131,2702.908
Hangar_v1_full,2443.247,312.2131,2708.255,2443.25,-1.4489,2702.906,2443.25,-1.4488,2708.254
Hangar_v1_full,2443.248,319.3316,2708.255,2453.868,319.3312,2423.76,2443.249,319.3312,2423.76
Hangar_v1_full,2453.868,319.3312,2423.76,2443.248,319.3316,2708.255,2453.866,319.3316,2708.255
Hangar_v1_full,2467.382,312.2133,2708.255,2453.868,312.2129,2423.76,2467.384,312.2129,2423.76
Hangar_v1_full,2453.866,312.2133,2708.255,2453.868,312.2129,2423.76,2467.382,312.2133,2708.255
Hangar_v1_full,2453.866,312.2133,2708.255,2443.249,312.2129,2423.76,2453.868,312.2129,2423.76
Hangar_v1_full,2443.248,312.2133,2708.255,2443.249,312.2129,2423.76,2453.866,312.2133,2708.255
Hangar_v1_full,2443.248,312.2133,2708.255,2443.249,319.3312,2423.76,2443.249,312.2129,2423.76
Hangar_v1_full,2443.249,319.3312,2423.76,2443.248,312.2133,2708.255,2443.248,319.3316,2708.255
Hangar_v1_full,2443.249,312.2129,2423.76,2453.868,319.3312,2423.76,2453.868,312.2129,2423.76
Hangar_v1_full,2453.868,319.3312,2423.76,2443.249,312.2129,2423.76,2443.249,319.3312,2423.76
Hangar_v1_full,2453.866,319.3316,2708.255,2443.248,312.2133,2708.255,2453.866,312.2133,2708.255
Hangar_v1_full,2443.248,312.2133,2708.255,2453.866,319.3316,2708.255,2443.248,319.3316,2708.255
Hangar_v1_full,2453.867,306.5734,2925.145,3410.237,-1.4488,2925.145,2453.867,-1.449,2925.145
Hangar_v1_full,2453.867,306.5734,2925.145,3410.238,266.7744,2925.143,3410.237,-1.4488,2925.145
Hangar_v1_full,3410.238,306.5734,2925.145,3410.238,266.7744,2925.143,2453.867,306.5734,2925.145
Hangar_v1_full,3410.238,266.7744,2925.143,3410.238,266.7744,3285.009,3410.237,-1.4488,2925.145
Hangar_v1_full,3410.237,-1.4488,2925.145,3410.238,266.7744,3285.009,3410.238,-1.449,3644.874
Hangar_v1_full,3410.238,-1.449,3644.874,3410.238,266.7744,3285.009,3410.238,266.7743,3644.874
Hangar_v1_full,3410.238,306.5734,3644.874,3410.238,266.7743,3644.874,3410.238,266.7744,3285.009
Hangar_v1_full,3410.238,306.5734,3644.874,3410.238,266.7744,3285.009,3410.238,501.4492,3285.009
Hangar_v1_full,3410.238,306.5734,2925.145,3410.238,266.7744,3285.009,3410.238,266.7744,2925.143
Hangar_v1_full,3410.238,266.7744,3285.009,3410.238,306.5734,2925.145,3410.238,501.4492,3285.009
Hangar_v1_full,2453.867,306.5734,2925.145,2932.052,501.4492,3285.009,2932.053,306.5734,2925.145
Hangar_v1_full,2932.052,501.4492,3285.009,2453.867,306.5734,2925.145,2453.867,501.4492,3285.009
Hangar_v1_full,2932.053,306.5734,2925.145,3410.238,501.4492,3285.009,3410.238,306.5734,2925.145
Hangar_v1_full,3410.238,501.4492,3285.009,2932.053,306.5734,2925.145,2932.052,501.4492,3285.009
Hangar_v1_full,2453.868,266.7742,3142.759,2453.867,-1.449,2925.145,2453.868,-1.449,3142.759
Hangar_v1_full,2453.867,-1.449,2925.145,2453.868,266.7742,3142.759,2453.868,266.7742,2925.143
Hangar_v1_full,3410.238,266.7743,3644.874,2453.868,-1.4492,3644.874,3410.238,-1.449,3644.874
Hangar_v1_full,3410.238,306.5734,3644.874,2453.868,-1.4492,3644.874,3410.238,266.7743,3644.874
Hangar_v1_full,2453.868,306.5732,3644.874,2453.868,-1.4492,3644.874,3410.238,306.5734,3644.874
Hangar_v1_full,3410.238,306.5734,3644.874,2932.052,501.4492,3285.009,2932.053,306.5733,3644.874
Hangar_v1_full,2932.052,501.4492,3285.009,3410.238,306.5734,3644.874,3410.238,501.4492,3285.009
Hangar_v1_full,2932.053,306.5733,3644.874,2453.867,501.4492,3285.009,2453.868,306.5732,3644.874
Hangar_v1_full,2453.867,501.4492,3285.009,2932.053,306.5733,3644.874,2932.052,501.4492,3285.009
Hangar_v1_full,2467.384,312.2132,3421.907,2467.383,-1.449,3148.109,2467.384,-1.4488,3421.906
Hangar_v1_full,2467.383,-1.449,3148.109,2467.384,312.2132,3421.907,2467.382,312.2128,3148.109
Hangar_v1_full,2453.868,266.7742,3644.874,2453.868,-1.4491,3427.254,2453.868,-1.4492,3644.874
Hangar_v1_full,2453.868,-1.4491,3427.254,2453.868,266.7742,3644.874,2453.868,266.7742,3427.254
Hangar_v1_full,2453.868,306.5732,3644.874,2453.868,266.7742,3427.254,2453.868,266.7742,3644.874
Hangar_v1_full,2453.868,266.7742,3427.254,2453.868,306.5732,3644.874,2453.867,319.3315,3427.254
Hangar_v1_full,2453.868,306.5732,3644.874,2453.867,501.4492,3285.009,2453.867,319.3315,3427.254
Hangar_v1_full,2453.867,319.3315,3427.254,2453.867,501.4492,3285.009,2453.868,319.3314,3285.009
Hangar_v1_full,2453.867,319.3314,3142.759,2453.868,266.7742,2925.143,2453.868,266.7742,3142.759
Hangar_v1_full,2453.868,266.7742,2925.143,2453.867,319.3314,3142.759,2453.867,306.5734,2925.145
Hangar_v1_full,2453.867,319.3314,3142.759,2453.867,501.4492,3285.009,2453.867,306.5734,2925.145
Hangar_v1_full,2453.867,501.4492,3285.009,2453.867,319.3314,3142.759,2453.868,319.3314,3285.009
Hangar_v1_full,2443.249,312.2128,3142.76,2453.868,-1.4492,3142.759,2443.25,-1.4492,3142.759
Hangar_v1_full,2453.868,-1.4492,3142.759,2443.249,312.2128,3142.76,2453.866,312.2127,3142.76
Hangar_v1_full,2467.382,312.2129,3148.109,2443.25,-1.4492,3148.108,2467.384,-1.4492,3148.108
Hangar_v1_full,2443.25,-1.4492,3148.108,2467.382,312.2129,3148.109,2443.249,312.2129,3148.109
Hangar_v1_full,2443.249,312.2129,3148.109,2443.25,-1.4492,3142.759,2443.25,-1.4492,3148.108
Hangar_v1_full,2443.25,-1.4492,3142.759,2443.249,312.2129,3148.109,2443.249,312.2128,3142.76
Hangar_v1_full,2443.25,-1.4488,3427.254,2453.865,312.2131,3427.256,2443.247,312.2131,3427.256
Hangar_v1_full,2453.865,312.2131,3427.256,2443.25,-1.4488,3427.254,2453.867,-1.4488,3427.254
Hangar_v1_full,2467.384,-1.4489,3421.906,2443.247,312.2131,3421.908,2467.381,312.2131,3421.908
Hangar_v1_full,2443.247,312.2131,3421.908,2467.384,-1.4489,3421.906,2443.25,-1.4489,3421.906
Hangar_v1_full,2443.25,-1.4489,3421.906,2443.247,312.2131,3427.256,2443.247,312.2131,3421.908
Hangar_v1_full,2443.247,312.2131,3427.256,2443.25,-1.4489,3421.906,2443.25,-1.4488,3427.254
Hangar_v1_full,2443.248,319.3316,3427.256,2453.868,319.3312,3142.76,2443.249,319.3312,3142.76
Hangar_v1_full,2453.868,319.3312,3142.76,2443.248,319.3316,3427.256,2453.866,319.3316,3427.256
Hangar_v1_full,2467.382,312.2133,3427.256,2453.868,312.2129,3142.76,2467.384,312.2129,3142.76
Hangar_v1_full,2453.866,312.2133,3427.256,2453.868,312.2129,3142.76,2467.382,312.2133,3427.256
Hangar_v1_full,2453.866,312.2133,3427.256,2443.249,312.2129,3142.76,2453.868,312.2129,3142.76
Hangar_v1_full,2443.248,312.2133,3427.256,2443.249,312.2129,3142.76,2453.866,312.2133,3427.256
Hangar_v1_full,2443.248,312.2133,3427.256,2443.249,319.3312,3142.76,2443.249,312.2129,3142.76
Hangar_v1_full,2443.249,319.3312,3142.76,2443.248,312.2133,3427.256,2443.248,319.3316,3427.256
Hangar_v1_full,2443.249,312.2129,3142.76,2453.868,319.3312,3142.76,2453.868,312.2129,3142.76
Hangar_v1_full,2453.868,319.3312,3142.76,2443.249,312.2129,3142.76,2443.249,319.3312,3142.76
Hangar_v1_full,2453.866,319.3316,3427.256,2443.248,312.2133,3427.256,2453.866,312.2133,3427.256
Hangar_v1_full,2443.248,312.2133,3427.256,2453.866,319.3316,3427.256,2443.248,319.3316,3427.256
Hangar_v1_full,2453.867,306.5734,3642.144,3410.237,-1.4488,3642.144,2453.867,-1.449,3642.145
Hangar_v1_full,2453.867,306.5734,3642.144,3410.238,266.7744,3642.143,3410.237,-1.4488,3642.144
Hangar_v1_full,3410.238,306.5734,3642.144,3410.238,266.7744,3642.143,2453.867,306.5734,3642.144
Hangar_v1_full,3410.238,266.7744,3642.143,3410.238,266.7744,4002.009,3410.237,-1.4488,3642.144
Hangar_v1_full,3410.237,-1.4488,3642.144,3410.238,266.7744,4002.009,3410.238,-1.449,4361.874
Hangar_v1_full,3410.238,-1.449,4361.874,3410.238,266.7744,4002.009,3410.238,266.7743,4361.874
Hangar_v1_full,3410.238,306.5734,4361.874,3410.238,266.7743,4361.874,3410.238,266.7744,4002.009
Hangar_v1_full,3410.238,306.5734,4361.874,3410.238,266.7744,4002.009,3410.238,501.4492,4002.009
Hangar_v1_full,3410.238,306.5734,3642.144,3410.238,266.7744,4002.009,3410.238,266.7744,3642.143
Hangar_v1_full,3410.238,266.7744,4002.009,3410.238,306.5734,3642.144,3410.238,501.4492,4002.009
Hangar_v1_full,2453.867,306.5734,3642.144,2932.052,501.4492,4002.009,2932.053,306.5734,3642.144
Hangar_v1_full,2932.052,501.4492,4002.009,2453.867,306.5734,3642.144,2453.867,501.4492,4002.009
Hangar_v1_full,2932.053,306.5734,3642.144,3410.238,501.4492,4002.009,3410.238,306.5734,3642.144
Hangar_v1_full,3410.238,501.4492,4002.009,2932.053,306.5734,3642.144,2932.052,501.4492,4002.009
Hangar_v1_full,2453.868,266.7742,3859.758,2453.867,-1.449,3642.145,2453.868,-1.449,3859.758
Hangar_v1_full,2453.867,-1.449,3642.145,2453.868,266.7742,3859.758,2453.868,266.7742,3642.143
Hangar_v1_full,3410.238,266.7743,4361.874,2453.868,-1.4492,4361.874,3410.238,-1.449,4361.874
Hangar_v1_full,3410.238,306.5734,4361.874,2453.868,-1.4492,4361.874,3410.238,266.7743,4361.874
Hangar_v1_full,2453.868,306.5732,4361.874,2453.868,-1.4492,4361.874,3410.238,306.5734,4361.874
Hangar_v1_full,3410.238,306.5734,4361.874,2932.052,501.4492,4002.009,2932.053,306.5733,4361.874
Hangar_v1_full,2932.052,501.4492,4002.009,3410.238,306.5734,4361.874,3410.238,501.4492,4002.009
Hangar_v1_full,2932.053,306.5733,4361.874,2453.867,501.4492,4002.009,2453.868,306.5732,4361.874
Hangar_v1_full,2453.867,501.4492,4002.009,2932.053,306.5733,4361.874,2932.052,501.4492,4002.009
Hangar_v1_full,2467.384,312.2132,4138.906,2467.383,-1.449,3865.109,2467.384,-1.4488,4138.906
Hangar_v1_full,2467.383,-1.449,3865.109,2467.384,312.2132,4138.906,2467.382,312.2128,3865.109
Hangar_v1_full,2453.868,266.7742,4361.874,2453.868,-1.4491,4144.254,2453.868,-1.4492,4361.874
Hangar_v1_full,2453.868,-1.4491,4144.254,2453.868,266.7742,4361.874,2453.868,266.7742,4144.254
Hangar_v1_full,2453.868,306.5732,4361.874,2453.868,266.7742,4144.254,2453.868,266.7742,4361.874
Hangar_v1_full,2453.868,266.7742,4144.254,2453.868,306.5732,4361.874,2453.867,319.3315,4144.254
Hangar_v1_full,2453.868,306.5732,4361.874,2453.867,501.4492,4002.009,2453.867,319.3315,4144.254
Hangar_v1_full,2453.867,319.3315,4144.254,2453.867,501.4492,4002.009,2453.868,319.3314,4002.009
Hangar_v1_full,2453.867,319.3314,3859.758,2453.868,266.7742,3642.143,2453.868,266.7742,3859.758
Hangar_v1_full,2453.868,266.7742,3642.143,2453.867,319.3314,3859.758,2453.867,306.5734,3642.144
Hangar_v1_full,2453.867,319.3314,3859.758,2453.867,501.4492,4002.009,2453.867,306.5734,3642.144
Hangar_v1_full,2453.867,501.4492,4002.009,2453.867,319.3314,3859.758,2453.868,319.3314,4002.009
Hangar_v1_full,2443.249,312.2128,3859.76,2453.868,-1.4492,3859.758,2443.25,-1.4492,3859.758
Hangar_v1_full,2453.868,-1.4492,3859.758,2443.249,312.2128,3859.76,2453.866,312.2127,3859.76
Hangar_v1_full,2467.382,312.2129,3865.109,2443.25,-1.4492,3865.108,2467.384,-1.4492,3865.108
Hangar_v1_full,2443.25,-1.4492,3865.108,2467.382,312.2129,3865.109,2443.249,312.2129,3865.109
Hangar_v1_full,2443.249,312.2129,3865.109,2443.25,-1.4492,3859.758,2443.25,-1.4492,3865.108
Hangar_v1_full,2443.25,-1.4492,3859.758,2443.249,312.2129,3865.109,2443.249,312.2128,3859.76
Hangar_v1_full,2443.25,-1.4488,4144.254,2453.865,312.2131,4144.255,2443.247,312.2131,4144.255
Hangar_v1_full,2453.865,312.2131,4144.255,2443.25,-1.4488,4144.254,2453.867,-1.4488,4144.254
Hangar_v1_full,2467.384,-1.4489,4138.906,2443.247,312.2131,4138.908,2467.381,312.2131,4138.908
Hangar_v1_full,2443.247,312.2131,4138.908,2467.384,-1.4489,4138.906,2443.25,-1.4489,4138.906
Hangar_v1_full,2443.25,-1.4489,4138.906,2443.247,312.2131,4144.255,2443.247,312.2131,4138.908
Hangar_v1_full,2443.247,312.2131,4144.255,2443.25,-1.4489,4138.906,2443.25,-1.4488,4144.254
Hangar_v1_full,2443.248,319.3316,4144.255,2453.868,319.3312,3859.76,2443.249,319.3312,3859.76
Hangar_v1_full,2453.868,319.3312,3859.76,2443.248,319.3316,4144.255,2453.866,319.3316,4144.255
Hangar_v1_full,2467.382,312.2133,4144.255,2453.868,312.2129,3859.76,2467.384,312.2129,3859.76
Hangar_v1_full,2453.866,312.2133,4144.255,2453.868,312.2129,3859.76,2467.382,312.2133,4144.255
Hangar_v1_full,2453.866,312.2133,4144.255,2443.249,312.2129,3859.76,2453.868,312.2129,3859.76
Hangar_v1_full,2443.248,312.2133,4144.255,2443.249,312.2129,3859.76,2453.866,312.2133,4144.255
Hangar_v1_full,2443.248,312.2133,4144.255,2443.249,319.3312,3859.76,2443.249,312.2129,3859.76
Hangar_v1_full,2443.249,319.3312,3859.76,2443.248,312.2133,4144.255,2443.248,319.3316,4144.255
Hangar_v1_full,2443.249,312.2129,3859.76,2453.868,319.3312,3859.76,2453.868,312.2129,3859.76
Hangar_v1_full,2453.868,319.3312,3859.76,2443.249,312.2129,3859.76,2443.249,319.3312,3859.76
Hangar_v1_full,2453.866,319.3316,4144.255,2443.248,312.2133,4144.255,2453.866,312.2133,4144.255
Hangar_v1_full,2443.248,312.2133,4144.255,2453.866,319.3316,4144.255,2443.248,319.3316,4144.255
Cargo_container_v1_LD1close,-1275.257,290,4563.008,-475.2575,290,4863.008,-475.2575,290,4563.008
Cargo_container_v1_LD1close,-1275.257,290,4563.008,-1275.257,290,4863.008,-475.2575,290,4863.008
Cargo_container_v1_LD1close,-1275.257,290,4863.008,-475.2576,-10,4863.008,-475.2575,290,4863.008
Cargo_container_v1_LD1close,-1275.257,290,4863.008,-1275.257,-10,4863.008,-475.2576,-10,4863.008
Cargo_container_v1_LD1close,-475.2575,290,4863.008,-475.2575,-10,4563.008,-475.2575,290,4563.008
Cargo_container_v1_LD1close,-475.2575,290,4863.008,-475.2576,-10,4863.008,-475.2575,-10,4563.008
Cargo_container_v1_LD1close,-1275.257,290,4863.008,-1275.257,290,4563.008,-1275.257,-10,4563.008
Cargo_container_v1_LD1close,-1275.257,-10,4563.008,-1275.257,-10,4863.008,-1275.257,290,4863.008
Cargo_container_v1_LD1close,-475.2575,-10,4563.008,-475.2576,-10,4863.008,-1275.257,-10,4563.008
Cargo_container_v1_LD1close,-1275.257,-10,4863.008,-1275.257,-10,4563.008,-475.2576,-10,4863.008
Cargo_container_v1_LD1close,-475.2575,290,4563.008,-1275.257,-10,4563.008,-1275.257,290,4563.008
Cargo_container_v1_LD1close,-475.2575,290,4563.008,-475.2575,-10,4563.008,-1275.257,-10,4563.008
Cargo_container_v1_LD1close,-1275.257,590,4430.008,-475.2575,590,4730.008,-475.2575,590,4430.008
Cargo_container_v1_LD1close,-1275.257,590,4430.008,-1275.257,590,4730.008,-475.2575,590,4730.008
Cargo_container_v1_LD1close,-1275.257,590,4730.008,-475.2576,290,4730.008,-475.2575,590,4730.008
Cargo_container_v1_LD1close,-1275.257,590,4730.008,-1275.257,290,4730.008,-475.2576,290,4730.008
Cargo_container_v1_LD1close,-475.2575,590,4730.008,-475.2575,290,4430.008,-475.2575,590,4430.008
Cargo_container_v1_LD1close,-475.2575,590,4730.008,-475.2576,290,4730.008,-475.2575,290,4430.008
Cargo_container_v1_LD1close,-1275.257,590,4730.008,-1275.257,590,4430.008,-1275.257,290,4430.008
Cargo_container_v1_LD1close,-1275.257,290,4430.008,-1275.257,290,4730.008,-1275.257,590,4730.008
Cargo_container_v1_LD1close,-475.2575,290,4430.008,-475.2576,290,4730.008,-1275.257,290,4430.008
Cargo_container_v1_LD1close,-1275.257,290,4730.008,-1275.257,290,4430.008,-475.2576,290,4730.008
Cargo_container_v1_LD1close,-475.2575,590,4430.008,-1275.257,290,4430.008,-1275.257,590,4430.008
Cargo_container_v1_LD1close,-475.2575,590,4430.008,-475.2575,290,4430.008,-1275.257,290,4430.008
Cargo_container_v1_LD1close,-1275.257,290,4267.009,-475.2575,290,4567.009,-475.2575,290,4267.009
Cargo_container_v1_LD1close,-1275.257,290,4267.009,-1275.257,290,4567.009,-475.2575,290,4567.009
Cargo_container_v1_LD1close,-1275.257,290,4567.009,-475.2576,-10,4567.009,-475.2575,290,4567.009
Cargo_container_v1_LD1close,-1275.257,290,4567.009,-1275.257,-10,4567.009,-475.2576,-10,4567.009
Cargo_container_v1_LD1close,-475.2575,290,4567.009,-475.2575,-10,4267.009,-475.2575,290,4267.009
Cargo_container_v1_LD1close,-475.2575,290,4567.009,-475.2576,-10,4567.009,-475.2575,-10,4267.009
Cargo_container_v1_LD1close,-1275.257,290,4567.009,-1275.257,290,4267.009,-1275.257,-10,4267.009
Cargo_container_v1_LD1close,-1275.257,-10,4267.009,-1275.257,-10,4567.009,-1275.257,290,4567.009
Cargo_container_v1_LD1close,-475.2575,-10,4267.009,-475.2576,-10,4567.009,-1275.257,-10,4267.009
Cargo_container_v1_LD1close,-1275.257,-10,4567.009,-1275.257,-10,4267.009,-475.2576,-10,4567.009
Cargo_container_v1_LD1close,-475.2575,290,4267.009,-1275.257,-10,4267.009,-1275.257,290,4267.009
Cargo_container_v1_LD1close,-475.2575,290,4267.009,-475.2575,-10,4267.009,-1275.257,-10,4267.009
