ObjectName,v1x,v1y,v1z,v2x,v2y,v2z,v3x,v3y,v3z
Floor_B,1060.0160,105.0000,2471.5270,1060.0160,55.0000,2471.5270,1060.0160,55.0000,871.5272
Floor_B,1060.0160,105.0000,2471.5270,1060.0160,55.0000,871.5272,1060.0160,105.0000,871.5272
Floor_B,1060.0160,105.0000,871.5272,1060.0160,55.0000,871.5272,-539.9841,55.0000,871.5272
Floor_B,1060.0160,105.0000,871.5272,-539.9841,55.0000,871.5272,-539.9841,105.0000,871.5272
Floor_B,-539.9841,105.0000,871.5272,-539.9841,55.0000,871.5272,-539.9841,55.0000,2471.5270
Floor_B,-539.9841,105.0000,871.5272,-539.9841,55.0000,2471.5270,-539.9841,105.0000,2471.5270
Floor_B,-539.9841,105.0000,2471.5270,-539.9841,55.0000,2471.5270,1060.0160,55.0000,2471.5270
Floor_B,-539.9841,105.0000,2471.5270,1060.0160,55.0000,2471.5270,1060.0160,105.0000,2471.5270
Floor_B,1060.0160,55.0000,2471.5270,-539.9841,55.0000,2471.5270,-539.9841,55.0000,871.5272
Floor_B,1060.0160,55.0000,2471.5270,-539.9841,55.0000,871.5272,1060.0160,55.0000,871.5272
Floor_B,-539.9841,105.0000,2471.5270,1060.0160,105.0000,2471.5270,1060.0160,105.0000,871.5272
Floor_B,-539.9841,105.0000,2471.5270,1060.0160,105.0000,871.5272,-539.9841,105.0000,871.5272
Floor_B,1060.0160,105.0000,4044.8760,1060.0160,55.0000,4044.8760,1060.0160,55.0000,2444.8760
Floor_B,1060.0160,105.0000,4044.8760,1060.0160,55.0000,2444.8760,1060.0160,105.0000,2444.8760
Floor_B,1060.0160,105.0000,2444.8760,1060.0160,55.0000,2444.8760,-539.9841,55.0000,2444.8760
Floor_B,1060.0160,105.0000,2444.8760,-539.9841,55.0000,2444.8760,-539.9841,105.0000,2444.8760
Floor_B,-539.9841,105.0000,2444.8760,-539.9841,55.0000,2444.8760,-539.9841,55.0000,4044.8760
Floor_B,-539.9841,105.0000,2444.8760,-539.9841,55.0000,4044.8760,-539.9841,105.0000,4044.8760
Floor_B,-539.9841,105.0000,4044.8760,-539.9841,55.0000,4044.8760,1060.0160,55.0000,4044.8760
Floor_B,-539.9841,105.0000,4044.8760,1060.0160,55.0000,4044.8760,1060.0160,105.0000,4044.8760
Floor_B,1060.0160,55.0000,4044.8760,-539.9841,55.0000,4044.8760,-539.9841,55.0000,2444.8760
Floor_B,1060.0160,55.0000,4044.8760,-539.9841,55.0000,2444.8760,1060.0160,55.0000,2444.8760
Floor_B,-539.9841,105.0000,4044.8760,1060.0160,105.0000,4044.8760,1060.0160,105.0000,2444.8760
Floor_B,-539.9841,105.0000,4044.8760,1060.0160,105.0000,2444.8760,-539.9841,105.0000,2444.8760
Floor_B,2642.8040,105.0000,2471.5270,2642.8040,55.0000,2471.5270,2642.8040,55.0000,871.5272
Floor_B,2642.8040,105.0000,2471.5270,2642.8040,55.0000,871.5272,2642.8040,105.0000,871.5272
Floor_B,2642.8040,105.0000,871.5272,2642.8040,55.0000,871.5272,1042.8040,55.0000,871.5272
Floor_B,2642.8040,105.0000,871.5272,1042.8040,55.0000,871.5272,1042.8040,105.0000,871.5272
Floor_B,1042.8040,105.0000,871.5272,1042.8040,55.0000,871.5272,1042.8040,55.0000,2471.5270
Floor_B,1042.8040,105.0000,871.5272,1042.8040,55.0000,2471.5270,1042.8040,105.0000,2471.5270
Floor_B,1042.8040,105.0000,2471.5270,1042.8040,55.0000,2471.5270,2642.8040,55.0000,2471.5270
Floor_B,1042.8040,105.0000,2471.5270,2642.8040,55.0000,2471.5270,2642.8040,105.0000,2471.5270
Floor_B,2642.8040,55.0000,2471.5270,1042.8040,55.0000,2471.5270,1042.8040,55.0000,871.5272
Floor_B,2642.8040,55.0000,2471.5270,1042.8040,55.0000,871.5272,2642.8040,55.0000,871.5272
Floor_B,1042.8040,105.0000,2471.5270,2642.8040,105.0000,2471.5270,2642.8040,105.0000,871.5272
Floor_B,1042.8040,105.0000,2471.5270,2642.8040,105.0000,871.5272,1042.8040,105.0000,871.5272
Floor_B,2642.8040,105.0000,4044.8760,2642.8040,55.0000,4044.8760,2642.8040,55.0000,2444.8760
Floor_B,2642.8040,105.0000,4044.8760,2642.8040,55.0000,2444.8760,2642.8040,105.0000,2444.8760
Floor_B,2642.8040,105.0000,2444.8760,2642.8040,55.0000,2444.8760,1042.8040,55.0000,2444.8760
Floor_B,2642.8040,105.0000,2444.8760,1042.8040,55.0000,2444.8760,1042.8040,105.0000,2444.8760
Floor_B,1042.8040,105.0000,2444.8760,1042.8040,55.0000,2444.8760,1042.8040,55.0000,4044.8760
Floor_B,1042.8040,105.0000,2444.8760,1042.8040,55.0000,4044.8760,1042.8040,105.0000,4044.8760
Floor_B,1042.8040,105.0000,4044.8760,1042.8040,55.0000,4044.8760,2642.8040,55.0000,4044.8760
Floor_B,1042.8040,105.0000,4044.8760,2642.8040,55.0000,4044.8760,2642.8040,105.0000,4044.8760
Floor_B,2642.8040,55.0000,4044.8760,1042.8040,55.0000,4044.8760,1042.8040,55.0000,2444.8760
Floor_B,2642.8040,55.0000,4044.8760,1042.8040,55.0000,2444.8760,2642.8040,55.0000,2444.8760
Floor_B,1042.8040,105.0000,4044.8760,2642.8040,105.0000,4044.8760,2642.8040,105.0000,2444.8760
Floor_B,1042.8040,105.0000,4044.8760,2642.8040,105.0000,2444.8760,1042.8040,105.0000,2444.8760
Floor_B,2642.8040,105.0000,5626.8740,2642.8040,55.0000,5626.8740,2642.8040,55.0000,4026.8740
Floor_B,2642.8040,105.0000,5626.8740,2642.8040,55.0000,4026.8740,2642.8040,105.0000,4026.8740
Floor_B,2642.8040,105.0000,4026.8740,2642.8040,55.0000,4026.8740,1042.8040,55.0000,4026.8740
Floor_B,2642.8040,105.0000,4026.8740,1042.8040,55.0000,4026.8740,1042.8040,105.0000,4026.8740
Floor_B,1042.8040,105.0000,4026.8740,1042.8040,55.0000,4026.8740,1042.8040,55.0000,5626.8740
Floor_B,1042.8040,105.0000,4026.8740,1042.8040,55.0000,5626.8740,1042.8040,105.0000,5626.8740
Floor_B,1042.8040,105.0000,5626.8740,1042.8040,55.0000,5626.8740,2642.8040,55.0000,5626.8740
Floor_B,1042.8040,105.0000,5626.8740,2642.8040,55.0000,5626.8740,2642.8040,105.0000,5626.8740
Floor_B,2642.8040,55.0000,5626.8740,1042.8040,55.0000,5626.8740,1042.8040,55.0000,4026.8740
Floor_B,2642.8040,55.0000,5626.8740,1042.8040,55.0000,4026.8740,2642.8040,55.0000,4026.8740
Floor_B,1042.8040,105.0000,5626.8740,2642.8040,105.0000,5626.8740,2642.8040,105.0000,4026.8740
Floor_B,1042.8040,105.0000,5626.8740,2642.8040,105.0000,4026.8740,1042.8040,105.0000,4026.8740
Floor_B,1060.0160,105.0000,5626.8740,1060.0160,55.0000,5626.8740,1060.0160,55.0000,4026.8740
Floor_B,1060.0160,105.0000,5626.8740,1060.0160,55.0000,4026.8740,1060.0160,105.0000,4026.8740
Floor_B,1060.0160,105.0000,4026.8740,1060.0160,55.0000,4026.8740,-539.9841,55.0000,4026.8740
Floor_B,1060.0160,105.0000,4026.8740,-539.9841,55.0000,4026.8740,-539.9841,105.0000,4026.8740
Floor_B,-539.9841,105.0000,4026.8740,-539.9841,55.0000,4026.8740,-539.9841,55.0000,5626.8740
Floor_B,-539.9841,105.0000,4026.8740,-539.9841,55.0000,5626.8740,-539.9841,105.0000,5626.8740
Floor_B,-539.9841,105.0000,5626.8740,-539.9841,55.0000,5626.8740,1060.0160,55.0000,5626.8740
Floor_B,-539.9841,105.0000,5626.8740,1060.0160,55.0000,5626.8740,1060.0160,105.0000,5626.8740
Floor_B,1060.0160,55.0000,5626.8740,-539.9841,55.0000,5626.8740,-539.9841,55.0000,4026.8740
Floor_B,1060.0160,55.0000,5626.8740,-539.9841,55.0000,4026.8740,1060.0160,55.0000,4026.8740
Floor_B,-539.9841,105.0000,5626.8740,1060.0160,105.0000,5626.8740,1060.0160,105.0000,4026.8740
Floor_B,-539.9841,105.0000,5626.8740,1060.0160,105.0000,4026.8740,-539.9841,105.0000,4026.8740
Block_Platform_Corner_1B(Mirrored),-473.1797,109.9999,-272.5682,-73.1801,109.9999,-297.5682,-73.1801,109.9999,-272.5682
Block_Platform_Corner_1B(Mirrored),-473.1797,109.9999,-272.5682,-473.1797,109.9999,-297.5682,-73.1801,109.9999,-297.5682
Block_Platform_Corner_1B(Mirrored),-967.6341,109.9999,-92.0226,-473.1797,109.9999,-297.5682,-473.1797,109.9999,-272.5682
Block_Platform_Corner_1B(Mirrored),-967.6341,109.9999,-92.0226,-985.3121,109.9999,-109.7003,-473.1797,109.9999,-297.5682
Block_Platform_Corner_1B(Mirrored),-473.1797,109.9999,302.4319,-473.1797,109.9999,277.4318,-73.1801,109.9999,277.4318
Block_Platform_Corner_1B(Mirrored),-473.1797,109.9999,302.4319,-73.1801,109.9999,277.4318,-73.1801,109.9999,302.4319
Block_Platform_Corner_1B(Mirrored),-473.1797,109.9999,277.4318,-473.1797,109.9999,-272.5682,-73.1801,109.9999,-272.5682
Block_Platform_Corner_1B(Mirrored),-473.1797,109.9999,277.4318,-73.1801,109.9999,-272.5682,-73.1801,109.9999,277.4318
Block_Platform_Corner_1B(Mirrored),-561.0477,109.9999,314.5638,-578.7257,109.9999,296.8862,-473.1797,109.9999,277.4318
Block_Platform_Corner_1B(Mirrored),-561.0477,109.9999,314.5638,-473.1797,109.9999,277.4318,-473.1797,109.9999,302.4319
Block_Platform_Corner_1B(Mirrored),-578.7257,109.9999,296.8862,-967.6341,109.9999,-92.0226,-473.1797,109.9999,-272.5682
Block_Platform_Corner_1B(Mirrored),-578.7257,109.9999,296.8862,-473.1797,109.9999,-272.5682,-473.1797,109.9999,277.4318
Block_Platform_Corner_1B(Mirrored),-639.6009,510.0001,392.2746,-1189.6010,510.0001,392.2747,-1189.6010,109.9999,392.2747
Block_Platform_Corner_1B(Mirrored),-639.6009,510.0001,392.2746,-1189.6010,109.9999,392.2747,-639.6009,109.9999,392.2747
Block_Platform_Corner_1B(Mirrored),-967.6341,510.0001,-92.0226,-985.3121,510.0001,-109.7003,-985.3121,109.9999,-109.7003
Block_Platform_Corner_1B(Mirrored),-967.6341,510.0001,-92.0226,-985.3121,109.9999,-109.7003,-967.6341,109.9999,-92.0226
Block_Platform_Corner_1B(Mirrored),-1189.6010,109.9999,392.2747,-1214.6010,109.9999,392.2747,-985.3121,109.9999,-109.7003
Block_Platform_Corner_1B(Mirrored),-1189.6010,109.9999,392.2747,-985.3121,109.9999,-109.7003,-967.6341,109.9999,-92.0226
Block_Platform_Corner_1B(Mirrored),-614.6009,109.9999,392.2747,-639.6009,109.9999,392.2747,-578.7257,109.9999,296.8862
Block_Platform_Corner_1B(Mirrored),-614.6009,109.9999,392.2747,-578.7257,109.9999,296.8862,-561.0477,109.9999,314.5638
Block_Platform_Corner_1B(Mirrored),-639.6009,109.9999,392.2747,-1189.6010,109.9999,392.2747,-967.6341,109.9999,-92.0226
Block_Platform_Corner_1B(Mirrored),-639.6009,109.9999,392.2747,-967.6341,109.9999,-92.0226,-578.7257,109.9999,296.8862
Block_Platform_Corner_1B(Mirrored),-639.6009,510.0001,792.2748,-1189.6010,510.0001,792.2747,-1189.6010,110.0002,792.2747
Block_Platform_Corner_1B(Mirrored),-639.6009,510.0001,792.2748,-1189.6010,110.0002,792.2747,-639.6009,110.0002,792.2748
Block_Platform_Corner_1B(Mirrored),-614.6009,510.0001,392.2746,-639.6009,510.0001,392.2746,-639.6009,109.9999,392.2747
Block_Platform_Corner_1B(Mirrored),-614.6009,510.0001,392.2746,-639.6009,109.9999,392.2747,-614.6009,109.9999,392.2747
Block_Platform_Corner_1B(Mirrored),-639.6009,109.9999,392.2747,-614.6009,109.9999,392.2747,-614.6009,110.0002,792.2748
Block_Platform_Corner_1B(Mirrored),-639.6009,109.9999,392.2747,-614.6009,110.0002,792.2748,-639.6009,110.0002,792.2748
Block_Platform_Corner_1B(Mirrored),-1214.6010,109.9999,392.2747,-1189.6010,109.9999,392.2747,-1189.6010,110.0002,792.2747
Block_Platform_Corner_1B(Mirrored),-1214.6010,109.9999,392.2747,-1189.6010,110.0002,792.2747,-1214.6010,110.0002,792.2747
Block_Platform_Corner_1B(Mirrored),-1189.6010,109.9999,392.2747,-639.6009,109.9999,392.2747,-639.6009,110.0002,792.2748
Block_Platform_Corner_1B(Mirrored),-1189.6010,109.9999,392.2747,-639.6009,110.0002,792.2748,-1189.6010,110.0002,792.2747
Block_Platform_Corner_1B(Mirrored),-1189.6010,510.0001,792.2747,-639.6009,510.0001,792.2748,-639.6009,510.0001,392.2746
Block_Platform_Corner_1B(Mirrored),-1189.6010,510.0001,792.2747,-639.6009,510.0001,392.2746,-1189.6010,510.0001,392.2747
Block_Platform_Corner_1B(Mirrored),-473.1797,509.9998,-297.5682,-73.1801,509.9998,-297.5682,-73.1801,109.9999,-297.5682
Block_Platform_Corner_1B(Mirrored),-473.1797,509.9998,-297.5682,-73.1801,109.9999,-297.5682,-473.1797,109.9999,-297.5682
Block_Platform_Corner_1B(Mirrored),-73.1801,510.0001,277.4318,-73.1801,510.0001,302.4318,-73.1801,109.9999,302.4319
Block_Platform_Corner_1B(Mirrored),-73.1801,510.0001,277.4318,-73.1801,109.9999,302.4319,-73.1801,109.9999,277.4318
Block_Platform_Corner_1B(Mirrored),-473.1797,510.0001,302.4318,-561.0477,510.0001,314.5638,-561.0477,109.9999,314.5638
Block_Platform_Corner_1B(Mirrored),-473.1797,510.0001,302.4318,-561.0477,109.9999,314.5638,-473.1797,109.9999,302.4319
Block_Platform_Corner_1B(Mirrored),-561.0477,510.0001,314.5638,-578.7257,510.0001,296.8860,-578.7257,109.9999,296.8862
Block_Platform_Corner_1B(Mirrored),-561.0477,510.0001,314.5638,-578.7257,109.9999,296.8862,-561.0477,109.9999,314.5638
Block_Platform_Corner_1B(Mirrored),-578.7257,510.0001,296.8860,-967.6341,510.0001,-92.0226,-967.6341,109.9999,-92.0226
Block_Platform_Corner_1B(Mirrored),-578.7257,510.0001,296.8860,-967.6341,109.9999,-92.0226,-578.7257,109.9999,296.8862
Block_Platform_Corner_1B(Mirrored),-73.1801,509.9998,-297.5682,-73.1801,510.0001,-272.5682,-73.1801,109.9999,-272.5682
Block_Platform_Corner_1B(Mirrored),-73.1801,509.9998,-297.5682,-73.1801,109.9999,-272.5682,-73.1801,109.9999,-297.5682
Block_Platform_Corner_1B(Mirrored),-73.1801,510.0001,-272.5682,-73.1801,510.0001,277.4318,-73.1801,109.9999,277.4318
Block_Platform_Corner_1B(Mirrored),-73.1801,510.0001,-272.5682,-73.1801,109.9999,277.4318,-73.1801,109.9999,-272.5682
Block_Platform_Corner_1B(Mirrored),-473.1797,510.0001,277.4318,-473.1797,510.0001,-272.5682,-967.6341,510.0001,-92.0226
Block_Platform_Corner_1B(Mirrored),-473.1797,510.0001,277.4318,-967.6341,510.0001,-92.0226,-578.7257,510.0001,296.8860
Block_Platform_Corner_1B(Mirrored),-473.1797,510.0001,-272.5682,-985.3121,510.0001,-109.7003,-967.6341,510.0001,-92.0226
Block_Platform_Corner_1B(Mirrored),-473.1797,510.0001,-272.5682,-473.1797,509.9998,-297.5682,-985.3121,510.0001,-109.7003
Block_Platform_Corner_1B(Mirrored),-73.1801,510.0001,-272.5682,-473.1797,509.9998,-297.5682,-473.1797,510.0001,-272.5682
Block_Platform_Corner_1B(Mirrored),-73.1801,510.0001,-272.5682,-73.1801,509.9998,-297.5682,-473.1797,509.9998,-297.5682
Block_Platform_Corner_1B(Mirrored),-473.1797,510.0001,302.4318,-473.1797,510.0001,277.4318,-578.7257,510.0001,296.8860
Block_Platform_Corner_1B(Mirrored),-473.1797,510.0001,302.4318,-578.7257,510.0001,296.8860,-561.0477,510.0001,314.5638
Block_Platform_Corner_1B(Mirrored),-985.3121,510.0001,-109.7003,-473.1797,509.9998,-297.5682,-473.1797,109.9999,-297.5682
Block_Platform_Corner_1B(Mirrored),-985.3121,510.0001,-109.7003,-473.1797,109.9999,-297.5682,-985.3121,109.9999,-109.7003
Block_Platform_Corner_1B(Mirrored),-73.1801,510.0001,302.4318,-473.1797,510.0001,302.4318,-473.1797,109.9999,302.4319
Block_Platform_Corner_1B(Mirrored),-73.1801,510.0001,302.4318,-473.1797,109.9999,302.4319,-73.1801,109.9999,302.4319
Block_Platform_Corner_1B(Mirrored),-73.1801,510.0001,277.4318,-73.1801,510.0001,-272.5682,-473.1797,510.0001,-272.5682
Block_Platform_Corner_1B(Mirrored),-73.1801,510.0001,277.4318,-473.1797,510.0001,-272.5682,-473.1797,510.0001,277.4318
Block_Platform_Corner_1B(Mirrored),-73.1801,510.0001,302.4318,-73.1801,510.0001,277.4318,-473.1797,510.0001,277.4318
Block_Platform_Corner_1B(Mirrored),-73.1801,510.0001,302.4318,-473.1797,510.0001,277.4318,-473.1797,510.0001,302.4318
Block_Platform_Corner_1B(Mirrored),-1189.6010,510.0001,392.2747,-1214.6010,510.0001,392.2747,-1214.6010,109.9999,392.2747
Block_Platform_Corner_1B(Mirrored),-1189.6010,510.0001,392.2747,-1214.6010,109.9999,392.2747,-1189.6010,109.9999,392.2747
Block_Platform_Corner_1B(Mirrored),-578.7257,510.0001,296.8860,-967.6341,510.0001,-92.0226,-1189.6010,510.0001,392.2747
Block_Platform_Corner_1B(Mirrored),-578.7257,510.0001,296.8860,-1189.6010,510.0001,392.2747,-639.6009,510.0001,392.2746
Block_Platform_Corner_1B(Mirrored),-967.6341,510.0001,-92.0226,-985.3121,510.0001,-109.7003,-1214.6010,510.0001,392.2747
Block_Platform_Corner_1B(Mirrored),-967.6341,510.0001,-92.0226,-1214.6010,510.0001,392.2747,-1189.6010,510.0001,392.2747
Block_Platform_Corner_1B(Mirrored),-1214.6010,510.0001,392.2747,-985.3121,510.0001,-109.7003,-985.3121,109.9999,-109.7003
Block_Platform_Corner_1B(Mirrored),-1214.6010,510.0001,392.2747,-985.3121,109.9999,-109.7003,-1214.6010,109.9999,392.2747
Block_Platform_Corner_1B(Mirrored),-1189.6010,510.0001,792.2747,-1214.6010,510.0001,792.2747,-1214.6010,110.0002,792.2747
Block_Platform_Corner_1B(Mirrored),-1189.6010,510.0001,792.2747,-1214.6010,110.0002,792.2747,-1189.6010,110.0002,792.2747
Block_Platform_Corner_1B(Mirrored),-614.6009,510.0001,792.2748,-639.6009,510.0001,792.2748,-639.6009,110.0002,792.2748
Block_Platform_Corner_1B(Mirrored),-614.6009,510.0001,792.2748,-639.6009,110.0002,792.2748,-614.6009,110.0002,792.2748
Block_Platform_Corner_1B(Mirrored),-561.0477,510.0001,314.5638,-614.6009,510.0001,392.2746,-614.6009,109.9999,392.2747
Block_Platform_Corner_1B(Mirrored),-561.0477,510.0001,314.5638,-614.6009,109.9999,392.2747,-561.0477,109.9999,314.5638
Block_Platform_Corner_1B(Mirrored),-561.0477,510.0001,314.5638,-578.7257,510.0001,296.8860,-639.6009,510.0001,392.2746
Block_Platform_Corner_1B(Mirrored),-561.0477,510.0001,314.5638,-639.6009,510.0001,392.2746,-614.6009,510.0001,392.2746
Block_Platform_Corner_1B(Mirrored),-614.6009,510.0001,392.2746,-614.6009,510.0001,792.2748,-614.6009,110.0002,792.2748
Block_Platform_Corner_1B(Mirrored),-614.6009,510.0001,392.2746,-614.6009,110.0002,792.2748,-614.6009,109.9999,392.2747
Block_Platform_Corner_1B(Mirrored),-1214.6010,510.0001,792.2747,-1214.6010,510.0001,392.2747,-1214.6010,109.9999,392.2747
Block_Platform_Corner_1B(Mirrored),-1214.6010,510.0001,792.2747,-1214.6010,109.9999,392.2747,-1214.6010,110.0002,792.2747
Block_Platform_Corner_1B(Mirrored),-639.6009,510.0001,792.2748,-614.6009,510.0001,792.2748,-614.6009,510.0001,392.2746
Block_Platform_Corner_1B(Mirrored),-639.6009,510.0001,792.2748,-614.6009,510.0001,392.2746,-639.6009,510.0001,392.2746
Block_Platform_Corner_1B(Mirrored),-1214.6010,510.0001,792.2747,-1189.6010,510.0001,792.2747,-1189.6010,510.0001,392.2747
Block_Platform_Corner_1B(Mirrored),-1214.6010,510.0001,792.2747,-1189.6010,510.0001,392.2747,-1214.6010,510.0001,392.2747
Block_Platform_Corner_1B(Mirrored),2530.6300,113.9999,6601.4430,2130.6310,113.9999,6626.4430,2130.6310,113.9999,6601.4430
Block_Platform_Corner_1B(Mirrored),2530.6300,113.9999,6601.4430,2530.6300,113.9999,6626.4430,2130.6310,113.9999,6626.4430
Block_Platform_Corner_1B(Mirrored),3025.0850,113.9999,6420.8970,2530.6300,113.9999,6626.4430,2530.6300,113.9999,6601.4430
Block_Platform_Corner_1B(Mirrored),3025.0850,113.9999,6420.8970,3042.7630,113.9999,6438.5750,2530.6300,113.9999,6626.4430
Block_Platform_Corner_1B(Mirrored),2530.6300,113.9999,6026.4430,2530.6300,113.9999,6051.4430,2130.6310,113.9999,6051.4430
Block_Platform_Corner_1B(Mirrored),2530.6300,113.9999,6026.4430,2130.6310,113.9999,6051.4430,2130.6310,113.9999,6026.4430
Block_Platform_Corner_1B(Mirrored),2530.6300,113.9999,6051.4430,2530.6300,113.9999,6601.4430,2130.6310,113.9999,6601.4430
Block_Platform_Corner_1B(Mirrored),2530.6300,113.9999,6051.4430,2130.6310,113.9999,6601.4430,2130.6310,113.9999,6051.4430
Block_Platform_Corner_1B(Mirrored),2618.4990,113.9999,6014.3110,2636.1770,113.9999,6031.9880,2530.6300,113.9999,6051.4430
Block_Platform_Corner_1B(Mirrored),2618.4990,113.9999,6014.3110,2530.6300,113.9999,6051.4430,2530.6300,113.9999,6026.4430
Block_Platform_Corner_1B(Mirrored),2636.1770,113.9999,6031.9880,3025.0850,113.9999,6420.8970,2530.6300,113.9999,6601.4430
Block_Platform_Corner_1B(Mirrored),2636.1770,113.9999,6031.9880,2530.6300,113.9999,6601.4430,2530.6300,113.9999,6051.4430
Block_Platform_Corner_1B(Mirrored),2697.0520,514.0001,5936.6000,3247.0520,514.0001,5936.6000,3247.0520,113.9999,5936.6000
Block_Platform_Corner_1B(Mirrored),2697.0520,514.0001,5936.6000,3247.0520,113.9999,5936.6000,2697.0520,113.9999,5936.6000
Block_Platform_Corner_1B(Mirrored),3025.0850,514.0001,6420.8970,3042.7630,514.0001,6438.5750,3042.7630,113.9999,6438.5750
Block_Platform_Corner_1B(Mirrored),3025.0850,514.0001,6420.8970,3042.7630,113.9999,6438.5750,3025.0850,113.9999,6420.8970
Block_Platform_Corner_1B(Mirrored),3247.0520,113.9999,5936.6000,3272.0520,113.9999,5936.6000,3042.7630,113.9999,6438.5750
Block_Platform_Corner_1B(Mirrored),3247.0520,113.9999,5936.6000,3042.7630,113.9999,6438.5750,3025.0850,113.9999,6420.8970
Block_Platform_Corner_1B(Mirrored),2672.0520,113.9999,5936.6000,2697.0520,113.9999,5936.6000,2636.1770,113.9999,6031.9880
Block_Platform_Corner_1B(Mirrored),2672.0520,113.9999,5936.6000,2636.1770,113.9999,6031.9880,2618.4990,113.9999,6014.3110
Block_Platform_Corner_1B(Mirrored),2697.0520,113.9999,5936.6000,3247.0520,113.9999,5936.6000,3025.0850,113.9999,6420.8970
Block_Platform_Corner_1B(Mirrored),2697.0520,113.9999,5936.6000,3025.0850,113.9999,6420.8970,2636.1770,113.9999,6031.9880
Block_Platform_Corner_1B(Mirrored),2697.0520,514.0001,5536.6000,3247.0520,514.0001,5536.6000,3247.0520,114.0002,5536.6000
Block_Platform_Corner_1B(Mirrored),2697.0520,514.0001,5536.6000,3247.0520,114.0002,5536.6000,2697.0520,114.0002,5536.6000
Block_Platform_Corner_1B(Mirrored),2672.0520,514.0001,5936.6000,2697.0520,514.0001,5936.6000,2697.0520,113.9999,5936.6000
Block_Platform_Corner_1B(Mirrored),2672.0520,514.0001,5936.6000,2697.0520,113.9999,5936.6000,2672.0520,113.9999,5936.6000
Block_Platform_Corner_1B(Mirrored),2697.0520,113.9999,5936.6000,2672.0520,113.9999,5936.6000,2672.0520,114.0002,5536.6000
Block_Platform_Corner_1B(Mirrored),2697.0520,113.9999,5936.6000,2672.0520,114.0002,5536.6000,2697.0520,114.0002,5536.6000
Block_Platform_Corner_1B(Mirrored),3272.0520,113.9999,5936.6000,3247.0520,113.9999,5936.6000,3247.0520,114.0002,5536.6000
Block_Platform_Corner_1B(Mirrored),3272.0520,113.9999,5936.6000,3247.0520,114.0002,5536.6000,3272.0520,114.0002,5536.6000
Block_Platform_Corner_1B(Mirrored),3247.0520,113.9999,5936.6000,2697.0520,113.9999,5936.6000,2697.0520,114.0002,5536.6000
Block_Platform_Corner_1B(Mirrored),3247.0520,113.9999,5936.6000,2697.0520,114.0002,5536.6000,3247.0520,114.0002,5536.6000
Block_Platform_Corner_1B(Mirrored),3247.0520,514.0001,5536.6000,2697.0520,514.0001,5536.6000,2697.0520,514.0001,5936.6000
Block_Platform_Corner_1B(Mirrored),3247.0520,514.0001,5536.6000,2697.0520,514.0001,5936.6000,3247.0520,514.0001,5936.6000
Block_Platform_Corner_1B(Mirrored),2530.6300,513.9998,6626.4430,2130.6310,513.9998,6626.4430,2130.6310,113.9999,6626.4430
Block_Platform_Corner_1B(Mirrored),2530.6300,513.9998,6626.4430,2130.6310,113.9999,6626.4430,2530.6300,113.9999,6626.4430
Block_Platform_Corner_1B(Mirrored),2130.6310,514.0001,6051.4430,2130.6310,514.0001,6026.4430,2130.6310,113.9999,6026.4430
Block_Platform_Corner_1B(Mirrored),2130.6310,514.0001,6051.4430,2130.6310,113.9999,6026.4430,2130.6310,113.9999,6051.4430
Block_Platform_Corner_1B(Mirrored),2530.6300,514.0001,6026.4430,2618.4990,514.0001,6014.3110,2618.4990,113.9999,6014.3110
Block_Platform_Corner_1B(Mirrored),2530.6300,514.0001,6026.4430,2618.4990,113.9999,6014.3110,2530.6300,113.9999,6026.4430
Block_Platform_Corner_1B(Mirrored),2618.4990,514.0001,6014.3110,2636.1770,514.0001,6031.9880,2636.1770,113.9999,6031.9880
Block_Platform_Corner_1B(Mirrored),2618.4990,514.0001,6014.3110,2636.1770,113.9999,6031.9880,2618.4990,113.9999,6014.3110
Block_Platform_Corner_1B(Mirrored),2636.1770,514.0001,6031.9880,3025.0850,514.0001,6420.8970,3025.0850,113.9999,6420.8970
Block_Platform_Corner_1B(Mirrored),2636.1770,514.0001,6031.9880,3025.0850,113.9999,6420.8970,2636.1770,113.9999,6031.9880
Block_Platform_Corner_1B(Mirrored),2130.6310,513.9998,6626.4430,2130.6310,514.0001,6601.4430,2130.6310,113.9999,6601.4430
Block_Platform_Corner_1B(Mirrored),2130.6310,513.9998,6626.4430,2130.6310,113.9999,6601.4430,2130.6310,113.9999,6626.4430
Block_Platform_Corner_1B(Mirrored),2130.6310,514.0001,6601.4430,2130.6310,514.0001,6051.4430,2130.6310,113.9999,6051.4430
Block_Platform_Corner_1B(Mirrored),2130.6310,514.0001,6601.4430,2130.6310,113.9999,6051.4430,2130.6310,113.9999,6601.4430
Block_Platform_Corner_1B(Mirrored),2530.6300,514.0001,6051.4430,2530.6300,514.0001,6601.4430,3025.0850,514.0001,6420.8970
Block_Platform_Corner_1B(Mirrored),2530.6300,514.0001,6051.4430,3025.0850,514.0001,6420.8970,2636.1770,514.0001,6031.9880
Block_Platform_Corner_1B(Mirrored),2530.6300,514.0001,6601.4430,3042.7630,514.0001,6438.5750,3025.0850,514.0001,6420.8970
Block_Platform_Corner_1B(Mirrored),2530.6300,514.0001,6601.4430,2530.6300,513.9998,6626.4430,3042.7630,514.0001,6438.5750
Block_Platform_Corner_1B(Mirrored),2130.6310,514.0001,6601.4430,2530.6300,513.9998,6626.4430,2530.6300,514.0001,6601.4430
Block_Platform_Corner_1B(Mirrored),2130.6310,514.0001,6601.4430,2130.6310,513.9998,6626.4430,2530.6300,513.9998,6626.4430
Block_Platform_Corner_1B(Mirrored),2530.6300,514.0001,6026.4430,2530.6300,514.0001,6051.4430,2636.1770,514.0001,6031.9880
Block_Platform_Corner_1B(Mirrored),2530.6300,514.0001,6026.4430,2636.1770,514.0001,6031.9880,2618.4990,514.0001,6014.3110
Block_Platform_Corner_1B(Mirrored),3042.7630,514.0001,6438.5750,2530.6300,513.9998,6626.4430,2530.6300,113.9999,6626.4430
Block_Platform_Corner_1B(Mirrored),3042.7630,514.0001,6438.5750,2530.6300,113.9999,6626.4430,3042.7630,113.9999,6438.5750
Block_Platform_Corner_1B(Mirrored),2130.6310,514.0001,6026.4430,2530.6300,514.0001,6026.4430,2530.6300,113.9999,6026.4430
Block_Platform_Corner_1B(Mirrored),2130.6310,514.0001,6026.4430,2530.6300,113.9999,6026.4430,2130.6310,113.9999,6026.4430
Block_Platform_Corner_1B(Mirrored),2130.6310,514.0001,6051.4430,2130.6310,514.0001,6601.4430,2530.6300,514.0001,6601.4430
Block_Platform_Corner_1B(Mirrored),2130.6310,514.0001,6051.4430,2530.6300,514.0001,6601.4430,2530.6300,514.0001,6051.4430
Block_Platform_Corner_1B(Mirrored),2130.6310,514.0001,6026.4430,2130.6310,514.0001,6051.4430,2530.6300,514.0001,6051.4430
Block_Platform_Corner_1B(Mirrored),2130.6310,514.0001,6026.4430,2530.6300,514.0001,6051.4430,2530.6300,514.0001,6026.4430
Block_Platform_Corner_1B(Mirrored),3247.0520,514.0001,5936.6000,3272.0520,514.0001,5936.6000,3272.0520,113.9999,5936.6000
Block_Platform_Corner_1B(Mirrored),3247.0520,514.0001,5936.6000,3272.0520,113.9999,5936.6000,3247.0520,113.9999,5936.6000
Block_Platform_Corner_1B(Mirrored),2636.1770,514.0001,6031.9880,3025.0850,514.0001,6420.8970,3247.0520,514.0001,5936.6000
Block_Platform_Corner_1B(Mirrored),2636.1770,514.0001,6031.9880,3247.0520,514.0001,5936.6000,2697.0520,514.0001,5936.6000
Block_Platform_Corner_1B(Mirrored),3025.0850,514.0001,6420.8970,3042.7630,514.0001,6438.5750,3272.0520,514.0001,5936.6000
Block_Platform_Corner_1B(Mirrored),3025.0850,514.0001,6420.8970,3272.0520,514.0001,5936.6000,3247.0520,514.0001,5936.6000
Block_Platform_Corner_1B(Mirrored),3272.0520,514.0001,5936.6000,3042.7630,514.0001,6438.5750,3042.7630,113.9999,6438.5750
Block_Platform_Corner_1B(Mirrored),3272.0520,514.0001,5936.6000,3042.7630,113.9999,6438.5750,3272.0520,113.9999,5936.6000
Block_Platform_Corner_1B(Mirrored),3247.0520,514.0001,5536.6000,3272.0520,514.0001,5536.6000,3272.0520,114.0002,5536.6000
Block_Platform_Corner_1B(Mirrored),3247.0520,514.0001,5536.6000,3272.0520,114.0002,5536.6000,3247.0520,114.0002,5536.6000
Block_Platform_Corner_1B(Mirrored),2672.0520,514.0001,5536.6000,2697.0520,514.0001,5536.6000,2697.0520,114.0002,5536.6000
Block_Platform_Corner_1B(Mirrored),2672.0520,514.0001,5536.6000,2697.0520,114.0002,5536.6000,2672.0520,114.0002,5536.6000
Block_Platform_Corner_1B(Mirrored),2618.4990,514.0001,6014.3110,2672.0520,514.0001,5936.6000,2672.0520,113.9999,5936.6000
Block_Platform_Corner_1B(Mirrored),2618.4990,514.0001,6014.3110,2672.0520,113.9999,5936.6000,2618.4990,113.9999,6014.3110
Block_Platform_Corner_1B(Mirrored),2618.4990,514.0001,6014.3110,2636.1770,514.0001,6031.9880,2697.0520,514.0001,5936.6000
Block_Platform_Corner_1B(Mirrored),2618.4990,514.0001,6014.3110,2697.0520,514.0001,5936.6000,2672.0520,514.0001,5936.6000
Block_Platform_Corner_1B(Mirrored),2672.0520,514.0001,5936.6000,2672.0520,514.0001,5536.6000,2672.0520,114.0002,5536.6000
Block_Platform_Corner_1B(Mirrored),2672.0520,514.0001,5936.6000,2672.0520,114.0002,5536.6000,2672.0520,113.9999,5936.6000
Block_Platform_Corner_1B(Mirrored),3272.0520,514.0001,5536.6000,3272.0520,514.0001,5936.6000,3272.0520,113.9999,5936.6000
Block_Platform_Corner_1B(Mirrored),3272.0520,514.0001,5536.6000,3272.0520,113.9999,5936.6000,3272.0520,114.0002,5536.6000
Block_Platform_Corner_1B(Mirrored),2697.0520,514.0001,5536.6000,2672.0520,514.0001,5536.6000,2672.0520,514.0001,5936.6000
Block_Platform_Corner_1B(Mirrored),2697.0520,514.0001,5536.6000,2672.0520,514.0001,5936.6000,2697.0520,514.0001,5936.6000
Block_Platform_Corner_1B(Mirrored),3272.0520,514.0001,5536.6000,3247.0520,514.0001,5536.6000,3247.0520,514.0001,5936.6000
Block_Platform_Corner_1B(Mirrored),3272.0520,514.0001,5536.6000,3247.0520,514.0001,5936.6000,3272.0520,514.0001,5936.6000
Block_Platform_Corner_1B,-473.1755,108.0534,6592.1240,-73.1755,108.0534,6592.1240,-73.1755,108.0534,6617.1240
Block_Platform_Corner_1B,-473.1755,108.0534,6592.1240,-73.1755,108.0534,6617.1240,-473.1755,108.0534,6617.1240
Block_Platform_Corner_1B,-967.6295,108.0534,6411.5780,-473.1755,108.0534,6592.1240,-473.1755,108.0534,6617.1240
Block_Platform_Corner_1B,-967.6295,108.0534,6411.5780,-473.1755,108.0534,6617.1240,-985.3075,108.0534,6429.2560
Block_Platform_Corner_1B,-473.1755,108.0534,6017.1240,-73.1755,108.0534,6017.1240,-73.1755,108.0534,6042.1240
Block_Platform_Corner_1B,-473.1755,108.0534,6017.1240,-73.1755,108.0534,6042.1240,-473.1755,108.0534,6042.1240
Block_Platform_Corner_1B,-473.1755,108.0534,6042.1240,-73.1755,108.0534,6042.1240,-73.1755,108.0534,6592.1240
Block_Platform_Corner_1B,-473.1755,108.0534,6042.1240,-73.1755,108.0534,6592.1240,-473.1755,108.0534,6592.1240
Block_Platform_Corner_1B,-561.0436,108.0534,6004.9920,-473.1755,108.0534,6017.1240,-473.1755,108.0534,6042.1240
Block_Platform_Corner_1B,-561.0436,108.0534,6004.9920,-473.1755,108.0534,6042.1240,-578.7211,108.0534,6022.6690
Block_Platform_Corner_1B,-578.7211,108.0534,6022.6690,-473.1755,108.0534,6042.1240,-473.1755,108.0534,6592.1240
Block_Platform_Corner_1B,-578.7211,108.0534,6022.6690,-473.1755,108.0534,6592.1240,-967.6295,108.0534,6411.5780
Block_Platform_Corner_1B,-639.5963,508.0536,5927.2810,-639.5963,108.0534,5927.2810,-1189.5960,108.0534,5927.2810
Block_Platform_Corner_1B,-639.5963,508.0536,5927.2810,-1189.5960,108.0534,5927.2810,-1189.5960,508.0536,5927.2810
Block_Platform_Corner_1B,-967.6295,508.0536,6411.5780,-967.6295,108.0534,6411.5780,-985.3075,108.0534,6429.2560
Block_Platform_Corner_1B,-967.6295,508.0536,6411.5780,-985.3075,108.0534,6429.2560,-985.3075,508.0536,6429.2560
Block_Platform_Corner_1B,-1189.5960,108.0534,5927.2810,-967.6295,108.0534,6411.5780,-985.3075,108.0534,6429.2560
Block_Platform_Corner_1B,-1189.5960,108.0534,5927.2810,-985.3075,108.0534,6429.2560,-1214.5960,108.0534,5927.2810
Block_Platform_Corner_1B,-614.5963,108.0534,5927.2810,-561.0436,108.0534,6004.9920,-578.7211,108.0534,6022.6690
Block_Platform_Corner_1B,-614.5963,108.0534,5927.2810,-578.7211,108.0534,6022.6690,-639.5963,108.0534,5927.2810
Block_Platform_Corner_1B,-639.5963,108.0534,5927.2810,-578.7211,108.0534,6022.6690,-967.6295,108.0534,6411.5780
Block_Platform_Corner_1B,-639.5963,108.0534,5927.2810,-967.6295,108.0534,6411.5780,-1189.5960,108.0534,5927.2810
Block_Platform_Corner_1B,-639.5963,508.0536,5527.2810,-639.5963,108.0534,5527.2810,-1189.5960,108.0534,5527.2810
Block_Platform_Corner_1B,-639.5963,508.0536,5527.2810,-1189.5960,108.0534,5527.2810,-1189.5960,508.0536,5527.2810
Block_Platform_Corner_1B,-614.5963,508.0536,5927.2810,-614.5963,108.0534,5927.2810,-639.5963,108.0534,5927.2810
Block_Platform_Corner_1B,-614.5963,508.0536,5927.2810,-639.5963,108.0534,5927.2810,-639.5963,508.0536,5927.2810
Block_Platform_Corner_1B,-639.5963,108.0534,5927.2810,-639.5963,108.0534,5527.2810,-614.5963,108.0534,5527.2810
Block_Platform_Corner_1B,-639.5963,108.0534,5927.2810,-614.5963,108.0534,5527.2810,-614.5963,108.0534,5927.2810
Block_Platform_Corner_1B,-1214.5960,108.0534,5927.2810,-1214.5960,108.0534,5527.2810,-1189.5960,108.0534,5527.2810
Block_Platform_Corner_1B,-1214.5960,108.0534,5927.2810,-1189.5960,108.0534,5527.2810,-1189.5960,108.0534,5927.2810
Block_Platform_Corner_1B,-1189.5960,108.0534,5927.2810,-1189.5960,108.0534,5527.2810,-639.5963,108.0534,5527.2810
Block_Platform_Corner_1B,-1189.5960,108.0534,5927.2810,-639.5963,108.0534,5527.2810,-639.5963,108.0534,5927.2810
Block_Platform_Corner_1B,-1189.5960,508.0536,5527.2810,-1189.5960,508.0536,5927.2810,-639.5963,508.0536,5927.2810
Block_Platform_Corner_1B,-1189.5960,508.0536,5527.2810,-639.5963,508.0536,5927.2810,-639.5963,508.0536,5527.2810
Block_Platform_Corner_1B,-473.1755,508.0536,6617.1240,-473.1755,108.0534,6617.1240,-73.1755,108.0534,6617.1240
Block_Platform_Corner_1B,-473.1755,508.0536,6617.1240,-73.1755,108.0534,6617.1240,-73.1755,508.0536,6617.1240
Block_Platform_Corner_1B,-73.1755,508.0536,6042.1240,-73.1755,108.0534,6042.1240,-73.1755,108.0534,6017.1240
Block_Platform_Corner_1B,-73.1755,508.0536,6042.1240,-73.1755,108.0534,6017.1240,-73.1755,508.0536,6017.1240
Block_Platform_Corner_1B,-473.1755,508.0536,6017.1240,-473.1755,108.0534,6017.1240,-561.0436,108.0534,6004.9920
Block_Platform_Corner_1B,-473.1755,508.0536,6017.1240,-561.0436,108.0534,6004.9920,-561.0436,508.0536,6004.9920
Block_Platform_Corner_1B,-561.0436,508.0536,6004.9920,-561.0436,108.0534,6004.9920,-578.7211,108.0534,6022.6690
Block_Platform_Corner_1B,-561.0436,508.0536,6004.9920,-578.7211,108.0534,6022.6690,-578.7211,508.0536,6022.6690
Block_Platform_Corner_1B,-578.7211,508.0536,6022.6690,-578.7211,108.0534,6022.6690,-967.6295,108.0534,6411.5780
Block_Platform_Corner_1B,-578.7211,508.0536,6022.6690,-967.6295,108.0534,6411.5780,-967.6295,508.0536,6411.5780
Block_Platform_Corner_1B,-73.1755,508.0536,6617.1240,-73.1755,108.0534,6617.1240,-73.1755,108.0534,6592.1240
Block_Platform_Corner_1B,-73.1755,508.0536,6617.1240,-73.1755,108.0534,6592.1240,-73.1755,508.0536,6592.1240
Block_Platform_Corner_1B,-73.1755,508.0536,6592.1240,-73.1755,108.0534,6592.1240,-73.1755,108.0534,6042.1240
Block_Platform_Corner_1B,-73.1755,508.0536,6592.1240,-73.1755,108.0534,6042.1240,-73.1755,508.0536,6042.1240
Block_Platform_Corner_1B,-473.1755,508.0536,6042.1240,-578.7211,508.0536,6022.6690,-967.6295,508.0536,6411.5780
Block_Platform_Corner_1B,-473.1755,508.0536,6042.1240,-967.6295,508.0536,6411.5780,-473.1755,508.0536,6592.1240
Block_Platform_Corner_1B,-473.1755,508.0536,6592.1240,-967.6295,508.0536,6411.5780,-985.3075,508.0536,6429.2560
Block_Platform_Corner_1B,-473.1755,508.0536,6592.1240,-985.3075,508.0536,6429.2560,-473.1755,508.0536,6617.1240
Block_Platform_Corner_1B,-73.1755,508.0536,6592.1240,-473.1755,508.0536,6592.1240,-473.1755,508.0536,6617.1240
Block_Platform_Corner_1B,-73.1755,508.0536,6592.1240,-473.1755,508.0536,6617.1240,-73.1755,508.0536,6617.1240
Block_Platform_Corner_1B,-473.1755,508.0536,6017.1240,-561.0436,508.0536,6004.9920,-578.7211,508.0536,6022.6690
Block_Platform_Corner_1B,-473.1755,508.0536,6017.1240,-578.7211,508.0536,6022.6690,-473.1755,508.0536,6042.1240
Block_Platform_Corner_1B,-985.3075,508.0536,6429.2560,-985.3075,108.0534,6429.2560,-473.1755,108.0534,6617.1240
Block_Platform_Corner_1B,-985.3075,508.0536,6429.2560,-473.1755,108.0534,6617.1240,-473.1755,508.0536,6617.1240
Block_Platform_Corner_1B,-73.1755,508.0536,6017.1240,-73.1755,108.0534,6017.1240,-473.1755,108.0534,6017.1240
Block_Platform_Corner_1B,-73.1755,508.0536,6017.1240,-473.1755,108.0534,6017.1240,-473.1755,508.0536,6017.1240
Block_Platform_Corner_1B,-73.1755,508.0536,6042.1240,-473.1755,508.0536,6042.1240,-473.1755,508.0536,6592.1240
Block_Platform_Corner_1B,-73.1755,508.0536,6042.1240,-473.1755,508.0536,6592.1240,-73.1755,508.0536,6592.1240
Block_Platform_Corner_1B,-73.1755,508.0536,6017.1240,-473.1755,508.0536,6017.1240,-473.1755,508.0536,6042.1240
Block_Platform_Corner_1B,-73.1755,508.0536,6017.1240,-473.1755,508.0536,6042.1240,-73.1755,508.0536,6042.1240
Block_Platform_Corner_1B,-1189.5960,508.0536,5927.2810,-1189.5960,108.0534,5927.2810,-1214.5960,108.0534,5927.2810
Block_Platform_Corner_1B,-1189.5960,508.0536,5927.2810,-1214.5960,108.0534,5927.2810,-1214.5960,508.0536,5927.2810
Block_Platform_Corner_1B,-578.7211,508.0536,6022.6690,-639.5963,508.0536,5927.2810,-1189.5960,508.0536,5927.2810
Block_Platform_Corner_1B,-578.7211,508.0536,6022.6690,-1189.5960,508.0536,5927.2810,-967.6295,508.0536,6411.5780
Block_Platform_Corner_1B,-967.6295,508.0536,6411.5780,-1189.5960,508.0536,5927.2810,-1214.5960,508.0536,5927.2810
Block_Platform_Corner_1B,-967.6295,508.0536,6411.5780,-1214.5960,508.0536,5927.2810,-985.3075,508.0536,6429.2560
Block_Platform_Corner_1B,-1214.5960,508.0536,5927.2810,-1214.5960,108.0534,5927.2810,-985.3075,108.0534,6429.2560
Block_Platform_Corner_1B,-1214.5960,508.0536,5927.2810,-985.3075,108.0534,6429.2560,-985.3075,508.0536,6429.2560
Block_Platform_Corner_1B,-1189.5960,508.0536,5527.2810,-1189.5960,108.0534,5527.2810,-1214.5960,108.0534,5527.2810
Block_Platform_Corner_1B,-1189.5960,508.0536,5527.2810,-1214.5960,108.0534,5527.2810,-1214.5960,508.0536,5527.2810
Block_Platform_Corner_1B,-614.5963,508.0536,5527.2810,-614.5963,108.0534,5527.2810,-639.5963,108.0534,5527.2810
Block_Platform_Corner_1B,-614.5963,508.0536,5527.2810,-639.5963,108.0534,5527.2810,-639.5963,508.0536,5527.2810
Block_Platform_Corner_1B,-561.0436,508.0536,6004.9920,-561.0436,108.0534,6004.9920,-614.5963,108.0534,5927.2810
Block_Platform_Corner_1B,-561.0436,508.0536,6004.9920,-614.5963,108.0534,5927.2810,-614.5963,508.0536,5927.2810
Block_Platform_Corner_1B,-561.0436,508.0536,6004.9920,-614.5963,508.0536,5927.2810,-639.5963,508.0536,5927.2810
Block_Platform_Corner_1B,-561.0436,508.0536,6004.9920,-639.5963,508.0536,5927.2810,-578.7211,508.0536,6022.6690
Block_Platform_Corner_1B,-614.5963,508.0536,5927.2810,-614.5963,108.0534,5927.2810,-614.5963,108.0534,5527.2810
Block_Platform_Corner_1B,-614.5963,508.0536,5927.2810,-614.5963,108.0534,5527.2810,-614.5963,508.0536,5527.2810
Block_Platform_Corner_1B,-1214.5960,508.0536,5527.2810,-1214.5960,108.0534,5527.2810,-1214.5960,108.0534,5927.2810
Block_Platform_Corner_1B,-1214.5960,508.0536,5527.2810,-1214.5960,108.0534,5927.2810,-1214.5960,508.0536,5927.2810
Block_Platform_Corner_1B,-639.5963,508.0536,5527.2810,-639.5963,508.0536,5927.2810,-614.5963,508.0536,5927.2810
Block_Platform_Corner_1B,-639.5963,508.0536,5527.2810,-614.5963,508.0536,5927.2810,-614.5963,508.0536,5527.2810
Block_Platform_Corner_1B,-1214.5960,508.0536,5527.2810,-1214.5960,508.0536,5927.2810,-1189.5960,508.0536,5927.2810
Block_Platform_Corner_1B,-1214.5960,508.0536,5527.2810,-1189.5960,508.0536,5927.2810,-1189.5960,508.0536,5527.2810
Block_Platform_1B,1688.7530,511.0536,6630.5790,2288.7530,111.0534,6630.5790,2288.7530,511.0536,6630.5790
Block_Platform_1B,1688.7530,511.0536,6630.5790,1688.7530,111.0534,6630.5790,2288.7530,111.0534,6630.5790
Block_Platform_1B,1088.7530,511.0536,6630.5790,1688.7530,111.0534,6630.5790,1688.7530,511.0536,6630.5790
Block_Platform_1B,1088.7530,511.0536,6630.5790,1088.7530,111.0534,6630.5790,1688.7530,111.0534,6630.5790
Block_Platform_1B,2288.7530,511.0536,6055.5790,2288.7530,111.0534,6055.5790,2288.7530,111.0534,6030.5790
Block_Platform_1B,2288.7530,511.0536,6055.5790,2288.7530,111.0534,6030.5790,2288.7530,511.0536,6030.5790
Block_Platform_1B,1688.7530,111.0534,6605.5790,2288.7530,111.0534,6605.5790,2288.7530,111.0534,6630.5790
Block_Platform_1B,1688.7530,111.0534,6605.5790,2288.7530,111.0534,6630.5790,1688.7530,111.0534,6630.5790
Block_Platform_1B,1088.7530,111.0534,6605.5790,1688.7530,111.0534,6605.5790,1688.7530,111.0534,6630.5790
Block_Platform_1B,1088.7530,111.0534,6605.5790,1688.7530,111.0534,6630.5790,1088.7530,111.0534,6630.5790
Block_Platform_1B,2288.7530,511.0536,6630.5790,2288.7530,111.0534,6630.5790,2288.7530,111.0534,6605.5790
Block_Platform_1B,2288.7530,511.0536,6630.5790,2288.7530,111.0534,6605.5790,2288.7530,511.0536,6605.5790
Block_Platform_1B,2288.7530,511.0536,6605.5790,2288.7530,111.0534,6605.5790,2288.7530,111.0534,6055.5790
Block_Platform_1B,2288.7530,511.0536,6605.5790,2288.7530,111.0534,6055.5790,2288.7530,511.0536,6055.5790
Block_Platform_1B,1688.7530,111.0534,6030.5790,2288.7530,111.0534,6030.5790,2288.7530,111.0534,6055.5790
Block_Platform_1B,1688.7530,111.0534,6030.5790,2288.7530,111.0534,6055.5790,1688.7530,111.0534,6055.5790
Block_Platform_1B,1088.7530,111.0534,6030.5790,1688.7530,111.0534,6030.5790,1688.7530,111.0534,6055.5790
Block_Platform_1B,1088.7530,111.0534,6030.5790,1688.7530,111.0534,6055.5790,1088.7530,111.0534,6055.5790
Block_Platform_1B,1688.7530,111.0534,6055.5790,2288.7530,111.0534,6055.5790,2288.7530,111.0534,6605.5790
Block_Platform_1B,1688.7530,111.0534,6055.5790,2288.7530,111.0534,6605.5790,1688.7530,111.0534,6605.5790
Block_Platform_1B,1088.7530,111.0534,6055.5790,1688.7530,111.0534,6055.5790,1688.7530,111.0534,6605.5790
Block_Platform_1B,1088.7530,111.0534,6055.5790,1688.7530,111.0534,6605.5790,1088.7530,111.0534,6605.5790
Block_Platform_1B,1688.7530,511.0536,6030.5790,1088.7530,511.0536,6030.5790,1088.7530,511.0536,6055.5790
Block_Platform_1B,1688.7530,511.0536,6030.5790,1088.7530,511.0536,6055.5790,1688.7530,511.0536,6055.5790
Block_Platform_1B,2288.7530,511.0536,6030.5790,1688.7530,511.0536,6030.5790,1688.7530,511.0536,6055.5790
Block_Platform_1B,2288.7530,511.0536,6030.5790,1688.7530,511.0536,6055.5790,2288.7530,511.0536,6055.5790
Block_Platform_1B,1688.7530,511.0536,6055.5790,1088.7530,511.0536,6055.5790,1088.7530,511.0536,6605.5790
Block_Platform_1B,1688.7530,511.0536,6055.5790,1088.7530,511.0536,6605.5790,1688.7530,511.0536,6605.5790
Block_Platform_1B,2288.7530,511.0536,6055.5790,1688.7530,511.0536,6055.5790,1688.7530,511.0536,6605.5790
Block_Platform_1B,2288.7530,511.0536,6055.5790,1688.7530,511.0536,6605.5790,2288.7530,511.0536,6605.5790
Block_Platform_1B,2288.7530,511.0536,6030.5790,2288.7530,111.0534,6030.5790,1688.7530,111.0534,6030.5790
Block_Platform_1B,2288.7530,511.0536,6030.5790,1688.7530,111.0534,6030.5790,1688.7530,511.0536,6030.5790
Block_Platform_1B,1688.7530,511.0536,6030.5790,1688.7530,111.0534,6030.5790,1088.7530,111.0534,6030.5790
Block_Platform_1B,1688.7530,511.0536,6030.5790,1088.7530,111.0534,6030.5790,1088.7530,511.0536,6030.5790
Block_Platform_1B,2288.7530,511.0536,6605.5790,1688.7530,511.0536,6630.5790,2288.7530,511.0536,6630.5790
Block_Platform_1B,2288.7530,511.0536,6605.5790,1688.7530,511.0536,6605.5790,1688.7530,511.0536,6630.5790
Block_Platform_1B,1688.7530,511.0536,6605.5790,1088.7530,511.0536,6630.5790,1688.7530,511.0536,6630.5790
Block_Platform_1B,1688.7530,511.0536,6605.5790,1088.7530,511.0536,6605.5790,1088.7530,511.0536,6630.5790
Block_Platform_1B,-111.2473,511.0536,6605.5790,-111.2473,111.0534,6605.5790,-111.2473,111.0534,6630.5790
Block_Platform_1B,-111.2473,511.0536,6605.5790,-111.2473,111.0534,6630.5790,-111.2473,511.0536,6630.5790
Block_Platform_1B,488.7527,511.0536,6030.5790,-111.2473,111.0534,6030.5790,-111.2473,511.0536,6030.5790
Block_Platform_1B,488.7527,511.0536,6030.5790,488.7527,111.0534,6030.5790,-111.2473,111.0534,6030.5790
Block_Platform_1B,1088.7530,511.0536,6030.5790,488.7527,111.0534,6030.5790,488.7527,511.0536,6030.5790
Block_Platform_1B,1088.7530,511.0536,6030.5790,1088.7530,111.0534,6030.5790,488.7527,111.0534,6030.5790
Block_Platform_1B,488.7527,511.0536,6605.5790,-111.2473,511.0536,6605.5790,-111.2473,511.0536,6630.5790
Block_Platform_1B,488.7527,511.0536,6605.5790,-111.2473,511.0536,6630.5790,488.7527,511.0536,6630.5790
Block_Platform_1B,1088.7530,511.0536,6605.5790,488.7527,511.0536,6605.5790,488.7527,511.0536,6630.5790
Block_Platform_1B,1088.7530,511.0536,6605.5790,488.7527,511.0536,6630.5790,1088.7530,511.0536,6630.5790
Block_Platform_1B,-111.2473,511.0536,6030.5790,-111.2473,111.0534,6030.5790,-111.2473,111.0534,6055.5790
Block_Platform_1B,-111.2473,511.0536,6030.5790,-111.2473,111.0534,6055.5790,-111.2473,511.0536,6055.5790
Block_Platform_1B,-111.2473,511.0536,6055.5790,-111.2473,111.0534,6055.5790,-111.2473,111.0534,6605.5790
Block_Platform_1B,-111.2473,511.0536,6055.5790,-111.2473,111.0534,6605.5790,-111.2473,511.0536,6605.5790
Block_Platform_1B,488.7527,511.0536,6030.5790,-111.2473,511.0536,6030.5790,-111.2473,511.0536,6055.5790
Block_Platform_1B,488.7527,511.0536,6030.5790,-111.2473,511.0536,6055.5790,488.7527,511.0536,6055.5790
Block_Platform_1B,1088.7530,511.0536,6030.5790,488.7527,511.0536,6030.5790,488.7527,511.0536,6055.5790
Block_Platform_1B,1088.7530,511.0536,6030.5790,488.7527,511.0536,6055.5790,1088.7530,511.0536,6055.5790
Block_Platform_1B,488.7527,511.0536,6055.5790,-111.2473,511.0536,6055.5790,-111.2473,511.0536,6605.5790
Block_Platform_1B,488.7527,511.0536,6055.5790,-111.2473,511.0536,6605.5790,488.7527,511.0536,6605.5790
Block_Platform_1B,1088.7530,511.0536,6055.5790,488.7527,511.0536,6055.5790,488.7527,511.0536,6605.5790
Block_Platform_1B,1088.7530,511.0536,6055.5790,488.7527,511.0536,6605.5790,1088.7530,511.0536,6605.5790
Block_Platform_1B,-111.2473,511.0536,6630.5790,-111.2473,111.0534,6630.5790,488.7527,111.0534,6630.5790
Block_Platform_1B,-111.2473,511.0536,6630.5790,488.7527,111.0534,6630.5790,488.7527,511.0536,6630.5790
Block_Platform_1B,488.7527,511.0536,6630.5790,488.7527,111.0534,6630.5790,1088.7530,111.0534,6630.5790
Block_Platform_1B,488.7527,511.0536,6630.5790,1088.7530,111.0534,6630.5790,1088.7530,511.0536,6630.5790
Block_Platform_1B,-111.2473,111.0534,6605.5790,488.7527,111.0534,6630.5790,-111.2473,111.0534,6630.5790
Block_Platform_1B,-111.2473,111.0534,6605.5790,488.7527,111.0534,6605.5790,488.7527,111.0534,6630.5790
Block_Platform_1B,488.7527,111.0534,6605.5790,1088.7530,111.0534,6630.5790,488.7527,111.0534,6630.5790
Block_Platform_1B,488.7527,111.0534,6605.5790,1088.7530,111.0534,6605.5790,1088.7530,111.0534,6630.5790
Block_Platform_1B,-111.2473,111.0534,6030.5790,488.7527,111.0534,6055.5790,-111.2473,111.0534,6055.5790
Block_Platform_1B,-111.2473,111.0534,6030.5790,488.7527,111.0534,6030.5790,488.7527,111.0534,6055.5790
Block_Platform_1B,488.7527,111.0534,6030.5790,1088.7530,111.0534,6055.5790,488.7527,111.0534,6055.5790
Block_Platform_1B,488.7527,111.0534,6030.5790,1088.7530,111.0534,6030.5790,1088.7530,111.0534,6055.5790
Block_Platform_1B,-111.2473,111.0534,6055.5790,488.7527,111.0534,6605.5790,-111.2473,111.0534,6605.5790
Block_Platform_1B,-111.2473,111.0534,6055.5790,488.7527,111.0534,6055.5790,488.7527,111.0534,6605.5790
Block_Platform_1B,488.7527,111.0534,6055.5790,1088.7530,111.0534,6605.5790,488.7527,111.0534,6605.5790
Block_Platform_1B,488.7527,111.0534,6055.5790,1088.7530,111.0534,6055.5790,1088.7530,111.0534,6605.5790
Block_Platform_1B,1088.7530,511.0536,6605.5790,1088.7530,111.0534,6605.5790,1088.7530,111.0534,6630.5790
Block_Platform_1B,1088.7530,511.0536,6605.5790,1088.7530,111.0534,6630.5790,1088.7530,511.0536,6630.5790
Block_Platform_1B,1088.7530,511.0536,6030.5790,1088.7530,111.0534,6030.5790,1088.7530,111.0534,6055.5790
Block_Platform_1B,1088.7530,511.0536,6030.5790,1088.7530,111.0534,6055.5790,1088.7530,511.0536,6055.5790
Block_Platform_1B,1088.7530,511.0536,6055.5790,1088.7530,111.0534,6055.5790,1088.7530,111.0534,6605.5790
Block_Platform_1B,1088.7530,511.0536,6055.5790,1088.7530,111.0534,6605.5790,1088.7530,511.0536,6605.5790
Block_Platform_1B,-707.0000,904.0001,9091.0000,-107.0000,503.9999,9091.0000,-107.0000,904.0001,9091.0000
Block_Platform_1B,-707.0000,904.0001,9091.0000,-707.0000,503.9999,9091.0000,-107.0000,503.9999,9091.0000
Block_Platform_1B,-1307.0000,904.0001,9091.0000,-707.0000,503.9999,9091.0000,-707.0000,904.0001,9091.0000
Block_Platform_1B,-1307.0000,904.0001,9091.0000,-1307.0000,503.9999,9091.0000,-707.0000,503.9999,9091.0000
Block_Platform_1B,-107.0000,904.0001,8516.0000,-107.0000,503.9999,8516.0000,-107.0000,503.9999,8491.0000
Block_Platform_1B,-107.0000,904.0001,8516.0000,-107.0000,503.9999,8491.0000,-107.0000,904.0001,8491.0000
Block_Platform_1B,-707.0000,503.9999,9066.0000,-107.0000,503.9999,9066.0000,-107.0000,503.9999,9091.0000
Block_Platform_1B,-707.0000,503.9999,9066.0000,-107.0000,503.9999,9091.0000,-707.0000,503.9999,9091.0000
Block_Platform_1B,-1307.0000,503.9999,9066.0000,-707.0000,503.9999,9066.0000,-707.0000,503.9999,9091.0000
Block_Platform_1B,-1307.0000,503.9999,9066.0000,-707.0000,503.9999,9091.0000,-1307.0000,503.9999,9091.0000
Block_Platform_1B,-107.0000,904.0001,9091.0000,-107.0000,503.9999,9091.0000,-107.0000,503.9999,9066.0000
Block_Platform_1B,-107.0000,904.0001,9091.0000,-107.0000,503.9999,9066.0000,-107.0000,904.0001,9066.0000
Block_Platform_1B,-107.0000,904.0001,9066.0000,-107.0000,503.9999,9066.0000,-107.0000,503.9999,8516.0000
Block_Platform_1B,-107.0000,904.0001,9066.0000,-107.0000,503.9999,8516.0000,-107.0000,904.0001,8516.0000
Block_Platform_1B,-707.0000,503.9999,8491.0000,-107.0000,503.9999,8491.0000,-107.0000,503.9999,8516.0000
Block_Platform_1B,-707.0000,503.9999,8491.0000,-107.0000,503.9999,8516.0000,-707.0000,503.9999,8516.0000
Block_Platform_1B,-1307.0000,503.9999,8491.0000,-707.0000,503.9999,8491.0000,-707.0000,503.9999,8516.0000
Block_Platform_1B,-1307.0000,503.9999,8491.0000,-707.0000,503.9999,8516.0000,-1307.0000,503.9999,8516.0000
Block_Platform_1B,-707.0000,503.9999,8516.0000,-107.0000,503.9999,8516.0000,-107.0000,503.9999,9066.0000
Block_Platform_1B,-707.0000,503.9999,8516.0000,-107.0000,503.9999,9066.0000,-707.0000,503.9999,9066.0000
Block_Platform_1B,-1307.0000,503.9999,8516.0000,-707.0000,503.9999,8516.0000,-707.0000,503.9999,9066.0000
Block_Platform_1B,-1307.0000,503.9999,8516.0000,-707.0000,503.9999,9066.0000,-1307.0000,503.9999,9066.0000
Block_Platform_1B,-707.0000,904.0001,8491.0000,-1307.0000,904.0001,8491.0000,-1307.0000,904.0001,8516.0000
Block_Platform_1B,-707.0000,904.0001,8491.0000,-1307.0000,904.0001,8516.0000,-707.0000,904.0001,8516.0000
Block_Platform_1B,-107.0000,904.0001,8491.0000,-707.0000,904.0001,8491.0000,-707.0000,904.0001,8516.0000
Block_Platform_1B,-107.0000,904.0001,8491.0000,-707.0000,904.0001,8516.0000,-107.0000,904.0001,8516.0000
Block_Platform_1B,-707.0000,904.0001,8516.0000,-1307.0000,904.0001,8516.0000,-1307.0000,904.0001,9066.0000
Block_Platform_1B,-707.0000,904.0001,8516.0000,-1307.0000,904.0001,9066.0000,-707.0000,904.0001,9066.0000
Block_Platform_1B,-107.0000,904.0001,8516.0000,-707.0000,904.0001,8516.0000,-707.0000,904.0001,9066.0000
Block_Platform_1B,-107.0000,904.0001,8516.0000,-707.0000,904.0001,9066.0000,-107.0000,904.0001,9066.0000
Block_Platform_1B,-107.0000,904.0001,8491.0000,-107.0000,503.9999,8491.0000,-707.0000,503.9999,8491.0000
Block_Platform_1B,-107.0000,904.0001,8491.0000,-707.0000,503.9999,8491.0000,-707.0000,904.0001,8491.0000
Block_Platform_1B,-707.0000,904.0001,8491.0000,-707.0000,503.9999,8491.0000,-1307.0000,503.9999,8491.0000
Block_Platform_1B,-707.0000,904.0001,8491.0000,-1307.0000,503.9999,8491.0000,-1307.0000,904.0001,8491.0000
Block_Platform_1B,-107.0000,904.0001,9066.0000,-707.0000,904.0001,9091.0000,-107.0000,904.0001,9091.0000
Block_Platform_1B,-107.0000,904.0001,9066.0000,-707.0000,904.0001,9066.0000,-707.0000,904.0001,9091.0000
Block_Platform_1B,-707.0000,904.0001,9066.0000,-1307.0000,904.0001,9091.0000,-707.0000,904.0001,9091.0000
Block_Platform_1B,-707.0000,904.0001,9066.0000,-1307.0000,904.0001,9066.0000,-1307.0000,904.0001,9091.0000
Block_Platform_1B,-2507.0000,904.0001,9066.0000,-2507.0000,503.9999,9066.0000,-2507.0000,503.9999,9091.0000
Block_Platform_1B,-2507.0000,904.0001,9066.0000,-2507.0000,503.9999,9091.0000,-2507.0000,904.0001,9091.0000
Block_Platform_1B,-1907.0000,904.0001,8491.0000,-2507.0000,503.9999,8491.0000,-2507.0000,904.0001,8491.0000
Block_Platform_1B,-1907.0000,904.0001,8491.0000,-1907.0000,503.9999,8491.0000,-2507.0000,503.9999,8491.0000
Block_Platform_1B,-1307.0000,904.0001,8491.0000,-1907.0000,503.9999,8491.0000,-1907.0000,904.0001,8491.0000
Block_Platform_1B,-1307.0000,904.0001,8491.0000,-1307.0000,503.9999,8491.0000,-1907.0000,503.9999,8491.0000
Block_Platform_1B,-1907.0000,904.0001,9066.0000,-2507.0000,904.0001,9066.0000,-2507.0000,904.0001,9091.0000
Block_Platform_1B,-1907.0000,904.0001,9066.0000,-2507.0000,904.0001,9091.0000,-1907.0000,904.0001,9091.0000
Block_Platform_1B,-1307.0000,904.0001,9066.0000,-1907.0000,904.0001,9066.0000,-1907.0000,904.0001,9091.0000
Block_Platform_1B,-1307.0000,904.0001,9066.0000,-1907.0000,904.0001,9091.0000,-1307.0000,904.0001,9091.0000
Block_Platform_1B,-2507.0000,904.0001,8491.0000,-2507.0000,503.9999,8491.0000,-2507.0000,503.9999,8516.0000
Block_Platform_1B,-2507.0000,904.0001,8491.0000,-2507.0000,503.9999,8516.0000,-2507.0000,904.0001,8516.0000
Block_Platform_1B,-2507.0000,904.0001,8516.0000,-2507.0000,503.9999,8516.0000,-2507.0000,503.9999,9066.0000
Block_Platform_1B,-2507.0000,904.0001,8516.0000,-2507.0000,503.9999,9066.0000,-2507.0000,904.0001,9066.0000
Block_Platform_1B,-1907.0000,904.0001,8491.0000,-2507.0000,904.0001,8491.0000,-2507.0000,904.0001,8516.0000
Block_Platform_1B,-1907.0000,904.0001,8491.0000,-2507.0000,904.0001,8516.0000,-1907.0000,904.0001,8516.0000
Block_Platform_1B,-1307.0000,904.0001,8491.0000,-1907.0000,904.0001,8491.0000,-1907.0000,904.0001,8516.0000
Block_Platform_1B,-1307.0000,904.0001,8491.0000,-1907.0000,904.0001,8516.0000,-1307.0000,904.0001,8516.0000
Block_Platform_1B,-1907.0000,904.0001,8516.0000,-2507.0000,904.0001,8516.0000,-2507.0000,904.0001,9066.0000
Block_Platform_1B,-1907.0000,904.0001,8516.0000,-2507.0000,904.0001,9066.0000,-1907.0000,904.0001,9066.0000
Block_Platform_1B,-1307.0000,904.0001,8516.0000,-1907.0000,904.0001,8516.0000,-1907.0000,904.0001,9066.0000
Block_Platform_1B,-1307.0000,904.0001,8516.0000,-1907.0000,904.0001,9066.0000,-1307.0000,904.0001,9066.0000
Block_Platform_1B,-2507.0000,904.0001,9091.0000,-2507.0000,503.9999,9091.0000,-1907.0000,503.9999,9091.0000
Block_Platform_1B,-2507.0000,904.0001,9091.0000,-1907.0000,503.9999,9091.0000,-1907.0000,904.0001,9091.0000
Block_Platform_1B,-1907.0000,904.0001,9091.0000,-1907.0000,503.9999,9091.0000,-1307.0000,503.9999,9091.0000
Block_Platform_1B,-1907.0000,904.0001,9091.0000,-1307.0000,503.9999,9091.0000,-1307.0000,904.0001,9091.0000
Block_Platform_1B,-2507.0000,503.9999,9066.0000,-1907.0000,503.9999,9091.0000,-2507.0000,503.9999,9091.0000
Block_Platform_1B,-2507.0000,503.9999,9066.0000,-1907.0000,503.9999,9066.0000,-1907.0000,503.9999,9091.0000
Block_Platform_1B,-1907.0000,503.9999,9066.0000,-1307.0000,503.9999,9091.0000,-1907.0000,503.9999,9091.0000
Block_Platform_1B,-1907.0000,503.9999,9066.0000,-1307.0000,503.9999,9066.0000,-1307.0000,503.9999,9091.0000
Block_Platform_1B,-2507.0000,503.9999,8491.0000,-1907.0000,503.9999,8516.0000,-2507.0000,503.9999,8516.0000
Block_Platform_1B,-2507.0000,503.9999,8491.0000,-1907.0000,503.9999,8491.0000,-1907.0000,503.9999,8516.0000
Block_Platform_1B,-1907.0000,503.9999,8491.0000,-1307.0000,503.9999,8516.0000,-1907.0000,503.9999,8516.0000
Block_Platform_1B,-1907.0000,503.9999,8491.0000,-1307.0000,503.9999,8491.0000,-1307.0000,503.9999,8516.0000
Block_Platform_1B,-2507.0000,503.9999,8516.0000,-1907.0000,503.9999,9066.0000,-2507.0000,503.9999,9066.0000
Block_Platform_1B,-2507.0000,503.9999,8516.0000,-1907.0000,503.9999,8516.0000,-1907.0000,503.9999,9066.0000
Block_Platform_1B,-1907.0000,503.9999,8516.0000,-1307.0000,503.9999,9066.0000,-1907.0000,503.9999,9066.0000
Block_Platform_1B,-1907.0000,503.9999,8516.0000,-1307.0000,503.9999,8516.0000,-1307.0000,503.9999,9066.0000
Block_Platform_1B,-1307.0000,904.0001,9066.0000,-1307.0000,503.9999,9066.0000,-1307.0000,503.9999,9091.0000
Block_Platform_1B,-1307.0000,904.0001,9066.0000,-1307.0000,503.9999,9091.0000,-1307.0000,904.0001,9091.0000
Block_Platform_1B,-1307.0000,904.0001,8491.0000,-1307.0000,503.9999,8491.0000,-1307.0000,503.9999,8516.0000
Block_Platform_1B,-1307.0000,904.0001,8491.0000,-1307.0000,503.9999,8516.0000,-1307.0000,904.0001,8516.0000
Block_Platform_1B,-1307.0000,904.0001,8516.0000,-1307.0000,503.9999,8516.0000,-1307.0000,503.9999,9066.0000
Block_Platform_1B,-1307.0000,904.0001,8516.0000,-1307.0000,503.9999,9066.0000,-1307.0000,904.0001,9066.0000
Block_Platform_1B,1590.0000,904.0001,9091.0000,2190.0000,503.9999,9091.0000,2190.0000,904.0001,9091.0000
Block_Platform_1B,1590.0000,904.0001,9091.0000,1590.0000,503.9999,9091.0000,2190.0000,503.9999,9091.0000
Block_Platform_1B,989.9999,904.0001,9091.0000,1590.0000,503.9999,9091.0000,1590.0000,904.0001,9091.0000
Block_Platform_1B,989.9999,904.0001,9091.0000,989.9999,503.9999,9091.0000,1590.0000,503.9999,9091.0000
Block_Platform_1B,2190.0000,904.0001,8516.0000,2190.0000,503.9999,8516.0000,2190.0000,503.9999,8491.0000
Block_Platform_1B,2190.0000,904.0001,8516.0000,2190.0000,503.9999,8491.0000,2190.0000,904.0001,8491.0000
Block_Platform_1B,1590.0000,503.9999,9066.0000,2190.0000,503.9999,9066.0000,2190.0000,503.9999,9091.0000
Block_Platform_1B,1590.0000,503.9999,9066.0000,2190.0000,503.9999,9091.0000,1590.0000,503.9999,9091.0000
Block_Platform_1B,989.9999,503.9999,9066.0000,1590.0000,503.9999,9066.0000,1590.0000,503.9999,9091.0000
Block_Platform_1B,989.9999,503.9999,9066.0000,1590.0000,503.9999,9091.0000,989.9999,503.9999,9091.0000
Block_Platform_1B,2190.0000,904.0001,9091.0000,2190.0000,503.9999,9091.0000,2190.0000,503.9999,9066.0000
Block_Platform_1B,2190.0000,904.0001,9091.0000,2190.0000,503.9999,9066.0000,2190.0000,904.0001,9066.0000
Block_Platform_1B,2190.0000,904.0001,9066.0000,2190.0000,503.9999,9066.0000,2190.0000,503.9999,8516.0000
Block_Platform_1B,2190.0000,904.0001,9066.0000,2190.0000,503.9999,8516.0000,2190.0000,904.0001,8516.0000
Block_Platform_1B,1590.0000,503.9999,8491.0000,2190.0000,503.9999,8491.0000,2190.0000,503.9999,8516.0000
Block_Platform_1B,1590.0000,503.9999,8491.0000,2190.0000,503.9999,8516.0000,1590.0000,503.9999,8516.0000
Block_Platform_1B,989.9999,503.9999,8491.0000,1590.0000,503.9999,8491.0000,1590.0000,503.9999,8516.0000
Block_Platform_1B,989.9999,503.9999,8491.0000,1590.0000,503.9999,8516.0000,989.9999,503.9999,8516.0000
Block_Platform_1B,1590.0000,503.9999,8516.0000,2190.0000,503.9999,8516.0000,2190.0000,503.9999,9066.0000
Block_Platform_1B,1590.0000,503.9999,8516.0000,2190.0000,503.9999,9066.0000,1590.0000,503.9999,9066.0000
Block_Platform_1B,989.9999,503.9999,8516.0000,1590.0000,503.9999,8516.0000,1590.0000,503.9999,9066.0000
Block_Platform_1B,989.9999,503.9999,8516.0000,1590.0000,503.9999,9066.0000,989.9999,503.9999,9066.0000
Block_Platform_1B,1590.0000,904.0001,8491.0000,989.9999,904.0001,8491.0000,989.9999,904.0001,8516.0000
Block_Platform_1B,1590.0000,904.0001,8491.0000,989.9999,904.0001,8516.0000,1590.0000,904.0001,8516.0000
Block_Platform_1B,2190.0000,904.0001,8491.0000,1590.0000,904.0001,8491.0000,1590.0000,904.0001,8516.0000
Block_Platform_1B,2190.0000,904.0001,8491.0000,1590.0000,904.0001,8516.0000,2190.0000,904.0001,8516.0000
Block_Platform_1B,1590.0000,904.0001,8516.0000,989.9999,904.0001,8516.0000,989.9999,904.0001,9066.0000
Block_Platform_1B,1590.0000,904.0001,8516.0000,989.9999,904.0001,9066.0000,1590.0000,904.0001,9066.0000
Block_Platform_1B,2190.0000,904.0001,8516.0000,1590.0000,904.0001,8516.0000,1590.0000,904.0001,9066.0000
Block_Platform_1B,2190.0000,904.0001,8516.0000,1590.0000,904.0001,9066.0000,2190.0000,904.0001,9066.0000
Block_Platform_1B,2190.0000,904.0001,8491.0000,2190.0000,503.9999,8491.0000,1590.0000,503.9999,8491.0000
Block_Platform_1B,2190.0000,904.0001,8491.0000,1590.0000,503.9999,8491.0000,1590.0000,904.0001,8491.0000
Block_Platform_1B,1590.0000,904.0001,8491.0000,1590.0000,503.9999,8491.0000,989.9999,503.9999,8491.0000
Block_Platform_1B,1590.0000,904.0001,8491.0000,989.9999,503.9999,8491.0000,989.9999,904.0001,8491.0000
Block_Platform_1B,2190.0000,904.0001,9066.0000,1590.0000,904.0001,9091.0000,2190.0000,904.0001,9091.0000
Block_Platform_1B,2190.0000,904.0001,9066.0000,1590.0000,904.0001,9066.0000,1590.0000,904.0001,9091.0000
Block_Platform_1B,1590.0000,904.0001,9066.0000,989.9999,904.0001,9091.0000,1590.0000,904.0001,9091.0000
Block_Platform_1B,1590.0000,904.0001,9066.0000,989.9999,904.0001,9066.0000,989.9999,904.0001,9091.0000
Block_Platform_1B,-210.0000,904.0001,9066.0000,-210.0000,503.9999,9066.0000,-210.0000,503.9999,9091.0000
Block_Platform_1B,-210.0000,904.0001,9066.0000,-210.0000,503.9999,9091.0000,-210.0000,904.0001,9091.0000
Block_Platform_1B,390.0000,904.0001,8491.0000,-210.0000,503.9999,8491.0000,-210.0000,904.0001,8491.0000
Block_Platform_1B,390.0000,904.0001,8491.0000,390.0000,503.9999,8491.0000,-210.0000,503.9999,8491.0000
Block_Platform_1B,989.9999,904.0001,8491.0000,390.0000,503.9999,8491.0000,390.0000,904.0001,8491.0000
Block_Platform_1B,989.9999,904.0001,8491.0000,989.9999,503.9999,8491.0000,390.0000,503.9999,8491.0000
Block_Platform_1B,390.0000,904.0001,9066.0000,-210.0000,904.0001,9066.0000,-210.0000,904.0001,9091.0000
Block_Platform_1B,390.0000,904.0001,9066.0000,-210.0000,904.0001,9091.0000,390.0000,904.0001,9091.0000
Block_Platform_1B,989.9999,904.0001,9066.0000,390.0000,904.0001,9066.0000,390.0000,904.0001,9091.0000
Block_Platform_1B,989.9999,904.0001,9066.0000,390.0000,904.0001,9091.0000,989.9999,904.0001,9091.0000
Block_Platform_1B,-210.0000,904.0001,8491.0000,-210.0000,503.9999,8491.0000,-210.0000,503.9999,8516.0000
Block_Platform_1B,-210.0000,904.0001,8491.0000,-210.0000,503.9999,8516.0000,-210.0000,904.0001,8516.0000
Block_Platform_1B,-210.0000,904.0001,8516.0000,-210.0000,503.9999,8516.0000,-210.0000,503.9999,9066.0000
Block_Platform_1B,-210.0000,904.0001,8516.0000,-210.0000,503.9999,9066.0000,-210.0000,904.0001,9066.0000
Block_Platform_1B,390.0000,904.0001,8491.0000,-210.0000,904.0001,8491.0000,-210.0000,904.0001,8516.0000
Block_Platform_1B,390.0000,904.0001,8491.0000,-210.0000,904.0001,8516.0000,390.0000,904.0001,8516.0000
Block_Platform_1B,989.9999,904.0001,8491.0000,390.0000,904.0001,8491.0000,390.0000,904.0001,8516.0000
Block_Platform_1B,989.9999,904.0001,8491.0000,390.0000,904.0001,8516.0000,989.9999,904.0001,8516.0000
Block_Platform_1B,390.0000,904.0001,8516.0000,-210.0000,904.0001,8516.0000,-210.0000,904.0001,9066.0000
Block_Platform_1B,390.0000,904.0001,8516.0000,-210.0000,904.0001,9066.0000,390.0000,904.0001,9066.0000
Block_Platform_1B,989.9999,904.0001,8516.0000,390.0000,904.0001,8516.0000,390.0000,904.0001,9066.0000
Block_Platform_1B,989.9999,904.0001,8516.0000,390.0000,904.0001,9066.0000,989.9999,904.0001,9066.0000
Block_Platform_1B,-210.0000,904.0001,9091.0000,-210.0000,503.9999,9091.0000,390.0000,503.9999,9091.0000
Block_Platform_1B,-210.0000,904.0001,9091.0000,390.0000,503.9999,9091.0000,390.0000,904.0001,9091.0000
Block_Platform_1B,390.0000,904.0001,9091.0000,390.0000,503.9999,9091.0000,989.9999,503.9999,9091.0000
Block_Platform_1B,390.0000,904.0001,9091.0000,989.9999,503.9999,9091.0000,989.9999,904.0001,9091.0000
Block_Platform_1B,-210.0000,503.9999,9066.0000,390.0000,503.9999,9091.0000,-210.0000,503.9999,9091.0000
Block_Platform_1B,-210.0000,503.9999,9066.0000,390.0000,503.9999,9066.0000,390.0000,503.9999,9091.0000
Block_Platform_1B,390.0000,503.9999,9066.0000,989.9999,503.9999,9091.0000,390.0000,503.9999,9091.0000
Block_Platform_1B,390.0000,503.9999,9066.0000,989.9999,503.9999,9066.0000,989.9999,503.9999,9091.0000
Block_Platform_1B,-210.0000,503.9999,8491.0000,390.0000,503.9999,8516.0000,-210.0000,503.9999,8516.0000
Block_Platform_1B,-210.0000,503.9999,8491.0000,390.0000,503.9999,8491.0000,390.0000,503.9999,8516.0000
Block_Platform_1B,390.0000,503.9999,8491.0000,989.9999,503.9999,8516.0000,390.0000,503.9999,8516.0000
Block_Platform_1B,390.0000,503.9999,8491.0000,989.9999,503.9999,8491.0000,989.9999,503.9999,8516.0000
Block_Platform_1B,-210.0000,503.9999,8516.0000,390.0000,503.9999,9066.0000,-210.0000,503.9999,9066.0000
Block_Platform_1B,-210.0000,503.9999,8516.0000,390.0000,503.9999,8516.0000,390.0000,503.9999,9066.0000
Block_Platform_1B,390.0000,503.9999,8516.0000,989.9999,503.9999,9066.0000,390.0000,503.9999,9066.0000
Block_Platform_1B,390.0000,503.9999,8516.0000,989.9999,503.9999,8516.0000,989.9999,503.9999,9066.0000
Block_Platform_1B,989.9999,904.0001,9066.0000,989.9999,503.9999,9066.0000,989.9999,503.9999,9091.0000
Block_Platform_1B,989.9999,904.0001,9066.0000,989.9999,503.9999,9091.0000,989.9999,904.0001,9091.0000
Block_Platform_1B,989.9999,904.0001,8491.0000,989.9999,503.9999,8491.0000,989.9999,503.9999,8516.0000
Block_Platform_1B,989.9999,904.0001,8491.0000,989.9999,503.9999,8516.0000,989.9999,904.0001,8516.0000
Block_Platform_1B,989.9999,904.0001,8516.0000,989.9999,503.9999,8516.0000,989.9999,503.9999,9066.0000
Block_Platform_1B,989.9999,904.0001,8516.0000,989.9999,503.9999,9066.0000,989.9999,904.0001,9066.0000
Block_Platform_1B,-707.0000,904.0001,9091.0000,-107.0000,503.9999,9091.0000,-107.0000,904.0001,9091.0000
Block_Platform_1B,-707.0000,904.0001,9091.0000,-707.0000,503.9999,9091.0000,-107.0000,503.9999,9091.0000
Block_Platform_1B,-1307.0000,904.0001,9091.0000,-707.0000,503.9999,9091.0000,-707.0000,904.0001,9091.0000
Block_Platform_1B,-1307.0000,904.0001,9091.0000,-1307.0000,503.9999,9091.0000,-707.0000,503.9999,9091.0000
Block_Platform_1B,-107.0000,904.0001,8516.0000,-107.0000,503.9999,8516.0000,-107.0000,503.9999,8491.0000
Block_Platform_1B,-107.0000,904.0001,8516.0000,-107.0000,503.9999,8491.0000,-107.0000,904.0001,8491.0000
Block_Platform_1B,-707.0000,503.9999,9066.0000,-107.0000,503.9999,9066.0000,-107.0000,503.9999,9091.0000
Block_Platform_1B,-707.0000,503.9999,9066.0000,-107.0000,503.9999,9091.0000,-707.0000,503.9999,9091.0000
Block_Platform_1B,-1307.0000,503.9999,9066.0000,-707.0000,503.9999,9066.0000,-707.0000,503.9999,9091.0000
Block_Platform_1B,-1307.0000,503.9999,9066.0000,-707.0000,503.9999,9091.0000,-1307.0000,503.9999,9091.0000
Block_Platform_1B,-107.0000,904.0001,9091.0000,-107.0000,503.9999,9091.0000,-107.0000,503.9999,9066.0000
Block_Platform_1B,-107.0000,904.0001,9091.0000,-107.0000,503.9999,9066.0000,-107.0000,904.0001,9066.0000
Block_Platform_1B,-107.0000,904.0001,9066.0000,-107.0000,503.9999,9066.0000,-107.0000,503.9999,8516.0000
Block_Platform_1B,-107.0000,904.0001,9066.0000,-107.0000,503.9999,8516.0000,-107.0000,904.0001,8516.0000
Block_Platform_1B,-707.0000,503.9999,8491.0000,-107.0000,503.9999,8491.0000,-107.0000,503.9999,8516.0000
Block_Platform_1B,-707.0000,503.9999,8491.0000,-107.0000,503.9999,8516.0000,-707.0000,503.9999,8516.0000
Block_Platform_1B,-1307.0000,503.9999,8491.0000,-707.0000,503.9999,8491.0000,-707.0000,503.9999,8516.0000
Block_Platform_1B,-1307.0000,503.9999,8491.0000,-707.0000,503.9999,8516.0000,-1307.0000,503.9999,8516.0000
Block_Platform_1B,-707.0000,503.9999,8516.0000,-107.0000,503.9999,8516.0000,-107.0000,503.9999,9066.0000
Block_Platform_1B,-707.0000,503.9999,8516.0000,-107.0000,503.9999,9066.0000,-707.0000,503.9999,9066.0000
Block_Platform_1B,-1307.0000,503.9999,8516.0000,-707.0000,503.9999,8516.0000,-707.0000,503.9999,9066.0000
Block_Platform_1B,-1307.0000,503.9999,8516.0000,-707.0000,503.9999,9066.0000,-1307.0000,503.9999,9066.0000
Block_Platform_1B,-707.0000,904.0001,8491.0000,-1307.0000,904.0001,8491.0000,-1307.0000,904.0001,8516.0000
Block_Platform_1B,-707.0000,904.0001,8491.0000,-1307.0000,904.0001,8516.0000,-707.0000,904.0001,8516.0000
Block_Platform_1B,-107.0000,904.0001,8491.0000,-707.0000,904.0001,8491.0000,-707.0000,904.0001,8516.0000
Block_Platform_1B,-107.0000,904.0001,8491.0000,-707.0000,904.0001,8516.0000,-107.0000,904.0001,8516.0000
Block_Platform_1B,-707.0000,904.0001,8516.0000,-1307.0000,904.0001,8516.0000,-1307.0000,904.0001,9066.0000
Block_Platform_1B,-707.0000,904.0001,8516.0000,-1307.0000,904.0001,9066.0000,-707.0000,904.0001,9066.0000
Block_Platform_1B,-107.0000,904.0001,8516.0000,-707.0000,904.0001,8516.0000,-707.0000,904.0001,9066.0000
Block_Platform_1B,-107.0000,904.0001,8516.0000,-707.0000,904.0001,9066.0000,-107.0000,904.0001,9066.0000
Block_Platform_1B,-107.0000,904.0001,8491.0000,-107.0000,503.9999,8491.0000,-707.0000,503.9999,8491.0000
Block_Platform_1B,-107.0000,904.0001,8491.0000,-707.0000,503.9999,8491.0000,-707.0000,904.0001,8491.0000
Block_Platform_1B,-707.0000,904.0001,8491.0000,-707.0000,503.9999,8491.0000,-1307.0000,503.9999,8491.0000
Block_Platform_1B,-707.0000,904.0001,8491.0000,-1307.0000,503.9999,8491.0000,-1307.0000,904.0001,8491.0000
Block_Platform_1B,-107.0000,904.0001,9066.0000,-707.0000,904.0001,9091.0000,-107.0000,904.0001,9091.0000
Block_Platform_1B,-107.0000,904.0001,9066.0000,-707.0000,904.0001,9066.0000,-707.0000,904.0001,9091.0000
Block_Platform_1B,-707.0000,904.0001,9066.0000,-1307.0000,904.0001,9091.0000,-707.0000,904.0001,9091.0000
Block_Platform_1B,-707.0000,904.0001,9066.0000,-1307.0000,904.0001,9066.0000,-1307.0000,904.0001,9091.0000
Block_Platform_1B,-2507.0000,904.0001,9066.0000,-2507.0000,503.9999,9066.0000,-2507.0000,503.9999,9091.0000
Block_Platform_1B,-2507.0000,904.0001,9066.0000,-2507.0000,503.9999,9091.0000,-2507.0000,904.0001,9091.0000
Block_Platform_1B,-1907.0000,904.0001,8491.0000,-2507.0000,503.9999,8491.0000,-2507.0000,904.0001,8491.0000
Block_Platform_1B,-1907.0000,904.0001,8491.0000,-1907.0000,503.9999,8491.0000,-2507.0000,503.9999,8491.0000
Block_Platform_1B,-1307.0000,904.0001,8491.0000,-1907.0000,503.9999,8491.0000,-1907.0000,904.0001,8491.0000
Block_Platform_1B,-1307.0000,904.0001,8491.0000,-1307.0000,503.9999,8491.0000,-1907.0000,503.9999,8491.0000
Block_Platform_1B,-1907.0000,904.0001,9066.0000,-2507.0000,904.0001,9066.0000,-2507.0000,904.0001,9091.0000
Block_Platform_1B,-1907.0000,904.0001,9066.0000,-2507.0000,904.0001,9091.0000,-1907.0000,904.0001,9091.0000
Block_Platform_1B,-1307.0000,904.0001,9066.0000,-1907.0000,904.0001,9066.0000,-1907.0000,904.0001,9091.0000
Block_Platform_1B,-1307.0000,904.0001,9066.0000,-1907.0000,904.0001,9091.0000,-1307.0000,904.0001,9091.0000
Block_Platform_1B,-2507.0000,904.0001,8491.0000,-2507.0000,503.9999,8491.0000,-2507.0000,503.9999,8516.0000
Block_Platform_1B,-2507.0000,904.0001,8491.0000,-2507.0000,503.9999,8516.0000,-2507.0000,904.0001,8516.0000
Block_Platform_1B,-2507.0000,904.0001,8516.0000,-2507.0000,503.9999,8516.0000,-2507.0000,503.9999,9066.0000
Block_Platform_1B,-2507.0000,904.0001,8516.0000,-2507.0000,503.9999,9066.0000,-2507.0000,904.0001,9066.0000
Block_Platform_1B,-1907.0000,904.0001,8491.0000,-2507.0000,904.0001,8491.0000,-2507.0000,904.0001,8516.0000
Block_Platform_1B,-1907.0000,904.0001,8491.0000,-2507.0000,904.0001,8516.0000,-1907.0000,904.0001,8516.0000
Block_Platform_1B,-1307.0000,904.0001,8491.0000,-1907.0000,904.0001,8491.0000,-1907.0000,904.0001,8516.0000
Block_Platform_1B,-1307.0000,904.0001,8491.0000,-1907.0000,904.0001,8516.0000,-1307.0000,904.0001,8516.0000
Block_Platform_1B,-1907.0000,904.0001,8516.0000,-2507.0000,904.0001,8516.0000,-2507.0000,904.0001,9066.0000
Block_Platform_1B,-1907.0000,904.0001,8516.0000,-2507.0000,904.0001,9066.0000,-1907.0000,904.0001,9066.0000
Block_Platform_1B,-1307.0000,904.0001,8516.0000,-1907.0000,904.0001,8516.0000,-1907.0000,904.0001,9066.0000
Block_Platform_1B,-1307.0000,904.0001,8516.0000,-1907.0000,904.0001,9066.0000,-1307.0000,904.0001,9066.0000
Block_Platform_1B,-2507.0000,904.0001,9091.0000,-2507.0000,503.9999,9091.0000,-1907.0000,503.9999,9091.0000
Block_Platform_1B,-2507.0000,904.0001,9091.0000,-1907.0000,503.9999,9091.0000,-1907.0000,904.0001,9091.0000
Block_Platform_1B,-1907.0000,904.0001,9091.0000,-1907.0000,503.9999,9091.0000,-1307.0000,503.9999,9091.0000
Block_Platform_1B,-1907.0000,904.0001,9091.0000,-1307.0000,503.9999,9091.0000,-1307.0000,904.0001,9091.0000
Block_Platform_1B,-2507.0000,503.9999,9066.0000,-1907.0000,503.9999,9091.0000,-2507.0000,503.9999,9091.0000
Block_Platform_1B,-2507.0000,503.9999,9066.0000,-1907.0000,503.9999,9066.0000,-1907.0000,503.9999,9091.0000
Block_Platform_1B,-1907.0000,503.9999,9066.0000,-1307.0000,503.9999,9091.0000,-1907.0000,503.9999,9091.0000
Block_Platform_1B,-1907.0000,503.9999,9066.0000,-1307.0000,503.9999,9066.0000,-1307.0000,503.9999,9091.0000
Block_Platform_1B,-2507.0000,503.9999,8491.0000,-1907.0000,503.9999,8516.0000,-2507.0000,503.9999,8516.0000
Block_Platform_1B,-2507.0000,503.9999,8491.0000,-1907.0000,503.9999,8491.0000,-1907.0000,503.9999,8516.0000
Block_Platform_1B,-1907.0000,503.9999,8491.0000,-1307.0000,503.9999,8516.0000,-1907.0000,503.9999,8516.0000
Block_Platform_1B,-1907.0000,503.9999,8491.0000,-1307.0000,503.9999,8491.0000,-1307.0000,503.9999,8516.0000
Block_Platform_1B,-2507.0000,503.9999,8516.0000,-1907.0000,503.9999,9066.0000,-2507.0000,503.9999,9066.0000
Block_Platform_1B,-2507.0000,503.9999,8516.0000,-1907.0000,503.9999,8516.0000,-1907.0000,503.9999,9066.0000
Block_Platform_1B,-1907.0000,503.9999,8516.0000,-1307.0000,503.9999,9066.0000,-1907.0000,503.9999,9066.0000
Block_Platform_1B,-1907.0000,503.9999,8516.0000,-1307.0000,503.9999,8516.0000,-1307.0000,503.9999,9066.0000
Block_Platform_1B,-1307.0000,904.0001,9066.0000,-1307.0000,503.9999,9066.0000,-1307.0000,503.9999,9091.0000
Block_Platform_1B,-1307.0000,904.0001,9066.0000,-1307.0000,503.9999,9091.0000,-1307.0000,904.0001,9091.0000
Block_Platform_1B,-1307.0000,904.0001,8491.0000,-1307.0000,503.9999,8491.0000,-1307.0000,503.9999,8516.0000
Block_Platform_1B,-1307.0000,904.0001,8491.0000,-1307.0000,503.9999,8516.0000,-1307.0000,904.0001,8516.0000
Block_Platform_1B,-1307.0000,904.0001,8516.0000,-1307.0000,503.9999,8516.0000,-1307.0000,503.9999,9066.0000
Block_Platform_1B,-1307.0000,904.0001,8516.0000,-1307.0000,503.9999,9066.0000,-1307.0000,904.0001,9066.0000
Block_Platform_1B,5613.0000,904.0001,6168.0000,5613.0000,503.9999,5568.0000,5613.0000,904.0001,5568.0000
Block_Platform_1B,5613.0000,904.0001,6168.0000,5613.0000,503.9999,6168.0000,5613.0000,503.9999,5568.0000
Block_Platform_1B,5613.0000,904.0001,6768.0000,5613.0000,503.9999,6168.0000,5613.0000,904.0001,6168.0000
Block_Platform_1B,5613.0000,904.0001,6768.0000,5613.0000,503.9999,6768.0000,5613.0000,503.9999,6168.0000
Block_Platform_1B,5038.0000,904.0001,5568.0000,5038.0000,503.9999,5568.0000,5013.0000,503.9999,5568.0000
Block_Platform_1B,5038.0000,904.0001,5568.0000,5013.0000,503.9999,5568.0000,5013.0000,904.0001,5568.0000
Block_Platform_1B,5588.0000,503.9999,6168.0000,5588.0000,503.9999,5568.0000,5613.0000,503.9999,5568.0000
Block_Platform_1B,5588.0000,503.9999,6168.0000,5613.0000,503.9999,5568.0000,5613.0000,503.9999,6168.0000
Block_Platform_1B,5588.0000,503.9999,6768.0000,5588.0000,503.9999,6168.0000,5613.0000,503.9999,6168.0000
Block_Platform_1B,5588.0000,503.9999,6768.0000,5613.0000,503.9999,6168.0000,5613.0000,503.9999,6768.0000
Block_Platform_1B,5613.0000,904.0001,5568.0000,5613.0000,503.9999,5568.0000,5588.0000,503.9999,5568.0000
Block_Platform_1B,5613.0000,904.0001,5568.0000,5588.0000,503.9999,5568.0000,5588.0000,904.0001,5568.0000
Block_Platform_1B,5588.0000,904.0001,5568.0000,5588.0000,503.9999,5568.0000,5038.0000,503.9999,5568.0000
Block_Platform_1B,5588.0000,904.0001,5568.0000,5038.0000,503.9999,5568.0000,5038.0000,904.0001,5568.0000
Block_Platform_1B,5013.0000,503.9999,6168.0000,5013.0000,503.9999,5568.0000,5038.0000,503.9999,5568.0000
Block_Platform_1B,5013.0000,503.9999,6168.0000,5038.0000,503.9999,5568.0000,5038.0000,503.9999,6168.0000
Block_Platform_1B,5013.0000,503.9999,6768.0000,5013.0000,503.9999,6168.0000,5038.0000,503.9999,6168.0000
Block_Platform_1B,5013.0000,503.9999,6768.0000,5038.0000,503.9999,6168.0000,5038.0000,503.9999,6768.0000
Block_Platform_1B,5038.0000,503.9999,6168.0000,5038.0000,503.9999,5568.0000,5588.0000,503.9999,5568.0000
Block_Platform_1B,5038.0000,503.9999,6168.0000,5588.0000,503.9999,5568.0000,5588.0000,503.9999,6168.0000
Block_Platform_1B,5038.0000,503.9999,6768.0000,5038.0000,503.9999,6168.0000,5588.0000,503.9999,6168.0000
Block_Platform_1B,5038.0000,503.9999,6768.0000,5588.0000,503.9999,6168.0000,5588.0000,503.9999,6768.0000
Block_Platform_1B,5013.0000,904.0001,6168.0000,5013.0000,904.0001,6768.0000,5038.0000,904.0001,6768.0000
Block_Platform_1B,5013.0000,904.0001,6168.0000,5038.0000,904.0001,6768.0000,5038.0000,904.0001,6168.0000
Block_Platform_1B,5013.0000,904.0001,5568.0000,5013.0000,904.0001,6168.0000,5038.0000,904.0001,6168.0000
Block_Platform_1B,5013.0000,904.0001,5568.0000,5038.0000,904.0001,6168.0000,5038.0000,904.0001,5568.0000
Block_Platform_1B,5038.0000,904.0001,6168.0000,5038.0000,904.0001,6768.0000,5588.0000,904.0001,6768.0000
Block_Platform_1B,5038.0000,904.0001,6168.0000,5588.0000,904.0001,6768.0000,5588.0000,904.0001,6168.0000
Block_Platform_1B,5038.0000,904.0001,5568.0000,5038.0000,904.0001,6168.0000,5588.0000,904.0001,6168.0000
Block_Platform_1B,5038.0000,904.0001,5568.0000,5588.0000,904.0001,6168.0000,5588.0000,904.0001,5568.0000
Block_Platform_1B,5013.0000,904.0001,5568.0000,5013.0000,503.9999,5568.0000,5013.0000,503.9999,6168.0000
Block_Platform_1B,5013.0000,904.0001,5568.0000,5013.0000,503.9999,6168.0000,5013.0000,904.0001,6168.0000
Block_Platform_1B,5013.0000,904.0001,6168.0000,5013.0000,503.9999,6168.0000,5013.0000,503.9999,6768.0000
Block_Platform_1B,5013.0000,904.0001,6168.0000,5013.0000,503.9999,6768.0000,5013.0000,904.0001,6768.0000
Block_Platform_1B,5588.0000,904.0001,5568.0000,5613.0000,904.0001,6168.0000,5613.0000,904.0001,5568.0000
Block_Platform_1B,5588.0000,904.0001,5568.0000,5588.0000,904.0001,6168.0000,5613.0000,904.0001,6168.0000
Block_Platform_1B,5588.0000,904.0001,6168.0000,5613.0000,904.0001,6768.0000,5613.0000,904.0001,6168.0000
Block_Platform_1B,5588.0000,904.0001,6168.0000,5588.0000,904.0001,6768.0000,5613.0000,904.0001,6768.0000
Block_Platform_1B,5588.0000,904.0001,7968.0000,5588.0000,503.9999,7968.0000,5613.0000,503.9999,7968.0000
Block_Platform_1B,5588.0000,904.0001,7968.0000,5613.0000,503.9999,7968.0000,5613.0000,904.0001,7968.0000
Block_Platform_1B,5013.0000,904.0001,7368.0000,5013.0000,503.9999,7968.0000,5013.0000,904.0001,7968.0000
Block_Platform_1B,5013.0000,904.0001,7368.0000,5013.0000,503.9999,7368.0000,5013.0000,503.9999,7968.0000
Block_Platform_1B,5013.0000,904.0001,6768.0000,5013.0000,503.9999,7368.0000,5013.0000,904.0001,7368.0000
Block_Platform_1B,5013.0000,904.0001,6768.0000,5013.0000,503.9999,6768.0000,5013.0000,503.9999,7368.0000
Block_Platform_1B,5588.0000,904.0001,7368.0000,5588.0000,904.0001,7968.0000,5613.0000,904.0001,7968.0000
Block_Platform_1B,5588.0000,904.0001,7368.0000,5613.0000,904.0001,7968.0000,5613.0000,904.0001,7368.0000
Block_Platform_1B,5588.0000,904.0001,6768.0000,5588.0000,904.0001,7368.0000,5613.0000,904.0001,7368.0000
Block_Platform_1B,5588.0000,904.0001,6768.0000,5613.0000,904.0001,7368.0000,5613.0000,904.0001,6768.0000
Block_Platform_1B,5013.0000,904.0001,7968.0000,5013.0000,503.9999,7968.0000,5038.0000,503.9999,7968.0000
Block_Platform_1B,5013.0000,904.0001,7968.0000,5038.0000,503.9999,7968.0000,5038.0000,904.0001,7968.0000
Block_Platform_1B,5038.0000,904.0001,7968.0000,5038.0000,503.9999,7968.0000,5588.0000,503.9999,7968.0000
Block_Platform_1B,5038.0000,904.0001,7968.0000,5588.0000,503.9999,7968.0000,5588.0000,904.0001,7968.0000
Block_Platform_1B,5013.0000,904.0001,7368.0000,5013.0000,904.0001,7968.0000,5038.0000,904.0001,7968.0000
Block_Platform_1B,5013.0000,904.0001,7368.0000,5038.0000,904.0001,7968.0000,5038.0000,904.0001,7368.0000
Block_Platform_1B,5013.0000,904.0001,6768.0000,5013.0000,904.0001,7368.0000,5038.0000,904.0001,7368.0000
Block_Platform_1B,5013.0000,904.0001,6768.0000,5038.0000,904.0001,7368.0000,5038.0000,904.0001,6768.0000
Block_Platform_1B,5038.0000,904.0001,7368.0000,5038.0000,904.0001,7968.0000,5588.0000,904.0001,7968.0000
Block_Platform_1B,5038.0000,904.0001,7368.0000,5588.0000,904.0001,7968.0000,5588.0000,904.0001,7368.0000
Block_Platform_1B,5038.0000,904.0001,6768.0000,5038.0000,904.0001,7368.0000,5588.0000,904.0001,7368.0000
Block_Platform_1B,5038.0000,904.0001,6768.0000,5588.0000,904.0001,7368.0000,5588.0000,904.0001,6768.0000
Block_Platform_1B,5613.0000,904.0001,7968.0000,5613.0000,503.9999,7968.0000,5613.0000,503.9999,7368.0000
Block_Platform_1B,5613.0000,904.0001,7968.0000,5613.0000,503.9999,7368.0000,5613.0000,904.0001,7368.0000
Block_Platform_1B,5613.0000,904.0001,7368.0000,5613.0000,503.9999,7368.0000,5613.0000,503.9999,6768.0000
Block_Platform_1B,5613.0000,904.0001,7368.0000,5613.0000,503.9999,6768.0000,5613.0000,904.0001,6768.0000
Block_Platform_1B,5588.0000,503.9999,7968.0000,5613.0000,503.9999,7368.0000,5613.0000,503.9999,7968.0000
Block_Platform_1B,5588.0000,503.9999,7968.0000,5588.0000,503.9999,7368.0000,5613.0000,503.9999,7368.0000
Block_Platform_1B,5588.0000,503.9999,7368.0000,5613.0000,503.9999,6768.0000,5613.0000,503.9999,7368.0000
Block_Platform_1B,5588.0000,503.9999,7368.0000,5588.0000,503.9999,6768.0000,5613.0000,503.9999,6768.0000
Block_Platform_1B,5013.0000,503.9999,7968.0000,5038.0000,503.9999,7368.0000,5038.0000,503.9999,7968.0000
Block_Platform_1B,5013.0000,503.9999,7968.0000,5013.0000,503.9999,7368.0000,5038.0000,503.9999,7368.0000
Block_Platform_1B,5013.0000,503.9999,7368.0000,5038.0000,503.9999,6768.0000,5038.0000,503.9999,7368.0000
Block_Platform_1B,5013.0000,503.9999,7368.0000,5013.0000,503.9999,6768.0000,5038.0000,503.9999,6768.0000
Block_Platform_1B,5038.0000,503.9999,7968.0000,5588.0000,503.9999,7368.0000,5588.0000,503.9999,7968.0000
Block_Platform_1B,5038.0000,503.9999,7968.0000,5038.0000,503.9999,7368.0000,5588.0000,503.9999,7368.0000
Block_Platform_1B,5038.0000,503.9999,7368.0000,5588.0000,503.9999,6768.0000,5588.0000,503.9999,7368.0000
Block_Platform_1B,5038.0000,503.9999,7368.0000,5038.0000,503.9999,6768.0000,5588.0000,503.9999,6768.0000
Block_Platform_1B,5588.0000,904.0001,6768.0000,5588.0000,503.9999,6768.0000,5613.0000,503.9999,6768.0000
Block_Platform_1B,5588.0000,904.0001,6768.0000,5613.0000,503.9999,6768.0000,5613.0000,904.0001,6768.0000
Block_Platform_1B,5013.0000,904.0001,6768.0000,5013.0000,503.9999,6768.0000,5038.0000,503.9999,6768.0000
Block_Platform_1B,5013.0000,904.0001,6768.0000,5038.0000,503.9999,6768.0000,5038.0000,904.0001,6768.0000
Block_Platform_1B,5038.0000,904.0001,6768.0000,5038.0000,503.9999,6768.0000,5588.0000,503.9999,6768.0000
Block_Platform_1B,5038.0000,904.0001,6768.0000,5588.0000,503.9999,6768.0000,5588.0000,904.0001,6768.0000
Block_Platform_1B,5598.8760,904.0001,3871.0180,5598.8760,503.9999,3271.0180,5598.8760,904.0001,3271.0180
Block_Platform_1B,5598.8760,904.0001,3871.0180,5598.8760,503.9999,3871.0180,5598.8760,503.9999,3271.0180
Block_Platform_1B,5598.8760,904.0001,4471.0180,5598.8760,503.9999,3871.0180,5598.8760,904.0001,3871.0180
Block_Platform_1B,5598.8760,904.0001,4471.0180,5598.8760,503.9999,4471.0180,5598.8760,503.9999,3871.0180
Block_Platform_1B,5023.8760,904.0001,3271.0180,5023.8760,503.9999,3271.0180,4998.8760,503.9999,3271.0180
Block_Platform_1B,5023.8760,904.0001,3271.0180,4998.8760,503.9999,3271.0180,4998.8760,904.0001,3271.0180
Block_Platform_1B,5573.8760,503.9999,3871.0180,5573.8760,503.9999,3271.0180,5598.8760,503.9999,3271.0180
Block_Platform_1B,5573.8760,503.9999,3871.0180,5598.8760,503.9999,3271.0180,5598.8760,503.9999,3871.0180
Block_Platform_1B,5573.8760,503.9999,4471.0180,5573.8760,503.9999,3871.0180,5598.8760,503.9999,3871.0180
Block_Platform_1B,5573.8760,503.9999,4471.0180,5598.8760,503.9999,3871.0180,5598.8760,503.9999,4471.0180
Block_Platform_1B,5598.8760,904.0001,3271.0180,5598.8760,503.9999,3271.0180,5573.8760,503.9999,3271.0180
Block_Platform_1B,5598.8760,904.0001,3271.0180,5573.8760,503.9999,3271.0180,5573.8760,904.0001,3271.0180
Block_Platform_1B,5573.8760,904.0001,3271.0180,5573.8760,503.9999,3271.0180,5023.8760,503.9999,3271.0180
Block_Platform_1B,5573.8760,904.0001,3271.0180,5023.8760,503.9999,3271.0180,5023.8760,904.0001,3271.0180
Block_Platform_1B,4998.8760,503.9999,3871.0180,4998.8760,503.9999,3271.0180,5023.8760,503.9999,3271.0180
Block_Platform_1B,4998.8760,503.9999,3871.0180,5023.8760,503.9999,3271.0180,5023.8760,503.9999,3871.0180
Block_Platform_1B,4998.8760,503.9999,4471.0180,4998.8760,503.9999,3871.0180,5023.8760,503.9999,3871.0180
Block_Platform_1B,4998.8760,503.9999,4471.0180,5023.8760,503.9999,3871.0180,5023.8760,503.9999,4471.0180
Block_Platform_1B,5023.8760,503.9999,3871.0180,5023.8760,503.9999,3271.0180,5573.8760,503.9999,3271.0180
Block_Platform_1B,5023.8760,503.9999,3871.0180,5573.8760,503.9999,3271.0180,5573.8760,503.9999,3871.0180
Block_Platform_1B,5023.8760,503.9999,4471.0180,5023.8760,503.9999,3871.0180,5573.8760,503.9999,3871.0180
Block_Platform_1B,5023.8760,503.9999,4471.0180,5573.8760,503.9999,3871.0180,5573.8760,503.9999,4471.0180
Block_Platform_1B,4998.8760,904.0001,3871.0180,4998.8760,904.0001,4471.0180,5023.8760,904.0001,4471.0180
Block_Platform_1B,4998.8760,904.0001,3871.0180,5023.8760,904.0001,4471.0180,5023.8760,904.0001,3871.0180
Block_Platform_1B,4998.8760,904.0001,3271.0180,4998.8760,904.0001,3871.0180,5023.8760,904.0001,3871.0180
Block_Platform_1B,4998.8760,904.0001,3271.0180,5023.8760,904.0001,3871.0180,5023.8760,904.0001,3271.0180
Block_Platform_1B,5023.8760,904.0001,3871.0180,5023.8760,904.0001,4471.0180,5573.8760,904.0001,4471.0180
Block_Platform_1B,5023.8760,904.0001,3871.0180,5573.8760,904.0001,4471.0180,5573.8760,904.0001,3871.0180
Block_Platform_1B,5023.8760,904.0001,3271.0180,5023.8760,904.0001,3871.0180,5573.8760,904.0001,3871.0180
Block_Platform_1B,5023.8760,904.0001,3271.0180,5573.8760,904.0001,3871.0180,5573.8760,904.0001,3271.0180
Block_Platform_1B,4998.8760,904.0001,3271.0180,4998.8760,503.9999,3271.0180,4998.8760,503.9999,3871.0180
Block_Platform_1B,4998.8760,904.0001,3271.0180,4998.8760,503.9999,3871.0180,4998.8760,904.0001,3871.0180
Block_Platform_1B,4998.8760,904.0001,3871.0180,4998.8760,503.9999,3871.0180,4998.8760,503.9999,4471.0180
Block_Platform_1B,4998.8760,904.0001,3871.0180,4998.8760,503.9999,4471.0180,4998.8760,904.0001,4471.0180
Block_Platform_1B,5573.8760,904.0001,3271.0180,5598.8760,904.0001,3871.0180,5598.8760,904.0001,3271.0180
Block_Platform_1B,5573.8760,904.0001,3271.0180,5573.8760,904.0001,3871.0180,5598.8760,904.0001,3871.0180
Block_Platform_1B,5573.8760,904.0001,3871.0180,5598.8760,904.0001,4471.0180,5598.8760,904.0001,3871.0180
Block_Platform_1B,5573.8760,904.0001,3871.0180,5573.8760,904.0001,4471.0180,5598.8760,904.0001,4471.0180
Block_Platform_1B,5573.8760,904.0001,5671.0180,5573.8760,503.9999,5671.0180,5598.8760,503.9999,5671.0180
Block_Platform_1B,5573.8760,904.0001,5671.0180,5598.8760,503.9999,5671.0180,5598.8760,904.0001,5671.0180
Block_Platform_1B,4998.8760,904.0001,5071.0180,4998.8760,503.9999,5671.0180,4998.8760,904.0001,5671.0180
Block_Platform_1B,4998.8760,904.0001,5071.0180,4998.8760,503.9999,5071.0180,4998.8760,503.9999,5671.0180
Block_Platform_1B,4998.8760,904.0001,4471.0180,4998.8760,503.9999,5071.0180,4998.8760,904.0001,5071.0180
Block_Platform_1B,4998.8760,904.0001,4471.0180,4998.8760,503.9999,4471.0180,4998.8760,503.9999,5071.0180
Block_Platform_1B,5573.8760,904.0001,5071.0180,5573.8760,904.0001,5671.0180,5598.8760,904.0001,5671.0180
Block_Platform_1B,5573.8760,904.0001,5071.0180,5598.8760,904.0001,5671.0180,5598.8760,904.0001,5071.0180
Block_Platform_1B,5573.8760,904.0001,4471.0180,5573.8760,904.0001,5071.0180,5598.8760,904.0001,5071.0180
Block_Platform_1B,5573.8760,904.0001,4471.0180,5598.8760,904.0001,5071.0180,5598.8760,904.0001,4471.0180
Block_Platform_1B,4998.8760,904.0001,5671.0180,4998.8760,503.9999,5671.0180,5023.8760,503.9999,5671.0180
Block_Platform_1B,4998.8760,904.0001,5671.0180,5023.8760,503.9999,5671.0180,5023.8760,904.0001,5671.0180
Block_Platform_1B,5023.8760,904.0001,5671.0180,5023.8760,503.9999,5671.0180,5573.8760,503.9999,5671.0180
Block_Platform_1B,5023.8760,904.0001,5671.0180,5573.8760,503.9999,5671.0180,5573.8760,904.0001,5671.0180
Block_Platform_1B,4998.8760,904.0001,5071.0180,4998.8760,904.0001,5671.0180,5023.8760,904.0001,5671.0180
Block_Platform_1B,4998.8760,904.0001,5071.0180,5023.8760,904.0001,5671.0180,5023.8760,904.0001,5071.0180
Block_Platform_1B,4998.8760,904.0001,4471.0180,4998.8760,904.0001,5071.0180,5023.8760,904.0001,5071.0180
Block_Platform_1B,4998.8760,904.0001,4471.0180,5023.8760,904.0001,5071.0180,5023.8760,904.0001,4471.0180
Block_Platform_1B,5023.8760,904.0001,5071.0180,5023.8760,904.0001,5671.0180,5573.8760,904.0001,5671.0180
Block_Platform_1B,5023.8760,904.0001,5071.0180,5573.8760,904.0001,5671.0180,5573.8760,904.0001,5071.0180
Block_Platform_1B,5023.8760,904.0001,4471.0180,5023.8760,904.0001,5071.0180,5573.8760,904.0001,5071.0180
Block_Platform_1B,5023.8760,904.0001,4471.0180,5573.8760,904.0001,5071.0180,5573.8760,904.0001,4471.0180
Block_Platform_1B,5598.8760,904.0001,5671.0180,5598.8760,503.9999,5671.0180,5598.8760,503.9999,5071.0180
Block_Platform_1B,5598.8760,904.0001,5671.0180,5598.8760,503.9999,5071.0180,5598.8760,904.0001,5071.0180
Block_Platform_1B,5598.8760,904.0001,5071.0180,5598.8760,503.9999,5071.0180,5598.8760,503.9999,4471.0180
Block_Platform_1B,5598.8760,904.0001,5071.0180,5598.8760,503.9999,4471.0180,5598.8760,904.0001,4471.0180
Block_Platform_1B,5573.8760,503.9999,5671.0180,5598.8760,503.9999,5071.0180,5598.8760,503.9999,5671.0180
Block_Platform_1B,5573.8760,503.9999,5671.0180,5573.8760,503.9999,5071.0180,5598.8760,503.9999,5071.0180
Block_Platform_1B,5573.8760,503.9999,5071.0180,5598.8760,503.9999,4471.0180,5598.8760,503.9999,5071.0180
Block_Platform_1B,5573.8760,503.9999,5071.0180,5573.8760,503.9999,4471.0180,5598.8760,503.9999,4471.0180
Block_Platform_1B,4998.8760,503.9999,5671.0180,5023.8760,503.9999,5071.0180,5023.8760,503.9999,5671.0180
Block_Platform_1B,4998.8760,503.9999,5671.0180,4998.8760,503.9999,5071.0180,5023.8760,503.9999,5071.0180
Block_Platform_1B,4998.8760,503.9999,5071.0180,5023.8760,503.9999,4471.0180,5023.8760,503.9999,5071.0180
Block_Platform_1B,4998.8760,503.9999,5071.0180,4998.8760,503.9999,4471.0180,5023.8760,503.9999,4471.0180
Block_Platform_1B,5023.8760,503.9999,5671.0180,5573.8760,503.9999,5071.0180,5573.8760,503.9999,5671.0180
Block_Platform_1B,5023.8760,503.9999,5671.0180,5023.8760,503.9999,5071.0180,5573.8760,503.9999,5071.0180
Block_Platform_1B,5023.8760,503.9999,5071.0180,5573.8760,503.9999,4471.0180,5573.8760,503.9999,5071.0180
Block_Platform_1B,5023.8760,503.9999,5071.0180,5023.8760,503.9999,4471.0180,5573.8760,503.9999,4471.0180
Block_Platform_1B,5573.8760,904.0001,4471.0180,5573.8760,503.9999,4471.0180,5598.8760,503.9999,4471.0180
Block_Platform_1B,5573.8760,904.0001,4471.0180,5598.8760,503.9999,4471.0180,5598.8760,904.0001,4471.0180
Block_Platform_1B,4998.8760,904.0001,4471.0180,4998.8760,503.9999,4471.0180,5023.8760,503.9999,4471.0180
Block_Platform_1B,4998.8760,904.0001,4471.0180,5023.8760,503.9999,4471.0180,5023.8760,904.0001,4471.0180
Block_Platform_1B,5023.8760,904.0001,4471.0180,5023.8760,503.9999,4471.0180,5573.8760,503.9999,4471.0180
Block_Platform_1B,5023.8760,904.0001,4471.0180,5573.8760,503.9999,4471.0180,5573.8760,904.0001,4471.0180
Block_Platform_1B,5584.2410,904.0001,1490.0630,5584.2410,503.9999,890.0633,5584.2410,904.0001,890.0633
Block_Platform_1B,5584.2410,904.0001,1490.0630,5584.2410,503.9999,1490.0630,5584.2410,503.9999,890.0633
Block_Platform_1B,5584.2410,904.0001,2090.0630,5584.2410,503.9999,1490.0630,5584.2410,904.0001,1490.0630
Block_Platform_1B,5584.2410,904.0001,2090.0630,5584.2410,503.9999,2090.0630,5584.2410,503.9999,1490.0630
Block_Platform_1B,5009.2410,904.0001,890.0633,5009.2410,503.9999,890.0633,4984.2410,503.9999,890.0633
Block_Platform_1B,5009.2410,904.0001,890.0633,4984.2410,503.9999,890.0633,4984.2410,904.0001,890.0633
Block_Platform_1B,5559.2410,503.9999,1490.0630,5559.2410,503.9999,890.0633,5584.2410,503.9999,890.0633
Block_Platform_1B,5559.2410,503.9999,1490.0630,5584.2410,503.9999,890.0633,5584.2410,503.9999,1490.0630
Block_Platform_1B,5559.2410,503.9999,2090.0630,5559.2410,503.9999,1490.0630,5584.2410,503.9999,1490.0630
Block_Platform_1B,5559.2410,503.9999,2090.0630,5584.2410,503.9999,1490.0630,5584.2410,503.9999,2090.0630
Block_Platform_1B,5584.2410,904.0001,890.0633,5584.2410,503.9999,890.0633,5559.2410,503.9999,890.0633
Block_Platform_1B,5584.2410,904.0001,890.0633,5559.2410,503.9999,890.0633,5559.2410,904.0001,890.0633
Block_Platform_1B,5559.2410,904.0001,890.0633,5559.2410,503.9999,890.0633,5009.2410,503.9999,890.0633
Block_Platform_1B,5559.2410,904.0001,890.0633,5009.2410,503.9999,890.0633,5009.2410,904.0001,890.0633
Block_Platform_1B,4984.2410,503.9999,1490.0630,4984.2410,503.9999,890.0633,5009.2410,503.9999,890.0633
Block_Platform_1B,4984.2410,503.9999,1490.0630,5009.2410,503.9999,890.0633,5009.2410,503.9999,1490.0630
Block_Platform_1B,4984.2410,503.9999,2090.0630,4984.2410,503.9999,1490.0630,5009.2410,503.9999,1490.0630
Block_Platform_1B,4984.2410,503.9999,2090.0630,5009.2410,503.9999,1490.0630,5009.2410,503.9999,2090.0630
Block_Platform_1B,5009.2410,503.9999,1490.0630,5009.2410,503.9999,890.0633,5559.2410,503.9999,890.0633
Block_Platform_1B,5009.2410,503.9999,1490.0630,5559.2410,503.9999,890.0633,5559.2410,503.9999,1490.0630
Block_Platform_1B,5009.2410,503.9999,2090.0630,5009.2410,503.9999,1490.0630,5559.2410,503.9999,1490.0630
Block_Platform_1B,5009.2410,503.9999,2090.0630,5559.2410,503.9999,1490.0630,5559.2410,503.9999,2090.0630
Block_Platform_1B,4984.2410,904.0001,1490.0630,4984.2410,904.0001,2090.0630,5009.2410,904.0001,2090.0630
Block_Platform_1B,4984.2410,904.0001,1490.0630,5009.2410,904.0001,2090.0630,5009.2410,904.0001,1490.0630
Block_Platform_1B,4984.2410,904.0001,890.0633,4984.2410,904.0001,1490.0630,5009.2410,904.0001,1490.0630
Block_Platform_1B,4984.2410,904.0001,890.0633,5009.2410,904.0001,1490.0630,5009.2410,904.0001,890.0633
Block_Platform_1B,5009.2410,904.0001,1490.0630,5009.2410,904.0001,2090.0630,5559.2410,904.0001,2090.0630
Block_Platform_1B,5009.2410,904.0001,1490.0630,5559.2410,904.0001,2090.0630,5559.2410,904.0001,1490.0630
Block_Platform_1B,5009.2410,904.0001,890.0633,5009.2410,904.0001,1490.0630,5559.2410,904.0001,1490.0630
Block_Platform_1B,5009.2410,904.0001,890.0633,5559.2410,904.0001,1490.0630,5559.2410,904.0001,890.0633
Block_Platform_1B,4984.2410,904.0001,890.0633,4984.2410,503.9999,890.0633,4984.2410,503.9999,1490.0630
Block_Platform_1B,4984.2410,904.0001,890.0633,4984.2410,503.9999,1490.0630,4984.2410,904.0001,1490.0630
Block_Platform_1B,4984.2410,904.0001,1490.0630,4984.2410,503.9999,1490.0630,4984.2410,503.9999,2090.0630
Block_Platform_1B,4984.2410,904.0001,1490.0630,4984.2410,503.9999,2090.0630,4984.2410,904.0001,2090.0630
Block_Platform_1B,5559.2410,904.0001,890.0633,5584.2410,904.0001,1490.0630,5584.2410,904.0001,890.0633
Block_Platform_1B,5559.2410,904.0001,890.0633,5559.2410,904.0001,1490.0630,5584.2410,904.0001,1490.0630
Block_Platform_1B,5559.2410,904.0001,1490.0630,5584.2410,904.0001,2090.0630,5584.2410,904.0001,1490.0630
Block_Platform_1B,5559.2410,904.0001,1490.0630,5559.2410,904.0001,2090.0630,5584.2410,904.0001,2090.0630
Block_Platform_1B,5559.2410,904.0001,3290.0630,5559.2410,503.9999,3290.0630,5584.2410,503.9999,3290.0630
Block_Platform_1B,5559.2410,904.0001,3290.0630,5584.2410,503.9999,3290.0630,5584.2410,904.0001,3290.0630
Block_Platform_1B,4984.2410,904.0001,2690.0630,4984.2400,503.9999,3290.0630,4984.2400,904.0001,3290.0630
Block_Platform_1B,4984.2410,904.0001,2690.0630,4984.2410,503.9999,2690.0630,4984.2400,503.9999,3290.0630
Block_Platform_1B,4984.2410,904.0001,2090.0630,4984.2410,503.9999,2690.0630,4984.2410,904.0001,2690.0630
Block_Platform_1B,4984.2410,904.0001,2090.0630,4984.2410,503.9999,2090.0630,4984.2410,503.9999,2690.0630
Block_Platform_1B,5559.2410,904.0001,2690.0630,5559.2410,904.0001,3290.0630,5584.2410,904.0001,3290.0630
Block_Platform_1B,5559.2410,904.0001,2690.0630,5584.2410,904.0001,3290.0630,5584.2410,904.0001,2690.0640
Block_Platform_1B,5559.2410,904.0001,2090.0630,5559.2410,904.0001,2690.0630,5584.2410,904.0001,2690.0640
Block_Platform_1B,5559.2410,904.0001,2090.0630,5584.2410,904.0001,2690.0640,5584.2410,904.0001,2090.0630
Block_Platform_1B,4984.2400,904.0001,3290.0630,4984.2400,503.9999,3290.0630,5009.2400,503.9999,3290.0630
Block_Platform_1B,4984.2400,904.0001,3290.0630,5009.2400,503.9999,3290.0630,5009.2400,904.0001,3290.0630
Block_Platform_1B,5009.2400,904.0001,3290.0630,5009.2400,503.9999,3290.0630,5559.2410,503.9999,3290.0630
Block_Platform_1B,5009.2400,904.0001,3290.0630,5559.2410,503.9999,3290.0630,5559.2410,904.0001,3290.0630
Block_Platform_1B,4984.2410,904.0001,2690.0630,4984.2400,904.0001,3290.0630,5009.2400,904.0001,3290.0630
Block_Platform_1B,4984.2410,904.0001,2690.0630,5009.2400,904.0001,3290.0630,5009.2410,904.0001,2690.0630
Block_Platform_1B,4984.2410,904.0001,2090.0630,4984.2410,904.0001,2690.0630,5009.2410,904.0001,2690.0630
Block_Platform_1B,4984.2410,904.0001,2090.0630,5009.2410,904.0001,2690.0630,5009.2410,904.0001,2090.0630
Block_Platform_1B,5009.2410,904.0001,2690.0630,5009.2400,904.0001,3290.0630,5559.2410,904.0001,3290.0630
Block_Platform_1B,5009.2410,904.0001,2690.0630,5559.2410,904.0001,3290.0630,5559.2410,904.0001,2690.0630
Block_Platform_1B,5009.2410,904.0001,2090.0630,5009.2410,904.0001,2690.0630,5559.2410,904.0001,2690.0630
Block_Platform_1B,5009.2410,904.0001,2090.0630,5559.2410,904.0001,2690.0630,5559.2410,904.0001,2090.0630
Block_Platform_1B,5584.2410,904.0001,3290.0630,5584.2410,503.9999,3290.0630,5584.2410,503.9999,2690.0640
Block_Platform_1B,5584.2410,904.0001,3290.0630,5584.2410,503.9999,2690.0640,5584.2410,904.0001,2690.0640
Block_Platform_1B,5584.2410,904.0001,2690.0640,5584.2410,503.9999,2690.0640,5584.2410,503.9999,2090.0630
Block_Platform_1B,5584.2410,904.0001,2690.0640,5584.2410,503.9999,2090.0630,5584.2410,904.0001,2090.0630
Block_Platform_1B,5559.2410,503.9999,3290.0630,5584.2410,503.9999,2690.0640,5584.2410,503.9999,3290.0630
Block_Platform_1B,5559.2410,503.9999,3290.0630,5559.2410,503.9999,2690.0630,5584.2410,503.9999,2690.0640
Block_Platform_1B,5559.2410,503.9999,2690.0630,5584.2410,503.9999,2090.0630,5584.2410,503.9999,2690.0640
Block_Platform_1B,5559.2410,503.9999,2690.0630,5559.2410,503.9999,2090.0630,5584.2410,503.9999,2090.0630
Block_Platform_1B,4984.2400,503.9999,3290.0630,5009.2410,503.9999,2690.0630,5009.2400,503.9999,3290.0630
Block_Platform_1B,4984.2400,503.9999,3290.0630,4984.2410,503.9999,2690.0630,5009.2410,503.9999,2690.0630
Block_Platform_1B,4984.2410,503.9999,2690.0630,5009.2410,503.9999,2090.0630,5009.2410,503.9999,2690.0630
Block_Platform_1B,4984.2410,503.9999,2690.0630,4984.2410,503.9999,2090.0630,5009.2410,503.9999,2090.0630
Block_Platform_1B,5009.2400,503.9999,3290.0630,5559.2410,503.9999,2690.0630,5559.2410,503.9999,3290.0630
Block_Platform_1B,5009.2400,503.9999,3290.0630,5009.2410,503.9999,2690.0630,5559.2410,503.9999,2690.0630
Block_Platform_1B,5009.2410,503.9999,2690.0630,5559.2410,503.9999,2090.0630,5559.2410,503.9999,2690.0630
Block_Platform_1B,5009.2410,503.9999,2690.0630,5009.2410,503.9999,2090.0630,5559.2410,503.9999,2090.0630
Block_Platform_1B,5559.2410,904.0001,2090.0630,5559.2410,503.9999,2090.0630,5584.2410,503.9999,2090.0630
Block_Platform_1B,5559.2410,904.0001,2090.0630,5584.2410,503.9999,2090.0630,5584.2410,904.0001,2090.0630
Block_Platform_1B,4984.2410,904.0001,2090.0630,4984.2410,503.9999,2090.0630,5009.2410,503.9999,2090.0630
Block_Platform_1B,4984.2410,904.0001,2090.0630,5009.2410,503.9999,2090.0630,5009.2410,904.0001,2090.0630
Block_Platform_1B,5009.2410,904.0001,2090.0630,5009.2410,503.9999,2090.0630,5559.2410,503.9999,2090.0630
Block_Platform_1B,5009.2410,904.0001,2090.0630,5559.2410,503.9999,2090.0630,5559.2410,904.0001,2090.0630
Block_Platform_1B,5594.0000,904.0001,-813.0001,5594.0000,503.9999,-1413.0000,5594.0000,904.0001,-1413.0000
Block_Platform_1B,5594.0000,904.0001,-813.0001,5594.0000,503.9999,-813.0001,5594.0000,503.9999,-1413.0000
Block_Platform_1B,5594.0000,904.0001,-213.0000,5594.0000,503.9999,-813.0001,5594.0000,904.0001,-813.0001
Block_Platform_1B,5594.0000,904.0001,-213.0000,5594.0000,503.9999,-213.0000,5594.0000,503.9999,-813.0001
Block_Platform_1B,5019.0000,904.0001,-1413.0000,5019.0000,503.9999,-1413.0000,4994.0000,503.9999,-1413.0000
Block_Platform_1B,5019.0000,904.0001,-1413.0000,4994.0000,503.9999,-1413.0000,4994.0000,904.0001,-1413.0000
Block_Platform_1B,5569.0000,503.9999,-813.0001,5569.0000,503.9999,-1413.0000,5594.0000,503.9999,-1413.0000
Block_Platform_1B,5569.0000,503.9999,-813.0001,5594.0000,503.9999,-1413.0000,5594.0000,503.9999,-813.0001
Block_Platform_1B,5569.0000,503.9999,-213.0000,5569.0000,503.9999,-813.0001,5594.0000,503.9999,-813.0001
Block_Platform_1B,5569.0000,503.9999,-213.0000,5594.0000,503.9999,-813.0001,5594.0000,503.9999,-213.0000
Block_Platform_1B,5594.0000,904.0001,-1413.0000,5594.0000,503.9999,-1413.0000,5569.0000,503.9999,-1413.0000
Block_Platform_1B,5594.0000,904.0001,-1413.0000,5569.0000,503.9999,-1413.0000,5569.0000,904.0001,-1413.0000
Block_Platform_1B,5569.0000,904.0001,-1413.0000,5569.0000,503.9999,-1413.0000,5019.0000,503.9999,-1413.0000
Block_Platform_1B,5569.0000,904.0001,-1413.0000,5019.0000,503.9999,-1413.0000,5019.0000,904.0001,-1413.0000
Block_Platform_1B,4994.0000,503.9999,-813.0001,4994.0000,503.9999,-1413.0000,5019.0000,503.9999,-1413.0000
Block_Platform_1B,4994.0000,503.9999,-813.0001,5019.0000,503.9999,-1413.0000,5019.0000,503.9999,-813.0001
Block_Platform_1B,4994.0000,503.9999,-213.0001,4994.0000,503.9999,-813.0001,5019.0000,503.9999,-813.0001
Block_Platform_1B,4994.0000,503.9999,-213.0001,5019.0000,503.9999,-813.0001,5019.0000,503.9999,-213.0000
Block_Platform_1B,5019.0000,503.9999,-813.0001,5019.0000,503.9999,-1413.0000,5569.0000,503.9999,-1413.0000
Block_Platform_1B,5019.0000,503.9999,-813.0001,5569.0000,503.9999,-1413.0000,5569.0000,503.9999,-813.0001
Block_Platform_1B,5019.0000,503.9999,-213.0000,5019.0000,503.9999,-813.0001,5569.0000,503.9999,-813.0001
Block_Platform_1B,5019.0000,503.9999,-213.0000,5569.0000,503.9999,-813.0001,5569.0000,503.9999,-213.0000
Block_Platform_1B,4994.0000,904.0001,-813.0001,4994.0000,904.0001,-213.0001,5019.0000,904.0001,-213.0000
Block_Platform_1B,4994.0000,904.0001,-813.0001,5019.0000,904.0001,-213.0000,5019.0000,904.0001,-813.0001
Block_Platform_1B,4994.0000,904.0001,-1413.0000,4994.0000,904.0001,-813.0001,5019.0000,904.0001,-813.0001
Block_Platform_1B,4994.0000,904.0001,-1413.0000,5019.0000,904.0001,-813.0001,5019.0000,904.0001,-1413.0000
Block_Platform_1B,5019.0000,904.0001,-813.0001,5019.0000,904.0001,-213.0000,5569.0000,904.0001,-213.0000
Block_Platform_1B,5019.0000,904.0001,-813.0001,5569.0000,904.0001,-213.0000,5569.0000,904.0001,-813.0001
Block_Platform_1B,5019.0000,904.0001,-1413.0000,5019.0000,904.0001,-813.0001,5569.0000,904.0001,-813.0001
Block_Platform_1B,5019.0000,904.0001,-1413.0000,5569.0000,904.0001,-813.0001,5569.0000,904.0001,-1413.0000
Block_Platform_1B,4994.0000,904.0001,-1413.0000,4994.0000,503.9999,-1413.0000,4994.0000,503.9999,-813.0001
Block_Platform_1B,4994.0000,904.0001,-1413.0000,4994.0000,503.9999,-813.0001,4994.0000,904.0001,-813.0001
Block_Platform_1B,4994.0000,904.0001,-813.0001,4994.0000,503.9999,-813.0001,4994.0000,503.9999,-213.0001
Block_Platform_1B,4994.0000,904.0001,-813.0001,4994.0000,503.9999,-213.0001,4994.0000,904.0001,-213.0001
Block_Platform_1B,5569.0000,904.0001,-1413.0000,5594.0000,904.0001,-813.0001,5594.0000,904.0001,-1413.0000
Block_Platform_1B,5569.0000,904.0001,-1413.0000,5569.0000,904.0001,-813.0001,5594.0000,904.0001,-813.0001
Block_Platform_1B,5569.0000,904.0001,-813.0001,5594.0000,904.0001,-213.0000,5594.0000,904.0001,-813.0001
Block_Platform_1B,5569.0000,904.0001,-813.0001,5569.0000,904.0001,-213.0000,5594.0000,904.0001,-213.0000
Block_Platform_1B,5569.0000,904.0001,987.0002,5569.0000,503.9999,987.0002,5594.0000,503.9999,987.0002
Block_Platform_1B,5569.0000,904.0001,987.0002,5594.0000,503.9999,987.0002,5594.0000,904.0001,987.0002
Block_Platform_1B,4994.0000,904.0001,387.0000,4994.0000,503.9999,987.0002,4994.0000,904.0001,987.0002
Block_Platform_1B,4994.0000,904.0001,387.0000,4994.0000,503.9999,387.0000,4994.0000,503.9999,987.0002
Block_Platform_1B,4994.0000,904.0001,-213.0001,4994.0000,503.9999,387.0000,4994.0000,904.0001,387.0000
Block_Platform_1B,4994.0000,904.0001,-213.0001,4994.0000,503.9999,-213.0001,4994.0000,503.9999,387.0000
Block_Platform_1B,5569.0000,904.0001,387.0001,5569.0000,904.0001,987.0002,5594.0000,904.0001,987.0002
Block_Platform_1B,5569.0000,904.0001,387.0001,5594.0000,904.0001,987.0002,5594.0000,904.0001,387.0001
Block_Platform_1B,5569.0000,904.0001,-213.0000,5569.0000,904.0001,387.0001,5594.0000,904.0001,387.0001
Block_Platform_1B,5569.0000,904.0001,-213.0000,5594.0000,904.0001,387.0001,5594.0000,904.0001,-213.0000
Block_Platform_1B,4994.0000,904.0001,987.0002,4994.0000,503.9999,987.0002,5019.0000,503.9999,987.0002
Block_Platform_1B,4994.0000,904.0001,987.0002,5019.0000,503.9999,987.0002,5019.0000,904.0001,987.0002
Block_Platform_1B,5019.0000,904.0001,987.0002,5019.0000,503.9999,987.0002,5569.0000,503.9999,987.0002
Block_Platform_1B,5019.0000,904.0001,987.0002,5569.0000,503.9999,987.0002,5569.0000,904.0001,987.0002
Block_Platform_1B,4994.0000,904.0001,387.0000,4994.0000,904.0001,987.0002,5019.0000,904.0001,987.0002
Block_Platform_1B,4994.0000,904.0001,387.0000,5019.0000,904.0001,987.0002,5019.0000,904.0001,387.0001
Block_Platform_1B,4994.0000,904.0001,-213.0001,4994.0000,904.0001,387.0000,5019.0000,904.0001,387.0001
Block_Platform_1B,4994.0000,904.0001,-213.0001,5019.0000,904.0001,387.0001,5019.0000,904.0001,-213.0000
Block_Platform_1B,5019.0000,904.0001,387.0001,5019.0000,904.0001,987.0002,5569.0000,904.0001,987.0002
Block_Platform_1B,5019.0000,904.0001,387.0001,5569.0000,904.0001,987.0002,5569.0000,904.0001,387.0001
Block_Platform_1B,5019.0000,904.0001,-213.0000,5019.0000,904.0001,387.0001,5569.0000,904.0001,387.0001
Block_Platform_1B,5019.0000,904.0001,-213.0000,5569.0000,904.0001,387.0001,5569.0000,904.0001,-213.0000
Block_Platform_1B,5594.0000,904.0001,987.0002,5594.0000,503.9999,987.0002,5594.0000,503.9999,387.0001
Block_Platform_1B,5594.0000,904.0001,987.0002,5594.0000,503.9999,387.0001,5594.0000,904.0001,387.0001
Block_Platform_1B,5594.0000,904.0001,387.0001,5594.0000,503.9999,387.0001,5594.0000,503.9999,-213.0000
Block_Platform_1B,5594.0000,904.0001,387.0001,5594.0000,503.9999,-213.0000,5594.0000,904.0001,-213.0000
Block_Platform_1B,5569.0000,503.9999,987.0002,5594.0000,503.9999,387.0001,5594.0000,503.9999,987.0002
Block_Platform_1B,5569.0000,503.9999,987.0002,5569.0000,503.9999,387.0001,5594.0000,503.9999,387.0001
Block_Platform_1B,5569.0000,503.9999,387.0001,5594.0000,503.9999,-213.0000,5594.0000,503.9999,387.0001
Block_Platform_1B,5569.0000,503.9999,387.0001,5569.0000,503.9999,-213.0000,5594.0000,503.9999,-213.0000
Block_Platform_1B,4994.0000,503.9999,987.0002,5019.0000,503.9999,387.0001,5019.0000,503.9999,987.0002
Block_Platform_1B,4994.0000,503.9999,987.0002,4994.0000,503.9999,387.0000,5019.0000,503.9999,387.0001
Block_Platform_1B,4994.0000,503.9999,387.0000,5019.0000,503.9999,-213.0000,5019.0000,503.9999,387.0001
Block_Platform_1B,4994.0000,503.9999,387.0000,4994.0000,503.9999,-213.0001,5019.0000,503.9999,-213.0000
Block_Platform_1B,5019.0000,503.9999,987.0002,5569.0000,503.9999,387.0001,5569.0000,503.9999,987.0002
Block_Platform_1B,5019.0000,503.9999,987.0002,5019.0000,503.9999,387.0001,5569.0000,503.9999,387.0001
Block_Platform_1B,5019.0000,503.9999,387.0001,5569.0000,503.9999,-213.0000,5569.0000,503.9999,387.0001
Block_Platform_1B,5019.0000,503.9999,387.0001,5019.0000,503.9999,-213.0000,5569.0000,503.9999,-213.0000
Block_Platform_1B,5569.0000,904.0001,-213.0000,5569.0000,503.9999,-213.0000,5594.0000,503.9999,-213.0000
Block_Platform_1B,5569.0000,904.0001,-213.0000,5594.0000,503.9999,-213.0000,5594.0000,904.0001,-213.0000
Block_Platform_1B,4994.0000,904.0001,-213.0001,4994.0000,503.9999,-213.0001,5019.0000,503.9999,-213.0000
Block_Platform_1B,4994.0000,904.0001,-213.0001,5019.0000,503.9999,-213.0000,5019.0000,904.0001,-213.0000
Block_Platform_1B,5019.0000,904.0001,-213.0000,5019.0000,503.9999,-213.0000,5569.0000,503.9999,-213.0000
Block_Platform_1B,5019.0000,904.0001,-213.0000,5569.0000,503.9999,-213.0000,5569.0000,904.0001,-213.0000
Block_Platform_1B,-2965.8750,904.0001,6168.0000,-2965.8750,503.9999,5568.0000,-2965.8750,904.0001,5568.0000
Block_Platform_1B,-2965.8750,904.0001,6168.0000,-2965.8750,503.9999,6168.0000,-2965.8750,503.9999,5568.0000
Block_Platform_1B,-2965.8760,904.0001,6768.0000,-2965.8750,503.9999,6168.0000,-2965.8750,904.0001,6168.0000
Block_Platform_1B,-2965.8760,904.0001,6768.0000,-2965.8760,503.9999,6768.0000,-2965.8750,503.9999,6168.0000
Block_Platform_1B,-3540.8760,904.0001,5568.0000,-3540.8760,503.9999,5568.0000,-3565.8760,503.9999,5568.0000
Block_Platform_1B,-3540.8760,904.0001,5568.0000,-3565.8760,503.9999,5568.0000,-3565.8760,904.0001,5568.0000
Block_Platform_1B,-2990.8750,503.9999,6168.0000,-2990.8750,503.9999,5568.0000,-2965.8750,503.9999,5568.0000
Block_Platform_1B,-2990.8750,503.9999,6168.0000,-2965.8750,503.9999,5568.0000,-2965.8750,503.9999,6168.0000
Block_Platform_1B,-2990.8760,503.9999,6768.0000,-2990.8750,503.9999,6168.0000,-2965.8750,503.9999,6168.0000
Block_Platform_1B,-2990.8760,503.9999,6768.0000,-2965.8750,503.9999,6168.0000,-2965.8760,503.9999,6768.0000
Block_Platform_1B,-2965.8750,904.0001,5568.0000,-2965.8750,503.9999,5568.0000,-2990.8750,503.9999,5568.0000
Block_Platform_1B,-2965.8750,904.0001,5568.0000,-2990.8750,503.9999,5568.0000,-2990.8750,904.0001,5568.0000
Block_Platform_1B,-2990.8750,904.0001,5568.0000,-2990.8750,503.9999,5568.0000,-3540.8760,503.9999,5568.0000
Block_Platform_1B,-2990.8750,904.0001,5568.0000,-3540.8760,503.9999,5568.0000,-3540.8760,904.0001,5568.0000
Block_Platform_1B,-3565.8760,503.9999,6168.0000,-3565.8760,503.9999,5568.0000,-3540.8760,503.9999,5568.0000
Block_Platform_1B,-3565.8760,503.9999,6168.0000,-3540.8760,503.9999,5568.0000,-3540.8760,503.9999,6168.0000
Block_Platform_1B,-3565.8760,503.9999,6768.0000,-3565.8760,503.9999,6168.0000,-3540.8760,503.9999,6168.0000
Block_Platform_1B,-3565.8760,503.9999,6768.0000,-3540.8760,503.9999,6168.0000,-3540.8760,503.9999,6768.0000
Block_Platform_1B,-3540.8760,503.9999,6168.0000,-3540.8760,503.9999,5568.0000,-2990.8750,503.9999,5568.0000
Block_Platform_1B,-3540.8760,503.9999,6168.0000,-2990.8750,503.9999,5568.0000,-2990.8750,503.9999,6168.0000
Block_Platform_1B,-3540.8760,503.9999,6768.0000,-3540.8760,503.9999,6168.0000,-2990.8750,503.9999,6168.0000
Block_Platform_1B,-3540.8760,503.9999,6768.0000,-2990.8750,503.9999,6168.0000,-2990.8760,503.9999,6768.0000
Block_Platform_1B,-3565.8760,904.0001,6168.0000,-3565.8760,904.0001,6768.0000,-3540.8760,904.0001,6768.0000
Block_Platform_1B,-3565.8760,904.0001,6168.0000,-3540.8760,904.0001,6768.0000,-3540.8760,904.0001,6168.0000
Block_Platform_1B,-3565.8760,904.0001,5568.0000,-3565.8760,904.0001,6168.0000,-3540.8760,904.0001,6168.0000
Block_Platform_1B,-3565.8760,904.0001,5568.0000,-3540.8760,904.0001,6168.0000,-3540.8760,904.0001,5568.0000
Block_Platform_1B,-3540.8760,904.0001,6168.0000,-3540.8760,904.0001,6768.0000,-2990.8760,904.0001,6768.0000
Block_Platform_1B,-3540.8760,904.0001,6168.0000,-2990.8760,904.0001,6768.0000,-2990.8750,904.0001,6168.0000
Block_Platform_1B,-3540.8760,904.0001,5568.0000,-3540.8760,904.0001,6168.0000,-2990.8750,904.0001,6168.0000
Block_Platform_1B,-3540.8760,904.0001,5568.0000,-2990.8750,904.0001,6168.0000,-2990.8750,904.0001,5568.0000
Block_Platform_1B,-3565.8760,904.0001,5568.0000,-3565.8760,503.9999,5568.0000,-3565.8760,503.9999,6168.0000
Block_Platform_1B,-3565.8760,904.0001,5568.0000,-3565.8760,503.9999,6168.0000,-3565.8760,904.0001,6168.0000
Block_Platform_1B,-3565.8760,904.0001,6168.0000,-3565.8760,503.9999,6168.0000,-3565.8760,503.9999,6768.0000
Block_Platform_1B,-3565.8760,904.0001,6168.0000,-3565.8760,503.9999,6768.0000,-3565.8760,904.0001,6768.0000
Block_Platform_1B,-2990.8750,904.0001,5568.0000,-2965.8750,904.0001,6168.0000,-2965.8750,904.0001,5568.0000
Block_Platform_1B,-2990.8750,904.0001,5568.0000,-2990.8750,904.0001,6168.0000,-2965.8750,904.0001,6168.0000
Block_Platform_1B,-2990.8750,904.0001,6168.0000,-2965.8760,904.0001,6768.0000,-2965.8750,904.0001,6168.0000
Block_Platform_1B,-2990.8750,904.0001,6168.0000,-2990.8760,904.0001,6768.0000,-2965.8760,904.0001,6768.0000
Block_Platform_1B,-2990.8760,904.0001,7968.0000,-2990.8760,503.9999,7968.0000,-2965.8760,503.9999,7968.0000
Block_Platform_1B,-2990.8760,904.0001,7968.0000,-2965.8760,503.9999,7968.0000,-2965.8760,904.0001,7968.0000
Block_Platform_1B,-3565.8760,904.0001,7368.0000,-3565.8760,503.9999,7968.0000,-3565.8760,904.0001,7968.0000
Block_Platform_1B,-3565.8760,904.0001,7368.0000,-3565.8760,503.9999,7368.0000,-3565.8760,503.9999,7968.0000
Block_Platform_1B,-3565.8760,904.0001,6768.0000,-3565.8760,503.9999,7368.0000,-3565.8760,904.0001,7368.0000
Block_Platform_1B,-3565.8760,904.0001,6768.0000,-3565.8760,503.9999,6768.0000,-3565.8760,503.9999,7368.0000
Block_Platform_1B,-2990.8760,904.0001,7368.0000,-2990.8760,904.0001,7968.0000,-2965.8760,904.0001,7968.0000
Block_Platform_1B,-2990.8760,904.0001,7368.0000,-2965.8760,904.0001,7968.0000,-2965.8760,904.0001,7368.0000
Block_Platform_1B,-2990.8760,904.0001,6768.0000,-2990.8760,904.0001,7368.0000,-2965.8760,904.0001,7368.0000
Block_Platform_1B,-2990.8760,904.0001,6768.0000,-2965.8760,904.0001,7368.0000,-2965.8760,904.0001,6768.0000
Block_Platform_1B,-3565.8760,904.0001,7968.0000,-3565.8760,503.9999,7968.0000,-3540.8760,503.9999,7968.0000
Block_Platform_1B,-3565.8760,904.0001,7968.0000,-3540.8760,503.9999,7968.0000,-3540.8760,904.0001,7968.0000
Block_Platform_1B,-3540.8760,904.0001,7968.0000,-3540.8760,503.9999,7968.0000,-2990.8760,503.9999,7968.0000
Block_Platform_1B,-3540.8760,904.0001,7968.0000,-2990.8760,503.9999,7968.0000,-2990.8760,904.0001,7968.0000
Block_Platform_1B,-3565.8760,904.0001,7368.0000,-3565.8760,904.0001,7968.0000,-3540.8760,904.0001,7968.0000
Block_Platform_1B,-3565.8760,904.0001,7368.0000,-3540.8760,904.0001,7968.0000,-3540.8760,904.0001,7368.0000
Block_Platform_1B,-3565.8760,904.0001,6768.0000,-3565.8760,904.0001,7368.0000,-3540.8760,904.0001,7368.0000
Block_Platform_1B,-3565.8760,904.0001,6768.0000,-3540.8760,904.0001,7368.0000,-3540.8760,904.0001,6768.0000
Block_Platform_1B,-3540.8760,904.0001,7368.0000,-3540.8760,904.0001,7968.0000,-2990.8760,904.0001,7968.0000
Block_Platform_1B,-3540.8760,904.0001,7368.0000,-2990.8760,904.0001,7968.0000,-2990.8760,904.0001,7368.0000
Block_Platform_1B,-3540.8760,904.0001,6768.0000,-3540.8760,904.0001,7368.0000,-2990.8760,904.0001,7368.0000
Block_Platform_1B,-3540.8760,904.0001,6768.0000,-2990.8760,904.0001,7368.0000,-2990.8760,904.0001,6768.0000
Block_Platform_1B,-2965.8760,904.0001,7968.0000,-2965.8760,503.9999,7968.0000,-2965.8760,503.9999,7368.0000
Block_Platform_1B,-2965.8760,904.0001,7968.0000,-2965.8760,503.9999,7368.0000,-2965.8760,904.0001,7368.0000
Block_Platform_1B,-2965.8760,904.0001,7368.0000,-2965.8760,503.9999,7368.0000,-2965.8760,503.9999,6768.0000
Block_Platform_1B,-2965.8760,904.0001,7368.0000,-2965.8760,503.9999,6768.0000,-2965.8760,904.0001,6768.0000
Block_Platform_1B,-2990.8760,503.9999,7968.0000,-2965.8760,503.9999,7368.0000,-2965.8760,503.9999,7968.0000
Block_Platform_1B,-2990.8760,503.9999,7968.0000,-2990.8760,503.9999,7368.0000,-2965.8760,503.9999,7368.0000
Block_Platform_1B,-2990.8760,503.9999,7368.0000,-2965.8760,503.9999,6768.0000,-2965.8760,503.9999,7368.0000
Block_Platform_1B,-2990.8760,503.9999,7368.0000,-2990.8760,503.9999,6768.0000,-2965.8760,503.9999,6768.0000
Block_Platform_1B,-3565.8760,503.9999,7968.0000,-3540.8760,503.9999,7368.0000,-3540.8760,503.9999,7968.0000
Block_Platform_1B,-3565.8760,503.9999,7968.0000,-3565.8760,503.9999,7368.0000,-3540.8760,503.9999,7368.0000
Block_Platform_1B,-3565.8760,503.9999,7368.0000,-3540.8760,503.9999,6768.0000,-3540.8760,503.9999,7368.0000
Block_Platform_1B,-3565.8760,503.9999,7368.0000,-3565.8760,503.9999,6768.0000,-3540.8760,503.9999,6768.0000
Block_Platform_1B,-3540.8760,503.9999,7968.0000,-2990.8760,503.9999,7368.0000,-2990.8760,503.9999,7968.0000
Block_Platform_1B,-3540.8760,503.9999,7968.0000,-3540.8760,503.9999,7368.0000,-2990.8760,503.9999,7368.0000
Block_Platform_1B,-3540.8760,503.9999,7368.0000,-2990.8760,503.9999,6768.0000,-2990.8760,503.9999,7368.0000
Block_Platform_1B,-3540.8760,503.9999,7368.0000,-3540.8760,503.9999,6768.0000,-2990.8760,503.9999,6768.0000
Block_Platform_1B,-2990.8760,904.0001,6768.0000,-2990.8760,503.9999,6768.0000,-2965.8760,503.9999,6768.0000
Block_Platform_1B,-2990.8760,904.0001,6768.0000,-2965.8760,503.9999,6768.0000,-2965.8760,904.0001,6768.0000
Block_Platform_1B,-3565.8760,904.0001,6768.0000,-3565.8760,503.9999,6768.0000,-3540.8760,503.9999,6768.0000
Block_Platform_1B,-3565.8760,904.0001,6768.0000,-3540.8760,503.9999,6768.0000,-3540.8760,904.0001,6768.0000
Block_Platform_1B,-3540.8760,904.0001,6768.0000,-3540.8760,503.9999,6768.0000,-2990.8760,503.9999,6768.0000
Block_Platform_1B,-3540.8760,904.0001,6768.0000,-2990.8760,503.9999,6768.0000,-2990.8760,904.0001,6768.0000
Block_Platform_1B,-2980.0000,904.0001,3871.0180,-2980.0000,503.9999,3271.0180,-2980.0000,904.0001,3271.0180
Block_Platform_1B,-2980.0000,904.0001,3871.0180,-2980.0000,503.9999,3871.0180,-2980.0000,503.9999,3271.0180
Block_Platform_1B,-2980.0000,904.0001,4471.0180,-2980.0000,503.9999,3871.0180,-2980.0000,904.0001,3871.0180
Block_Platform_1B,-2980.0000,904.0001,4471.0180,-2980.0000,503.9999,4471.0180,-2980.0000,503.9999,3871.0180
Block_Platform_1B,-3555.0000,904.0001,3271.0180,-3555.0000,503.9999,3271.0180,-3580.0000,503.9999,3271.0180
Block_Platform_1B,-3555.0000,904.0001,3271.0180,-3580.0000,503.9999,3271.0180,-3580.0000,904.0001,3271.0180
Block_Platform_1B,-3005.0000,503.9999,3871.0180,-3005.0000,503.9999,3271.0180,-2980.0000,503.9999,3271.0180
Block_Platform_1B,-3005.0000,503.9999,3871.0180,-2980.0000,503.9999,3271.0180,-2980.0000,503.9999,3871.0180
Block_Platform_1B,-3005.0000,503.9999,4471.0180,-3005.0000,503.9999,3871.0180,-2980.0000,503.9999,3871.0180
Block_Platform_1B,-3005.0000,503.9999,4471.0180,-2980.0000,503.9999,3871.0180,-2980.0000,503.9999,4471.0180
Block_Platform_1B,-2980.0000,904.0001,3271.0180,-2980.0000,503.9999,3271.0180,-3005.0000,503.9999,3271.0180
Block_Platform_1B,-2980.0000,904.0001,3271.0180,-3005.0000,503.9999,3271.0180,-3005.0000,904.0001,3271.0180
Block_Platform_1B,-3005.0000,904.0001,3271.0180,-3005.0000,503.9999,3271.0180,-3555.0000,503.9999,3271.0180
Block_Platform_1B,-3005.0000,904.0001,3271.0180,-3555.0000,503.9999,3271.0180,-3555.0000,904.0001,3271.0180
Block_Platform_1B,-3580.0000,503.9999,3871.0180,-3580.0000,503.9999,3271.0180,-3555.0000,503.9999,3271.0180
Block_Platform_1B,-3580.0000,503.9999,3871.0180,-3555.0000,503.9999,3271.0180,-3555.0000,503.9999,3871.0180
Block_Platform_1B,-3580.0000,503.9999,4471.0180,-3580.0000,503.9999,3871.0180,-3555.0000,503.9999,3871.0180
Block_Platform_1B,-3580.0000,503.9999,4471.0180,-3555.0000,503.9999,3871.0180,-3555.0000,503.9999,4471.0180
Block_Platform_1B,-3555.0000,503.9999,3871.0180,-3555.0000,503.9999,3271.0180,-3005.0000,503.9999,3271.0180
Block_Platform_1B,-3555.0000,503.9999,3871.0180,-3005.0000,503.9999,3271.0180,-3005.0000,503.9999,3871.0180
Block_Platform_1B,-3555.0000,503.9999,4471.0180,-3555.0000,503.9999,3871.0180,-3005.0000,503.9999,3871.0180
Block_Platform_1B,-3555.0000,503.9999,4471.0180,-3005.0000,503.9999,3871.0180,-3005.0000,503.9999,4471.0180
Block_Platform_1B,-3580.0000,904.0001,3871.0180,-3580.0000,904.0001,4471.0180,-3555.0000,904.0001,4471.0180
Block_Platform_1B,-3580.0000,904.0001,3871.0180,-3555.0000,904.0001,4471.0180,-3555.0000,904.0001,3871.0180
Block_Platform_1B,-3580.0000,904.0001,3271.0180,-3580.0000,904.0001,3871.0180,-3555.0000,904.0001,3871.0180
Block_Platform_1B,-3580.0000,904.0001,3271.0180,-3555.0000,904.0001,3871.0180,-3555.0000,904.0001,3271.0180
Block_Platform_1B,-3555.0000,904.0001,3871.0180,-3555.0000,904.0001,4471.0180,-3005.0000,904.0001,4471.0180
Block_Platform_1B,-3555.0000,904.0001,3871.0180,-3005.0000,904.0001,4471.0180,-3005.0000,904.0001,3871.0180
Block_Platform_1B,-3555.0000,904.0001,3271.0180,-3555.0000,904.0001,3871.0180,-3005.0000,904.0001,3871.0180
Block_Platform_1B,-3555.0000,904.0001,3271.0180,-3005.0000,904.0001,3871.0180,-3005.0000,904.0001,3271.0180
Block_Platform_1B,-3580.0000,904.0001,3271.0180,-3580.0000,503.9999,3271.0180,-3580.0000,503.9999,3871.0180
Block_Platform_1B,-3580.0000,904.0001,3271.0180,-3580.0000,503.9999,3871.0180,-3580.0000,904.0001,3871.0180
Block_Platform_1B,-3580.0000,904.0001,3871.0180,-3580.0000,503.9999,3871.0180,-3580.0000,503.9999,4471.0180
Block_Platform_1B,-3580.0000,904.0001,3871.0180,-3580.0000,503.9999,4471.0180,-3580.0000,904.0001,4471.0180
Block_Platform_1B,-3005.0000,904.0001,3271.0180,-2980.0000,904.0001,3871.0180,-2980.0000,904.0001,3271.0180
Block_Platform_1B,-3005.0000,904.0001,3271.0180,-3005.0000,904.0001,3871.0180,-2980.0000,904.0001,3871.0180
Block_Platform_1B,-3005.0000,904.0001,3871.0180,-2980.0000,904.0001,4471.0180,-2980.0000,904.0001,3871.0180
Block_Platform_1B,-3005.0000,904.0001,3871.0180,-3005.0000,904.0001,4471.0180,-2980.0000,904.0001,4471.0180
Block_Platform_1B,-3005.0000,904.0001,5671.0180,-3005.0000,503.9999,5671.0180,-2980.0000,503.9999,5671.0180
Block_Platform_1B,-3005.0000,904.0001,5671.0180,-2980.0000,503.9999,5671.0180,-2980.0000,904.0001,5671.0180
Block_Platform_1B,-3580.0000,904.0001,5071.0180,-3580.0000,503.9999,5671.0180,-3580.0000,904.0001,5671.0180
Block_Platform_1B,-3580.0000,904.0001,5071.0180,-3580.0000,503.9999,5071.0180,-3580.0000,503.9999,5671.0180
Block_Platform_1B,-3580.0000,904.0001,4471.0180,-3580.0000,503.9999,5071.0180,-3580.0000,904.0001,5071.0180
Block_Platform_1B,-3580.0000,904.0001,4471.0180,-3580.0000,503.9999,4471.0180,-3580.0000,503.9999,5071.0180
Block_Platform_1B,-3005.0000,904.0001,5071.0180,-3005.0000,904.0001,5671.0180,-2980.0000,904.0001,5671.0180
Block_Platform_1B,-3005.0000,904.0001,5071.0180,-2980.0000,904.0001,5671.0180,-2980.0000,904.0001,5071.0180
Block_Platform_1B,-3005.0000,904.0001,4471.0180,-3005.0000,904.0001,5071.0180,-2980.0000,904.0001,5071.0180
Block_Platform_1B,-3005.0000,904.0001,4471.0180,-2980.0000,904.0001,5071.0180,-2980.0000,904.0001,4471.0180
Block_Platform_1B,-3580.0000,904.0001,5671.0180,-3580.0000,503.9999,5671.0180,-3555.0000,503.9999,5671.0180
Block_Platform_1B,-3580.0000,904.0001,5671.0180,-3555.0000,503.9999,5671.0180,-3555.0000,904.0001,5671.0180
Block_Platform_1B,-3555.0000,904.0001,5671.0180,-3555.0000,503.9999,5671.0180,-3005.0000,503.9999,5671.0180
Block_Platform_1B,-3555.0000,904.0001,5671.0180,-3005.0000,503.9999,5671.0180,-3005.0000,904.0001,5671.0180
Block_Platform_1B,-3580.0000,904.0001,5071.0180,-3580.0000,904.0001,5671.0180,-3555.0000,904.0001,5671.0180
Block_Platform_1B,-3580.0000,904.0001,5071.0180,-3555.0000,904.0001,5671.0180,-3555.0000,904.0001,5071.0180
Block_Platform_1B,-3580.0000,904.0001,4471.0180,-3580.0000,904.0001,5071.0180,-3555.0000,904.0001,5071.0180
Block_Platform_1B,-3580.0000,904.0001,4471.0180,-3555.0000,904.0001,5071.0180,-3555.0000,904.0001,4471.0180
Block_Platform_1B,-3555.0000,904.0001,5071.0180,-3555.0000,904.0001,5671.0180,-3005.0000,904.0001,5671.0180
Block_Platform_1B,-3555.0000,904.0001,5071.0180,-3005.0000,904.0001,5671.0180,-3005.0000,904.0001,5071.0180
Block_Platform_1B,-3555.0000,904.0001,4471.0180,-3555.0000,904.0001,5071.0180,-3005.0000,904.0001,5071.0180
Block_Platform_1B,-3555.0000,904.0001,4471.0180,-3005.0000,904.0001,5071.0180,-3005.0000,904.0001,4471.0180
Block_Platform_1B,-2980.0000,904.0001,5671.0180,-2980.0000,503.9999,5671.0180,-2980.0000,503.9999,5071.0180
Block_Platform_1B,-2980.0000,904.0001,5671.0180,-2980.0000,503.9999,5071.0180,-2980.0000,904.0001,5071.0180
Block_Platform_1B,-2980.0000,904.0001,5071.0180,-2980.0000,503.9999,5071.0180,-2980.0000,503.9999,4471.0180
Block_Platform_1B,-2980.0000,904.0001,5071.0180,-2980.0000,503.9999,4471.0180,-2980.0000,904.0001,4471.0180
Block_Platform_1B,-3005.0000,503.9999,5671.0180,-2980.0000,503.9999,5071.0180,-2980.0000,503.9999,5671.0180
Block_Platform_1B,-3005.0000,503.9999,5671.0180,-3005.0000,503.9999,5071.0180,-2980.0000,503.9999,5071.0180
Block_Platform_1B,-3005.0000,503.9999,5071.0180,-2980.0000,503.9999,4471.0180,-2980.0000,503.9999,5071.0180
Block_Platform_1B,-3005.0000,503.9999,5071.0180,-3005.0000,503.9999,4471.0180,-2980.0000,503.9999,4471.0180
Block_Platform_1B,-3580.0000,503.9999,5671.0180,-3555.0000,503.9999,5071.0180,-3555.0000,503.9999,5671.0180
Block_Platform_1B,-3580.0000,503.9999,5671.0180,-3580.0000,503.9999,5071.0180,-3555.0000,503.9999,5071.0180
Block_Platform_1B,-3580.0000,503.9999,5071.0180,-3555.0000,503.9999,4471.0180,-3555.0000,503.9999,5071.0180
Block_Platform_1B,-3580.0000,503.9999,5071.0180,-3580.0000,503.9999,4471.0180,-3555.0000,503.9999,4471.0180
Block_Platform_1B,-3555.0000,503.9999,5671.0180,-3005.0000,503.9999,5071.0180,-3005.0000,503.9999,5671.0180
Block_Platform_1B,-3555.0000,503.9999,5671.0180,-3555.0000,503.9999,5071.0180,-3005.0000,503.9999,5071.0180
Block_Platform_1B,-3555.0000,503.9999,5071.0180,-3005.0000,503.9999,4471.0180,-3005.0000,503.9999,5071.0180
Block_Platform_1B,-3555.0000,503.9999,5071.0180,-3555.0000,503.9999,4471.0180,-3005.0000,503.9999,4471.0180
Block_Platform_1B,-3005.0000,904.0001,4471.0180,-3005.0000,503.9999,4471.0180,-2980.0000,503.9999,4471.0180
Block_Platform_1B,-3005.0000,904.0001,4471.0180,-2980.0000,503.9999,4471.0180,-2980.0000,904.0001,4471.0180
Block_Platform_1B,-3580.0000,904.0001,4471.0180,-3580.0000,503.9999,4471.0180,-3555.0000,503.9999,4471.0180
Block_Platform_1B,-3580.0000,904.0001,4471.0180,-3555.0000,503.9999,4471.0180,-3555.0000,904.0001,4471.0180
Block_Platform_1B,-3555.0000,904.0001,4471.0180,-3555.0000,503.9999,4471.0180,-3005.0000,503.9999,4471.0180
Block_Platform_1B,-3555.0000,904.0001,4471.0180,-3005.0000,503.9999,4471.0180,-3005.0000,904.0001,4471.0180
Block_Platform_1B,-2994.6350,904.0001,1490.0630,-2994.6350,503.9999,890.0633,-2994.6350,904.0001,890.0633
Block_Platform_1B,-2994.6350,904.0001,1490.0630,-2994.6350,503.9999,1490.0630,-2994.6350,503.9999,890.0633
Block_Platform_1B,-2994.6350,904.0001,2090.0630,-2994.6350,503.9999,1490.0630,-2994.6350,904.0001,1490.0630
Block_Platform_1B,-2994.6350,904.0001,2090.0630,-2994.6350,503.9999,2090.0630,-2994.6350,503.9999,1490.0630
Block_Platform_1B,-3569.6350,904.0001,890.0633,-3569.6350,503.9999,890.0633,-3594.6350,503.9999,890.0633
Block_Platform_1B,-3569.6350,904.0001,890.0633,-3594.6350,503.9999,890.0633,-3594.6350,904.0001,890.0633
Block_Platform_1B,-3019.6350,503.9999,1490.0630,-3019.6350,503.9999,890.0633,-2994.6350,503.9999,890.0633
Block_Platform_1B,-3019.6350,503.9999,1490.0630,-2994.6350,503.9999,890.0633,-2994.6350,503.9999,1490.0630
Block_Platform_1B,-3019.6350,503.9999,2090.0630,-3019.6350,503.9999,1490.0630,-2994.6350,503.9999,1490.0630
Block_Platform_1B,-3019.6350,503.9999,2090.0630,-2994.6350,503.9999,1490.0630,-2994.6350,503.9999,2090.0630
Block_Platform_1B,-2994.6350,904.0001,890.0633,-2994.6350,503.9999,890.0633,-3019.6350,503.9999,890.0633
Block_Platform_1B,-2994.6350,904.0001,890.0633,-3019.6350,503.9999,890.0633,-3019.6350,904.0001,890.0633
Block_Platform_1B,-3019.6350,904.0001,890.0633,-3019.6350,503.9999,890.0633,-3569.6350,503.9999,890.0633
Block_Platform_1B,-3019.6350,904.0001,890.0633,-3569.6350,503.9999,890.0633,-3569.6350,904.0001,890.0633
Block_Platform_1B,-3594.6350,503.9999,1490.0630,-3594.6350,503.9999,890.0633,-3569.6350,503.9999,890.0633
Block_Platform_1B,-3594.6350,503.9999,1490.0630,-3569.6350,503.9999,890.0633,-3569.6350,503.9999,1490.0630
Block_Platform_1B,-3594.6350,503.9999,2090.0630,-3594.6350,503.9999,1490.0630,-3569.6350,503.9999,1490.0630
Block_Platform_1B,-3594.6350,503.9999,2090.0630,-3569.6350,503.9999,1490.0630,-3569.6350,503.9999,2090.0630
Block_Platform_1B,-3569.6350,503.9999,1490.0630,-3569.6350,503.9999,890.0633,-3019.6350,503.9999,890.0633
Block_Platform_1B,-3569.6350,503.9999,1490.0630,-3019.6350,503.9999,890.0633,-3019.6350,503.9999,1490.0630
Block_Platform_1B,-3569.6350,503.9999,2090.0630,-3569.6350,503.9999,1490.0630,-3019.6350,503.9999,1490.0630
Block_Platform_1B,-3569.6350,503.9999,2090.0630,-3019.6350,503.9999,1490.0630,-3019.6350,503.9999,2090.0630
Block_Platform_1B,-3594.6350,904.0001,1490.0630,-3594.6350,904.0001,2090.0630,-3569.6350,904.0001,2090.0630
Block_Platform_1B,-3594.6350,904.0001,1490.0630,-3569.6350,904.0001,2090.0630,-3569.6350,904.0001,1490.0630
Block_Platform_1B,-3594.6350,904.0001,890.0633,-3594.6350,904.0001,1490.0630,-3569.6350,904.0001,1490.0630
Block_Platform_1B,-3594.6350,904.0001,890.0633,-3569.6350,904.0001,1490.0630,-3569.6350,904.0001,890.0633
Block_Platform_1B,-3569.6350,904.0001,1490.0630,-3569.6350,904.0001,2090.0630,-3019.6350,904.0001,2090.0630
Block_Platform_1B,-3569.6350,904.0001,1490.0630,-3019.6350,904.0001,2090.0630,-3019.6350,904.0001,1490.0630
Block_Platform_1B,-3569.6350,904.0001,890.0633,-3569.6350,904.0001,1490.0630,-3019.6350,904.0001,1490.0630
Block_Platform_1B,-3569.6350,904.0001,890.0633,-3019.6350,904.0001,1490.0630,-3019.6350,904.0001,890.0633
Block_Platform_1B,-3594.6350,904.0001,890.0633,-3594.6350,503.9999,890.0633,-3594.6350,503.9999,1490.0630
Block_Platform_1B,-3594.6350,904.0001,890.0633,-3594.6350,503.9999,1490.0630,-3594.6350,904.0001,1490.0630
Block_Platform_1B,-3594.6350,904.0001,1490.0630,-3594.6350,503.9999,1490.0630,-3594.6350,503.9999,2090.0630
Block_Platform_1B,-3594.6350,904.0001,1490.0630,-3594.6350,503.9999,2090.0630,-3594.6350,904.0001,2090.0630
Block_Platform_1B,-3019.6350,904.0001,890.0633,-2994.6350,904.0001,1490.0630,-2994.6350,904.0001,890.0633
Block_Platform_1B,-3019.6350,904.0001,890.0633,-3019.6350,904.0001,1490.0630,-2994.6350,904.0001,1490.0630
Block_Platform_1B,-3019.6350,904.0001,1490.0630,-2994.6350,904.0001,2090.0630,-2994.6350,904.0001,1490.0630
Block_Platform_1B,-3019.6350,904.0001,1490.0630,-3019.6350,904.0001,2090.0630,-2994.6350,904.0001,2090.0630
Block_Platform_1B,-3019.6350,904.0001,3290.0630,-3019.6350,503.9999,3290.0630,-2994.6350,503.9999,3290.0630
Block_Platform_1B,-3019.6350,904.0001,3290.0630,-2994.6350,503.9999,3290.0630,-2994.6350,904.0001,3290.0630
Block_Platform_1B,-3594.6350,904.0001,2690.0630,-3594.6350,503.9999,3290.0630,-3594.6350,904.0001,3290.0630
Block_Platform_1B,-3594.6350,904.0001,2690.0630,-3594.6350,503.9999,2690.0630,-3594.6350,503.9999,3290.0630
Block_Platform_1B,-3594.6350,904.0001,2090.0630,-3594.6350,503.9999,2690.0630,-3594.6350,904.0001,2690.0630
Block_Platform_1B,-3594.6350,904.0001,2090.0630,-3594.6350,503.9999,2090.0630,-3594.6350,503.9999,2690.0630
Block_Platform_1B,-3019.6350,904.0001,2690.0630,-3019.6350,904.0001,3290.0630,-2994.6350,904.0001,3290.0630
Block_Platform_1B,-3019.6350,904.0001,2690.0630,-2994.6350,904.0001,3290.0630,-2994.6350,904.0001,2690.0640
Block_Platform_1B,-3019.6350,904.0001,2090.0630,-3019.6350,904.0001,2690.0630,-2994.6350,904.0001,2690.0640
Block_Platform_1B,-3019.6350,904.0001,2090.0630,-2994.6350,904.0001,2690.0640,-2994.6350,904.0001,2090.0630
Block_Platform_1B,-3594.6350,904.0001,3290.0630,-3594.6350,503.9999,3290.0630,-3569.6350,503.9999,3290.0630
Block_Platform_1B,-3594.6350,904.0001,3290.0630,-3569.6350,503.9999,3290.0630,-3569.6350,904.0001,3290.0630
Block_Platform_1B,-3569.6350,904.0001,3290.0630,-3569.6350,503.9999,3290.0630,-3019.6350,503.9999,3290.0630
Block_Platform_1B,-3569.6350,904.0001,3290.0630,-3019.6350,503.9999,3290.0630,-3019.6350,904.0001,3290.0630
Block_Platform_1B,-3594.6350,904.0001,2690.0630,-3594.6350,904.0001,3290.0630,-3569.6350,904.0001,3290.0630
Block_Platform_1B,-3594.6350,904.0001,2690.0630,-3569.6350,904.0001,3290.0630,-3569.6350,904.0001,2690.0630
Block_Platform_1B,-3594.6350,904.0001,2090.0630,-3594.6350,904.0001,2690.0630,-3569.6350,904.0001,2690.0630
Block_Platform_1B,-3594.6350,904.0001,2090.0630,-3569.6350,904.0001,2690.0630,-3569.6350,904.0001,2090.0630
Block_Platform_1B,-3569.6350,904.0001,2690.0630,-3569.6350,904.0001,3290.0630,-3019.6350,904.0001,3290.0630
Block_Platform_1B,-3569.6350,904.0001,2690.0630,-3019.6350,904.0001,3290.0630,-3019.6350,904.0001,2690.0630
Block_Platform_1B,-3569.6350,904.0001,2090.0630,-3569.6350,904.0001,2690.0630,-3019.6350,904.0001,2690.0630
Block_Platform_1B,-3569.6350,904.0001,2090.0630,-3019.6350,904.0001,2690.0630,-3019.6350,904.0001,2090.0630
Block_Platform_1B,-2994.6350,904.0001,3290.0630,-2994.6350,503.9999,3290.0630,-2994.6350,503.9999,2690.0640
Block_Platform_1B,-2994.6350,904.0001,3290.0630,-2994.6350,503.9999,2690.0640,-2994.6350,904.0001,2690.0640
Block_Platform_1B,-2994.6350,904.0001,2690.0640,-2994.6350,503.9999,2690.0640,-2994.6350,503.9999,2090.0630
Block_Platform_1B,-2994.6350,904.0001,2690.0640,-2994.6350,503.9999,2090.0630,-2994.6350,904.0001,2090.0630
Block_Platform_1B,-3019.6350,503.9999,3290.0630,-2994.6350,503.9999,2690.0640,-2994.6350,503.9999,3290.0630
Block_Platform_1B,-3019.6350,503.9999,3290.0630,-3019.6350,503.9999,2690.0630,-2994.6350,503.9999,2690.0640
Block_Platform_1B,-3019.6350,503.9999,2690.0630,-2994.6350,503.9999,2090.0630,-2994.6350,503.9999,2690.0640
Block_Platform_1B,-3019.6350,503.9999,2690.0630,-3019.6350,503.9999,2090.0630,-2994.6350,503.9999,2090.0630
Block_Platform_1B,-3594.6350,503.9999,3290.0630,-3569.6350,503.9999,2690.0630,-3569.6350,503.9999,3290.0630
Block_Platform_1B,-3594.6350,503.9999,3290.0630,-3594.6350,503.9999,2690.0630,-3569.6350,503.9999,2690.0630
Block_Platform_1B,-3594.6350,503.9999,2690.0630,-3569.6350,503.9999,2090.0630,-3569.6350,503.9999,2690.0630
Block_Platform_1B,-3594.6350,503.9999,2690.0630,-3594.6350,503.9999,2090.0630,-3569.6350,503.9999,2090.0630
Block_Platform_1B,-3569.6350,503.9999,3290.0630,-3019.6350,503.9999,2690.0630,-3019.6350,503.9999,3290.0630
Block_Platform_1B,-3569.6350,503.9999,3290.0630,-3569.6350,503.9999,2690.0630,-3019.6350,503.9999,2690.0630
Block_Platform_1B,-3569.6350,503.9999,2690.0630,-3019.6350,503.9999,2090.0630,-3019.6350,503.9999,2690.0630
Block_Platform_1B,-3569.6350,503.9999,2690.0630,-3569.6350,503.9999,2090.0630,-3019.6350,503.9999,2090.0630
Block_Platform_1B,-3019.6350,904.0001,2090.0630,-3019.6350,503.9999,2090.0630,-2994.6350,503.9999,2090.0630
Block_Platform_1B,-3019.6350,904.0001,2090.0630,-2994.6350,503.9999,2090.0630,-2994.6350,904.0001,2090.0630
Block_Platform_1B,-3594.6350,904.0001,2090.0630,-3594.6350,503.9999,2090.0630,-3569.6350,503.9999,2090.0630
Block_Platform_1B,-3594.6350,904.0001,2090.0630,-3569.6350,503.9999,2090.0630,-3569.6350,904.0001,2090.0630
Block_Platform_1B,-3569.6350,904.0001,2090.0630,-3569.6350,503.9999,2090.0630,-3019.6350,503.9999,2090.0630
Block_Platform_1B,-3569.6350,904.0001,2090.0630,-3019.6350,503.9999,2090.0630,-3019.6350,904.0001,2090.0630
Block_Platform_1B,-2984.8760,904.0001,-813.0001,-2984.8760,503.9999,-1413.0000,-2984.8760,904.0001,-1413.0000
Block_Platform_1B,-2984.8760,904.0001,-813.0001,-2984.8760,503.9999,-813.0001,-2984.8760,503.9999,-1413.0000
Block_Platform_1B,-2984.8760,904.0001,-213.0000,-2984.8760,503.9999,-813.0001,-2984.8760,904.0001,-813.0001
Block_Platform_1B,-2984.8760,904.0001,-213.0000,-2984.8760,503.9999,-213.0000,-2984.8760,503.9999,-813.0001
Block_Platform_1B,-3559.8760,904.0001,-1413.0000,-3559.8760,503.9999,-1413.0000,-3584.8760,503.9999,-1413.0000
Block_Platform_1B,-3559.8760,904.0001,-1413.0000,-3584.8760,503.9999,-1413.0000,-3584.8760,904.0001,-1413.0000
Block_Platform_1B,-3009.8760,503.9999,-813.0001,-3009.8760,503.9999,-1413.0000,-2984.8760,503.9999,-1413.0000
Block_Platform_1B,-3009.8760,503.9999,-813.0001,-2984.8760,503.9999,-1413.0000,-2984.8760,503.9999,-813.0001
Block_Platform_1B,-3009.8760,503.9999,-213.0000,-3009.8760,503.9999,-813.0001,-2984.8760,503.9999,-813.0001
Block_Platform_1B,-3009.8760,503.9999,-213.0000,-2984.8760,503.9999,-813.0001,-2984.8760,503.9999,-213.0000
Block_Platform_1B,-2984.8760,904.0001,-1413.0000,-2984.8760,503.9999,-1413.0000,-3009.8760,503.9999,-1413.0000
Block_Platform_1B,-2984.8760,904.0001,-1413.0000,-3009.8760,503.9999,-1413.0000,-3009.8760,904.0001,-1413.0000
Block_Platform_1B,-3009.8760,904.0001,-1413.0000,-3009.8760,503.9999,-1413.0000,-3559.8760,503.9999,-1413.0000
Block_Platform_1B,-3009.8760,904.0001,-1413.0000,-3559.8760,503.9999,-1413.0000,-3559.8760,904.0001,-1413.0000
Block_Platform_1B,-3584.8760,503.9999,-813.0001,-3584.8760,503.9999,-1413.0000,-3559.8760,503.9999,-1413.0000
Block_Platform_1B,-3584.8760,503.9999,-813.0001,-3559.8760,503.9999,-1413.0000,-3559.8760,503.9999,-813.0001
Block_Platform_1B,-3584.8760,503.9999,-213.0001,-3584.8760,503.9999,-813.0001,-3559.8760,503.9999,-813.0001
Block_Platform_1B,-3584.8760,503.9999,-213.0001,-3559.8760,503.9999,-813.0001,-3559.8760,503.9999,-213.0000
Block_Platform_1B,-3559.8760,503.9999,-813.0001,-3559.8760,503.9999,-1413.0000,-3009.8760,503.9999,-1413.0000
Block_Platform_1B,-3559.8760,503.9999,-813.0001,-3009.8760,503.9999,-1413.0000,-3009.8760,503.9999,-813.0001
Block_Platform_1B,-3559.8760,503.9999,-213.0000,-3559.8760,503.9999,-813.0001,-3009.8760,503.9999,-813.0001
Block_Platform_1B,-3559.8760,503.9999,-213.0000,-3009.8760,503.9999,-813.0001,-3009.8760,503.9999,-213.0000
Block_Platform_1B,-3584.8760,904.0001,-813.0001,-3584.8760,904.0001,-213.0001,-3559.8760,904.0001,-213.0000
Block_Platform_1B,-3584.8760,904.0001,-813.0001,-3559.8760,904.0001,-213.0000,-3559.8760,904.0001,-813.0001
Block_Platform_1B,-3584.8760,904.0001,-1413.0000,-3584.8760,904.0001,-813.0001,-3559.8760,904.0001,-813.0001
Block_Platform_1B,-3584.8760,904.0001,-1413.0000,-3559.8760,904.0001,-813.0001,-3559.8760,904.0001,-1413.0000
Block_Platform_1B,-3559.8760,904.0001,-813.0001,-3559.8760,904.0001,-213.0000,-3009.8760,904.0001,-213.0000
Block_Platform_1B,-3559.8760,904.0001,-813.0001,-3009.8760,904.0001,-213.0000,-3009.8760,904.0001,-813.0001
Block_Platform_1B,-3559.8760,904.0001,-1413.0000,-3559.8760,904.0001,-813.0001,-3009.8760,904.0001,-813.0001
Block_Platform_1B,-3559.8760,904.0001,-1413.0000,-3009.8760,904.0001,-813.0001,-3009.8760,904.0001,-1413.0000
Block_Platform_1B,-3584.8760,904.0001,-1413.0000,-3584.8760,503.9999,-1413.0000,-3584.8760,503.9999,-813.0001
Block_Platform_1B,-3584.8760,904.0001,-1413.0000,-3584.8760,503.9999,-813.0001,-3584.8760,904.0001,-813.0001
Block_Platform_1B,-3584.8760,904.0001,-813.0001,-3584.8760,503.9999,-813.0001,-3584.8760,503.9999,-213.0001
Block_Platform_1B,-3584.8760,904.0001,-813.0001,-3584.8760,503.9999,-213.0001,-3584.8760,904.0001,-213.0001
Block_Platform_1B,-3009.8760,904.0001,-1413.0000,-2984.8760,904.0001,-813.0001,-2984.8760,904.0001,-1413.0000
Block_Platform_1B,-3009.8760,904.0001,-1413.0000,-3009.8760,904.0001,-813.0001,-2984.8760,904.0001,-813.0001
Block_Platform_1B,-3009.8760,904.0001,-813.0001,-2984.8760,904.0001,-213.0000,-2984.8760,904.0001,-813.0001
Block_Platform_1B,-3009.8760,904.0001,-813.0001,-3009.8760,904.0001,-213.0000,-2984.8760,904.0001,-213.0000
Block_Platform_1B,-3009.8760,904.0001,987.0002,-3009.8760,503.9999,987.0002,-2984.8760,503.9999,987.0002
Block_Platform_1B,-3009.8760,904.0001,987.0002,-2984.8760,503.9999,987.0002,-2984.8760,904.0001,987.0002
Block_Platform_1B,-3584.8760,904.0001,387.0000,-3584.8760,503.9999,987.0002,-3584.8760,904.0001,987.0002
Block_Platform_1B,-3584.8760,904.0001,387.0000,-3584.8760,503.9999,387.0000,-3584.8760,503.9999,987.0002
Block_Platform_1B,-3584.8760,904.0001,-213.0001,-3584.8760,503.9999,387.0000,-3584.8760,904.0001,387.0000
Block_Platform_1B,-3584.8760,904.0001,-213.0001,-3584.8760,503.9999,-213.0001,-3584.8760,503.9999,387.0000
Block_Platform_1B,-3009.8760,904.0001,387.0001,-3009.8760,904.0001,987.0002,-2984.8760,904.0001,987.0002
Block_Platform_1B,-3009.8760,904.0001,387.0001,-2984.8760,904.0001,987.0002,-2984.8760,904.0001,387.0001
Block_Platform_1B,-3009.8760,904.0001,-213.0000,-3009.8760,904.0001,387.0001,-2984.8760,904.0001,387.0001
Block_Platform_1B,-3009.8760,904.0001,-213.0000,-2984.8760,904.0001,387.0001,-2984.8760,904.0001,-213.0000
Block_Platform_1B,-3584.8760,904.0001,987.0002,-3584.8760,503.9999,987.0002,-3559.8760,503.9999,987.0002
Block_Platform_1B,-3584.8760,904.0001,987.0002,-3559.8760,503.9999,987.0002,-3559.8760,904.0001,987.0002
Block_Platform_1B,-3559.8760,904.0001,987.0002,-3559.8760,503.9999,987.0002,-3009.8760,503.9999,987.0002
Block_Platform_1B,-3559.8760,904.0001,987.0002,-3009.8760,503.9999,987.0002,-3009.8760,904.0001,987.0002
Block_Platform_1B,-3584.8760,904.0001,387.0000,-3584.8760,904.0001,987.0002,-3559.8760,904.0001,987.0002
Block_Platform_1B,-3584.8760,904.0001,387.0000,-3559.8760,904.0001,987.0002,-3559.8760,904.0001,387.0001
Block_Platform_1B,-3584.8760,904.0001,-213.0001,-3584.8760,904.0001,387.0000,-3559.8760,904.0001,387.0001
Block_Platform_1B,-3584.8760,904.0001,-213.0001,-3559.8760,904.0001,387.0001,-3559.8760,904.0001,-213.0000
Block_Platform_1B,-3559.8760,904.0001,387.0001,-3559.8760,904.0001,987.0002,-3009.8760,904.0001,987.0002
Block_Platform_1B,-3559.8760,904.0001,387.0001,-3009.8760,904.0001,987.0002,-3009.8760,904.0001,387.0001
Block_Platform_1B,-3559.8760,904.0001,-213.0000,-3559.8760,904.0001,387.0001,-3009.8760,904.0001,387.0001
Block_Platform_1B,-3559.8760,904.0001,-213.0000,-3009.8760,904.0001,387.0001,-3009.8760,904.0001,-213.0000
Block_Platform_1B,-2984.8760,904.0001,987.0002,-2984.8760,503.9999,987.0002,-2984.8760,503.9999,387.0001
Block_Platform_1B,-2984.8760,904.0001,987.0002,-2984.8760,503.9999,387.0001,-2984.8760,904.0001,387.0001
Block_Platform_1B,-2984.8760,904.0001,387.0001,-2984.8760,503.9999,387.0001,-2984.8760,503.9999,-213.0000
Block_Platform_1B,-2984.8760,904.0001,387.0001,-2984.8760,503.9999,-213.0000,-2984.8760,904.0001,-213.0000
Block_Platform_1B,-3009.8760,503.9999,987.0002,-2984.8760,503.9999,387.0001,-2984.8760,503.9999,987.0002
Block_Platform_1B,-3009.8760,503.9999,987.0002,-3009.8760,503.9999,387.0001,-2984.8760,503.9999,387.0001
Block_Platform_1B,-3009.8760,503.9999,387.0001,-2984.8760,503.9999,-213.0000,-2984.8760,503.9999,387.0001
Block_Platform_1B,-3009.8760,503.9999,387.0001,-3009.8760,503.9999,-213.0000,-2984.8760,503.9999,-213.0000
Block_Platform_1B,-3584.8760,503.9999,987.0002,-3559.8760,503.9999,387.0001,-3559.8760,503.9999,987.0002
Block_Platform_1B,-3584.8760,503.9999,987.0002,-3584.8760,503.9999,387.0000,-3559.8760,503.9999,387.0001
Block_Platform_1B,-3584.8760,503.9999,387.0000,-3559.8760,503.9999,-213.0000,-3559.8760,503.9999,387.0001
Block_Platform_1B,-3584.8760,503.9999,387.0000,-3584.8760,503.9999,-213.0001,-3559.8760,503.9999,-213.0000
Block_Platform_1B,-3559.8760,503.9999,987.0002,-3009.8760,503.9999,387.0001,-3009.8760,503.9999,987.0002
Block_Platform_1B,-3559.8760,503.9999,987.0002,-3559.8760,503.9999,387.0001,-3009.8760,503.9999,387.0001
Block_Platform_1B,-3559.8760,503.9999,387.0001,-3009.8760,503.9999,-213.0000,-3009.8760,503.9999,387.0001
Block_Platform_1B,-3559.8760,503.9999,387.0001,-3559.8760,503.9999,-213.0000,-3009.8760,503.9999,-213.0000
Block_Platform_1B,-3009.8760,904.0001,-213.0000,-3009.8760,503.9999,-213.0000,-2984.8760,503.9999,-213.0000
Block_Platform_1B,-3009.8760,904.0001,-213.0000,-2984.8760,503.9999,-213.0000,-2984.8760,904.0001,-213.0000
Block_Platform_1B,-3584.8760,904.0001,-213.0001,-3584.8760,503.9999,-213.0001,-3559.8760,503.9999,-213.0000
Block_Platform_1B,-3584.8760,904.0001,-213.0001,-3559.8760,503.9999,-213.0000,-3559.8760,904.0001,-213.0000
Block_Platform_1B,-3559.8760,904.0001,-213.0000,-3559.8760,503.9999,-213.0000,-3009.8760,503.9999,-213.0000
Block_Platform_1B,-3559.8760,904.0001,-213.0000,-3009.8760,503.9999,-213.0000,-3009.8760,904.0001,-213.0000
Block_Platform_1B,1590.0000,904.0001,9091.0000,2190.0000,503.9999,9091.0000,2190.0000,904.0001,9091.0000
Block_Platform_1B,1590.0000,904.0001,9091.0000,1590.0000,503.9999,9091.0000,2190.0000,503.9999,9091.0000
Block_Platform_1B,989.9999,904.0001,9091.0000,1590.0000,503.9999,9091.0000,1590.0000,904.0001,9091.0000
Block_Platform_1B,989.9999,904.0001,9091.0000,989.9999,503.9999,9091.0000,1590.0000,503.9999,9091.0000
Block_Platform_1B,2190.0000,904.0001,8516.0000,2190.0000,503.9999,8516.0000,2190.0000,503.9999,8491.0000
Block_Platform_1B,2190.0000,904.0001,8516.0000,2190.0000,503.9999,8491.0000,2190.0000,904.0001,8491.0000
Block_Platform_1B,1590.0000,503.9999,9066.0000,2190.0000,503.9999,9066.0000,2190.0000,503.9999,9091.0000
Block_Platform_1B,1590.0000,503.9999,9066.0000,2190.0000,503.9999,9091.0000,1590.0000,503.9999,9091.0000
Block_Platform_1B,989.9999,503.9999,9066.0000,1590.0000,503.9999,9066.0000,1590.0000,503.9999,9091.0000
Block_Platform_1B,989.9999,503.9999,9066.0000,1590.0000,503.9999,9091.0000,989.9999,503.9999,9091.0000
Block_Platform_1B,2190.0000,904.0001,9091.0000,2190.0000,503.9999,9091.0000,2190.0000,503.9999,9066.0000
Block_Platform_1B,2190.0000,904.0001,9091.0000,2190.0000,503.9999,9066.0000,2190.0000,904.0001,9066.0000
Block_Platform_1B,2190.0000,904.0001,9066.0000,2190.0000,503.9999,9066.0000,2190.0000,503.9999,8516.0000
Block_Platform_1B,2190.0000,904.0001,9066.0000,2190.0000,503.9999,8516.0000,2190.0000,904.0001,8516.0000
Block_Platform_1B,1590.0000,503.9999,8491.0000,2190.0000,503.9999,8491.0000,2190.0000,503.9999,8516.0000
Block_Platform_1B,1590.0000,503.9999,8491.0000,2190.0000,503.9999,8516.0000,1590.0000,503.9999,8516.0000
Block_Platform_1B,989.9999,503.9999,8491.0000,1590.0000,503.9999,8491.0000,1590.0000,503.9999,8516.0000
Block_Platform_1B,989.9999,503.9999,8491.0000,1590.0000,503.9999,8516.0000,989.9999,503.9999,8516.0000
Block_Platform_1B,1590.0000,503.9999,8516.0000,2190.0000,503.9999,8516.0000,2190.0000,503.9999,9066.0000
Block_Platform_1B,1590.0000,503.9999,8516.0000,2190.0000,503.9999,9066.0000,1590.0000,503.9999,9066.0000
Block_Platform_1B,989.9999,503.9999,8516.0000,1590.0000,503.9999,8516.0000,1590.0000,503.9999,9066.0000
Block_Platform_1B,989.9999,503.9999,8516.0000,1590.0000,503.9999,9066.0000,989.9999,503.9999,9066.0000
Block_Platform_1B,1590.0000,904.0001,8491.0000,989.9999,904.0001,8491.0000,989.9999,904.0001,8516.0000
Block_Platform_1B,1590.0000,904.0001,8491.0000,989.9999,904.0001,8516.0000,1590.0000,904.0001,8516.0000
Block_Platform_1B,2190.0000,904.0001,8491.0000,1590.0000,904.0001,8491.0000,1590.0000,904.0001,8516.0000
Block_Platform_1B,2190.0000,904.0001,8491.0000,1590.0000,904.0001,8516.0000,2190.0000,904.0001,8516.0000
Block_Platform_1B,1590.0000,904.0001,8516.0000,989.9999,904.0001,8516.0000,989.9999,904.0001,9066.0000
Block_Platform_1B,1590.0000,904.0001,8516.0000,989.9999,904.0001,9066.0000,1590.0000,904.0001,9066.0000
Block_Platform_1B,2190.0000,904.0001,8516.0000,1590.0000,904.0001,8516.0000,1590.0000,904.0001,9066.0000
Block_Platform_1B,2190.0000,904.0001,8516.0000,1590.0000,904.0001,9066.0000,2190.0000,904.0001,9066.0000
Block_Platform_1B,2190.0000,904.0001,8491.0000,2190.0000,503.9999,8491.0000,1590.0000,503.9999,8491.0000
Block_Platform_1B,2190.0000,904.0001,8491.0000,1590.0000,503.9999,8491.0000,1590.0000,904.0001,8491.0000
Block_Platform_1B,1590.0000,904.0001,8491.0000,1590.0000,503.9999,8491.0000,989.9999,503.9999,8491.0000
Block_Platform_1B,1590.0000,904.0001,8491.0000,989.9999,503.9999,8491.0000,989.9999,904.0001,8491.0000
Block_Platform_1B,2190.0000,904.0001,9066.0000,1590.0000,904.0001,9091.0000,2190.0000,904.0001,9091.0000
Block_Platform_1B,2190.0000,904.0001,9066.0000,1590.0000,904.0001,9066.0000,1590.0000,904.0001,9091.0000
Block_Platform_1B,1590.0000,904.0001,9066.0000,989.9999,904.0001,9091.0000,1590.0000,904.0001,9091.0000
Block_Platform_1B,1590.0000,904.0001,9066.0000,989.9999,904.0001,9066.0000,989.9999,904.0001,9091.0000
Block_Platform_1B,-210.0000,904.0001,9066.0000,-210.0000,503.9999,9066.0000,-210.0000,503.9999,9091.0000
Block_Platform_1B,-210.0000,904.0001,9066.0000,-210.0000,503.9999,9091.0000,-210.0000,904.0001,9091.0000
Block_Platform_1B,390.0000,904.0001,8491.0000,-210.0000,503.9999,8491.0000,-210.0000,904.0001,8491.0000
Block_Platform_1B,390.0000,904.0001,8491.0000,390.0000,503.9999,8491.0000,-210.0000,503.9999,8491.0000
Block_Platform_1B,989.9999,904.0001,8491.0000,390.0000,503.9999,8491.0000,390.0000,904.0001,8491.0000
Block_Platform_1B,989.9999,904.0001,8491.0000,989.9999,503.9999,8491.0000,390.0000,503.9999,8491.0000
Block_Platform_1B,390.0000,904.0001,9066.0000,-210.0000,904.0001,9066.0000,-210.0000,904.0001,9091.0000
Block_Platform_1B,390.0000,904.0001,9066.0000,-210.0000,904.0001,9091.0000,390.0000,904.0001,9091.0000
Block_Platform_1B,989.9999,904.0001,9066.0000,390.0000,904.0001,9066.0000,390.0000,904.0001,9091.0000
Block_Platform_1B,989.9999,904.0001,9066.0000,390.0000,904.0001,9091.0000,989.9999,904.0001,9091.0000
Block_Platform_1B,-210.0000,904.0001,8491.0000,-210.0000,503.9999,8491.0000,-210.0000,503.9999,8516.0000
Block_Platform_1B,-210.0000,904.0001,8491.0000,-210.0000,503.9999,8516.0000,-210.0000,904.0001,8516.0000
Block_Platform_1B,-210.0000,904.0001,8516.0000,-210.0000,503.9999,8516.0000,-210.0000,503.9999,9066.0000
Block_Platform_1B,-210.0000,904.0001,8516.0000,-210.0000,503.9999,9066.0000,-210.0000,904.0001,9066.0000
Block_Platform_1B,390.0000,904.0001,8491.0000,-210.0000,904.0001,8491.0000,-210.0000,904.0001,8516.0000
Block_Platform_1B,390.0000,904.0001,8491.0000,-210.0000,904.0001,8516.0000,390.0000,904.0001,8516.0000
Block_Platform_1B,989.9999,904.0001,8491.0000,390.0000,904.0001,8491.0000,390.0000,904.0001,8516.0000
Block_Platform_1B,989.9999,904.0001,8491.0000,390.0000,904.0001,8516.0000,989.9999,904.0001,8516.0000
Block_Platform_1B,390.0000,904.0001,8516.0000,-210.0000,904.0001,8516.0000,-210.0000,904.0001,9066.0000
Block_Platform_1B,390.0000,904.0001,8516.0000,-210.0000,904.0001,9066.0000,390.0000,904.0001,9066.0000
Block_Platform_1B,989.9999,904.0001,8516.0000,390.0000,904.0001,8516.0000,390.0000,904.0001,9066.0000
Block_Platform_1B,989.9999,904.0001,8516.0000,390.0000,904.0001,9066.0000,989.9999,904.0001,9066.0000
Block_Platform_1B,-210.0000,904.0001,9091.0000,-210.0000,503.9999,9091.0000,390.0000,503.9999,9091.0000
Block_Platform_1B,-210.0000,904.0001,9091.0000,390.0000,503.9999,9091.0000,390.0000,904.0001,9091.0000
Block_Platform_1B,390.0000,904.0001,9091.0000,390.0000,503.9999,9091.0000,989.9999,503.9999,9091.0000
Block_Platform_1B,390.0000,904.0001,9091.0000,989.9999,503.9999,9091.0000,989.9999,904.0001,9091.0000
Block_Platform_1B,-210.0000,503.9999,9066.0000,390.0000,503.9999,9091.0000,-210.0000,503.9999,9091.0000
Block_Platform_1B,-210.0000,503.9999,9066.0000,390.0000,503.9999,9066.0000,390.0000,503.9999,9091.0000
Block_Platform_1B,390.0000,503.9999,9066.0000,989.9999,503.9999,9091.0000,390.0000,503.9999,9091.0000
Block_Platform_1B,390.0000,503.9999,9066.0000,989.9999,503.9999,9066.0000,989.9999,503.9999,9091.0000
Block_Platform_1B,-210.0000,503.9999,8491.0000,390.0000,503.9999,8516.0000,-210.0000,503.9999,8516.0000
Block_Platform_1B,-210.0000,503.9999,8491.0000,390.0000,503.9999,8491.0000,390.0000,503.9999,8516.0000
Block_Platform_1B,390.0000,503.9999,8491.0000,989.9999,503.9999,8516.0000,390.0000,503.9999,8516.0000
Block_Platform_1B,390.0000,503.9999,8491.0000,989.9999,503.9999,8491.0000,989.9999,503.9999,8516.0000
Block_Platform_1B,-210.0000,503.9999,8516.0000,390.0000,503.9999,9066.0000,-210.0000,503.9999,9066.0000
Block_Platform_1B,-210.0000,503.9999,8516.0000,390.0000,503.9999,8516.0000,390.0000,503.9999,9066.0000
Block_Platform_1B,390.0000,503.9999,8516.0000,989.9999,503.9999,9066.0000,390.0000,503.9999,9066.0000
Block_Platform_1B,390.0000,503.9999,8516.0000,989.9999,503.9999,8516.0000,989.9999,503.9999,9066.0000
Block_Platform_1B,989.9999,904.0001,9066.0000,989.9999,503.9999,9066.0000,989.9999,503.9999,9091.0000
Block_Platform_1B,989.9999,904.0001,9066.0000,989.9999,503.9999,9091.0000,989.9999,904.0001,9091.0000
Block_Platform_1B,989.9999,904.0001,8491.0000,989.9999,503.9999,8491.0000,989.9999,503.9999,8516.0000
Block_Platform_1B,989.9999,904.0001,8491.0000,989.9999,503.9999,8516.0000,989.9999,904.0001,8516.0000
Block_Platform_1B,989.9999,904.0001,8516.0000,989.9999,503.9999,8516.0000,989.9999,503.9999,9066.0000
Block_Platform_1B,989.9999,904.0001,8516.0000,989.9999,503.9999,9066.0000,989.9999,904.0001,9066.0000
Block_Platform_1B,3971.0000,904.0001,9091.0000,4571.0000,503.9999,9091.0000,4571.0000,904.0001,9091.0000
Block_Platform_1B,3971.0000,904.0001,9091.0000,3971.0000,503.9999,9091.0000,4571.0000,503.9999,9091.0000
Block_Platform_1B,3371.0000,904.0001,9091.0000,3971.0000,503.9999,9091.0000,3971.0000,904.0001,9091.0000
Block_Platform_1B,3371.0000,904.0001,9091.0000,3371.0000,503.9999,9091.0000,3971.0000,503.9999,9091.0000
Block_Platform_1B,4571.0000,904.0001,8516.0000,4571.0000,503.9999,8516.0000,4571.0000,503.9999,8491.0000
Block_Platform_1B,4571.0000,904.0001,8516.0000,4571.0000,503.9999,8491.0000,4571.0000,904.0001,8491.0000
Block_Platform_1B,3971.0000,503.9999,9066.0000,4571.0000,503.9999,9066.0000,4571.0000,503.9999,9091.0000
Block_Platform_1B,3971.0000,503.9999,9066.0000,4571.0000,503.9999,9091.0000,3971.0000,503.9999,9091.0000
Block_Platform_1B,3371.0000,503.9999,9066.0000,3971.0000,503.9999,9066.0000,3971.0000,503.9999,9091.0000
Block_Platform_1B,3371.0000,503.9999,9066.0000,3971.0000,503.9999,9091.0000,3371.0000,503.9999,9091.0000
Block_Platform_1B,4571.0000,904.0001,9091.0000,4571.0000,503.9999,9091.0000,4571.0000,503.9999,9066.0000
Block_Platform_1B,4571.0000,904.0001,9091.0000,4571.0000,503.9999,9066.0000,4571.0000,904.0001,9066.0000
Block_Platform_1B,4571.0000,904.0001,9066.0000,4571.0000,503.9999,9066.0000,4571.0000,503.9999,8516.0000
Block_Platform_1B,4571.0000,904.0001,9066.0000,4571.0000,503.9999,8516.0000,4571.0000,904.0001,8516.0000
Block_Platform_1B,3971.0000,503.9999,8491.0000,4571.0000,503.9999,8491.0000,4571.0000,503.9999,8516.0000
Block_Platform_1B,3971.0000,503.9999,8491.0000,4571.0000,503.9999,8516.0000,3971.0000,503.9999,8516.0000
Block_Platform_1B,3371.0000,503.9999,8491.0000,3971.0000,503.9999,8491.0000,3971.0000,503.9999,8516.0000
Block_Platform_1B,3371.0000,503.9999,8491.0000,3971.0000,503.9999,8516.0000,3371.0000,503.9999,8516.0000
Block_Platform_1B,3971.0000,503.9999,8516.0000,4571.0000,503.9999,8516.0000,4571.0000,503.9999,9066.0000
Block_Platform_1B,3971.0000,503.9999,8516.0000,4571.0000,503.9999,9066.0000,3971.0000,503.9999,9066.0000
Block_Platform_1B,3371.0000,503.9999,8516.0000,3971.0000,503.9999,8516.0000,3971.0000,503.9999,9066.0000
Block_Platform_1B,3371.0000,503.9999,8516.0000,3971.0000,503.9999,9066.0000,3371.0000,503.9999,9066.0000
Block_Platform_1B,3971.0000,904.0001,8491.0000,3371.0000,904.0001,8491.0000,3371.0000,904.0001,8516.0000
Block_Platform_1B,3971.0000,904.0001,8491.0000,3371.0000,904.0001,8516.0000,3971.0000,904.0001,8516.0000
Block_Platform_1B,4571.0000,904.0001,8491.0000,3971.0000,904.0001,8491.0000,3971.0000,904.0001,8516.0000
Block_Platform_1B,4571.0000,904.0001,8491.0000,3971.0000,904.0001,8516.0000,4571.0000,904.0001,8516.0000
Block_Platform_1B,3971.0000,904.0001,8516.0000,3371.0000,904.0001,8516.0000,3371.0000,904.0001,9066.0000
Block_Platform_1B,3971.0000,904.0001,8516.0000,3371.0000,904.0001,9066.0000,3971.0000,904.0001,9066.0000
Block_Platform_1B,4571.0000,904.0001,8516.0000,3971.0000,904.0001,8516.0000,3971.0000,904.0001,9066.0000
Block_Platform_1B,4571.0000,904.0001,8516.0000,3971.0000,904.0001,9066.0000,4571.0000,904.0001,9066.0000
Block_Platform_1B,4571.0000,904.0001,8491.0000,4571.0000,503.9999,8491.0000,3971.0000,503.9999,8491.0000
Block_Platform_1B,4571.0000,904.0001,8491.0000,3971.0000,503.9999,8491.0000,3971.0000,904.0001,8491.0000
Block_Platform_1B,3971.0000,904.0001,8491.0000,3971.0000,503.9999,8491.0000,3371.0000,503.9999,8491.0000
Block_Platform_1B,3971.0000,904.0001,8491.0000,3371.0000,503.9999,8491.0000,3371.0000,904.0001,8491.0000
Block_Platform_1B,4571.0000,904.0001,9066.0000,3971.0000,904.0001,9091.0000,4571.0000,904.0001,9091.0000
Block_Platform_1B,4571.0000,904.0001,9066.0000,3971.0000,904.0001,9066.0000,3971.0000,904.0001,9091.0000
Block_Platform_1B,3971.0000,904.0001,9066.0000,3371.0000,904.0001,9091.0000,3971.0000,904.0001,9091.0000
Block_Platform_1B,3971.0000,904.0001,9066.0000,3371.0000,904.0001,9066.0000,3371.0000,904.0001,9091.0000
Block_Platform_1B,2171.0000,904.0001,9066.0000,2171.0000,503.9999,9066.0000,2171.0000,503.9999,9091.0000
Block_Platform_1B,2171.0000,904.0001,9066.0000,2171.0000,503.9999,9091.0000,2171.0000,904.0001,9091.0000
Block_Platform_1B,2771.0000,904.0001,8491.0000,2171.0000,503.9999,8491.0000,2171.0000,904.0001,8491.0000
Block_Platform_1B,2771.0000,904.0001,8491.0000,2771.0000,503.9999,8491.0000,2171.0000,503.9999,8491.0000
Block_Platform_1B,3371.0000,904.0001,8491.0000,2771.0000,503.9999,8491.0000,2771.0000,904.0001,8491.0000
Block_Platform_1B,3371.0000,904.0001,8491.0000,3371.0000,503.9999,8491.0000,2771.0000,503.9999,8491.0000
Block_Platform_1B,2771.0000,904.0001,9066.0000,2171.0000,904.0001,9066.0000,2171.0000,904.0001,9091.0000
Block_Platform_1B,2771.0000,904.0001,9066.0000,2171.0000,904.0001,9091.0000,2771.0000,904.0001,9091.0000
Block_Platform_1B,3371.0000,904.0001,9066.0000,2771.0000,904.0001,9066.0000,2771.0000,904.0001,9091.0000
Block_Platform_1B,3371.0000,904.0001,9066.0000,2771.0000,904.0001,9091.0000,3371.0000,904.0001,9091.0000
Block_Platform_1B,2171.0000,904.0001,8491.0000,2171.0000,503.9999,8491.0000,2171.0000,503.9999,8516.0000
Block_Platform_1B,2171.0000,904.0001,8491.0000,2171.0000,503.9999,8516.0000,2171.0000,904.0001,8516.0000
Block_Platform_1B,2171.0000,904.0001,8516.0000,2171.0000,503.9999,8516.0000,2171.0000,503.9999,9066.0000
Block_Platform_1B,2171.0000,904.0001,8516.0000,2171.0000,503.9999,9066.0000,2171.0000,904.0001,9066.0000
Block_Platform_1B,2771.0000,904.0001,8491.0000,2171.0000,904.0001,8491.0000,2171.0000,904.0001,8516.0000
Block_Platform_1B,2771.0000,904.0001,8491.0000,2171.0000,904.0001,8516.0000,2771.0000,904.0001,8516.0000
Block_Platform_1B,3371.0000,904.0001,8491.0000,2771.0000,904.0001,8491.0000,2771.0000,904.0001,8516.0000
Block_Platform_1B,3371.0000,904.0001,8491.0000,2771.0000,904.0001,8516.0000,3371.0000,904.0001,8516.0000
Block_Platform_1B,2771.0000,904.0001,8516.0000,2171.0000,904.0001,8516.0000,2171.0000,904.0001,9066.0000
Block_Platform_1B,2771.0000,904.0001,8516.0000,2171.0000,904.0001,9066.0000,2771.0000,904.0001,9066.0000
Block_Platform_1B,3371.0000,904.0001,8516.0000,2771.0000,904.0001,8516.0000,2771.0000,904.0001,9066.0000
Block_Platform_1B,3371.0000,904.0001,8516.0000,2771.0000,904.0001,9066.0000,3371.0000,904.0001,9066.0000
Block_Platform_1B,2171.0000,904.0001,9091.0000,2171.0000,503.9999,9091.0000,2771.0000,503.9999,9091.0000
Block_Platform_1B,2171.0000,904.0001,9091.0000,2771.0000,503.9999,9091.0000,2771.0000,904.0001,9091.0000
Block_Platform_1B,2771.0000,904.0001,9091.0000,2771.0000,503.9999,9091.0000,3371.0000,503.9999,9091.0000
Block_Platform_1B,2771.0000,904.0001,9091.0000,3371.0000,503.9999,9091.0000,3371.0000,904.0001,9091.0000
Block_Platform_1B,2171.0000,503.9999,9066.0000,2771.0000,503.9999,9091.0000,2171.0000,503.9999,9091.0000
Block_Platform_1B,2171.0000,503.9999,9066.0000,2771.0000,503.9999,9066.0000,2771.0000,503.9999,9091.0000
Block_Platform_1B,2771.0000,503.9999,9066.0000,3371.0000,503.9999,9091.0000,2771.0000,503.9999,9091.0000
Block_Platform_1B,2771.0000,503.9999,9066.0000,3371.0000,503.9999,9066.0000,3371.0000,503.9999,9091.0000
Block_Platform_1B,2171.0000,503.9999,8491.0000,2771.0000,503.9999,8516.0000,2171.0000,503.9999,8516.0000
Block_Platform_1B,2171.0000,503.9999,8491.0000,2771.0000,503.9999,8491.0000,2771.0000,503.9999,8516.0000
Block_Platform_1B,2771.0000,503.9999,8491.0000,3371.0000,503.9999,8516.0000,2771.0000,503.9999,8516.0000
Block_Platform_1B,2771.0000,503.9999,8491.0000,3371.0000,503.9999,8491.0000,3371.0000,503.9999,8516.0000
Block_Platform_1B,2171.0000,503.9999,8516.0000,2771.0000,503.9999,9066.0000,2171.0000,503.9999,9066.0000
Block_Platform_1B,2171.0000,503.9999,8516.0000,2771.0000,503.9999,8516.0000,2771.0000,503.9999,9066.0000
Block_Platform_1B,2771.0000,503.9999,8516.0000,3371.0000,503.9999,9066.0000,2771.0000,503.9999,9066.0000
Block_Platform_1B,2771.0000,503.9999,8516.0000,3371.0000,503.9999,8516.0000,3371.0000,503.9999,9066.0000
Block_Platform_1B,3371.0000,904.0001,9066.0000,3371.0000,503.9999,9066.0000,3371.0000,503.9999,9091.0000
Block_Platform_1B,3371.0000,904.0001,9066.0000,3371.0000,503.9999,9091.0000,3371.0000,904.0001,9091.0000
Block_Platform_1B,3371.0000,904.0001,8491.0000,3371.0000,503.9999,8491.0000,3371.0000,503.9999,8516.0000
Block_Platform_1B,3371.0000,904.0001,8491.0000,3371.0000,503.9999,8516.0000,3371.0000,904.0001,8516.0000
Block_Platform_1B,3371.0000,904.0001,8516.0000,3371.0000,503.9999,8516.0000,3371.0000,503.9999,9066.0000
Block_Platform_1B,3371.0000,904.0001,8516.0000,3371.0000,503.9999,9066.0000,3371.0000,904.0001,9066.0000
Block_Platform_1B,3971.0000,904.0001,9091.0000,4571.0000,503.9999,9091.0000,4571.0000,904.0001,9091.0000
Block_Platform_1B,3971.0000,904.0001,9091.0000,3971.0000,503.9999,9091.0000,4571.0000,503.9999,9091.0000
Block_Platform_1B,3371.0000,904.0001,9091.0000,3971.0000,503.9999,9091.0000,3971.0000,904.0001,9091.0000
Block_Platform_1B,3371.0000,904.0001,9091.0000,3371.0000,503.9999,9091.0000,3971.0000,503.9999,9091.0000
Block_Platform_1B,4571.0000,904.0001,8516.0000,4571.0000,503.9999,8516.0000,4571.0000,503.9999,8491.0000
Block_Platform_1B,4571.0000,904.0001,8516.0000,4571.0000,503.9999,8491.0000,4571.0000,904.0001,8491.0000
Block_Platform_1B,3971.0000,503.9999,9066.0000,4571.0000,503.9999,9066.0000,4571.0000,503.9999,9091.0000
Block_Platform_1B,3971.0000,503.9999,9066.0000,4571.0000,503.9999,9091.0000,3971.0000,503.9999,9091.0000
Block_Platform_1B,3371.0000,503.9999,9066.0000,3971.0000,503.9999,9066.0000,3971.0000,503.9999,9091.0000
Block_Platform_1B,3371.0000,503.9999,9066.0000,3971.0000,503.9999,9091.0000,3371.0000,503.9999,9091.0000
Block_Platform_1B,4571.0000,904.0001,9091.0000,4571.0000,503.9999,9091.0000,4571.0000,503.9999,9066.0000
Block_Platform_1B,4571.0000,904.0001,9091.0000,4571.0000,503.9999,9066.0000,4571.0000,904.0001,9066.0000
Block_Platform_1B,4571.0000,904.0001,9066.0000,4571.0000,503.9999,9066.0000,4571.0000,503.9999,8516.0000
Block_Platform_1B,4571.0000,904.0001,9066.0000,4571.0000,503.9999,8516.0000,4571.0000,904.0001,8516.0000
Block_Platform_1B,3971.0000,503.9999,8491.0000,4571.0000,503.9999,8491.0000,4571.0000,503.9999,8516.0000
Block_Platform_1B,3971.0000,503.9999,8491.0000,4571.0000,503.9999,8516.0000,3971.0000,503.9999,8516.0000
Block_Platform_1B,3371.0000,503.9999,8491.0000,3971.0000,503.9999,8491.0000,3971.0000,503.9999,8516.0000
Block_Platform_1B,3371.0000,503.9999,8491.0000,3971.0000,503.9999,8516.0000,3371.0000,503.9999,8516.0000
Block_Platform_1B,3971.0000,503.9999,8516.0000,4571.0000,503.9999,8516.0000,4571.0000,503.9999,9066.0000
Block_Platform_1B,3971.0000,503.9999,8516.0000,4571.0000,503.9999,9066.0000,3971.0000,503.9999,9066.0000
Block_Platform_1B,3371.0000,503.9999,8516.0000,3971.0000,503.9999,8516.0000,3971.0000,503.9999,9066.0000
Block_Platform_1B,3371.0000,503.9999,8516.0000,3971.0000,503.9999,9066.0000,3371.0000,503.9999,9066.0000
Block_Platform_1B,3971.0000,904.0001,8491.0000,3371.0000,904.0001,8491.0000,3371.0000,904.0001,8516.0000
Block_Platform_1B,3971.0000,904.0001,8491.0000,3371.0000,904.0001,8516.0000,3971.0000,904.0001,8516.0000
Block_Platform_1B,4571.0000,904.0001,8491.0000,3971.0000,904.0001,8491.0000,3971.0000,904.0001,8516.0000
Block_Platform_1B,4571.0000,904.0001,8491.0000,3971.0000,904.0001,8516.0000,4571.0000,904.0001,8516.0000
Block_Platform_1B,3971.0000,904.0001,8516.0000,3371.0000,904.0001,8516.0000,3371.0000,904.0001,9066.0000
Block_Platform_1B,3971.0000,904.0001,8516.0000,3371.0000,904.0001,9066.0000,3971.0000,904.0001,9066.0000
Block_Platform_1B,4571.0000,904.0001,8516.0000,3971.0000,904.0001,8516.0000,3971.0000,904.0001,9066.0000
Block_Platform_1B,4571.0000,904.0001,8516.0000,3971.0000,904.0001,9066.0000,4571.0000,904.0001,9066.0000
Block_Platform_1B,4571.0000,904.0001,8491.0000,4571.0000,503.9999,8491.0000,3971.0000,503.9999,8491.0000
Block_Platform_1B,4571.0000,904.0001,8491.0000,3971.0000,503.9999,8491.0000,3971.0000,904.0001,8491.0000
Block_Platform_1B,3971.0000,904.0001,8491.0000,3971.0000,503.9999,8491.0000,3371.0000,503.9999,8491.0000
Block_Platform_1B,3971.0000,904.0001,8491.0000,3371.0000,503.9999,8491.0000,3371.0000,904.0001,8491.0000
Block_Platform_1B,4571.0000,904.0001,9066.0000,3971.0000,904.0001,9091.0000,4571.0000,904.0001,9091.0000
Block_Platform_1B,4571.0000,904.0001,9066.0000,3971.0000,904.0001,9066.0000,3971.0000,904.0001,9091.0000
Block_Platform_1B,3971.0000,904.0001,9066.0000,3371.0000,904.0001,9091.0000,3971.0000,904.0001,9091.0000
Block_Platform_1B,3971.0000,904.0001,9066.0000,3371.0000,904.0001,9066.0000,3371.0000,904.0001,9091.0000
Block_Platform_1B,2171.0000,904.0001,9066.0000,2171.0000,503.9999,9066.0000,2171.0000,503.9999,9091.0000
Block_Platform_1B,2171.0000,904.0001,9066.0000,2171.0000,503.9999,9091.0000,2171.0000,904.0001,9091.0000
Block_Platform_1B,2771.0000,904.0001,8491.0000,2171.0000,503.9999,8491.0000,2171.0000,904.0001,8491.0000
Block_Platform_1B,2771.0000,904.0001,8491.0000,2771.0000,503.9999,8491.0000,2171.0000,503.9999,8491.0000
Block_Platform_1B,3371.0000,904.0001,8491.0000,2771.0000,503.9999,8491.0000,2771.0000,904.0001,8491.0000
Block_Platform_1B,3371.0000,904.0001,8491.0000,3371.0000,503.9999,8491.0000,2771.0000,503.9999,8491.0000
Block_Platform_1B,2771.0000,904.0001,9066.0000,2171.0000,904.0001,9066.0000,2171.0000,904.0001,9091.0000
Block_Platform_1B,2771.0000,904.0001,9066.0000,2171.0000,904.0001,9091.0000,2771.0000,904.0001,9091.0000
Block_Platform_1B,3371.0000,904.0001,9066.0000,2771.0000,904.0001,9066.0000,2771.0000,904.0001,9091.0000
Block_Platform_1B,3371.0000,904.0001,9066.0000,2771.0000,904.0001,9091.0000,3371.0000,904.0001,9091.0000
Block_Platform_1B,2171.0000,904.0001,8491.0000,2171.0000,503.9999,8491.0000,2171.0000,503.9999,8516.0000
Block_Platform_1B,2171.0000,904.0001,8491.0000,2171.0000,503.9999,8516.0000,2171.0000,904.0001,8516.0000
Block_Platform_1B,2171.0000,904.0001,8516.0000,2171.0000,503.9999,8516.0000,2171.0000,503.9999,9066.0000
Block_Platform_1B,2171.0000,904.0001,8516.0000,2171.0000,503.9999,9066.0000,2171.0000,904.0001,9066.0000
Block_Platform_1B,2771.0000,904.0001,8491.0000,2171.0000,904.0001,8491.0000,2171.0000,904.0001,8516.0000
Block_Platform_1B,2771.0000,904.0001,8491.0000,2171.0000,904.0001,8516.0000,2771.0000,904.0001,8516.0000
Block_Platform_1B,3371.0000,904.0001,8491.0000,2771.0000,904.0001,8491.0000,2771.0000,904.0001,8516.0000
Block_Platform_1B,3371.0000,904.0001,8491.0000,2771.0000,904.0001,8516.0000,3371.0000,904.0001,8516.0000
Block_Platform_1B,2771.0000,904.0001,8516.0000,2171.0000,904.0001,8516.0000,2171.0000,904.0001,9066.0000
Block_Platform_1B,2771.0000,904.0001,8516.0000,2171.0000,904.0001,9066.0000,2771.0000,904.0001,9066.0000
Block_Platform_1B,3371.0000,904.0001,8516.0000,2771.0000,904.0001,8516.0000,2771.0000,904.0001,9066.0000
Block_Platform_1B,3371.0000,904.0001,8516.0000,2771.0000,904.0001,9066.0000,3371.0000,904.0001,9066.0000
Block_Platform_1B,2171.0000,904.0001,9091.0000,2171.0000,503.9999,9091.0000,2771.0000,503.9999,9091.0000
Block_Platform_1B,2171.0000,904.0001,9091.0000,2771.0000,503.9999,9091.0000,2771.0000,904.0001,9091.0000
Block_Platform_1B,2771.0000,904.0001,9091.0000,2771.0000,503.9999,9091.0000,3371.0000,503.9999,9091.0000
Block_Platform_1B,2771.0000,904.0001,9091.0000,3371.0000,503.9999,9091.0000,3371.0000,904.0001,9091.0000
Block_Platform_1B,2171.0000,503.9999,9066.0000,2771.0000,503.9999,9091.0000,2171.0000,503.9999,9091.0000
Block_Platform_1B,2171.0000,503.9999,9066.0000,2771.0000,503.9999,9066.0000,2771.0000,503.9999,9091.0000
Block_Platform_1B,2771.0000,503.9999,9066.0000,3371.0000,503.9999,9091.0000,2771.0000,503.9999,9091.0000
Block_Platform_1B,2771.0000,503.9999,9066.0000,3371.0000,503.9999,9066.0000,3371.0000,503.9999,9091.0000
Block_Platform_1B,2171.0000,503.9999,8491.0000,2771.0000,503.9999,8516.0000,2171.0000,503.9999,8516.0000
Block_Platform_1B,2171.0000,503.9999,8491.0000,2771.0000,503.9999,8491.0000,2771.0000,503.9999,8516.0000
Block_Platform_1B,2771.0000,503.9999,8491.0000,3371.0000,503.9999,8516.0000,2771.0000,503.9999,8516.0000
Block_Platform_1B,2771.0000,503.9999,8491.0000,3371.0000,503.9999,8491.0000,3371.0000,503.9999,8516.0000
Block_Platform_1B,2171.0000,503.9999,8516.0000,2771.0000,503.9999,9066.0000,2171.0000,503.9999,9066.0000
Block_Platform_1B,2171.0000,503.9999,8516.0000,2771.0000,503.9999,8516.0000,2771.0000,503.9999,9066.0000
Block_Platform_1B,2771.0000,503.9999,8516.0000,3371.0000,503.9999,9066.0000,2771.0000,503.9999,9066.0000
Block_Platform_1B,2771.0000,503.9999,8516.0000,3371.0000,503.9999,8516.0000,3371.0000,503.9999,9066.0000
Block_Platform_1B,3371.0000,904.0001,9066.0000,3371.0000,503.9999,9066.0000,3371.0000,503.9999,9091.0000
Block_Platform_1B,3371.0000,904.0001,9066.0000,3371.0000,503.9999,9091.0000,3371.0000,904.0001,9091.0000
Block_Platform_1B,3371.0000,904.0001,8491.0000,3371.0000,503.9999,8491.0000,3371.0000,503.9999,8516.0000
Block_Platform_1B,3371.0000,904.0001,8491.0000,3371.0000,503.9999,8516.0000,3371.0000,904.0001,8516.0000
Block_Platform_1B,3371.0000,904.0001,8516.0000,3371.0000,503.9999,8516.0000,3371.0000,503.9999,9066.0000
Block_Platform_1B,3371.0000,904.0001,8516.0000,3371.0000,503.9999,9066.0000,3371.0000,904.0001,9066.0000
Block_Platform_Corner_1B,2530.7870,108.0534,-240.5674,2130.7870,108.0534,-240.5674,2130.7870,108.0534,-265.5675
Block_Platform_Corner_1B,2530.7870,108.0534,-240.5674,2130.7870,108.0534,-265.5675,2530.7870,108.0534,-265.5675
Block_Platform_Corner_1B,3025.2410,108.0534,-60.0218,2530.7870,108.0534,-240.5674,2530.7870,108.0534,-265.5675
Block_Platform_Corner_1B,3025.2410,108.0534,-60.0218,2530.7870,108.0534,-265.5675,3042.9190,108.0534,-77.6995
Block_Platform_Corner_1B,2530.7870,108.0534,334.4326,2130.7870,108.0534,334.4326,2130.7870,108.0534,309.4326
Block_Platform_Corner_1B,2530.7870,108.0534,334.4326,2130.7870,108.0534,309.4326,2530.7870,108.0534,309.4326
Block_Platform_Corner_1B,2530.7870,108.0534,309.4326,2130.7870,108.0534,309.4326,2130.7870,108.0534,-240.5674
Block_Platform_Corner_1B,2530.7870,108.0534,309.4326,2130.7870,108.0534,-240.5674,2530.7870,108.0534,-240.5674
Block_Platform_Corner_1B,2618.6550,108.0534,346.5646,2530.7870,108.0534,334.4326,2530.7870,108.0534,309.4326
Block_Platform_Corner_1B,2618.6550,108.0534,346.5646,2530.7870,108.0534,309.4326,2636.3320,108.0534,328.8869
Block_Platform_Corner_1B,2636.3320,108.0534,328.8869,2530.7870,108.0534,309.4326,2530.7870,108.0534,-240.5674
Block_Platform_Corner_1B,2636.3320,108.0534,328.8869,2530.7870,108.0534,-240.5674,3025.2410,108.0534,-60.0218
Block_Platform_Corner_1B,2697.2080,508.0536,424.2754,2697.2080,108.0534,424.2754,3247.2070,108.0534,424.2754
Block_Platform_Corner_1B,2697.2080,508.0536,424.2754,3247.2070,108.0534,424.2754,3247.2070,508.0536,424.2754
Block_Platform_Corner_1B,3025.2410,508.0536,-60.0218,3025.2410,108.0534,-60.0218,3042.9190,108.0534,-77.6995
Block_Platform_Corner_1B,3025.2410,508.0536,-60.0218,3042.9190,108.0534,-77.6995,3042.9190,508.0536,-77.6995
Block_Platform_Corner_1B,3247.2070,108.0534,424.2754,3025.2410,108.0534,-60.0218,3042.9190,108.0534,-77.6995
Block_Platform_Corner_1B,3247.2070,108.0534,424.2754,3042.9190,108.0534,-77.6995,3272.2070,108.0534,424.2754
Block_Platform_Corner_1B,2672.2080,108.0534,424.2754,2618.6550,108.0534,346.5646,2636.3320,108.0534,328.8869
Block_Platform_Corner_1B,2672.2080,108.0534,424.2754,2636.3320,108.0534,328.8869,2697.2080,108.0534,424.2754
Block_Platform_Corner_1B,2697.2080,108.0534,424.2754,2636.3320,108.0534,328.8869,3025.2410,108.0534,-60.0218
Block_Platform_Corner_1B,2697.2080,108.0534,424.2754,3025.2410,108.0534,-60.0218,3247.2070,108.0534,424.2754
Block_Platform_Corner_1B,2697.2080,508.0536,824.2755,2697.2080,108.0534,824.2755,3247.2070,108.0534,824.2754
Block_Platform_Corner_1B,2697.2080,508.0536,824.2755,3247.2070,108.0534,824.2754,3247.2070,508.0536,824.2754
Block_Platform_Corner_1B,2672.2080,508.0536,424.2754,2672.2080,108.0534,424.2754,2697.2080,108.0534,424.2754
Block_Platform_Corner_1B,2672.2080,508.0536,424.2754,2697.2080,108.0534,424.2754,2697.2080,508.0536,424.2754
Block_Platform_Corner_1B,2697.2080,108.0534,424.2754,2697.2080,108.0534,824.2755,2672.2080,108.0534,824.2755
Block_Platform_Corner_1B,2697.2080,108.0534,424.2754,2672.2080,108.0534,824.2755,2672.2080,108.0534,424.2754
Block_Platform_Corner_1B,3272.2070,108.0534,424.2754,3272.2070,108.0534,824.2754,3247.2070,108.0534,824.2754
Block_Platform_Corner_1B,3272.2070,108.0534,424.2754,3247.2070,108.0534,824.2754,3247.2070,108.0534,424.2754
Block_Platform_Corner_1B,3247.2070,108.0534,424.2754,3247.2070,108.0534,824.2754,2697.2080,108.0534,824.2755
Block_Platform_Corner_1B,3247.2070,108.0534,424.2754,2697.2080,108.0534,824.2755,2697.2080,108.0534,424.2754
Block_Platform_Corner_1B,3247.2070,508.0536,824.2754,3247.2070,508.0536,424.2754,2697.2080,508.0536,424.2754
Block_Platform_Corner_1B,3247.2070,508.0536,824.2754,2697.2080,508.0536,424.2754,2697.2080,508.0536,824.2755
Block_Platform_Corner_1B,2530.7870,508.0536,-265.5675,2530.7870,108.0534,-265.5675,2130.7870,108.0534,-265.5675
Block_Platform_Corner_1B,2530.7870,508.0536,-265.5675,2130.7870,108.0534,-265.5675,2130.7870,508.0536,-265.5675
Block_Platform_Corner_1B,2130.7870,508.0536,309.4326,2130.7870,108.0534,309.4326,2130.7870,108.0534,334.4326
Block_Platform_Corner_1B,2130.7870,508.0536,309.4326,2130.7870,108.0534,334.4326,2130.7870,508.0536,334.4326
Block_Platform_Corner_1B,2530.7870,508.0536,334.4326,2530.7870,108.0534,334.4326,2618.6550,108.0534,346.5646
Block_Platform_Corner_1B,2530.7870,508.0536,334.4326,2618.6550,108.0534,346.5646,2618.6550,508.0536,346.5646
Block_Platform_Corner_1B,2618.6550,508.0536,346.5646,2618.6550,108.0534,346.5646,2636.3320,108.0534,328.8869
Block_Platform_Corner_1B,2618.6550,508.0536,346.5646,2636.3320,108.0534,328.8869,2636.3320,508.0536,328.8869
Block_Platform_Corner_1B,2636.3320,508.0536,328.8869,2636.3320,108.0534,328.8869,3025.2410,108.0534,-60.0218
Block_Platform_Corner_1B,2636.3320,508.0536,328.8869,3025.2410,108.0534,-60.0218,3025.2410,508.0536,-60.0218
Block_Platform_Corner_1B,2130.7870,508.0536,-265.5675,2130.7870,108.0534,-265.5675,2130.7870,108.0534,-240.5674
Block_Platform_Corner_1B,2130.7870,508.0536,-265.5675,2130.7870,108.0534,-240.5674,2130.7870,508.0536,-240.5674
Block_Platform_Corner_1B,2130.7870,508.0536,-240.5674,2130.7870,108.0534,-240.5674,2130.7870,108.0534,309.4326
Block_Platform_Corner_1B,2130.7870,508.0536,-240.5674,2130.7870,108.0534,309.4326,2130.7870,508.0536,309.4326
Block_Platform_Corner_1B,2530.7870,508.0536,309.4326,2636.3320,508.0536,328.8869,3025.2410,508.0536,-60.0218
Block_Platform_Corner_1B,2530.7870,508.0536,309.4326,3025.2410,508.0536,-60.0218,2530.7870,508.0536,-240.5674
Block_Platform_Corner_1B,2530.7870,508.0536,-240.5674,3025.2410,508.0536,-60.0218,3042.9190,508.0536,-77.6995
Block_Platform_Corner_1B,2530.7870,508.0536,-240.5674,3042.9190,508.0536,-77.6995,2530.7870,508.0536,-265.5675
Block_Platform_Corner_1B,2130.7870,508.0536,-240.5674,2530.7870,508.0536,-240.5674,2530.7870,508.0536,-265.5675
Block_Platform_Corner_1B,2130.7870,508.0536,-240.5674,2530.7870,508.0536,-265.5675,2130.7870,508.0536,-265.5675
Block_Platform_Corner_1B,2530.7870,508.0536,334.4326,2618.6550,508.0536,346.5646,2636.3320,508.0536,328.8869
Block_Platform_Corner_1B,2530.7870,508.0536,334.4326,2636.3320,508.0536,328.8869,2530.7870,508.0536,309.4326
Block_Platform_Corner_1B,3042.9190,508.0536,-77.6995,3042.9190,108.0534,-77.6995,2530.7870,108.0534,-265.5675
Block_Platform_Corner_1B,3042.9190,508.0536,-77.6995,2530.7870,108.0534,-265.5675,2530.7870,508.0536,-265.5675
Block_Platform_Corner_1B,2130.7870,508.0536,334.4326,2130.7870,108.0534,334.4326,2530.7870,108.0534,334.4326
Block_Platform_Corner_1B,2130.7870,508.0536,334.4326,2530.7870,108.0534,334.4326,2530.7870,508.0536,334.4326
Block_Platform_Corner_1B,2130.7870,508.0536,309.4326,2530.7870,508.0536,309.4326,2530.7870,508.0536,-240.5674
Block_Platform_Corner_1B,2130.7870,508.0536,309.4326,2530.7870,508.0536,-240.5674,2130.7870,508.0536,-240.5674
Block_Platform_Corner_1B,2130.7870,508.0536,334.4326,2530.7870,508.0536,334.4326,2530.7870,508.0536,309.4326
Block_Platform_Corner_1B,2130.7870,508.0536,334.4326,2530.7870,508.0536,309.4326,2130.7870,508.0536,309.4326
Block_Platform_Corner_1B,3247.2070,508.0536,424.2754,3247.2070,108.0534,424.2754,3272.2070,108.0534,424.2754
Block_Platform_Corner_1B,3247.2070,508.0536,424.2754,3272.2070,108.0534,424.2754,3272.2070,508.0536,424.2754
Block_Platform_Corner_1B,2636.3320,508.0536,328.8869,2697.2080,508.0536,424.2754,3247.2070,508.0536,424.2754
Block_Platform_Corner_1B,2636.3320,508.0536,328.8869,3247.2070,508.0536,424.2754,3025.2410,508.0536,-60.0218
Block_Platform_Corner_1B,3025.2410,508.0536,-60.0218,3247.2070,508.0536,424.2754,3272.2070,508.0536,424.2754
Block_Platform_Corner_1B,3025.2410,508.0536,-60.0218,3272.2070,508.0536,424.2754,3042.9190,508.0536,-77.6995
Block_Platform_Corner_1B,3272.2070,508.0536,424.2754,3272.2070,108.0534,424.2754,3042.9190,108.0534,-77.6995
Block_Platform_Corner_1B,3272.2070,508.0536,424.2754,3042.9190,108.0534,-77.6995,3042.9190,508.0536,-77.6995
Block_Platform_Corner_1B,3247.2070,508.0536,824.2754,3247.2070,108.0534,824.2754,3272.2070,108.0534,824.2754
Block_Platform_Corner_1B,3247.2070,508.0536,824.2754,3272.2070,108.0534,824.2754,3272.2070,508.0536,824.2754
Block_Platform_Corner_1B,2672.2080,508.0536,824.2755,2672.2080,108.0534,824.2755,2697.2080,108.0534,824.2755
Block_Platform_Corner_1B,2672.2080,508.0536,824.2755,2697.2080,108.0534,824.2755,2697.2080,508.0536,824.2755
Block_Platform_Corner_1B,2618.6550,508.0536,346.5646,2618.6550,108.0534,346.5646,2672.2080,108.0534,424.2754
Block_Platform_Corner_1B,2618.6550,508.0536,346.5646,2672.2080,108.0534,424.2754,2672.2080,508.0536,424.2754
Block_Platform_Corner_1B,2618.6550,508.0536,346.5646,2672.2080,508.0536,424.2754,2697.2080,508.0536,424.2754
Block_Platform_Corner_1B,2618.6550,508.0536,346.5646,2697.2080,508.0536,424.2754,2636.3320,508.0536,328.8869
Block_Platform_Corner_1B,2672.2080,508.0536,424.2754,2672.2080,108.0534,424.2754,2672.2080,108.0534,824.2755
Block_Platform_Corner_1B,2672.2080,508.0536,424.2754,2672.2080,108.0534,824.2755,2672.2080,508.0536,824.2755
Block_Platform_Corner_1B,3272.2070,508.0536,824.2754,3272.2070,108.0534,824.2754,3272.2070,108.0534,424.2754
Block_Platform_Corner_1B,3272.2070,508.0536,824.2754,3272.2070,108.0534,424.2754,3272.2070,508.0536,424.2754
Block_Platform_Corner_1B,2697.2080,508.0536,824.2755,2697.2080,508.0536,424.2754,2672.2080,508.0536,424.2754
Block_Platform_Corner_1B,2697.2080,508.0536,824.2755,2672.2080,508.0536,424.2754,2672.2080,508.0536,824.2755
Block_Platform_Corner_1B,3272.2070,508.0536,824.2754,3272.2070,508.0536,424.2754,3247.2070,508.0536,424.2754
Block_Platform_Corner_1B,3272.2070,508.0536,824.2754,3247.2070,508.0536,424.2754,3247.2070,508.0536,824.2754
Block_Platform_1B,367.8040,511.0536,-271.1243,-232.1960,111.0534,-271.1243,-232.1960,511.0536,-271.1243
Block_Platform_1B,367.8040,511.0536,-271.1243,367.8040,111.0534,-271.1243,-232.1960,111.0534,-271.1243
Block_Platform_1B,967.8040,511.0536,-271.1243,367.8040,111.0534,-271.1243,367.8040,511.0536,-271.1243
Block_Platform_1B,967.8040,511.0536,-271.1243,967.8040,111.0534,-271.1243,367.8040,111.0534,-271.1243
Block_Platform_1B,-232.1960,511.0536,303.8757,-232.1960,111.0534,303.8757,-232.1960,111.0534,328.8757
Block_Platform_1B,-232.1960,511.0536,303.8757,-232.1960,111.0534,328.8757,-232.1960,511.0536,328.8757
Block_Platform_1B,367.8040,111.0534,-246.1243,-232.1960,111.0534,-246.1243,-232.1960,111.0534,-271.1243
Block_Platform_1B,367.8040,111.0534,-246.1243,-232.1960,111.0534,-271.1243,367.8040,111.0534,-271.1243
Block_Platform_1B,967.8040,111.0534,-246.1243,367.8040,111.0534,-246.1243,367.8040,111.0534,-271.1243
Block_Platform_1B,967.8040,111.0534,-246.1243,367.8040,111.0534,-271.1243,967.8040,111.0534,-271.1243
Block_Platform_1B,-232.1960,511.0536,-271.1243,-232.1960,111.0534,-271.1243,-232.1960,111.0534,-246.1243
Block_Platform_1B,-232.1960,511.0536,-271.1243,-232.1960,111.0534,-246.1243,-232.1960,511.0536,-246.1243
Block_Platform_1B,-232.1960,511.0536,-246.1243,-232.1960,111.0534,-246.1243,-232.1960,111.0534,303.8757
Block_Platform_1B,-232.1960,511.0536,-246.1243,-232.1960,111.0534,303.8757,-232.1960,511.0536,303.8757
Block_Platform_1B,367.8040,111.0534,328.8757,-232.1960,111.0534,328.8757,-232.1960,111.0534,303.8757
Block_Platform_1B,367.8040,111.0534,328.8757,-232.1960,111.0534,303.8757,367.8040,111.0534,303.8757
Block_Platform_1B,967.8040,111.0534,328.8757,367.8040,111.0534,328.8757,367.8040,111.0534,303.8757
Block_Platform_1B,967.8040,111.0534,328.8757,367.8040,111.0534,303.8757,967.8040,111.0534,303.8757
Block_Platform_1B,367.8040,111.0534,303.8757,-232.1960,111.0534,303.8757,-232.1960,111.0534,-246.1243
Block_Platform_1B,367.8040,111.0534,303.8757,-232.1960,111.0534,-246.1243,367.8040,111.0534,-246.1243
Block_Platform_1B,967.8040,111.0534,303.8757,367.8040,111.0534,303.8757,367.8040,111.0534,-246.1243
Block_Platform_1B,967.8040,111.0534,303.8757,367.8040,111.0534,-246.1243,967.8040,111.0534,-246.1243
Block_Platform_1B,367.8040,511.0536,328.8757,967.8040,511.0536,328.8757,967.8040,511.0536,303.8757
Block_Platform_1B,367.8040,511.0536,328.8757,967.8040,511.0536,303.8757,367.8040,511.0536,303.8757
Block_Platform_1B,-232.1960,511.0536,328.8757,367.8040,511.0536,328.8757,367.8040,511.0536,303.8757
Block_Platform_1B,-232.1960,511.0536,328.8757,367.8040,511.0536,303.8757,-232.1960,511.0536,303.8757
Block_Platform_1B,367.8040,511.0536,303.8757,967.8040,511.0536,303.8757,967.8040,511.0536,-246.1243
Block_Platform_1B,367.8040,511.0536,303.8757,967.8040,511.0536,-246.1243,367.8040,511.0536,-246.1243
Block_Platform_1B,-232.1960,511.0536,303.8757,367.8040,511.0536,303.8757,367.8040,511.0536,-246.1243
Block_Platform_1B,-232.1960,511.0536,303.8757,367.8040,511.0536,-246.1243,-232.1960,511.0536,-246.1243
Block_Platform_1B,-232.1960,511.0536,328.8757,-232.1960,111.0534,328.8757,367.8040,111.0534,328.8757
Block_Platform_1B,-232.1960,511.0536,328.8757,367.8040,111.0534,328.8757,367.8040,511.0536,328.8757
Block_Platform_1B,367.8040,511.0536,328.8757,367.8040,111.0534,328.8757,967.8040,111.0534,328.8757
Block_Platform_1B,367.8040,511.0536,328.8757,967.8040,111.0534,328.8757,967.8040,511.0536,328.8757
Block_Platform_1B,-232.1960,511.0536,-246.1243,367.8040,511.0536,-271.1243,-232.1960,511.0536,-271.1243
Block_Platform_1B,-232.1960,511.0536,-246.1243,367.8040,511.0536,-246.1243,367.8040,511.0536,-271.1243
Block_Platform_1B,367.8040,511.0536,-246.1243,967.8040,511.0536,-271.1243,367.8040,511.0536,-271.1243
Block_Platform_1B,367.8040,511.0536,-246.1243,967.8040,511.0536,-246.1243,967.8040,511.0536,-271.1243
Block_Platform_1B,2167.8040,511.0536,-246.1243,2167.8040,111.0534,-246.1243,2167.8040,111.0534,-271.1243
Block_Platform_1B,2167.8040,511.0536,-246.1243,2167.8040,111.0534,-271.1243,2167.8040,511.0536,-271.1243
Block_Platform_1B,1567.8040,511.0536,328.8757,2167.8040,111.0534,328.8757,2167.8040,511.0536,328.8757
Block_Platform_1B,1567.8040,511.0536,328.8757,1567.8040,111.0534,328.8757,2167.8040,111.0534,328.8757
Block_Platform_1B,967.8040,511.0536,328.8757,1567.8040,111.0534,328.8757,1567.8040,511.0536,328.8757
Block_Platform_1B,967.8040,511.0536,328.8757,967.8040,111.0534,328.8757,1567.8040,111.0534,328.8757
Block_Platform_1B,1567.8040,511.0536,-246.1243,2167.8040,511.0536,-246.1243,2167.8040,511.0536,-271.1243
Block_Platform_1B,1567.8040,511.0536,-246.1243,2167.8040,511.0536,-271.1243,1567.8040,511.0536,-271.1243
Block_Platform_1B,967.8040,511.0536,-246.1243,1567.8040,511.0536,-246.1243,1567.8040,511.0536,-271.1243
Block_Platform_1B,967.8040,511.0536,-246.1243,1567.8040,511.0536,-271.1243,967.8040,511.0536,-271.1243
Block_Platform_1B,2167.8040,511.0536,328.8757,2167.8040,111.0534,328.8757,2167.8040,111.0534,303.8757
Block_Platform_1B,2167.8040,511.0536,328.8757,2167.8040,111.0534,303.8757,2167.8040,511.0536,303.8757
Block_Platform_1B,2167.8040,511.0536,303.8757,2167.8040,111.0534,303.8757,2167.8040,111.0534,-246.1243
Block_Platform_1B,2167.8040,511.0536,303.8757,2167.8040,111.0534,-246.1243,2167.8040,511.0536,-246.1243
Block_Platform_1B,1567.8040,511.0536,328.8757,2167.8040,511.0536,328.8757,2167.8040,511.0536,303.8757
Block_Platform_1B,1567.8040,511.0536,328.8757,2167.8040,511.0536,303.8757,1567.8040,511.0536,303.8757
Block_Platform_1B,967.8040,511.0536,328.8757,1567.8040,511.0536,328.8757,1567.8040,511.0536,303.8757
Block_Platform_1B,967.8040,511.0536,328.8757,1567.8040,511.0536,303.8757,967.8040,511.0536,303.8757
Block_Platform_1B,1567.8040,511.0536,303.8757,2167.8040,511.0536,303.8757,2167.8040,511.0536,-246.1243
Block_Platform_1B,1567.8040,511.0536,303.8757,2167.8040,511.0536,-246.1243,1567.8040,511.0536,-246.1243
Block_Platform_1B,967.8040,511.0536,303.8757,1567.8040,511.0536,303.8757,1567.8040,511.0536,-246.1243
Block_Platform_1B,967.8040,511.0536,303.8757,1567.8040,511.0536,-246.1243,967.8040,511.0536,-246.1243
Block_Platform_1B,2167.8040,511.0536,-271.1243,2167.8040,111.0534,-271.1243,1567.8040,111.0534,-271.1243
Block_Platform_1B,2167.8040,511.0536,-271.1243,1567.8040,111.0534,-271.1243,1567.8040,511.0536,-271.1243
Block_Platform_1B,1567.8040,511.0536,-271.1243,1567.8040,111.0534,-271.1243,967.8040,111.0534,-271.1243
Block_Platform_1B,1567.8040,511.0536,-271.1243,967.8040,111.0534,-271.1243,967.8040,511.0536,-271.1243
Block_Platform_1B,2167.8040,111.0534,-246.1243,1567.8040,111.0534,-271.1243,2167.8040,111.0534,-271.1243
Block_Platform_1B,2167.8040,111.0534,-246.1243,1567.8040,111.0534,-246.1243,1567.8040,111.0534,-271.1243
Block_Platform_1B,1567.8040,111.0534,-246.1243,967.8040,111.0534,-271.1243,1567.8040,111.0534,-271.1243
Block_Platform_1B,1567.8040,111.0534,-246.1243,967.8040,111.0534,-246.1243,967.8040,111.0534,-271.1243
Block_Platform_1B,2167.8040,111.0534,328.8757,1567.8040,111.0534,303.8757,2167.8040,111.0534,303.8757
Block_Platform_1B,2167.8040,111.0534,328.8757,1567.8040,111.0534,328.8757,1567.8040,111.0534,303.8757
Block_Platform_1B,1567.8040,111.0534,328.8757,967.8040,111.0534,303.8757,1567.8040,111.0534,303.8757
Block_Platform_1B,1567.8040,111.0534,328.8757,967.8040,111.0534,328.8757,967.8040,111.0534,303.8757
Block_Platform_1B,2167.8040,111.0534,303.8757,1567.8040,111.0534,-246.1243,2167.8040,111.0534,-246.1243
Block_Platform_1B,2167.8040,111.0534,303.8757,1567.8040,111.0534,303.8757,1567.8040,111.0534,-246.1243
Block_Platform_1B,1567.8040,111.0534,303.8757,967.8040,111.0534,-246.1243,1567.8040,111.0534,-246.1243
Block_Platform_1B,1567.8040,111.0534,303.8757,967.8040,111.0534,303.8757,967.8040,111.0534,-246.1243
Block_Platform_1B,967.8040,511.0536,-246.1243,967.8040,111.0534,-246.1243,967.8040,111.0534,-271.1243
Block_Platform_1B,967.8040,511.0536,-246.1243,967.8040,111.0534,-271.1243,967.8040,511.0536,-271.1243
Block_Platform_1B,967.8040,511.0536,328.8757,967.8040,111.0534,328.8757,967.8040,111.0534,303.8757
Block_Platform_1B,967.8040,511.0536,328.8757,967.8040,111.0534,303.8757,967.8040,511.0536,303.8757
Block_Platform_1B,967.8040,511.0536,303.8757,967.8040,111.0534,303.8757,967.8040,111.0534,-246.1243
Block_Platform_1B,967.8040,511.0536,303.8757,967.8040,111.0534,-246.1243,967.8040,511.0536,-246.1243
Block_Platform_1B,-1210.0000,511.0536,4951.0000,-1210.0000,111.0534,5551.0000,-1210.0000,511.0536,5551.0000
Block_Platform_1B,-1210.0000,511.0536,4951.0000,-1210.0000,111.0534,4951.0000,-1210.0000,111.0534,5551.0000
Block_Platform_1B,-1210.0000,511.0536,4351.0000,-1210.0000,111.0534,4951.0000,-1210.0000,511.0536,4951.0000
Block_Platform_1B,-1210.0000,511.0536,4351.0000,-1210.0000,111.0534,4351.0000,-1210.0000,111.0534,4951.0000
Block_Platform_1B,-634.9999,511.0536,5551.0000,-634.9999,111.0534,5551.0000,-609.9998,111.0534,5551.0000
Block_Platform_1B,-634.9999,511.0536,5551.0000,-609.9998,111.0534,5551.0000,-609.9998,511.0536,5551.0000
Block_Platform_1B,-1185.0000,111.0534,4951.0000,-1185.0000,111.0534,5551.0000,-1210.0000,111.0534,5551.0000
Block_Platform_1B,-1185.0000,111.0534,4951.0000,-1210.0000,111.0534,5551.0000,-1210.0000,111.0534,4951.0000
Block_Platform_1B,-1185.0000,111.0534,4351.0000,-1185.0000,111.0534,4951.0000,-1210.0000,111.0534,4951.0000
Block_Platform_1B,-1185.0000,111.0534,4351.0000,-1210.0000,111.0534,4951.0000,-1210.0000,111.0534,4351.0000
Block_Platform_1B,-1210.0000,511.0536,5551.0000,-1210.0000,111.0534,5551.0000,-1185.0000,111.0534,5551.0000
Block_Platform_1B,-1210.0000,511.0536,5551.0000,-1185.0000,111.0534,5551.0000,-1185.0000,511.0536,5551.0000
Block_Platform_1B,-1185.0000,511.0536,5551.0000,-1185.0000,111.0534,5551.0000,-634.9999,111.0534,5551.0000
Block_Platform_1B,-1185.0000,511.0536,5551.0000,-634.9999,111.0534,5551.0000,-634.9999,511.0536,5551.0000
Block_Platform_1B,-609.9999,111.0534,4951.0000,-609.9998,111.0534,5551.0000,-634.9999,111.0534,5551.0000
Block_Platform_1B,-609.9999,111.0534,4951.0000,-634.9999,111.0534,5551.0000,-634.9999,111.0534,4951.0000
Block_Platform_1B,-610.0000,111.0534,4351.0000,-609.9999,111.0534,4951.0000,-634.9999,111.0534,4951.0000
Block_Platform_1B,-610.0000,111.0534,4351.0000,-634.9999,111.0534,4951.0000,-635.0001,111.0534,4351.0000
Block_Platform_1B,-634.9999,111.0534,4951.0000,-634.9999,111.0534,5551.0000,-1185.0000,111.0534,5551.0000
Block_Platform_1B,-634.9999,111.0534,4951.0000,-1185.0000,111.0534,5551.0000,-1185.0000,111.0534,4951.0000
Block_Platform_1B,-635.0001,111.0534,4351.0000,-634.9999,111.0534,4951.0000,-1185.0000,111.0534,4951.0000
Block_Platform_1B,-635.0001,111.0534,4351.0000,-1185.0000,111.0534,4951.0000,-1185.0000,111.0534,4351.0000
Block_Platform_1B,-609.9999,511.0536,4951.0000,-610.0000,511.0536,4351.0000,-635.0001,511.0536,4351.0000
Block_Platform_1B,-609.9999,511.0536,4951.0000,-635.0001,511.0536,4351.0000,-634.9999,511.0536,4951.0000
Block_Platform_1B,-609.9998,511.0536,5551.0000,-609.9999,511.0536,4951.0000,-634.9999,511.0536,4951.0000
Block_Platform_1B,-609.9998,511.0536,5551.0000,-634.9999,511.0536,4951.0000,-634.9999,511.0536,5551.0000
Block_Platform_1B,-634.9999,511.0536,4951.0000,-635.0001,511.0536,4351.0000,-1185.0000,511.0536,4351.0000
Block_Platform_1B,-634.9999,511.0536,4951.0000,-1185.0000,511.0536,4351.0000,-1185.0000,511.0536,4951.0000
Block_Platform_1B,-634.9999,511.0536,5551.0000,-634.9999,511.0536,4951.0000,-1185.0000,511.0536,4951.0000
Block_Platform_1B,-634.9999,511.0536,5551.0000,-1185.0000,511.0536,4951.0000,-1185.0000,511.0536,5551.0000
Block_Platform_1B,-609.9998,511.0536,5551.0000,-609.9998,111.0534,5551.0000,-609.9999,111.0534,4951.0000
Block_Platform_1B,-609.9998,511.0536,5551.0000,-609.9999,111.0534,4951.0000,-609.9999,511.0536,4951.0000
Block_Platform_1B,-609.9999,511.0536,4951.0000,-609.9999,111.0534,4951.0000,-610.0000,111.0534,4351.0000
Block_Platform_1B,-609.9999,511.0536,4951.0000,-610.0000,111.0534,4351.0000,-610.0000,511.0536,4351.0000
Block_Platform_1B,-1185.0000,511.0536,5551.0000,-1210.0000,511.0536,4951.0000,-1210.0000,511.0536,5551.0000
Block_Platform_1B,-1185.0000,511.0536,5551.0000,-1185.0000,511.0536,4951.0000,-1210.0000,511.0536,4951.0000
Block_Platform_1B,-1185.0000,511.0536,4951.0000,-1210.0000,511.0536,4351.0000,-1210.0000,511.0536,4951.0000
Block_Platform_1B,-1185.0000,511.0536,4951.0000,-1185.0000,511.0536,4351.0000,-1210.0000,511.0536,4351.0000
Block_Platform_1B,-1185.0000,511.0536,3151.0000,-1185.0000,111.0534,3151.0000,-1210.0000,111.0534,3151.0000
Block_Platform_1B,-1185.0000,511.0536,3151.0000,-1210.0000,111.0534,3151.0000,-1210.0000,511.0536,3151.0000
Block_Platform_1B,-610.0001,511.0536,3751.0000,-610.0002,111.0534,3151.0000,-610.0002,511.0536,3151.0000
Block_Platform_1B,-610.0001,511.0536,3751.0000,-610.0001,111.0534,3751.0000,-610.0002,111.0534,3151.0000
Block_Platform_1B,-610.0000,511.0536,4351.0000,-610.0001,111.0534,3751.0000,-610.0001,511.0536,3751.0000
Block_Platform_1B,-610.0000,511.0536,4351.0000,-610.0000,111.0534,4351.0000,-610.0001,111.0534,3751.0000
Block_Platform_1B,-1185.0000,511.0536,3751.0000,-1185.0000,511.0536,3151.0000,-1210.0000,511.0536,3151.0000
Block_Platform_1B,-1185.0000,511.0536,3751.0000,-1210.0000,511.0536,3151.0000,-1210.0000,511.0536,3751.0000
Block_Platform_1B,-1185.0000,511.0536,4351.0000,-1185.0000,511.0536,3751.0000,-1210.0000,511.0536,3751.0000
Block_Platform_1B,-1185.0000,511.0536,4351.0000,-1210.0000,511.0536,3751.0000,-1210.0000,511.0536,4351.0000
Block_Platform_1B,-610.0002,511.0536,3151.0000,-610.0002,111.0534,3151.0000,-635.0002,111.0534,3151.0000
Block_Platform_1B,-610.0002,511.0536,3151.0000,-635.0002,111.0534,3151.0000,-635.0002,511.0536,3151.0000
Block_Platform_1B,-635.0002,511.0536,3151.0000,-635.0002,111.0534,3151.0000,-1185.0000,111.0534,3151.0000
Block_Platform_1B,-635.0002,511.0536,3151.0000,-1185.0000,111.0534,3151.0000,-1185.0000,511.0536,3151.0000
Block_Platform_1B,-610.0001,511.0536,3751.0000,-610.0002,511.0536,3151.0000,-635.0002,511.0536,3151.0000
Block_Platform_1B,-610.0001,511.0536,3751.0000,-635.0002,511.0536,3151.0000,-635.0001,511.0536,3751.0000
Block_Platform_1B,-610.0000,511.0536,4351.0000,-610.0001,511.0536,3751.0000,-635.0001,511.0536,3751.0000
Block_Platform_1B,-610.0000,511.0536,4351.0000,-635.0001,511.0536,3751.0000,-635.0001,511.0536,4351.0000
Block_Platform_1B,-635.0001,511.0536,3751.0000,-635.0002,511.0536,3151.0000,-1185.0000,511.0536,3151.0000
Block_Platform_1B,-635.0001,511.0536,3751.0000,-1185.0000,511.0536,3151.0000,-1185.0000,511.0536,3751.0000
Block_Platform_1B,-635.0001,511.0536,4351.0000,-635.0001,511.0536,3751.0000,-1185.0000,511.0536,3751.0000
Block_Platform_1B,-635.0001,511.0536,4351.0000,-1185.0000,511.0536,3751.0000,-1185.0000,511.0536,4351.0000
Block_Platform_1B,-1210.0000,511.0536,3151.0000,-1210.0000,111.0534,3151.0000,-1210.0000,111.0534,3751.0000
Block_Platform_1B,-1210.0000,511.0536,3151.0000,-1210.0000,111.0534,3751.0000,-1210.0000,511.0536,3751.0000
Block_Platform_1B,-1210.0000,511.0536,3751.0000,-1210.0000,111.0534,3751.0000,-1210.0000,111.0534,4351.0000
Block_Platform_1B,-1210.0000,511.0536,3751.0000,-1210.0000,111.0534,4351.0000,-1210.0000,511.0536,4351.0000
Block_Platform_1B,-1185.0000,111.0534,3151.0000,-1210.0000,111.0534,3751.0000,-1210.0000,111.0534,3151.0000
Block_Platform_1B,-1185.0000,111.0534,3151.0000,-1185.0000,111.0534,3751.0000,-1210.0000,111.0534,3751.0000
Block_Platform_1B,-1185.0000,111.0534,3751.0000,-1210.0000,111.0534,4351.0000,-1210.0000,111.0534,3751.0000
Block_Platform_1B,-1185.0000,111.0534,3751.0000,-1185.0000,111.0534,4351.0000,-1210.0000,111.0534,4351.0000
Block_Platform_1B,-610.0002,111.0534,3151.0000,-635.0001,111.0534,3751.0000,-635.0002,111.0534,3151.0000
Block_Platform_1B,-610.0002,111.0534,3151.0000,-610.0001,111.0534,3751.0000,-635.0001,111.0534,3751.0000
Block_Platform_1B,-610.0001,111.0534,3751.0000,-635.0001,111.0534,4351.0000,-635.0001,111.0534,3751.0000
Block_Platform_1B,-610.0001,111.0534,3751.0000,-610.0000,111.0534,4351.0000,-635.0001,111.0534,4351.0000
Block_Platform_1B,-635.0002,111.0534,3151.0000,-1185.0000,111.0534,3751.0000,-1185.0000,111.0534,3151.0000
Block_Platform_1B,-635.0002,111.0534,3151.0000,-635.0001,111.0534,3751.0000,-1185.0000,111.0534,3751.0000
Block_Platform_1B,-635.0001,111.0534,3751.0000,-1185.0000,111.0534,4351.0000,-1185.0000,111.0534,3751.0000
Block_Platform_1B,-635.0001,111.0534,3751.0000,-635.0001,111.0534,4351.0000,-1185.0000,111.0534,4351.0000
Block_Platform_1B,-1185.0000,511.0536,4351.0000,-1185.0000,111.0534,4351.0000,-1210.0000,111.0534,4351.0000
Block_Platform_1B,-1185.0000,511.0536,4351.0000,-1210.0000,111.0534,4351.0000,-1210.0000,511.0536,4351.0000
Block_Platform_1B,-610.0000,511.0536,4351.0000,-610.0000,111.0534,4351.0000,-635.0001,111.0534,4351.0000
Block_Platform_1B,-610.0000,511.0536,4351.0000,-635.0001,111.0534,4351.0000,-635.0001,511.0536,4351.0000
Block_Platform_1B,-635.0001,511.0536,4351.0000,-635.0001,111.0534,4351.0000,-1185.0000,111.0534,4351.0000
Block_Platform_1B,-635.0001,511.0536,4351.0000,-1185.0000,111.0534,4351.0000,-1185.0000,511.0536,4351.0000
Block_Platform_1B,2671.0000,511.0536,4992.0000,2671.0000,111.0534,5592.0000,2671.0000,511.0536,5592.0000
Block_Platform_1B,2671.0000,511.0536,4992.0000,2671.0000,111.0534,4992.0000,2671.0000,111.0534,5592.0000
Block_Platform_1B,2671.0000,511.0536,4392.0000,2671.0000,111.0534,4992.0000,2671.0000,511.0536,4992.0000
Block_Platform_1B,2671.0000,511.0536,4392.0000,2671.0000,111.0534,4392.0000,2671.0000,111.0534,4992.0000
Block_Platform_1B,3246.0000,511.0536,5592.0000,3246.0000,111.0534,5592.0000,3271.0000,111.0534,5592.0000
Block_Platform_1B,3246.0000,511.0536,5592.0000,3271.0000,111.0534,5592.0000,3271.0000,511.0536,5592.0000
Block_Platform_1B,2696.0000,111.0534,4992.0000,2696.0000,111.0534,5592.0000,2671.0000,111.0534,5592.0000
Block_Platform_1B,2696.0000,111.0534,4992.0000,2671.0000,111.0534,5592.0000,2671.0000,111.0534,4992.0000
Block_Platform_1B,2696.0000,111.0534,4392.0000,2696.0000,111.0534,4992.0000,2671.0000,111.0534,4992.0000
Block_Platform_1B,2696.0000,111.0534,4392.0000,2671.0000,111.0534,4992.0000,2671.0000,111.0534,4392.0000
Block_Platform_1B,2671.0000,511.0536,5592.0000,2671.0000,111.0534,5592.0000,2696.0000,111.0534,5592.0000
Block_Platform_1B,2671.0000,511.0536,5592.0000,2696.0000,111.0534,5592.0000,2696.0000,511.0536,5592.0000
Block_Platform_1B,2696.0000,511.0536,5592.0000,2696.0000,111.0534,5592.0000,3246.0000,111.0534,5592.0000
Block_Platform_1B,2696.0000,511.0536,5592.0000,3246.0000,111.0534,5592.0000,3246.0000,511.0536,5592.0000
Block_Platform_1B,3271.0000,111.0534,4992.0000,3271.0000,111.0534,5592.0000,3246.0000,111.0534,5592.0000
Block_Platform_1B,3271.0000,111.0534,4992.0000,3246.0000,111.0534,5592.0000,3246.0000,111.0534,4992.0000
Block_Platform_1B,3271.0000,111.0534,4392.0000,3271.0000,111.0534,4992.0000,3246.0000,111.0534,4992.0000
Block_Platform_1B,3271.0000,111.0534,4392.0000,3246.0000,111.0534,4992.0000,3246.0000,111.0534,4392.0000
Block_Platform_1B,3246.0000,111.0534,4992.0000,3246.0000,111.0534,5592.0000,2696.0000,111.0534,5592.0000
Block_Platform_1B,3246.0000,111.0534,4992.0000,2696.0000,111.0534,5592.0000,2696.0000,111.0534,4992.0000
Block_Platform_1B,3246.0000,111.0534,4392.0000,3246.0000,111.0534,4992.0000,2696.0000,111.0534,4992.0000
Block_Platform_1B,3246.0000,111.0534,4392.0000,2696.0000,111.0534,4992.0000,2696.0000,111.0534,4392.0000
Block_Platform_1B,3271.0000,511.0536,4992.0000,3271.0000,511.0536,4392.0000,3246.0000,511.0536,4392.0000
Block_Platform_1B,3271.0000,511.0536,4992.0000,3246.0000,511.0536,4392.0000,3246.0000,511.0536,4992.0000
Block_Platform_1B,3271.0000,511.0536,5592.0000,3271.0000,511.0536,4992.0000,3246.0000,511.0536,4992.0000
Block_Platform_1B,3271.0000,511.0536,5592.0000,3246.0000,511.0536,4992.0000,3246.0000,511.0536,5592.0000
Block_Platform_1B,3246.0000,511.0536,4992.0000,3246.0000,511.0536,4392.0000,2696.0000,511.0536,4392.0000
Block_Platform_1B,3246.0000,511.0536,4992.0000,2696.0000,511.0536,4392.0000,2696.0000,511.0536,4992.0000
Block_Platform_1B,3246.0000,511.0536,5592.0000,3246.0000,511.0536,4992.0000,2696.0000,511.0536,4992.0000
Block_Platform_1B,3246.0000,511.0536,5592.0000,2696.0000,511.0536,4992.0000,2696.0000,511.0536,5592.0000
Block_Platform_1B,3271.0000,511.0536,5592.0000,3271.0000,111.0534,5592.0000,3271.0000,111.0534,4992.0000
Block_Platform_1B,3271.0000,511.0536,5592.0000,3271.0000,111.0534,4992.0000,3271.0000,511.0536,4992.0000
Block_Platform_1B,3271.0000,511.0536,4992.0000,3271.0000,111.0534,4992.0000,3271.0000,111.0534,4392.0000
Block_Platform_1B,3271.0000,511.0536,4992.0000,3271.0000,111.0534,4392.0000,3271.0000,511.0536,4392.0000
Block_Platform_1B,2696.0000,511.0536,5592.0000,2671.0000,511.0536,4992.0000,2671.0000,511.0536,5592.0000
Block_Platform_1B,2696.0000,511.0536,5592.0000,2696.0000,511.0536,4992.0000,2671.0000,511.0536,4992.0000
Block_Platform_1B,2696.0000,511.0536,4992.0000,2671.0000,511.0536,4392.0000,2671.0000,511.0536,4992.0000
Block_Platform_1B,2696.0000,511.0536,4992.0000,2696.0000,511.0536,4392.0000,2671.0000,511.0536,4392.0000
Block_Platform_1B,2696.0000,511.0536,3192.0000,2696.0000,111.0534,3192.0000,2671.0000,111.0534,3192.0000
Block_Platform_1B,2696.0000,511.0536,3192.0000,2671.0000,111.0534,3192.0000,2671.0000,511.0536,3192.0000
Block_Platform_1B,3271.0000,511.0536,3792.0000,3271.0000,111.0534,3192.0000,3271.0000,511.0536,3192.0000
Block_Platform_1B,3271.0000,511.0536,3792.0000,3271.0000,111.0534,3792.0000,3271.0000,111.0534,3192.0000
Block_Platform_1B,3271.0000,511.0536,4392.0000,3271.0000,111.0534,3792.0000,3271.0000,511.0536,3792.0000
Block_Platform_1B,3271.0000,511.0536,4392.0000,3271.0000,111.0534,4392.0000,3271.0000,111.0534,3792.0000
Block_Platform_1B,2696.0000,511.0536,3792.0000,2696.0000,511.0536,3192.0000,2671.0000,511.0536,3192.0000
Block_Platform_1B,2696.0000,511.0536,3792.0000,2671.0000,511.0536,3192.0000,2671.0000,511.0536,3792.0000
Block_Platform_1B,2696.0000,511.0536,4392.0000,2696.0000,511.0536,3792.0000,2671.0000,511.0536,3792.0000
Block_Platform_1B,2696.0000,511.0536,4392.0000,2671.0000,511.0536,3792.0000,2671.0000,511.0536,4392.0000
Block_Platform_1B,3271.0000,511.0536,3192.0000,3271.0000,111.0534,3192.0000,3246.0000,111.0534,3192.0000
Block_Platform_1B,3271.0000,511.0536,3192.0000,3246.0000,111.0534,3192.0000,3246.0000,511.0536,3192.0000
Block_Platform_1B,3246.0000,511.0536,3192.0000,3246.0000,111.0534,3192.0000,2696.0000,111.0534,3192.0000
Block_Platform_1B,3246.0000,511.0536,3192.0000,2696.0000,111.0534,3192.0000,2696.0000,511.0536,3192.0000
Block_Platform_1B,3271.0000,511.0536,3792.0000,3271.0000,511.0536,3192.0000,3246.0000,511.0536,3192.0000
Block_Platform_1B,3271.0000,511.0536,3792.0000,3246.0000,511.0536,3192.0000,3246.0000,511.0536,3792.0000
Block_Platform_1B,3271.0000,511.0536,4392.0000,3271.0000,511.0536,3792.0000,3246.0000,511.0536,3792.0000
Block_Platform_1B,3271.0000,511.0536,4392.0000,3246.0000,511.0536,3792.0000,3246.0000,511.0536,4392.0000
Block_Platform_1B,3246.0000,511.0536,3792.0000,3246.0000,511.0536,3192.0000,2696.0000,511.0536,3192.0000
Block_Platform_1B,3246.0000,511.0536,3792.0000,2696.0000,511.0536,3192.0000,2696.0000,511.0536,3792.0000
Block_Platform_1B,3246.0000,511.0536,4392.0000,3246.0000,511.0536,3792.0000,2696.0000,511.0536,3792.0000
Block_Platform_1B,3246.0000,511.0536,4392.0000,2696.0000,511.0536,3792.0000,2696.0000,511.0536,4392.0000
Block_Platform_1B,2671.0000,511.0536,3192.0000,2671.0000,111.0534,3192.0000,2671.0000,111.0534,3792.0000
Block_Platform_1B,2671.0000,511.0536,3192.0000,2671.0000,111.0534,3792.0000,2671.0000,511.0536,3792.0000
Block_Platform_1B,2671.0000,511.0536,3792.0000,2671.0000,111.0534,3792.0000,2671.0000,111.0534,4392.0000
Block_Platform_1B,2671.0000,511.0536,3792.0000,2671.0000,111.0534,4392.0000,2671.0000,511.0536,4392.0000
Block_Platform_1B,2696.0000,111.0534,3192.0000,2671.0000,111.0534,3792.0000,2671.0000,111.0534,3192.0000
Block_Platform_1B,2696.0000,111.0534,3192.0000,2696.0000,111.0534,3792.0000,2671.0000,111.0534,3792.0000
Block_Platform_1B,2696.0000,111.0534,3792.0000,2671.0000,111.0534,4392.0000,2671.0000,111.0534,3792.0000
Block_Platform_1B,2696.0000,111.0534,3792.0000,2696.0000,111.0534,4392.0000,2671.0000,111.0534,4392.0000
Block_Platform_1B,3271.0000,111.0534,3192.0000,3246.0000,111.0534,3792.0000,3246.0000,111.0534,3192.0000
Block_Platform_1B,3271.0000,111.0534,3192.0000,3271.0000,111.0534,3792.0000,3246.0000,111.0534,3792.0000
Block_Platform_1B,3271.0000,111.0534,3792.0000,3246.0000,111.0534,4392.0000,3246.0000,111.0534,3792.0000
Block_Platform_1B,3271.0000,111.0534,3792.0000,3271.0000,111.0534,4392.0000,3246.0000,111.0534,4392.0000
Block_Platform_1B,3246.0000,111.0534,3192.0000,2696.0000,111.0534,3792.0000,2696.0000,111.0534,3192.0000
Block_Platform_1B,3246.0000,111.0534,3192.0000,3246.0000,111.0534,3792.0000,2696.0000,111.0534,3792.0000
Block_Platform_1B,3246.0000,111.0534,3792.0000,2696.0000,111.0534,4392.0000,2696.0000,111.0534,3792.0000
Block_Platform_1B,3246.0000,111.0534,3792.0000,3246.0000,111.0534,4392.0000,2696.0000,111.0534,4392.0000
Block_Platform_1B,2696.0000,511.0536,4392.0000,2696.0000,111.0534,4392.0000,2671.0000,111.0534,4392.0000
Block_Platform_1B,2696.0000,511.0536,4392.0000,2671.0000,111.0534,4392.0000,2671.0000,511.0536,4392.0000
Block_Platform_1B,3271.0000,511.0536,4392.0000,3271.0000,111.0534,4392.0000,3246.0000,111.0534,4392.0000
Block_Platform_1B,3271.0000,511.0536,4392.0000,3246.0000,111.0534,4392.0000,3246.0000,511.0536,4392.0000
Block_Platform_1B,3246.0000,511.0536,4392.0000,3246.0000,111.0534,4392.0000,2696.0000,111.0534,4392.0000
Block_Platform_1B,3246.0000,511.0536,4392.0000,2696.0000,111.0534,4392.0000,2696.0000,511.0536,4392.0000
Block_Platform_1B,2671.0010,511.0536,2594.0010,2671.0010,111.0534,3194.0010,2671.0010,511.0536,3194.0010
Block_Platform_1B,2671.0010,511.0536,2594.0010,2671.0010,111.0534,2594.0010,2671.0010,111.0534,3194.0010
Block_Platform_1B,2671.0010,511.0536,1994.0000,2671.0010,111.0534,2594.0010,2671.0010,511.0536,2594.0010
Block_Platform_1B,2671.0010,511.0536,1994.0000,2671.0010,111.0534,1994.0000,2671.0010,111.0534,2594.0010
Block_Platform_1B,3246.0010,511.0536,3194.0010,3246.0010,111.0534,3194.0010,3271.0010,111.0534,3194.0010
Block_Platform_1B,3246.0010,511.0536,3194.0010,3271.0010,111.0534,3194.0010,3271.0010,511.0536,3194.0010
Block_Platform_1B,2696.0010,111.0534,2594.0010,2696.0010,111.0534,3194.0010,2671.0010,111.0534,3194.0010
Block_Platform_1B,2696.0010,111.0534,2594.0010,2671.0010,111.0534,3194.0010,2671.0010,111.0534,2594.0010
Block_Platform_1B,2696.0010,111.0534,1994.0000,2696.0010,111.0534,2594.0010,2671.0010,111.0534,2594.0010
Block_Platform_1B,2696.0010,111.0534,1994.0000,2671.0010,111.0534,2594.0010,2671.0010,111.0534,1994.0000
Block_Platform_1B,2671.0010,511.0536,3194.0010,2671.0010,111.0534,3194.0010,2696.0010,111.0534,3194.0010
Block_Platform_1B,2671.0010,511.0536,3194.0010,2696.0010,111.0534,3194.0010,2696.0010,511.0536,3194.0010
Block_Platform_1B,2696.0010,511.0536,3194.0010,2696.0010,111.0534,3194.0010,3246.0010,111.0534,3194.0010
Block_Platform_1B,2696.0010,511.0536,3194.0010,3246.0010,111.0534,3194.0010,3246.0010,511.0536,3194.0010
Block_Platform_1B,3271.0010,111.0534,2594.0000,3271.0010,111.0534,3194.0010,3246.0010,111.0534,3194.0010
Block_Platform_1B,3271.0010,111.0534,2594.0000,3246.0010,111.0534,3194.0010,3246.0010,111.0534,2594.0010
Block_Platform_1B,3271.0010,111.0534,1994.0000,3271.0010,111.0534,2594.0000,3246.0010,111.0534,2594.0010
Block_Platform_1B,3271.0010,111.0534,1994.0000,3246.0010,111.0534,2594.0010,3246.0010,111.0534,1994.0000
Block_Platform_1B,3246.0010,111.0534,2594.0010,3246.0010,111.0534,3194.0010,2696.0010,111.0534,3194.0010
Block_Platform_1B,3246.0010,111.0534,2594.0010,2696.0010,111.0534,3194.0010,2696.0010,111.0534,2594.0010
Block_Platform_1B,3246.0010,111.0534,1994.0000,3246.0010,111.0534,2594.0010,2696.0010,111.0534,2594.0010
Block_Platform_1B,3246.0010,111.0534,1994.0000,2696.0010,111.0534,2594.0010,2696.0010,111.0534,1994.0000
Block_Platform_1B,3271.0010,511.0536,2594.0000,3271.0010,511.0536,1994.0000,3246.0010,511.0536,1994.0000
Block_Platform_1B,3271.0010,511.0536,2594.0000,3246.0010,511.0536,1994.0000,3246.0010,511.0536,2594.0010
Block_Platform_1B,3271.0010,511.0536,3194.0010,3271.0010,511.0536,2594.0000,3246.0010,511.0536,2594.0010
Block_Platform_1B,3271.0010,511.0536,3194.0010,3246.0010,511.0536,2594.0010,3246.0010,511.0536,3194.0010
Block_Platform_1B,3246.0010,511.0536,2594.0010,3246.0010,511.0536,1994.0000,2696.0010,511.0536,1994.0000
Block_Platform_1B,3246.0010,511.0536,2594.0010,2696.0010,511.0536,1994.0000,2696.0010,511.0536,2594.0010
Block_Platform_1B,3246.0010,511.0536,3194.0010,3246.0010,511.0536,2594.0010,2696.0010,511.0536,2594.0010
Block_Platform_1B,3246.0010,511.0536,3194.0010,2696.0010,511.0536,2594.0010,2696.0010,511.0536,3194.0010
Block_Platform_1B,3271.0010,511.0536,3194.0010,3271.0010,111.0534,3194.0010,3271.0010,111.0534,2594.0000
Block_Platform_1B,3271.0010,511.0536,3194.0010,3271.0010,111.0534,2594.0000,3271.0010,511.0536,2594.0000
Block_Platform_1B,3271.0010,511.0536,2594.0000,3271.0010,111.0534,2594.0000,3271.0010,111.0534,1994.0000
Block_Platform_1B,3271.0010,511.0536,2594.0000,3271.0010,111.0534,1994.0000,3271.0010,511.0536,1994.0000
Block_Platform_1B,2696.0010,511.0536,3194.0010,2671.0010,511.0536,2594.0010,2671.0010,511.0536,3194.0010
Block_Platform_1B,2696.0010,511.0536,3194.0010,2696.0010,511.0536,2594.0010,2671.0010,511.0536,2594.0010
Block_Platform_1B,2696.0010,511.0536,2594.0010,2671.0010,511.0536,1994.0000,2671.0010,511.0536,2594.0010
Block_Platform_1B,2696.0010,511.0536,2594.0010,2696.0010,511.0536,1994.0000,2671.0010,511.0536,1994.0000
Block_Platform_1B,2696.0010,511.0536,794.0002,2696.0010,111.0534,794.0002,2671.0010,111.0534,794.0002
Block_Platform_1B,2696.0010,511.0536,794.0002,2671.0010,111.0534,794.0002,2671.0010,511.0536,794.0002
Block_Platform_1B,3271.0010,511.0536,1394.0000,3271.0010,111.0534,794.0002,3271.0010,511.0536,794.0002
Block_Platform_1B,3271.0010,511.0536,1394.0000,3271.0010,111.0534,1394.0000,3271.0010,111.0534,794.0002
Block_Platform_1B,3271.0010,511.0536,1994.0000,3271.0010,111.0534,1394.0000,3271.0010,511.0536,1394.0000
Block_Platform_1B,3271.0010,511.0536,1994.0000,3271.0010,111.0534,1994.0000,3271.0010,111.0534,1394.0000
Block_Platform_1B,2696.0010,511.0536,1394.0000,2696.0010,511.0536,794.0002,2671.0010,511.0536,794.0002
Block_Platform_1B,2696.0010,511.0536,1394.0000,2671.0010,511.0536,794.0002,2671.0010,511.0536,1394.0000
Block_Platform_1B,2696.0010,511.0536,1994.0000,2696.0010,511.0536,1394.0000,2671.0010,511.0536,1394.0000
Block_Platform_1B,2696.0010,511.0536,1994.0000,2671.0010,511.0536,1394.0000,2671.0010,511.0536,1994.0000
Block_Platform_1B,3271.0010,511.0536,794.0002,3271.0010,111.0534,794.0002,3246.0010,111.0534,794.0002
Block_Platform_1B,3271.0010,511.0536,794.0002,3246.0010,111.0534,794.0002,3246.0010,511.0536,794.0002
Block_Platform_1B,3246.0010,511.0536,794.0002,3246.0010,111.0534,794.0002,2696.0010,111.0534,794.0002
Block_Platform_1B,3246.0010,511.0536,794.0002,2696.0010,111.0534,794.0002,2696.0010,511.0536,794.0002
Block_Platform_1B,3271.0010,511.0536,1394.0000,3271.0010,511.0536,794.0002,3246.0010,511.0536,794.0002
Block_Platform_1B,3271.0010,511.0536,1394.0000,3246.0010,511.0536,794.0002,3246.0010,511.0536,1394.0000
Block_Platform_1B,3271.0010,511.0536,1994.0000,3271.0010,511.0536,1394.0000,3246.0010,511.0536,1394.0000
Block_Platform_1B,3271.0010,511.0536,1994.0000,3246.0010,511.0536,1394.0000,3246.0010,511.0536,1994.0000
Block_Platform_1B,3246.0010,511.0536,1394.0000,3246.0010,511.0536,794.0002,2696.0010,511.0536,794.0002
Block_Platform_1B,3246.0010,511.0536,1394.0000,2696.0010,511.0536,794.0002,2696.0010,511.0536,1394.0000
Block_Platform_1B,3246.0010,511.0536,1994.0000,3246.0010,511.0536,1394.0000,2696.0010,511.0536,1394.0000
Block_Platform_1B,3246.0010,511.0536,1994.0000,2696.0010,511.0536,1394.0000,2696.0010,511.0536,1994.0000
Block_Platform_1B,2671.0010,511.0536,794.0002,2671.0010,111.0534,794.0002,2671.0010,111.0534,1394.0000
Block_Platform_1B,2671.0010,511.0536,794.0002,2671.0010,111.0534,1394.0000,2671.0010,511.0536,1394.0000
Block_Platform_1B,2671.0010,511.0536,1394.0000,2671.0010,111.0534,1394.0000,2671.0010,111.0534,1994.0000
Block_Platform_1B,2671.0010,511.0536,1394.0000,2671.0010,111.0534,1994.0000,2671.0010,511.0536,1994.0000
Block_Platform_1B,2696.0010,111.0534,794.0002,2671.0010,111.0534,1394.0000,2671.0010,111.0534,794.0002
Block_Platform_1B,2696.0010,111.0534,794.0002,2696.0010,111.0534,1394.0000,2671.0010,111.0534,1394.0000
Block_Platform_1B,2696.0010,111.0534,1394.0000,2671.0010,111.0534,1994.0000,2671.0010,111.0534,1394.0000
Block_Platform_1B,2696.0010,111.0534,1394.0000,2696.0010,111.0534,1994.0000,2671.0010,111.0534,1994.0000
Block_Platform_1B,3271.0010,111.0534,794.0002,3246.0010,111.0534,1394.0000,3246.0010,111.0534,794.0002
Block_Platform_1B,3271.0010,111.0534,794.0002,3271.0010,111.0534,1394.0000,3246.0010,111.0534,1394.0000
Block_Platform_1B,3271.0010,111.0534,1394.0000,3246.0010,111.0534,1994.0000,3246.0010,111.0534,1394.0000
Block_Platform_1B,3271.0010,111.0534,1394.0000,3271.0010,111.0534,1994.0000,3246.0010,111.0534,1994.0000
Block_Platform_1B,3246.0010,111.0534,794.0002,2696.0010,111.0534,1394.0000,2696.0010,111.0534,794.0002
Block_Platform_1B,3246.0010,111.0534,794.0002,3246.0010,111.0534,1394.0000,2696.0010,111.0534,1394.0000
Block_Platform_1B,3246.0010,111.0534,1394.0000,2696.0010,111.0534,1994.0000,2696.0010,111.0534,1394.0000
Block_Platform_1B,3246.0010,111.0534,1394.0000,3246.0010,111.0534,1994.0000,2696.0010,111.0534,1994.0000
Block_Platform_1B,2696.0010,511.0536,1994.0000,2696.0010,111.0534,1994.0000,2671.0010,111.0534,1994.0000
Block_Platform_1B,2696.0010,511.0536,1994.0000,2671.0010,111.0534,1994.0000,2671.0010,511.0536,1994.0000
Block_Platform_1B,3271.0010,511.0536,1994.0000,3271.0010,111.0534,1994.0000,3246.0010,111.0534,1994.0000
Block_Platform_1B,3271.0010,511.0536,1994.0000,3246.0010,111.0534,1994.0000,3246.0010,511.0536,1994.0000
Block_Platform_1B,3246.0010,511.0536,1994.0000,3246.0010,111.0534,1994.0000,2696.0010,111.0534,1994.0000
Block_Platform_1B,3246.0010,511.0536,1994.0000,2696.0010,111.0534,1994.0000,2696.0010,511.0536,1994.0000
Block_Platform_1B,-1210.0000,511.0536,2578.0000,-1210.0000,111.0534,3178.0000,-1210.0000,511.0536,3178.0000
Block_Platform_1B,-1210.0000,511.0536,2578.0000,-1210.0000,111.0534,2578.0000,-1210.0000,111.0534,3178.0000
Block_Platform_1B,-1210.0000,511.0536,1978.0000,-1210.0000,111.0534,2578.0000,-1210.0000,511.0536,2578.0000
Block_Platform_1B,-1210.0000,511.0536,1978.0000,-1210.0000,111.0534,1978.0000,-1210.0000,111.0534,2578.0000
Block_Platform_1B,-634.9999,511.0536,3178.0000,-634.9999,111.0534,3178.0000,-609.9998,111.0534,3178.0000
Block_Platform_1B,-634.9999,511.0536,3178.0000,-609.9998,111.0534,3178.0000,-609.9998,511.0536,3178.0000
Block_Platform_1B,-1185.0000,111.0534,2578.0000,-1185.0000,111.0534,3178.0000,-1210.0000,111.0534,3178.0000
Block_Platform_1B,-1185.0000,111.0534,2578.0000,-1210.0000,111.0534,3178.0000,-1210.0000,111.0534,2578.0000
Block_Platform_1B,-1185.0000,111.0534,1978.0000,-1185.0000,111.0534,2578.0000,-1210.0000,111.0534,2578.0000
Block_Platform_1B,-1185.0000,111.0534,1978.0000,-1210.0000,111.0534,2578.0000,-1210.0000,111.0534,1978.0000
Block_Platform_1B,-1210.0000,511.0536,3178.0000,-1210.0000,111.0534,3178.0000,-1185.0000,111.0534,3178.0000
Block_Platform_1B,-1210.0000,511.0536,3178.0000,-1185.0000,111.0534,3178.0000,-1185.0000,511.0536,3178.0000
Block_Platform_1B,-1185.0000,511.0536,3178.0000,-1185.0000,111.0534,3178.0000,-634.9999,111.0534,3178.0000
Block_Platform_1B,-1185.0000,511.0536,3178.0000,-634.9999,111.0534,3178.0000,-634.9999,511.0536,3178.0000
Block_Platform_1B,-609.9999,111.0534,2578.0000,-609.9998,111.0534,3178.0000,-634.9999,111.0534,3178.0000
Block_Platform_1B,-609.9999,111.0534,2578.0000,-634.9999,111.0534,3178.0000,-634.9999,111.0534,2578.0000
Block_Platform_1B,-610.0000,111.0534,1978.0000,-609.9999,111.0534,2578.0000,-634.9999,111.0534,2578.0000
Block_Platform_1B,-610.0000,111.0534,1978.0000,-634.9999,111.0534,2578.0000,-635.0001,111.0534,1978.0000
Block_Platform_1B,-634.9999,111.0534,2578.0000,-634.9999,111.0534,3178.0000,-1185.0000,111.0534,3178.0000
Block_Platform_1B,-634.9999,111.0534,2578.0000,-1185.0000,111.0534,3178.0000,-1185.0000,111.0534,2578.0000
Block_Platform_1B,-635.0001,111.0534,1978.0000,-634.9999,111.0534,2578.0000,-1185.0000,111.0534,2578.0000
Block_Platform_1B,-635.0001,111.0534,1978.0000,-1185.0000,111.0534,2578.0000,-1185.0000,111.0534,1978.0000
Block_Platform_1B,-609.9999,511.0536,2578.0000,-610.0000,511.0536,1978.0000,-635.0001,511.0536,1978.0000
Block_Platform_1B,-609.9999,511.0536,2578.0000,-635.0001,511.0536,1978.0000,-634.9999,511.0536,2578.0000
Block_Platform_1B,-609.9998,511.0536,3178.0000,-609.9999,511.0536,2578.0000,-634.9999,511.0536,2578.0000
Block_Platform_1B,-609.9998,511.0536,3178.0000,-634.9999,511.0536,2578.0000,-634.9999,511.0536,3178.0000
Block_Platform_1B,-634.9999,511.0536,2578.0000,-635.0001,511.0536,1978.0000,-1185.0000,511.0536,1978.0000
Block_Platform_1B,-634.9999,511.0536,2578.0000,-1185.0000,511.0536,1978.0000,-1185.0000,511.0536,2578.0000
Block_Platform_1B,-634.9999,511.0536,3178.0000,-634.9999,511.0536,2578.0000,-1185.0000,511.0536,2578.0000
Block_Platform_1B,-634.9999,511.0536,3178.0000,-1185.0000,511.0536,2578.0000,-1185.0000,511.0536,3178.0000
Block_Platform_1B,-609.9998,511.0536,3178.0000,-609.9998,111.0534,3178.0000,-609.9999,111.0534,2578.0000
Block_Platform_1B,-609.9998,511.0536,3178.0000,-609.9999,111.0534,2578.0000,-609.9999,511.0536,2578.0000
Block_Platform_1B,-609.9999,511.0536,2578.0000,-609.9999,111.0534,2578.0000,-610.0000,111.0534,1978.0000
Block_Platform_1B,-609.9999,511.0536,2578.0000,-610.0000,111.0534,1978.0000,-610.0000,511.0536,1978.0000
Block_Platform_1B,-1185.0000,511.0536,3178.0000,-1210.0000,511.0536,2578.0000,-1210.0000,511.0536,3178.0000
Block_Platform_1B,-1185.0000,511.0536,3178.0000,-1185.0000,511.0536,2578.0000,-1210.0000,511.0536,2578.0000
Block_Platform_1B,-1185.0000,511.0536,2578.0000,-1210.0000,511.0536,1978.0000,-1210.0000,511.0536,2578.0000
Block_Platform_1B,-1185.0000,511.0536,2578.0000,-1185.0000,511.0536,1978.0000,-1210.0000,511.0536,1978.0000
Block_Platform_1B,-1185.0000,511.0536,777.9999,-1185.0000,111.0534,777.9999,-1210.0000,111.0534,777.9999
Block_Platform_1B,-1185.0000,511.0536,777.9999,-1210.0000,111.0534,777.9999,-1210.0000,511.0536,777.9999
Block_Platform_1B,-610.0001,511.0536,1378.0000,-610.0002,111.0534,777.9999,-610.0002,511.0536,777.9999
Block_Platform_1B,-610.0001,511.0536,1378.0000,-610.0001,111.0534,1378.0000,-610.0002,111.0534,777.9999
Block_Platform_1B,-610.0000,511.0536,1978.0000,-610.0001,111.0534,1378.0000,-610.0001,511.0536,1378.0000
Block_Platform_1B,-610.0000,511.0536,1978.0000,-610.0000,111.0534,1978.0000,-610.0001,111.0534,1378.0000
Block_Platform_1B,-1185.0000,511.0536,1378.0000,-1185.0000,511.0536,777.9999,-1210.0000,511.0536,777.9999
Block_Platform_1B,-1185.0000,511.0536,1378.0000,-1210.0000,511.0536,777.9999,-1210.0000,511.0536,1378.0000
Block_Platform_1B,-1185.0000,511.0536,1978.0000,-1185.0000,511.0536,1378.0000,-1210.0000,511.0536,1378.0000
Block_Platform_1B,-1185.0000,511.0536,1978.0000,-1210.0000,511.0536,1378.0000,-1210.0000,511.0536,1978.0000
Block_Platform_1B,-610.0002,511.0536,777.9999,-610.0002,111.0534,777.9999,-635.0002,111.0534,777.9999
Block_Platform_1B,-610.0002,511.0536,777.9999,-635.0002,111.0534,777.9999,-635.0002,511.0536,777.9999
Block_Platform_1B,-635.0002,511.0536,777.9999,-635.0002,111.0534,777.9999,-1185.0000,111.0534,777.9999
Block_Platform_1B,-635.0002,511.0536,777.9999,-1185.0000,111.0534,777.9999,-1185.0000,511.0536,777.9999
Block_Platform_1B,-610.0001,511.0536,1378.0000,-610.0002,511.0536,777.9999,-635.0002,511.0536,777.9999
Block_Platform_1B,-610.0001,511.0536,1378.0000,-635.0002,511.0536,777.9999,-635.0001,511.0536,1378.0000
Block_Platform_1B,-610.0000,511.0536,1978.0000,-610.0001,511.0536,1378.0000,-635.0001,511.0536,1378.0000
Block_Platform_1B,-610.0000,511.0536,1978.0000,-635.0001,511.0536,1378.0000,-635.0001,511.0536,1978.0000
Block_Platform_1B,-635.0001,511.0536,1378.0000,-635.0002,511.0536,777.9999,-1185.0000,511.0536,777.9999
Block_Platform_1B,-635.0001,511.0536,1378.0000,-1185.0000,511.0536,777.9999,-1185.0000,511.0536,1378.0000
Block_Platform_1B,-635.0001,511.0536,1978.0000,-635.0001,511.0536,1378.0000,-1185.0000,511.0536,1378.0000
Block_Platform_1B,-635.0001,511.0536,1978.0000,-1185.0000,511.0536,1378.0000,-1185.0000,511.0536,1978.0000
Block_Platform_1B,-1210.0000,511.0536,777.9999,-1210.0000,111.0534,777.9999,-1210.0000,111.0534,1378.0000
Block_Platform_1B,-1210.0000,511.0536,777.9999,-1210.0000,111.0534,1378.0000,-1210.0000,511.0536,1378.0000
Block_Platform_1B,-1210.0000,511.0536,1378.0000,-1210.0000,111.0534,1378.0000,-1210.0000,111.0534,1978.0000
Block_Platform_1B,-1210.0000,511.0536,1378.0000,-1210.0000,111.0534,1978.0000,-1210.0000,511.0536,1978.0000
Block_Platform_1B,-1185.0000,111.0534,777.9999,-1210.0000,111.0534,1378.0000,-1210.0000,111.0534,777.9999
Block_Platform_1B,-1185.0000,111.0534,777.9999,-1185.0000,111.0534,1378.0000,-1210.0000,111.0534,1378.0000
Block_Platform_1B,-1185.0000,111.0534,1378.0000,-1210.0000,111.0534,1978.0000,-1210.0000,111.0534,1378.0000
Block_Platform_1B,-1185.0000,111.0534,1378.0000,-1185.0000,111.0534,1978.0000,-1210.0000,111.0534,1978.0000
Block_Platform_1B,-610.0002,111.0534,777.9999,-635.0001,111.0534,1378.0000,-635.0002,111.0534,777.9999
Block_Platform_1B,-610.0002,111.0534,777.9999,-610.0001,111.0534,1378.0000,-635.0001,111.0534,1378.0000
Block_Platform_1B,-610.0001,111.0534,1378.0000,-635.0001,111.0534,1978.0000,-635.0001,111.0534,1378.0000
Block_Platform_1B,-610.0001,111.0534,1378.0000,-610.0000,111.0534,1978.0000,-635.0001,111.0534,1978.0000
Block_Platform_1B,-635.0002,111.0534,777.9999,-1185.0000,111.0534,1378.0000,-1185.0000,111.0534,777.9999
Block_Platform_1B,-635.0002,111.0534,777.9999,-635.0001,111.0534,1378.0000,-1185.0000,111.0534,1378.0000
Block_Platform_1B,-635.0001,111.0534,1378.0000,-1185.0000,111.0534,1978.0000,-1185.0000,111.0534,1378.0000
Block_Platform_1B,-635.0001,111.0534,1378.0000,-635.0001,111.0534,1978.0000,-1185.0000,111.0534,1978.0000
Block_Platform_1B,-1185.0000,511.0536,1978.0000,-1185.0000,111.0534,1978.0000,-1210.0000,111.0534,1978.0000
Block_Platform_1B,-1185.0000,511.0536,1978.0000,-1210.0000,111.0534,1978.0000,-1210.0000,511.0536,1978.0000
Block_Platform_1B,-610.0000,511.0536,1978.0000,-610.0000,111.0534,1978.0000,-635.0001,111.0534,1978.0000
Block_Platform_1B,-610.0000,511.0536,1978.0000,-635.0001,111.0534,1978.0000,-635.0001,511.0536,1978.0000
Block_Platform_1B,-635.0001,511.0536,1978.0000,-635.0001,111.0534,1978.0000,-1185.0000,111.0534,1978.0000
Block_Platform_1B,-635.0001,511.0536,1978.0000,-1185.0000,111.0534,1978.0000,-1185.0000,511.0536,1978.0000
Floor_A,599.8032,506.0535,7967.8740,599.8032,456.0535,7967.8740,599.8032,456.0535,6367.8740
Floor_A,599.8032,506.0535,7967.8740,599.8032,456.0535,6367.8740,599.8032,506.0535,6367.8740
Floor_A,599.8032,506.0535,6367.8740,599.8032,456.0535,6367.8740,-1000.1970,456.0535,6367.8740
Floor_A,599.8032,506.0535,6367.8740,-1000.1970,456.0535,6367.8740,-1000.1970,506.0535,6367.8740
Floor_A,-1000.1970,506.0535,6367.8740,-1000.1970,456.0535,6367.8740,-1000.1970,456.0535,7967.8740
Floor_A,-1000.1970,506.0535,6367.8740,-1000.1970,456.0535,7967.8740,-1000.1970,506.0535,7967.8740
Floor_A,-1000.1970,506.0535,7967.8740,-1000.1970,456.0535,7967.8740,599.8032,456.0535,7967.8740
Floor_A,-1000.1970,506.0535,7967.8740,599.8032,456.0535,7967.8740,599.8032,506.0535,7967.8740
Floor_A,599.8032,456.0535,7967.8740,-1000.1970,456.0535,7967.8740,-1000.1970,456.0535,6367.8740
Floor_A,599.8032,456.0535,7967.8740,-1000.1970,456.0535,6367.8740,599.8032,456.0535,6367.8740
Floor_A,-1000.1970,506.0535,7967.8740,599.8032,506.0535,7967.8740,599.8032,506.0535,6367.8740
Floor_A,-1000.1970,506.0535,7967.8740,599.8032,506.0535,6367.8740,-1000.1970,506.0535,6367.8740
Floor_A,2320.9990,896.0000,10423.0000,2320.9990,846.0000,10423.0000,2320.9990,846.0000,8823.0010
Floor_A,2320.9990,896.0000,10423.0000,2320.9990,846.0000,8823.0010,2320.9990,896.0000,8823.0010
Floor_A,2320.9990,896.0000,8823.0010,2320.9990,846.0000,8823.0010,720.9991,846.0000,8823.0010
Floor_A,2320.9990,896.0000,8823.0010,720.9991,846.0000,8823.0010,720.9991,896.0000,8823.0010
Floor_A,720.9991,896.0000,8823.0010,720.9991,846.0000,8823.0010,720.9991,846.0000,10423.0000
Floor_A,720.9991,896.0000,8823.0010,720.9991,846.0000,10423.0000,720.9991,896.0000,10423.0000
Floor_A,720.9991,896.0000,10423.0000,720.9991,846.0000,10423.0000,2320.9990,846.0000,10423.0000
Floor_A,720.9991,896.0000,10423.0000,2320.9990,846.0000,10423.0000,2320.9990,896.0000,10423.0000
Floor_A,2320.9990,846.0000,10423.0000,720.9991,846.0000,10423.0000,720.9991,846.0000,8823.0010
Floor_A,2320.9990,846.0000,10423.0000,720.9991,846.0000,8823.0010,2320.9990,846.0000,8823.0010
Floor_A,720.9991,896.0000,10423.0000,2320.9990,896.0000,10423.0000,2320.9990,896.0000,8823.0010
Floor_A,720.9991,896.0000,10423.0000,2320.9990,896.0000,8823.0010,720.9991,896.0000,8823.0010
Floor_A,2320.9990,896.0000,-2240.0000,2320.9990,846.0000,-2240.0000,2320.9990,846.0000,-3840.0000
Floor_A,2320.9990,896.0000,-2240.0000,2320.9990,846.0000,-3840.0000,2320.9990,896.0000,-3840.0000
Floor_A,2320.9990,896.0000,-3840.0000,2320.9990,846.0000,-3840.0000,720.9991,846.0000,-3840.0000
Floor_A,2320.9990,896.0000,-3840.0000,720.9991,846.0000,-3840.0000,720.9991,896.0000,-3840.0000
Floor_A,720.9991,896.0000,-3840.0000,720.9991,846.0000,-3840.0000,720.9991,846.0000,-2240.0000
Floor_A,720.9991,896.0000,-3840.0000,720.9991,846.0000,-2240.0000,720.9991,896.0000,-2240.0000
Floor_A,720.9991,896.0000,-2240.0000,720.9991,846.0000,-2240.0000,2320.9990,846.0000,-2240.0000
Floor_A,720.9991,896.0000,-2240.0000,2320.9990,846.0000,-2240.0000,2320.9990,896.0000,-2240.0000
Floor_A,2320.9990,846.0000,-2240.0000,720.9991,846.0000,-2240.0000,720.9991,846.0000,-3840.0000
Floor_A,2320.9990,846.0000,-2240.0000,720.9991,846.0000,-3840.0000,2320.9990,846.0000,-3840.0000
Floor_A,720.9991,896.0000,-2240.0000,2320.9990,896.0000,-2240.0000,2320.9990,896.0000,-3840.0000
Floor_A,720.9991,896.0000,-2240.0000,2320.9990,896.0000,-3840.0000,720.9991,896.0000,-3840.0000
Floor_A,3892.0000,896.0000,-2240.0000,3892.0000,846.0000,-2240.0000,3892.0000,846.0000,-3840.0000
Floor_A,3892.0000,896.0000,-2240.0000,3892.0000,846.0000,-3840.0000,3892.0000,896.0000,-3840.0000
Floor_A,3892.0000,896.0000,-3840.0000,3892.0000,846.0000,-3840.0000,2292.0000,846.0000,-3840.0000
Floor_A,3892.0000,896.0000,-3840.0000,2292.0000,846.0000,-3840.0000,2292.0000,896.0000,-3840.0000
Floor_A,2292.0000,896.0000,-3840.0000,2292.0000,846.0000,-3840.0000,2292.0000,846.0000,-2240.0000
Floor_A,2292.0000,896.0000,-3840.0000,2292.0000,846.0000,-2240.0000,2292.0000,896.0000,-2240.0000
Floor_A,2292.0000,896.0000,-2240.0000,2292.0000,846.0000,-2240.0000,3892.0000,846.0000,-2240.0000
Floor_A,2292.0000,896.0000,-2240.0000,3892.0000,846.0000,-2240.0000,3892.0000,896.0000,-2240.0000
Floor_A,3892.0000,846.0000,-2240.0000,2292.0000,846.0000,-2240.0000,2292.0000,846.0000,-3840.0000
Floor_A,3892.0000,846.0000,-2240.0000,2292.0000,846.0000,-3840.0000,3892.0000,846.0000,-3840.0000
Floor_A,2292.0000,896.0000,-2240.0000,3892.0000,896.0000,-2240.0000,3892.0000,896.0000,-3840.0000
Floor_A,2292.0000,896.0000,-2240.0000,3892.0000,896.0000,-3840.0000,2292.0000,896.0000,-3840.0000
Floor_A,-2361.0000,896.0000,-2240.0000,-2361.0000,846.0000,-2240.0000,-2361.0000,846.0000,-3840.0000
Floor_A,-2361.0000,896.0000,-2240.0000,-2361.0000,846.0000,-3840.0000,-2361.0000,896.0000,-3840.0000
Floor_A,-2361.0000,896.0000,-3840.0000,-2361.0000,846.0000,-3840.0000,-3961.0000,846.0000,-3840.0000
Floor_A,-2361.0000,896.0000,-3840.0000,-3961.0000,846.0000,-3840.0000,-3961.0000,896.0000,-3840.0000
Floor_A,-3961.0000,896.0000,-3840.0000,-3961.0000,846.0000,-3840.0000,-3961.0000,846.0000,-2240.0000
Floor_A,-3961.0000,896.0000,-3840.0000,-3961.0000,846.0000,-2240.0000,-3961.0000,896.0000,-2240.0000
Floor_A,-3961.0000,896.0000,-2240.0000,-3961.0000,846.0000,-2240.0000,-2361.0000,846.0000,-2240.0000
Floor_A,-3961.0000,896.0000,-2240.0000,-2361.0000,846.0000,-2240.0000,-2361.0000,896.0000,-2240.0000
Floor_A,-2361.0000,846.0000,-2240.0000,-3961.0000,846.0000,-2240.0000,-3961.0000,846.0000,-3840.0000
Floor_A,-2361.0000,846.0000,-2240.0000,-3961.0000,846.0000,-3840.0000,-2361.0000,846.0000,-3840.0000
Floor_A,-3961.0000,896.0000,-2240.0000,-2361.0000,896.0000,-2240.0000,-2361.0000,896.0000,-3840.0000
Floor_A,-3961.0000,896.0000,-2240.0000,-2361.0000,896.0000,-3840.0000,-3961.0000,896.0000,-3840.0000
Floor_A,-3455.0000,896.0000,-2240.0000,-3455.0000,846.0000,-2240.0000,-3455.0000,846.0000,-3840.0000
Floor_A,-3455.0000,896.0000,-2240.0000,-3455.0000,846.0000,-3840.0000,-3455.0000,896.0000,-3840.0000
Floor_A,-3455.0000,896.0000,-3840.0000,-3455.0000,846.0000,-3840.0000,-5055.0000,846.0000,-3840.0000
Floor_A,-3455.0000,896.0000,-3840.0000,-5055.0000,846.0000,-3840.0000,-5055.0000,896.0000,-3840.0000
Floor_A,-5055.0000,896.0000,-3840.0000,-5055.0000,846.0000,-3840.0000,-5055.0000,846.0000,-2240.0000
Floor_A,-5055.0000,896.0000,-3840.0000,-5055.0000,846.0000,-2240.0000,-5055.0000,896.0000,-2240.0000
Floor_A,-5055.0000,896.0000,-2240.0000,-5055.0000,846.0000,-2240.0000,-3455.0000,846.0000,-2240.0000
Floor_A,-5055.0000,896.0000,-2240.0000,-3455.0000,846.0000,-2240.0000,-3455.0000,896.0000,-2240.0000
Floor_A,-3455.0000,846.0000,-2240.0000,-5055.0000,846.0000,-2240.0000,-5055.0000,846.0000,-3840.0000
Floor_A,-3455.0000,846.0000,-2240.0000,-5055.0000,846.0000,-3840.0000,-3455.0000,846.0000,-3840.0000
Floor_A,-5055.0000,896.0000,-2240.0000,-3455.0000,896.0000,-2240.0000,-3455.0000,896.0000,-3840.0000
Floor_A,-5055.0000,896.0000,-2240.0000,-3455.0000,896.0000,-3840.0000,-5055.0000,896.0000,-3840.0000
Floor_A,-789.9992,896.0000,-2240.0000,-789.9992,846.0000,-2240.0000,-789.9992,846.0000,-3840.0000
Floor_A,-789.9992,896.0000,-2240.0000,-789.9992,846.0000,-3840.0000,-789.9992,896.0000,-3840.0000
Floor_A,-789.9992,896.0000,-3840.0000,-789.9992,846.0000,-3840.0000,-2389.9990,846.0000,-3840.0000
Floor_A,-789.9992,896.0000,-3840.0000,-2389.9990,846.0000,-3840.0000,-2389.9990,896.0000,-3840.0000
Floor_A,-2389.9990,896.0000,-3840.0000,-2389.9990,846.0000,-3840.0000,-2389.9990,846.0000,-2240.0000
Floor_A,-2389.9990,896.0000,-3840.0000,-2389.9990,846.0000,-2240.0000,-2389.9990,896.0000,-2240.0000
Floor_A,-2389.9990,896.0000,-2240.0000,-2389.9990,846.0000,-2240.0000,-789.9992,846.0000,-2240.0000
Floor_A,-2389.9990,896.0000,-2240.0000,-789.9992,846.0000,-2240.0000,-789.9992,896.0000,-2240.0000
Floor_A,-789.9992,846.0000,-2240.0000,-2389.9990,846.0000,-2240.0000,-2389.9990,846.0000,-3840.0000
Floor_A,-789.9992,846.0000,-2240.0000,-2389.9990,846.0000,-3840.0000,-789.9992,846.0000,-3840.0000
Floor_A,-2389.9990,896.0000,-2240.0000,-789.9992,896.0000,-2240.0000,-789.9992,896.0000,-3840.0000
Floor_A,-2389.9990,896.0000,-2240.0000,-789.9992,896.0000,-3840.0000,-2389.9990,896.0000,-3840.0000
Floor_A,759.0012,896.0000,-2240.0000,759.0012,846.0000,-2240.0000,759.0012,846.0000,-3840.0000
Floor_A,759.0012,896.0000,-2240.0000,759.0012,846.0000,-3840.0000,759.0012,896.0000,-3840.0000
Floor_A,759.0012,896.0000,-3840.0000,759.0012,846.0000,-3840.0000,-840.9988,846.0000,-3840.0000
Floor_A,759.0012,896.0000,-3840.0000,-840.9988,846.0000,-3840.0000,-840.9988,896.0000,-3840.0000
Floor_A,-840.9988,896.0000,-3840.0000,-840.9988,846.0000,-3840.0000,-840.9988,846.0000,-2240.0000
Floor_A,-840.9988,896.0000,-3840.0000,-840.9988,846.0000,-2240.0000,-840.9988,896.0000,-2240.0000
Floor_A,-840.9988,896.0000,-2240.0000,-840.9988,846.0000,-2240.0000,759.0012,846.0000,-2240.0000
Floor_A,-840.9988,896.0000,-2240.0000,759.0012,846.0000,-2240.0000,759.0012,896.0000,-2240.0000
Floor_A,759.0012,846.0000,-2240.0000,-840.9988,846.0000,-2240.0000,-840.9988,846.0000,-3840.0000
Floor_A,759.0012,846.0000,-2240.0000,-840.9988,846.0000,-3840.0000,759.0012,846.0000,-3840.0000
Floor_A,-840.9988,896.0000,-2240.0000,759.0012,896.0000,-2240.0000,759.0012,896.0000,-3840.0000
Floor_A,-840.9988,896.0000,-2240.0000,759.0012,896.0000,-3840.0000,-840.9988,896.0000,-3840.0000
Floor_A,-3400.0000,896.0000,509.9998,-3400.0000,846.0000,509.9998,-5000.0000,846.0000,510.0000
Floor_A,-3400.0000,896.0000,509.9998,-5000.0000,846.0000,510.0000,-5000.0000,896.0000,510.0000
Floor_A,-5000.0000,896.0000,510.0000,-5000.0000,846.0000,510.0000,-5000.0000,846.0000,2110.0000
Floor_A,-5000.0000,896.0000,510.0000,-5000.0000,846.0000,2110.0000,-5000.0000,896.0000,2110.0000
Floor_A,-5000.0000,896.0000,2110.0000,-5000.0000,846.0000,2110.0000,-3400.0000,846.0000,2110.0000
Floor_A,-5000.0000,896.0000,2110.0000,-3400.0000,846.0000,2110.0000,-3400.0000,896.0000,2110.0000
Floor_A,-3400.0000,896.0000,2110.0000,-3400.0000,846.0000,2110.0000,-3400.0000,846.0000,509.9998
Floor_A,-3400.0000,896.0000,2110.0000,-3400.0000,846.0000,509.9998,-3400.0000,896.0000,509.9998
Floor_A,-3400.0000,846.0000,509.9998,-3400.0000,846.0000,2110.0000,-5000.0000,846.0000,2110.0000
Floor_A,-3400.0000,846.0000,509.9998,-5000.0000,846.0000,2110.0000,-5000.0000,846.0000,510.0000
Floor_A,-3400.0000,896.0000,2110.0000,-3400.0000,896.0000,509.9998,-5000.0000,896.0000,510.0000
Floor_A,-3400.0000,896.0000,2110.0000,-5000.0000,896.0000,510.0000,-5000.0000,896.0000,2110.0000
Floor_A,-3365.2300,896.0000,-1060.6140,-3365.2300,846.0000,-1060.6140,-4965.2300,846.0000,-1060.6140
Floor_A,-3365.2300,896.0000,-1060.6140,-4965.2300,846.0000,-1060.6140,-4965.2300,896.0000,-1060.6140
Floor_A,-4965.2300,896.0000,-1060.6140,-4965.2300,846.0000,-1060.6140,-4965.2300,846.0000,539.3862
Floor_A,-4965.2300,896.0000,-1060.6140,-4965.2300,846.0000,539.3862,-4965.2300,896.0000,539.3862
Floor_A,-4965.2300,896.0000,539.3862,-4965.2300,846.0000,539.3862,-3365.2300,846.0000,539.3860
Floor_A,-4965.2300,896.0000,539.3862,-3365.2300,846.0000,539.3860,-3365.2300,896.0000,539.3860
Floor_A,-3365.2300,896.0000,539.3860,-3365.2300,846.0000,539.3860,-3365.2300,846.0000,-1060.6140
Floor_A,-3365.2300,896.0000,539.3860,-3365.2300,846.0000,-1060.6140,-3365.2300,896.0000,-1060.6140
Floor_A,-3365.2300,846.0000,-1060.6140,-3365.2300,846.0000,539.3860,-4965.2300,846.0000,539.3862
Floor_A,-3365.2300,846.0000,-1060.6140,-4965.2300,846.0000,539.3862,-4965.2300,846.0000,-1060.6140
Floor_A,-3365.2300,896.0000,539.3860,-3365.2300,896.0000,-1060.6140,-4965.2300,896.0000,-1060.6140
Floor_A,-3365.2300,896.0000,539.3860,-4965.2300,896.0000,-1060.6140,-4965.2300,896.0000,539.3862
Floor_A,-3503.3710,896.0000,5190.8140,-3503.3710,846.0000,5190.8140,-5103.3710,846.0000,5190.8140
Floor_A,-3503.3710,896.0000,5190.8140,-5103.3710,846.0000,5190.8140,-5103.3710,896.0000,5190.8140
Floor_A,-5103.3710,896.0000,5190.8140,-5103.3710,846.0000,5190.8140,-5103.3710,846.0000,6790.8140
Floor_A,-5103.3710,896.0000,5190.8140,-5103.3710,846.0000,6790.8140,-5103.3710,896.0000,6790.8140
Floor_A,-5103.3710,896.0000,6790.8140,-5103.3710,846.0000,6790.8140,-3503.3710,846.0000,6790.8140
Floor_A,-5103.3710,896.0000,6790.8140,-3503.3710,846.0000,6790.8140,-3503.3710,896.0000,6790.8140
Floor_A,-3503.3710,896.0000,6790.8140,-3503.3710,846.0000,6790.8140,-3503.3710,846.0000,5190.8140
Floor_A,-3503.3710,896.0000,6790.8140,-3503.3710,846.0000,5190.8140,-3503.3710,896.0000,5190.8140
Floor_A,-3503.3710,846.0000,5190.8140,-3503.3710,846.0000,6790.8140,-5103.3710,846.0000,6790.8140
Floor_A,-3503.3710,846.0000,5190.8140,-5103.3710,846.0000,6790.8140,-5103.3710,846.0000,5190.8140
Floor_A,-3503.3710,896.0000,6790.8140,-3503.3710,896.0000,5190.8140,-5103.3710,896.0000,5190.8140
Floor_A,-3503.3710,896.0000,6790.8140,-5103.3710,896.0000,5190.8140,-5103.3710,896.0000,6790.8140
Floor_A,-3538.0000,896.0000,6742.0000,-3538.0000,846.0000,6742.0000,-5138.0000,846.0000,6742.0000
Floor_A,-3538.0000,896.0000,6742.0000,-5138.0000,846.0000,6742.0000,-5138.0000,896.0000,6742.0000
Floor_A,-5138.0000,896.0000,6742.0000,-5138.0000,846.0000,6742.0000,-5138.0000,846.0000,8342.0000
Floor_A,-5138.0000,896.0000,6742.0000,-5138.0000,846.0000,8342.0000,-5138.0000,896.0000,8342.0000
Floor_A,-5138.0000,896.0000,8342.0000,-5138.0000,846.0000,8342.0000,-3538.0000,846.0000,8342.0000
Floor_A,-5138.0000,896.0000,8342.0000,-3538.0000,846.0000,8342.0000,-3538.0000,896.0000,8342.0000
Floor_A,-3538.0000,896.0000,8342.0000,-3538.0000,846.0000,8342.0000,-3538.0000,846.0000,6742.0000
Floor_A,-3538.0000,896.0000,8342.0000,-3538.0000,846.0000,6742.0000,-3538.0000,896.0000,6742.0000
Floor_A,-3538.0000,846.0000,6742.0000,-3538.0000,846.0000,8342.0000,-5138.0000,846.0000,8342.0000
Floor_A,-3538.0000,846.0000,6742.0000,-5138.0000,846.0000,8342.0000,-5138.0000,846.0000,6742.0000
Floor_A,-3538.0000,896.0000,8342.0000,-3538.0000,896.0000,6742.0000,-5138.0000,896.0000,6742.0000
Floor_A,-3538.0000,896.0000,8342.0000,-5138.0000,896.0000,6742.0000,-5138.0000,896.0000,8342.0000
Floor_A,6848.6790,896.0000,729.7448,6848.6790,846.0000,729.7448,5248.6790,846.0000,729.7449
Floor_A,6848.6790,896.0000,729.7448,5248.6790,846.0000,729.7449,5248.6790,896.0000,729.7449
Floor_A,5248.6790,896.0000,729.7449,5248.6790,846.0000,729.7449,5248.6790,846.0000,2329.7450
Floor_A,5248.6790,896.0000,729.7449,5248.6790,846.0000,2329.7450,5248.6790,896.0000,2329.7450
Floor_A,5248.6790,896.0000,2329.7450,5248.6790,846.0000,2329.7450,6848.6790,846.0000,2329.7450
Floor_A,5248.6790,896.0000,2329.7450,6848.6790,846.0000,2329.7450,6848.6790,896.0000,2329.7450
Floor_A,6848.6790,896.0000,2329.7450,6848.6790,846.0000,2329.7450,6848.6790,846.0000,729.7448
Floor_A,6848.6790,896.0000,2329.7450,6848.6790,846.0000,729.7448,6848.6790,896.0000,729.7448
Floor_A,6848.6790,846.0000,729.7448,6848.6790,846.0000,2329.7450,5248.6790,846.0000,2329.7450
Floor_A,6848.6790,846.0000,729.7448,5248.6790,846.0000,2329.7450,5248.6790,846.0000,729.7449
Floor_A,6848.6790,896.0000,2329.7450,6848.6790,896.0000,729.7448,5248.6790,896.0000,729.7449
Floor_A,6848.6790,896.0000,2329.7450,5248.6790,896.0000,729.7449,5248.6790,896.0000,2329.7450
Floor_A,6883.4490,896.0000,-840.8693,6883.4490,846.0000,-840.8693,5283.4490,846.0000,-840.8691
Floor_A,6883.4490,896.0000,-840.8693,5283.4490,846.0000,-840.8691,5283.4490,896.0000,-840.8691
Floor_A,5283.4490,896.0000,-840.8691,5283.4490,846.0000,-840.8691,5283.4490,846.0000,759.1310
Floor_A,5283.4490,896.0000,-840.8691,5283.4490,846.0000,759.1310,5283.4490,896.0000,759.1310
Floor_A,5283.4490,896.0000,759.1310,5283.4490,846.0000,759.1310,6883.4490,846.0000,759.1309
Floor_A,5283.4490,896.0000,759.1310,6883.4490,846.0000,759.1309,6883.4490,896.0000,759.1309
Floor_A,6883.4490,896.0000,759.1309,6883.4490,846.0000,759.1309,6883.4490,846.0000,-840.8693
Floor_A,6883.4490,896.0000,759.1309,6883.4490,846.0000,-840.8693,6883.4490,896.0000,-840.8693
Floor_A,6883.4490,846.0000,-840.8693,6883.4490,846.0000,759.1309,5283.4490,846.0000,759.1310
Floor_A,6883.4490,846.0000,-840.8693,5283.4490,846.0000,759.1310,5283.4490,846.0000,-840.8691
Floor_A,6883.4490,896.0000,759.1309,6883.4490,896.0000,-840.8693,5283.4490,896.0000,-840.8691
Floor_A,6883.4490,896.0000,759.1309,5283.4490,896.0000,-840.8691,5283.4490,896.0000,759.1310
Floor_A,6745.3080,896.0000,5410.5590,6745.3080,846.0000,5410.5590,5145.3080,846.0000,5410.5590
Floor_A,6745.3080,896.0000,5410.5590,5145.3080,846.0000,5410.5590,5145.3080,896.0000,5410.5590
Floor_A,5145.3080,896.0000,5410.5590,5145.3080,846.0000,5410.5590,5145.3080,846.0000,7010.5590
Floor_A,5145.3080,896.0000,5410.5590,5145.3080,846.0000,7010.5590,5145.3080,896.0000,7010.5590
Floor_A,5145.3080,896.0000,7010.5590,5145.3080,846.0000,7010.5590,6745.3080,846.0000,7010.5590
Floor_A,5145.3080,896.0000,7010.5590,6745.3080,846.0000,7010.5590,6745.3080,896.0000,7010.5590
Floor_A,6745.3080,896.0000,7010.5590,6745.3080,846.0000,7010.5590,6745.3080,846.0000,5410.5590
Floor_A,6745.3080,896.0000,7010.5590,6745.3080,846.0000,5410.5590,6745.3080,896.0000,5410.5590
Floor_A,6745.3080,846.0000,5410.5590,6745.3080,846.0000,7010.5590,5145.3080,846.0000,7010.5590
Floor_A,6745.3080,846.0000,5410.5590,5145.3080,846.0000,7010.5590,5145.3080,846.0000,5410.5590
Floor_A,6745.3080,896.0000,7010.5590,6745.3080,896.0000,5410.5590,5145.3080,896.0000,5410.5590
Floor_A,6745.3080,896.0000,7010.5590,5145.3080,896.0000,5410.5590,5145.3080,896.0000,7010.5590
Floor_A,6710.6780,896.0000,6961.7450,6710.6780,846.0000,6961.7450,5110.6790,846.0000,6961.7450
Floor_A,6710.6780,896.0000,6961.7450,5110.6790,846.0000,6961.7450,5110.6790,896.0000,6961.7450
Floor_A,5110.6790,896.0000,6961.7450,5110.6790,846.0000,6961.7450,5110.6790,846.0000,8561.7450
Floor_A,5110.6790,896.0000,6961.7450,5110.6790,846.0000,8561.7450,5110.6790,896.0000,8561.7450
Floor_A,5110.6790,896.0000,8561.7450,5110.6790,846.0000,8561.7450,6710.6790,846.0000,8561.7450
Floor_A,5110.6790,896.0000,8561.7450,6710.6790,846.0000,8561.7450,6710.6790,896.0000,8561.7450
Floor_A,6710.6790,896.0000,8561.7450,6710.6790,846.0000,8561.7450,6710.6780,846.0000,6961.7450
Floor_A,6710.6790,896.0000,8561.7450,6710.6780,846.0000,6961.7450,6710.6780,896.0000,6961.7450
Floor_A,6710.6780,846.0000,6961.7450,6710.6790,846.0000,8561.7450,5110.6790,846.0000,8561.7450
Floor_A,6710.6780,846.0000,6961.7450,5110.6790,846.0000,8561.7450,5110.6790,846.0000,6961.7450
Floor_A,6710.6790,896.0000,8561.7450,6710.6780,896.0000,6961.7450,5110.6790,896.0000,6961.7450
Floor_A,6710.6790,896.0000,8561.7450,5110.6790,896.0000,6961.7450,5110.6790,896.0000,8561.7450
Floor_A,6682.0000,896.0000,8434.0000,6682.0000,846.0000,8434.0000,5082.0000,846.0000,8434.0000
Floor_A,6682.0000,896.0000,8434.0000,5082.0000,846.0000,8434.0000,5082.0000,896.0000,8434.0000
Floor_A,5082.0000,896.0000,8434.0000,5082.0000,846.0000,8434.0000,5082.0000,846.0000,10034.0000
Floor_A,5082.0000,896.0000,8434.0000,5082.0000,846.0000,10034.0000,5082.0000,896.0000,10034.0000
Floor_A,5082.0000,896.0000,10034.0000,5082.0000,846.0000,10034.0000,6682.0000,846.0000,10034.0000
Floor_A,5082.0000,896.0000,10034.0000,6682.0000,846.0000,10034.0000,6682.0000,896.0000,10034.0000
Floor_A,6682.0000,896.0000,10034.0000,6682.0000,846.0000,10034.0000,6682.0000,846.0000,8434.0000
Floor_A,6682.0000,896.0000,10034.0000,6682.0000,846.0000,8434.0000,6682.0000,896.0000,8434.0000
Floor_A,6682.0000,846.0000,8434.0000,6682.0000,846.0000,10034.0000,5082.0000,846.0000,10034.0000
Floor_A,6682.0000,846.0000,8434.0000,5082.0000,846.0000,10034.0000,5082.0000,846.0000,8434.0000
Floor_A,6682.0000,896.0000,10034.0000,6682.0000,896.0000,8434.0000,5082.0000,896.0000,8434.0000
Floor_A,6682.0000,896.0000,10034.0000,5082.0000,896.0000,8434.0000,5082.0000,896.0000,10034.0000
Floor_A,6662.0000,896.0000,9342.0000,6662.0000,846.0000,9342.0000,5062.0000,846.0000,9342.0000
Floor_A,6662.0000,896.0000,9342.0000,5062.0000,846.0000,9342.0000,5062.0000,896.0000,9342.0000
Floor_A,5062.0000,896.0000,9342.0000,5062.0000,846.0000,9342.0000,5062.0000,846.0000,10942.0000
Floor_A,5062.0000,896.0000,9342.0000,5062.0000,846.0000,10942.0000,5062.0000,896.0000,10942.0000
Floor_A,5062.0000,896.0000,10942.0000,5062.0000,846.0000,10942.0000,6662.0000,846.0000,10942.0000
Floor_A,5062.0000,896.0000,10942.0000,6662.0000,846.0000,10942.0000,6662.0000,896.0000,10942.0000
Floor_A,6662.0000,896.0000,10942.0000,6662.0000,846.0000,10942.0000,6662.0000,846.0000,9342.0000
Floor_A,6662.0000,896.0000,10942.0000,6662.0000,846.0000,9342.0000,6662.0000,896.0000,9342.0000
Floor_A,6662.0000,846.0000,9342.0000,6662.0000,846.0000,10942.0000,5062.0000,846.0000,10942.0000
Floor_A,6662.0000,846.0000,9342.0000,5062.0000,846.0000,10942.0000,5062.0000,846.0000,9342.0000
Floor_A,6662.0000,896.0000,10942.0000,6662.0000,896.0000,9342.0000,5062.0000,896.0000,9342.0000
Floor_A,6662.0000,896.0000,10942.0000,5062.0000,896.0000,9342.0000,5062.0000,896.0000,10942.0000
Floor_A,6780.0000,896.0000,3840.0000,6780.0000,846.0000,3840.0000,5180.0000,846.0000,3840.0000
Floor_A,6780.0000,896.0000,3840.0000,5180.0000,846.0000,3840.0000,5180.0000,896.0000,3840.0000
Floor_A,5180.0000,896.0000,3840.0000,5180.0000,846.0000,3840.0000,5180.0000,846.0000,5440.0000
Floor_A,5180.0000,896.0000,3840.0000,5180.0000,846.0000,5440.0000,5180.0000,896.0000,5440.0000
Floor_A,5180.0000,896.0000,5440.0000,5180.0000,846.0000,5440.0000,6780.0000,846.0000,5440.0000
Floor_A,5180.0000,896.0000,5440.0000,6780.0000,846.0000,5440.0000,6780.0000,896.0000,5440.0000
Floor_A,6780.0000,896.0000,5440.0000,6780.0000,846.0000,5440.0000,6780.0000,846.0000,3840.0000
Floor_A,6780.0000,896.0000,5440.0000,6780.0000,846.0000,3840.0000,6780.0000,896.0000,3840.0000
Floor_A,6780.0000,846.0000,3840.0000,6780.0000,846.0000,5440.0000,5180.0000,846.0000,5440.0000
Floor_A,6780.0000,846.0000,3840.0000,5180.0000,846.0000,5440.0000,5180.0000,846.0000,3840.0000
Floor_A,6780.0000,896.0000,5440.0000,6780.0000,896.0000,3840.0000,5180.0000,896.0000,3840.0000
Floor_A,6780.0000,896.0000,5440.0000,5180.0000,896.0000,3840.0000,5180.0000,896.0000,5440.0000
Floor_A,6814.2530,896.0000,2291.3660,6814.2530,846.0000,2291.3660,5214.2530,846.0000,2291.3670
Floor_A,6814.2530,896.0000,2291.3660,5214.2530,846.0000,2291.3670,5214.2530,896.0000,2291.3670
Floor_A,5214.2530,896.0000,2291.3670,5214.2530,846.0000,2291.3670,5214.2530,846.0000,3891.3670
Floor_A,5214.2530,896.0000,2291.3670,5214.2530,846.0000,3891.3670,5214.2530,896.0000,3891.3670
Floor_A,5214.2530,896.0000,3891.3670,5214.2530,846.0000,3891.3670,6814.2530,846.0000,3891.3670
Floor_A,5214.2530,896.0000,3891.3670,6814.2530,846.0000,3891.3670,6814.2530,896.0000,3891.3670
Floor_A,6814.2530,896.0000,3891.3670,6814.2530,846.0000,3891.3670,6814.2530,846.0000,2291.3660
Floor_A,6814.2530,896.0000,3891.3670,6814.2530,846.0000,2291.3660,6814.2530,896.0000,2291.3660
Floor_A,6814.2530,846.0000,2291.3660,6814.2530,846.0000,3891.3670,5214.2530,846.0000,3891.3670
Floor_A,6814.2530,846.0000,2291.3660,5214.2530,846.0000,3891.3670,5214.2530,846.0000,2291.3670
Floor_A,6814.2530,896.0000,3891.3670,6814.2530,896.0000,2291.3660,5214.2530,896.0000,2291.3670
Floor_A,6814.2530,896.0000,3891.3670,5214.2530,896.0000,2291.3670,5214.2530,896.0000,3891.3670
Floor_A,6917.6270,896.0000,-2389.4590,6917.6270,846.0000,-2389.4590,5317.6270,846.0000,-2389.4590
Floor_A,6917.6270,896.0000,-2389.4590,5317.6270,846.0000,-2389.4590,5317.6270,896.0000,-2389.4590
Floor_A,5317.6270,896.0000,-2389.4590,5317.6270,846.0000,-2389.4590,5317.6270,846.0000,-789.4590
Floor_A,5317.6270,896.0000,-2389.4590,5317.6270,846.0000,-789.4590,5317.6270,896.0000,-789.4590
Floor_A,5317.6270,896.0000,-789.4590,5317.6270,846.0000,-789.4590,6917.6270,846.0000,-789.4592
Floor_A,5317.6270,896.0000,-789.4590,6917.6270,846.0000,-789.4592,6917.6270,896.0000,-789.4592
Floor_A,6917.6270,896.0000,-789.4592,6917.6270,846.0000,-789.4592,6917.6270,846.0000,-2389.4590
Floor_A,6917.6270,896.0000,-789.4592,6917.6270,846.0000,-2389.4590,6917.6270,896.0000,-2389.4590
Floor_A,6917.6270,846.0000,-2389.4590,6917.6270,846.0000,-789.4592,5317.6270,846.0000,-789.4590
Floor_A,6917.6270,846.0000,-2389.4590,5317.6270,846.0000,-789.4590,5317.6270,846.0000,-2389.4590
Floor_A,6917.6270,896.0000,-789.4592,6917.6270,896.0000,-2389.4590,5317.6270,896.0000,-2389.4590
Floor_A,6917.6270,896.0000,-789.4592,5317.6270,896.0000,-2389.4590,5317.6270,896.0000,-789.4590
Floor_A,6950.0000,896.0000,-3855.0000,6950.0000,846.0000,-3855.0000,5350.0000,846.0000,-3855.0000
Floor_A,6950.0000,896.0000,-3855.0000,5350.0000,846.0000,-3855.0000,5350.0000,896.0000,-3855.0000
Floor_A,5350.0000,896.0000,-3855.0000,5350.0000,846.0000,-3855.0000,5350.0000,846.0000,-2255.0000
Floor_A,5350.0000,896.0000,-3855.0000,5350.0000,846.0000,-2255.0000,5350.0000,896.0000,-2255.0000
Floor_A,5350.0000,896.0000,-2255.0000,5350.0000,846.0000,-2255.0000,6950.0000,846.0000,-2255.0000
Floor_A,5350.0000,896.0000,-2255.0000,6950.0000,846.0000,-2255.0000,6950.0000,896.0000,-2255.0000
Floor_A,6950.0000,896.0000,-2255.0000,6950.0000,846.0000,-2255.0000,6950.0000,846.0000,-3855.0000
Floor_A,6950.0000,896.0000,-2255.0000,6950.0000,846.0000,-3855.0000,6950.0000,896.0000,-3855.0000
Floor_A,6950.0000,846.0000,-3855.0000,6950.0000,846.0000,-2255.0000,5350.0000,846.0000,-2255.0000
Floor_A,6950.0000,846.0000,-3855.0000,5350.0000,846.0000,-2255.0000,5350.0000,846.0000,-3855.0000
Floor_A,6950.0000,896.0000,-2255.0000,6950.0000,896.0000,-3855.0000,5350.0000,896.0000,-3855.0000
Floor_A,6950.0000,896.0000,-2255.0000,5350.0000,896.0000,-3855.0000,5350.0000,896.0000,-2255.0000
Floor_A,-3410.0000,896.0000,8193.0000,-3410.0000,846.0000,8193.0000,-5010.0000,846.0000,8193.0000
Floor_A,-3410.0000,896.0000,8193.0000,-5010.0000,846.0000,8193.0000,-5010.0000,896.0000,8193.0000
Floor_A,-5010.0000,896.0000,8193.0000,-5010.0000,846.0000,8193.0000,-5010.0000,846.0000,9793.0000
Floor_A,-5010.0000,896.0000,8193.0000,-5010.0000,846.0000,9793.0000,-5010.0000,896.0000,9793.0000
Floor_A,-5010.0000,896.0000,9793.0000,-5010.0000,846.0000,9793.0000,-3410.0000,846.0000,9793.0000
Floor_A,-5010.0000,896.0000,9793.0000,-3410.0000,846.0000,9793.0000,-3410.0000,896.0000,9793.0000
Floor_A,-3410.0000,896.0000,9793.0000,-3410.0000,846.0000,9793.0000,-3410.0000,846.0000,8193.0000
Floor_A,-3410.0000,896.0000,9793.0000,-3410.0000,846.0000,8193.0000,-3410.0000,896.0000,8193.0000
Floor_A,-3410.0000,846.0000,8193.0000,-3410.0000,846.0000,9793.0000,-5010.0000,846.0000,9793.0000
Floor_A,-3410.0000,846.0000,8193.0000,-5010.0000,846.0000,9793.0000,-5010.0000,846.0000,8193.0000
Floor_A,-3410.0000,896.0000,9793.0000,-3410.0000,896.0000,8193.0000,-5010.0000,896.0000,8193.0000
Floor_A,-3410.0000,896.0000,9793.0000,-5010.0000,896.0000,8193.0000,-5010.0000,896.0000,9793.0000
Floor_A,-3436.0000,896.0000,9354.0000,-3436.0000,846.0000,9354.0000,-5036.0000,846.0000,9354.0000
Floor_A,-3436.0000,896.0000,9354.0000,-5036.0000,846.0000,9354.0000,-5036.0000,896.0000,9354.0000
Floor_A,-5036.0000,896.0000,9354.0000,-5036.0000,846.0000,9354.0000,-5036.0000,846.0000,10954.0000
Floor_A,-5036.0000,896.0000,9354.0000,-5036.0000,846.0000,10954.0000,-5036.0000,896.0000,10954.0000
Floor_A,-5036.0000,896.0000,10954.0000,-5036.0000,846.0000,10954.0000,-3436.0000,846.0000,10954.0000
Floor_A,-5036.0000,896.0000,10954.0000,-3436.0000,846.0000,10954.0000,-3436.0000,896.0000,10954.0000
Floor_A,-3436.0000,896.0000,10954.0000,-3436.0000,846.0000,10954.0000,-3436.0000,846.0000,9354.0000
Floor_A,-3436.0000,896.0000,10954.0000,-3436.0000,846.0000,9354.0000,-3436.0000,896.0000,9354.0000
Floor_A,-3436.0000,846.0000,9354.0000,-3436.0000,846.0000,10954.0000,-5036.0000,846.0000,10954.0000
Floor_A,-3436.0000,846.0000,9354.0000,-5036.0000,846.0000,10954.0000,-5036.0000,846.0000,9354.0000
Floor_A,-3436.0000,896.0000,10954.0000,-3436.0000,896.0000,9354.0000,-5036.0000,896.0000,9354.0000
Floor_A,-3436.0000,896.0000,10954.0000,-5036.0000,896.0000,9354.0000,-5036.0000,896.0000,10954.0000
Floor_A,-3468.6780,896.0000,3620.2540,-3468.6780,846.0000,3620.2540,-5068.6780,846.0000,3620.2540
Floor_A,-3468.6780,896.0000,3620.2540,-5068.6780,846.0000,3620.2540,-5068.6780,896.0000,3620.2540
Floor_A,-5068.6780,896.0000,3620.2540,-5068.6780,846.0000,3620.2540,-5068.6780,846.0000,5220.2540
Floor_A,-5068.6780,896.0000,3620.2540,-5068.6780,846.0000,5220.2540,-5068.6780,896.0000,5220.2540
Floor_A,-5068.6780,896.0000,5220.2540,-5068.6780,846.0000,5220.2540,-3468.6780,846.0000,5220.2540
Floor_A,-5068.6780,896.0000,5220.2540,-3468.6780,846.0000,5220.2540,-3468.6780,896.0000,5220.2540
Floor_A,-3468.6780,896.0000,5220.2540,-3468.6780,846.0000,5220.2540,-3468.6780,846.0000,3620.2540
Floor_A,-3468.6780,896.0000,5220.2540,-3468.6780,846.0000,3620.2540,-3468.6780,896.0000,3620.2540
Floor_A,-3468.6780,846.0000,3620.2540,-3468.6780,846.0000,5220.2540,-5068.6780,846.0000,5220.2540
Floor_A,-3468.6780,846.0000,3620.2540,-5068.6780,846.0000,5220.2540,-5068.6780,846.0000,3620.2540
Floor_A,-3468.6780,896.0000,5220.2540,-3468.6780,896.0000,3620.2540,-5068.6780,896.0000,3620.2540
Floor_A,-3468.6780,896.0000,5220.2540,-5068.6780,896.0000,3620.2540,-5068.6780,896.0000,5220.2540
Floor_A,-3434.4250,896.0000,2071.6220,-3434.4250,846.0000,2071.6220,-5034.4250,846.0000,2071.6220
Floor_A,-3434.4250,896.0000,2071.6220,-5034.4250,846.0000,2071.6220,-5034.4250,896.0000,2071.6220
Floor_A,-5034.4250,896.0000,2071.6220,-5034.4250,846.0000,2071.6220,-5034.4250,846.0000,3671.6220
Floor_A,-5034.4250,896.0000,2071.6220,-5034.4250,846.0000,3671.6220,-5034.4250,896.0000,3671.6220
Floor_A,-5034.4250,896.0000,3671.6220,-5034.4250,846.0000,3671.6220,-3434.4250,846.0000,3671.6220
Floor_A,-5034.4250,896.0000,3671.6220,-3434.4250,846.0000,3671.6220,-3434.4250,896.0000,3671.6220
Floor_A,-3434.4250,896.0000,3671.6220,-3434.4250,846.0000,3671.6220,-3434.4250,846.0000,2071.6220
Floor_A,-3434.4250,896.0000,3671.6220,-3434.4250,846.0000,2071.6220,-3434.4250,896.0000,2071.6220
Floor_A,-3434.4250,846.0000,2071.6220,-3434.4250,846.0000,3671.6220,-5034.4250,846.0000,3671.6220
Floor_A,-3434.4250,846.0000,2071.6220,-5034.4250,846.0000,3671.6220,-5034.4250,846.0000,2071.6220
Floor_A,-3434.4250,896.0000,3671.6220,-3434.4250,896.0000,2071.6220,-5034.4250,896.0000,2071.6220
Floor_A,-3434.4250,896.0000,3671.6220,-5034.4250,896.0000,2071.6220,-5034.4250,896.0000,3671.6220
Floor_A,-3331.0520,896.0000,-2609.2040,-3331.0520,846.0000,-2609.2040,-4931.0520,846.0000,-2609.2040
Floor_A,-3331.0520,896.0000,-2609.2040,-4931.0520,846.0000,-2609.2040,-4931.0520,896.0000,-2609.2040
Floor_A,-4931.0520,896.0000,-2609.2040,-4931.0520,846.0000,-2609.2040,-4931.0520,846.0000,-1009.2040
Floor_A,-4931.0520,896.0000,-2609.2040,-4931.0520,846.0000,-1009.2040,-4931.0520,896.0000,-1009.2040
Floor_A,-4931.0520,896.0000,-1009.2040,-4931.0520,846.0000,-1009.2040,-3331.0520,846.0000,-1009.2040
Floor_A,-4931.0520,896.0000,-1009.2040,-3331.0520,846.0000,-1009.2040,-3331.0520,896.0000,-1009.2040
Floor_A,-3331.0520,896.0000,-1009.2040,-3331.0520,846.0000,-1009.2040,-3331.0520,846.0000,-2609.2040
Floor_A,-3331.0520,896.0000,-1009.2040,-3331.0520,846.0000,-2609.2040,-3331.0520,896.0000,-2609.2040
Floor_A,-3331.0520,846.0000,-2609.2040,-3331.0520,846.0000,-1009.2040,-4931.0520,846.0000,-1009.2040
Floor_A,-3331.0520,846.0000,-2609.2040,-4931.0520,846.0000,-1009.2040,-4931.0520,846.0000,-2609.2040
Floor_A,-3331.0520,896.0000,-1009.2040,-3331.0520,896.0000,-2609.2040,-4931.0520,896.0000,-2609.2040
Floor_A,-3331.0520,896.0000,-1009.2040,-4931.0520,896.0000,-2609.2040,-4931.0520,896.0000,-1009.2040
Floor_A,5441.0000,896.0000,-2240.0000,5441.0000,846.0000,-2240.0000,5441.0000,846.0000,-3840.0000
Floor_A,5441.0000,896.0000,-2240.0000,5441.0000,846.0000,-3840.0000,5441.0000,896.0000,-3840.0000
Floor_A,5441.0000,896.0000,-3840.0000,5441.0000,846.0000,-3840.0000,3841.0000,846.0000,-3840.0000
Floor_A,5441.0000,896.0000,-3840.0000,3841.0000,846.0000,-3840.0000,3841.0000,896.0000,-3840.0000
Floor_A,3841.0000,896.0000,-3840.0000,3841.0000,846.0000,-3840.0000,3841.0000,846.0000,-2240.0000
Floor_A,3841.0000,896.0000,-3840.0000,3841.0000,846.0000,-2240.0000,3841.0000,896.0000,-2240.0000
Floor_A,3841.0000,896.0000,-2240.0000,3841.0000,846.0000,-2240.0000,5441.0000,846.0000,-2240.0000
Floor_A,3841.0000,896.0000,-2240.0000,5441.0000,846.0000,-2240.0000,5441.0000,896.0000,-2240.0000
Floor_A,5441.0000,846.0000,-2240.0000,3841.0000,846.0000,-2240.0000,3841.0000,846.0000,-3840.0000
Floor_A,5441.0000,846.0000,-2240.0000,3841.0000,846.0000,-3840.0000,5441.0000,846.0000,-3840.0000
Floor_A,3841.0000,896.0000,-2240.0000,5441.0000,896.0000,-2240.0000,5441.0000,896.0000,-3840.0000
Floor_A,3841.0000,896.0000,-2240.0000,5441.0000,896.0000,-3840.0000,3841.0000,896.0000,-3840.0000
Floor_A,3892.0000,896.0000,10423.0000,3892.0000,846.0000,10423.0000,3892.0000,846.0000,8823.0000
Floor_A,3892.0000,896.0000,10423.0000,3892.0000,846.0000,8823.0000,3892.0000,896.0000,8823.0000
Floor_A,3892.0000,896.0000,8823.0000,3892.0000,846.0000,8823.0000,2292.0000,846.0000,8823.0000
Floor_A,3892.0000,896.0000,8823.0000,2292.0000,846.0000,8823.0000,2292.0000,896.0000,8823.0000
Floor_A,2292.0000,896.0000,8823.0000,2292.0000,846.0000,8823.0000,2292.0000,846.0000,10423.0000
Floor_A,2292.0000,896.0000,8823.0000,2292.0000,846.0000,10423.0000,2292.0000,896.0000,10423.0000
Floor_A,2292.0000,896.0000,10423.0000,2292.0000,846.0000,10423.0000,3892.0000,846.0000,10423.0000
Floor_A,2292.0000,896.0000,10423.0000,3892.0000,846.0000,10423.0000,3892.0000,896.0000,10423.0000
Floor_A,3892.0000,846.0000,10423.0000,2292.0000,846.0000,10423.0000,2292.0000,846.0000,8823.0000
Floor_A,3892.0000,846.0000,10423.0000,2292.0000,846.0000,8823.0000,3892.0000,846.0000,8823.0000
Floor_A,2292.0000,896.0000,10423.0000,3892.0000,896.0000,10423.0000,3892.0000,896.0000,8823.0000
Floor_A,2292.0000,896.0000,10423.0000,3892.0000,896.0000,8823.0000,2292.0000,896.0000,8823.0000
Floor_A,-2361.0000,896.0000,10423.0000,-2361.0000,846.0000,10423.0000,-2361.0000,846.0000,8823.0010
Floor_A,-2361.0000,896.0000,10423.0000,-2361.0000,846.0000,8823.0010,-2361.0000,896.0000,8823.0010
Floor_A,-2361.0000,896.0000,8823.0010,-2361.0000,846.0000,8823.0010,-3961.0000,846.0000,8823.0010
Floor_A,-2361.0000,896.0000,8823.0010,-3961.0000,846.0000,8823.0010,-3961.0000,896.0000,8823.0010
Floor_A,-3961.0000,896.0000,8823.0010,-3961.0000,846.0000,8823.0010,-3961.0000,846.0000,10423.0000
Floor_A,-3961.0000,896.0000,8823.0010,-3961.0000,846.0000,10423.0000,-3961.0000,896.0000,10423.0000
Floor_A,-3961.0000,896.0000,10423.0000,-3961.0000,846.0000,10423.0000,-2361.0000,846.0000,10423.0000
Floor_A,-3961.0000,896.0000,10423.0000,-2361.0000,846.0000,10423.0000,-2361.0000,896.0000,10423.0000
Floor_A,-2361.0000,846.0000,10423.0000,-3961.0000,846.0000,10423.0000,-3961.0000,846.0000,8823.0010
Floor_A,-2361.0000,846.0000,10423.0000,-3961.0000,846.0000,8823.0010,-2361.0000,846.0000,8823.0010
Floor_A,-3961.0000,896.0000,10423.0000,-2361.0000,896.0000,10423.0000,-2361.0000,896.0000,8823.0010
Floor_A,-3961.0000,896.0000,10423.0000,-2361.0000,896.0000,8823.0010,-3961.0000,896.0000,8823.0010
Floor_A,-789.9992,896.0000,10423.0000,-789.9992,846.0000,10423.0000,-789.9992,846.0000,8823.0000
Floor_A,-789.9992,896.0000,10423.0000,-789.9992,846.0000,8823.0000,-789.9992,896.0000,8823.0000
Floor_A,-789.9992,896.0000,8823.0000,-789.9992,846.0000,8823.0000,-2389.9990,846.0000,8823.0000
Floor_A,-789.9992,896.0000,8823.0000,-2389.9990,846.0000,8823.0000,-2389.9990,896.0000,8823.0000
Floor_A,-2389.9990,896.0000,8823.0000,-2389.9990,846.0000,8823.0000,-2389.9990,846.0000,10423.0000
Floor_A,-2389.9990,896.0000,8823.0000,-2389.9990,846.0000,10423.0000,-2389.9990,896.0000,10423.0000
Floor_A,-2389.9990,896.0000,10423.0000,-2389.9990,846.0000,10423.0000,-789.9992,846.0000,10423.0000
Floor_A,-2389.9990,896.0000,10423.0000,-789.9992,846.0000,10423.0000,-789.9992,896.0000,10423.0000
Floor_A,-789.9992,846.0000,10423.0000,-2389.9990,846.0000,10423.0000,-2389.9990,846.0000,8823.0000
Floor_A,-789.9992,846.0000,10423.0000,-2389.9990,846.0000,8823.0000,-789.9992,846.0000,8823.0000
Floor_A,-2389.9990,896.0000,10423.0000,-789.9992,896.0000,10423.0000,-789.9992,896.0000,8823.0000
Floor_A,-2389.9990,896.0000,10423.0000,-789.9992,896.0000,8823.0000,-2389.9990,896.0000,8823.0000
Floor_A,759.0012,896.0000,10423.0000,759.0012,846.0000,10423.0000,759.0012,846.0000,8823.0010
Floor_A,759.0012,896.0000,10423.0000,759.0012,846.0000,8823.0010,759.0012,896.0000,8823.0010
Floor_A,759.0012,896.0000,8823.0010,759.0012,846.0000,8823.0010,-840.9988,846.0000,8823.0010
Floor_A,759.0012,896.0000,8823.0010,-840.9988,846.0000,8823.0010,-840.9988,896.0000,8823.0010
Floor_A,-840.9988,896.0000,8823.0010,-840.9988,846.0000,8823.0010,-840.9988,846.0000,10423.0000
Floor_A,-840.9988,896.0000,8823.0010,-840.9988,846.0000,10423.0000,-840.9988,896.0000,10423.0000
Floor_A,-840.9988,896.0000,10423.0000,-840.9988,846.0000,10423.0000,759.0012,846.0000,10423.0000
Floor_A,-840.9988,896.0000,10423.0000,759.0012,846.0000,10423.0000,759.0012,896.0000,10423.0000
Floor_A,759.0012,846.0000,10423.0000,-840.9988,846.0000,10423.0000,-840.9988,846.0000,8823.0010
Floor_A,759.0012,846.0000,10423.0000,-840.9988,846.0000,8823.0010,759.0012,846.0000,8823.0010
Floor_A,-840.9988,896.0000,10423.0000,759.0012,896.0000,10423.0000,759.0012,896.0000,8823.0010
Floor_A,-840.9988,896.0000,10423.0000,759.0012,896.0000,8823.0010,-840.9988,896.0000,8823.0010
Floor_A,5441.0000,896.0000,10423.0000,5441.0000,846.0000,10423.0000,5441.0000,846.0000,8823.0010
Floor_A,5441.0000,896.0000,10423.0000,5441.0000,846.0000,8823.0010,5441.0000,896.0000,8823.0010
Floor_A,5441.0000,896.0000,8823.0010,5441.0000,846.0000,8823.0010,3841.0000,846.0000,8823.0010
Floor_A,5441.0000,896.0000,8823.0010,3841.0000,846.0000,8823.0010,3841.0000,896.0000,8823.0010
Floor_A,3841.0000,896.0000,8823.0010,3841.0000,846.0000,8823.0010,3841.0000,846.0000,10423.0000
Floor_A,3841.0000,896.0000,8823.0010,3841.0000,846.0000,10423.0000,3841.0000,896.0000,10423.0000
Floor_A,3841.0000,896.0000,10423.0000,3841.0000,846.0000,10423.0000,5441.0000,846.0000,10423.0000
Floor_A,3841.0000,896.0000,10423.0000,5441.0000,846.0000,10423.0000,5441.0000,896.0000,10423.0000
Floor_A,5441.0000,846.0000,10423.0000,3841.0000,846.0000,10423.0000,3841.0000,846.0000,8823.0010
Floor_A,5441.0000,846.0000,10423.0000,3841.0000,846.0000,8823.0010,5441.0000,846.0000,8823.0010
Floor_A,3841.0000,896.0000,10423.0000,5441.0000,896.0000,10423.0000,5441.0000,896.0000,8823.0010
Floor_A,3841.0000,896.0000,10423.0000,5441.0000,896.0000,8823.0010,3841.0000,896.0000,8823.0010
Floor_A,599.8032,506.0535,252.8747,599.8032,456.0535,252.8747,599.8032,456.0535,-1347.1250
Floor_A,599.8032,506.0535,252.8747,599.8032,456.0535,-1347.1250,599.8032,506.0535,-1347.1250
Floor_A,599.8032,506.0535,-1347.1250,599.8032,456.0535,-1347.1250,-1000.1970,456.0535,-1347.1250
Floor_A,599.8032,506.0535,-1347.1250,-1000.1970,456.0535,-1347.1250,-1000.1970,506.0535,-1347.1250
Floor_A,-1000.1970,506.0535,-1347.1250,-1000.1970,456.0535,-1347.1250,-1000.1970,456.0535,252.8747
Floor_A,-1000.1970,506.0535,-1347.1250,-1000.1970,456.0535,252.8747,-1000.1970,506.0535,252.8747
Floor_A,-1000.1970,506.0535,252.8747,-1000.1970,456.0535,252.8747,599.8032,456.0535,252.8747
Floor_A,-1000.1970,506.0535,252.8747,599.8032,456.0535,252.8747,599.8032,506.0535,252.8747
Floor_A,599.8032,456.0535,252.8747,-1000.1970,456.0535,252.8747,-1000.1970,456.0535,-1347.1250
Floor_A,599.8032,456.0535,252.8747,-1000.1970,456.0535,-1347.1250,599.8032,456.0535,-1347.1250
Floor_A,-1000.1970,506.0535,252.8747,599.8032,506.0535,252.8747,599.8032,506.0535,-1347.1250
Floor_A,-1000.1970,506.0535,252.8747,599.8032,506.0535,-1347.1250,-1000.1970,506.0535,-1347.1250
Floor_A,-872.1970,506.0535,252.8747,-872.1970,456.0535,252.8747,-872.1970,456.0535,-1347.1250
Floor_A,-872.1970,506.0535,252.8747,-872.1970,456.0535,-1347.1250,-872.1970,506.0535,-1347.1250
Floor_A,-872.1970,506.0535,-1347.1250,-872.1970,456.0535,-1347.1250,-2472.1970,456.0535,-1347.1250
Floor_A,-872.1970,506.0535,-1347.1250,-2472.1970,456.0535,-1347.1250,-2472.1970,506.0535,-1347.1250
Floor_A,-2472.1970,506.0535,-1347.1250,-2472.1970,456.0535,-1347.1250,-2472.1970,456.0535,252.8747
Floor_A,-2472.1970,506.0535,-1347.1250,-2472.1970,456.0535,252.8747,-2472.1970,506.0535,252.8747
Floor_A,-2472.1970,506.0535,252.8747,-2472.1970,456.0535,252.8747,-872.1970,456.0535,252.8747
Floor_A,-2472.1970,506.0535,252.8747,-872.1970,456.0535,252.8747,-872.1970,506.0535,252.8747
Floor_A,-872.1970,456.0535,252.8747,-2472.1970,456.0535,252.8747,-2472.1970,456.0535,-1347.1250
Floor_A,-872.1970,456.0535,252.8747,-2472.1970,456.0535,-1347.1250,-872.1970,456.0535,-1347.1250
Floor_A,-2472.1970,506.0535,252.8747,-872.1970,506.0535,252.8747,-872.1970,506.0535,-1347.1250
Floor_A,-2472.1970,506.0535,252.8747,-872.1970,506.0535,-1347.1250,-2472.1970,506.0535,-1347.1250
Floor_A,2170.8040,506.0535,252.8747,2170.8040,456.0535,252.8747,2170.8040,456.0535,-1347.1250
Floor_A,2170.8040,506.0535,252.8747,2170.8040,456.0535,-1347.1250,2170.8040,506.0535,-1347.1250
Floor_A,2170.8040,506.0535,-1347.1250,2170.8040,456.0535,-1347.1250,570.8038,456.0535,-1347.1250
Floor_A,2170.8040,506.0535,-1347.1250,570.8038,456.0535,-1347.1250,570.8038,506.0535,-1347.1250
Floor_A,570.8038,506.0535,-1347.1250,570.8038,456.0535,-1347.1250,570.8038,456.0535,252.8747
Floor_A,570.8038,506.0535,-1347.1250,570.8038,456.0535,252.8747,570.8038,506.0535,252.8747
Floor_A,570.8038,506.0535,252.8747,570.8038,456.0535,252.8747,2170.8040,456.0535,252.8747
Floor_A,570.8038,506.0535,252.8747,2170.8040,456.0535,252.8747,2170.8040,506.0535,252.8747
Floor_A,2170.8040,456.0535,252.8747,570.8038,456.0535,252.8747,570.8038,456.0535,-1347.1250
Floor_A,2170.8040,456.0535,252.8747,570.8038,456.0535,-1347.1250,2170.8040,456.0535,-1347.1250
Floor_A,570.8038,506.0535,252.8747,2170.8040,506.0535,252.8747,2170.8040,506.0535,-1347.1250
Floor_A,570.8038,506.0535,252.8747,2170.8040,506.0535,-1347.1250,570.8038,506.0535,-1347.1250
Floor_A,3719.8040,506.0535,252.8747,3719.8040,456.0535,252.8747,3719.8040,456.0535,-1347.1250
Floor_A,3719.8040,506.0535,252.8747,3719.8040,456.0535,-1347.1250,3719.8040,506.0535,-1347.1250
Floor_A,3719.8040,506.0535,-1347.1250,3719.8040,456.0535,-1347.1250,2119.8040,456.0535,-1347.1250
Floor_A,3719.8040,506.0535,-1347.1250,2119.8040,456.0535,-1347.1250,2119.8040,506.0535,-1347.1250
Floor_A,2119.8040,506.0535,-1347.1250,2119.8040,456.0535,-1347.1250,2119.8040,456.0535,252.8747
Floor_A,2119.8040,506.0535,-1347.1250,2119.8040,456.0535,252.8747,2119.8040,506.0535,252.8747
Floor_A,2119.8040,506.0535,252.8747,2119.8040,456.0535,252.8747,3719.8040,456.0535,252.8747
Floor_A,2119.8040,506.0535,252.8747,3719.8040,456.0535,252.8747,3719.8040,506.0535,252.8747
Floor_A,3719.8040,456.0535,252.8747,2119.8040,456.0535,252.8747,2119.8040,456.0535,-1347.1250
Floor_A,3719.8040,456.0535,252.8747,2119.8040,456.0535,-1347.1250,3719.8040,456.0535,-1347.1250
Floor_A,2119.8040,506.0535,252.8747,3719.8040,506.0535,252.8747,3719.8040,506.0535,-1347.1250
Floor_A,2119.8040,506.0535,252.8747,3719.8040,506.0535,-1347.1250,2119.8040,506.0535,-1347.1250
Floor_A,4779.8040,506.0535,252.8747,4779.8040,456.0535,252.8747,4779.8040,456.0535,-1347.1250
Floor_A,4779.8040,506.0535,252.8747,4779.8040,456.0535,-1347.1250,4779.8040,506.0535,-1347.1250
Floor_A,4779.8040,506.0535,-1347.1250,4779.8040,456.0535,-1347.1250,3179.8030,456.0535,-1347.1250
Floor_A,4779.8040,506.0535,-1347.1250,3179.8030,456.0535,-1347.1250,3179.8030,506.0535,-1347.1250
Floor_A,3179.8030,506.0535,-1347.1250,3179.8030,456.0535,-1347.1250,3179.8030,456.0535,252.8747
Floor_A,3179.8030,506.0535,-1347.1250,3179.8030,456.0535,252.8747,3179.8030,506.0535,252.8747
Floor_A,3179.8030,506.0535,252.8747,3179.8030,456.0535,252.8747,4779.8040,456.0535,252.8747
Floor_A,3179.8030,506.0535,252.8747,4779.8040,456.0535,252.8747,4779.8040,506.0535,252.8747
Floor_A,4779.8040,456.0535,252.8747,3179.8030,456.0535,252.8747,3179.8030,456.0535,-1347.1250
Floor_A,4779.8040,456.0535,252.8747,3179.8030,456.0535,-1347.1250,4779.8040,456.0535,-1347.1250
Floor_A,3179.8030,506.0535,252.8747,4779.8040,506.0535,252.8747,4779.8040,506.0535,-1347.1250
Floor_A,3179.8030,506.0535,252.8747,4779.8040,506.0535,-1347.1250,3179.8030,506.0535,-1347.1250
Floor_A,2170.8040,506.0535,7967.8740,2170.8040,456.0535,7967.8740,2170.8040,456.0535,6367.8740
Floor_A,2170.8040,506.0535,7967.8740,2170.8040,456.0535,6367.8740,2170.8040,506.0535,6367.8740
Floor_A,2170.8040,506.0535,6367.8740,2170.8040,456.0535,6367.8740,570.8038,456.0535,6367.8740
Floor_A,2170.8040,506.0535,6367.8740,570.8038,456.0535,6367.8740,570.8038,506.0535,6367.8740
Floor_A,570.8038,506.0535,6367.8740,570.8038,456.0535,6367.8740,570.8038,456.0535,7967.8740
Floor_A,570.8038,506.0535,6367.8740,570.8038,456.0535,7967.8740,570.8038,506.0535,7967.8740
Floor_A,570.8038,506.0535,7967.8740,570.8038,456.0535,7967.8740,2170.8040,456.0535,7967.8740
Floor_A,570.8038,506.0535,7967.8740,2170.8040,456.0535,7967.8740,2170.8040,506.0535,7967.8740
Floor_A,2170.8040,456.0535,7967.8740,570.8038,456.0535,7967.8740,570.8038,456.0535,6367.8740
Floor_A,2170.8040,456.0535,7967.8740,570.8038,456.0535,6367.8740,2170.8040,456.0535,6367.8740
Floor_A,570.8038,506.0535,7967.8740,2170.8040,506.0535,7967.8740,2170.8040,506.0535,6367.8740
Floor_A,570.8038,506.0535,7967.8740,2170.8040,506.0535,6367.8740,570.8038,506.0535,6367.8740
Floor_A,2947.8040,506.0535,4885.8740,2947.8040,456.0535,4885.8740,2947.8040,456.0535,6485.8740
Floor_A,2947.8040,506.0535,4885.8740,2947.8040,456.0535,6485.8740,2947.8040,506.0535,6485.8740
Floor_A,2947.8040,506.0535,6485.8740,2947.8040,456.0535,6485.8740,4547.8040,456.0535,6485.8740
Floor_A,2947.8040,506.0535,6485.8740,4547.8040,456.0535,6485.8740,4547.8040,506.0535,6485.8740
Floor_A,4547.8040,506.0535,6485.8740,4547.8040,456.0535,6485.8740,4547.8040,456.0535,4885.8740
Floor_A,4547.8040,506.0535,6485.8740,4547.8040,456.0535,4885.8740,4547.8040,506.0535,4885.8740
Floor_A,4547.8040,506.0535,4885.8740,4547.8040,456.0535,4885.8740,2947.8040,456.0535,4885.8740
Floor_A,4547.8040,506.0535,4885.8740,2947.8040,456.0535,4885.8740,2947.8040,506.0535,4885.8740
Floor_A,2947.8040,456.0535,4885.8740,4547.8040,456.0535,4885.8740,4547.8040,456.0535,6485.8740
Floor_A,2947.8040,456.0535,4885.8740,4547.8040,456.0535,6485.8740,2947.8040,456.0535,6485.8740
Floor_A,4547.8040,506.0535,4885.8740,2947.8040,506.0535,4885.8740,2947.8040,506.0535,6485.8740
Floor_A,4547.8040,506.0535,4885.8740,2947.8040,506.0535,6485.8740,4547.8040,506.0535,6485.8740
Floor_A,-2430.0780,506.0535,2620.5900,-2430.0780,456.0535,2620.5900,-2430.0780,456.0535,4220.5900
Floor_A,-2430.0780,506.0535,2620.5900,-2430.0780,456.0535,4220.5900,-2430.0780,506.0535,4220.5900
Floor_A,-2430.0780,506.0535,4220.5900,-2430.0780,456.0535,4220.5900,-830.0781,456.0535,4220.5900
Floor_A,-2430.0780,506.0535,4220.5900,-830.0781,456.0535,4220.5900,-830.0781,506.0535,4220.5900
Floor_A,-830.0781,506.0535,4220.5900,-830.0781,456.0535,4220.5900,-830.0781,456.0535,2620.5900
Floor_A,-830.0781,506.0535,4220.5900,-830.0781,456.0535,2620.5900,-830.0781,506.0535,2620.5900
Floor_A,-830.0781,506.0535,2620.5900,-830.0781,456.0535,2620.5900,-2430.0780,456.0535,2620.5900
Floor_A,-830.0781,506.0535,2620.5900,-2430.0780,456.0535,2620.5900,-2430.0780,506.0535,2620.5900
Floor_A,-2430.0780,456.0535,2620.5900,-830.0781,456.0535,2620.5900,-830.0781,456.0535,4220.5900
Floor_A,-2430.0780,456.0535,2620.5900,-830.0781,456.0535,4220.5900,-2430.0780,456.0535,4220.5900
Floor_A,-830.0781,506.0535,2620.5900,-2430.0780,506.0535,2620.5900,-2430.0780,506.0535,4220.5900
Floor_A,-830.0781,506.0535,2620.5900,-2430.0780,506.0535,4220.5900,-830.0781,506.0535,4220.5900
Floor_A,-2481.2910,506.0535,4168.7290,-2481.2910,456.0535,4168.7290,-2481.2910,456.0535,5768.7290
Floor_A,-2481.2910,506.0535,4168.7290,-2481.2910,456.0535,5768.7290,-2481.2910,506.0535,5768.7290
Floor_A,-2481.2910,506.0535,5768.7290,-2481.2910,456.0535,5768.7290,-881.2912,456.0535,5768.7290
Floor_A,-2481.2910,506.0535,5768.7290,-881.2912,456.0535,5768.7290,-881.2912,506.0535,5768.7290
Floor_A,-881.2912,506.0535,5768.7290,-881.2912,456.0535,5768.7290,-881.2912,456.0535,4168.7290
Floor_A,-881.2912,506.0535,5768.7290,-881.2912,456.0535,4168.7290,-881.2912,506.0535,4168.7290
Floor_A,-881.2912,506.0535,4168.7290,-881.2912,456.0535,4168.7290,-2481.2910,456.0535,4168.7290
Floor_A,-881.2912,506.0535,4168.7290,-2481.2910,456.0535,4168.7290,-2481.2910,506.0535,4168.7290
Floor_A,-2481.2910,456.0535,4168.7290,-881.2912,456.0535,4168.7290,-881.2912,456.0535,5768.7290
Floor_A,-2481.2910,456.0535,4168.7290,-881.2912,456.0535,5768.7290,-2481.2910,456.0535,5768.7290
Floor_A,-881.2912,506.0535,4168.7290,-2481.2910,506.0535,4168.7290,-2481.2910,506.0535,5768.7290
Floor_A,-881.2912,506.0535,4168.7290,-2481.2910,506.0535,5768.7290,-881.2912,506.0535,5768.7290
Floor_A,-2533.1970,506.0535,5738.8760,-2533.1970,456.0535,5738.8760,-2533.1970,456.0535,7338.8760
Floor_A,-2533.1970,506.0535,5738.8760,-2533.1970,456.0535,7338.8760,-2533.1970,506.0535,7338.8760
Floor_A,-2533.1970,506.0535,7338.8760,-2533.1970,456.0535,7338.8760,-933.1970,456.0535,7338.8760
Floor_A,-2533.1970,506.0535,7338.8760,-933.1970,456.0535,7338.8760,-933.1970,506.0535,7338.8760
Floor_A,-933.1970,506.0535,7338.8760,-933.1970,456.0535,7338.8760,-933.1970,456.0535,5738.8760
Floor_A,-933.1970,506.0535,7338.8760,-933.1970,456.0535,5738.8760,-933.1970,506.0535,5738.8760
Floor_A,-933.1970,506.0535,5738.8760,-933.1970,456.0535,5738.8760,-2533.1970,456.0535,5738.8760
Floor_A,-933.1970,506.0535,5738.8760,-2533.1970,456.0535,5738.8760,-2533.1970,506.0535,5738.8760
Floor_A,-2533.1970,456.0535,5738.8760,-933.1970,456.0535,5738.8760,-933.1970,456.0535,7338.8760
Floor_A,-2533.1970,456.0535,5738.8760,-933.1970,456.0535,7338.8760,-2533.1970,456.0535,7338.8760
Floor_A,-933.1970,506.0535,5738.8760,-2533.1970,506.0535,5738.8760,-2533.1970,506.0535,7338.8760
Floor_A,-933.1970,506.0535,5738.8760,-2533.1970,506.0535,7338.8760,-933.1970,506.0535,7338.8760
Floor_A,-2533.1970,506.0535,6640.8750,-2533.1970,456.0535,6640.8750,-2533.1970,456.0535,8240.8750
Floor_A,-2533.1970,506.0535,6640.8750,-2533.1970,456.0535,8240.8750,-2533.1970,506.0535,8240.8750
Floor_A,-2533.1970,506.0535,8240.8750,-2533.1970,456.0535,8240.8750,-933.1970,456.0535,8240.8750
Floor_A,-2533.1970,506.0535,8240.8750,-933.1970,456.0535,8240.8750,-933.1970,506.0535,8240.8750
Floor_A,-933.1970,506.0535,8240.8750,-933.1970,456.0535,8240.8750,-933.1970,456.0535,6640.8750
Floor_A,-933.1970,506.0535,8240.8750,-933.1970,456.0535,6640.8750,-933.1970,506.0535,6640.8750
Floor_A,-933.1970,506.0535,6640.8750,-933.1970,456.0535,6640.8750,-2533.1970,456.0535,6640.8750
Floor_A,-933.1970,506.0535,6640.8750,-2533.1970,456.0535,6640.8750,-2533.1970,506.0535,6640.8750
Floor_A,-2533.1970,456.0535,6640.8750,-933.1970,456.0535,6640.8750,-933.1970,456.0535,8240.8750
Floor_A,-2533.1970,456.0535,6640.8750,-933.1970,456.0535,8240.8750,-2533.1970,456.0535,8240.8750
Floor_A,-933.1970,506.0535,6640.8750,-2533.1970,506.0535,6640.8750,-2533.1970,506.0535,8240.8750
Floor_A,-933.1970,506.0535,6640.8750,-2533.1970,506.0535,8240.8750,-933.1970,506.0535,8240.8750
Floor_A,-2430.0780,506.0535,1038.8760,-2430.0780,456.0535,1038.8760,-2430.0780,456.0535,2638.8760
Floor_A,-2430.0780,506.0535,1038.8760,-2430.0780,456.0535,2638.8760,-2430.0780,506.0535,2638.8760
Floor_A,-2430.0780,506.0535,2638.8760,-2430.0780,456.0535,2638.8760,-830.0781,456.0535,2638.8760
Floor_A,-2430.0780,506.0535,2638.8760,-830.0781,456.0535,2638.8760,-830.0781,506.0535,2638.8760
Floor_A,-830.0781,506.0535,2638.8760,-830.0781,456.0535,2638.8760,-830.0781,456.0535,1038.8760
Floor_A,-830.0781,506.0535,2638.8760,-830.0781,456.0535,1038.8760,-830.0781,506.0535,1038.8760
Floor_A,-830.0781,506.0535,1038.8760,-830.0781,456.0535,1038.8760,-2430.0780,456.0535,1038.8760
Floor_A,-830.0781,506.0535,1038.8760,-2430.0780,456.0535,1038.8760,-2430.0780,506.0535,1038.8760
Floor_A,-2430.0780,456.0535,1038.8760,-830.0781,456.0535,1038.8760,-830.0781,456.0535,2638.8760
Floor_A,-2430.0780,456.0535,1038.8760,-830.0781,456.0535,2638.8760,-2430.0780,456.0535,2638.8760
Floor_A,-830.0781,506.0535,1038.8760,-2430.0780,506.0535,1038.8760,-2430.0780,506.0535,2638.8760
Floor_A,-830.0781,506.0535,1038.8760,-2430.0780,506.0535,2638.8760,-830.0781,506.0535,2638.8760
Floor_A,-2430.0780,506.0535,-514.1265,-2430.0780,456.0535,-514.1265,-2430.0780,456.0535,1085.8730
Floor_A,-2430.0780,506.0535,-514.1265,-2430.0780,456.0535,1085.8730,-2430.0780,506.0535,1085.8730
Floor_A,-2430.0780,506.0535,1085.8730,-2430.0780,456.0535,1085.8730,-830.0781,456.0535,1085.8730
Floor_A,-2430.0780,506.0535,1085.8730,-830.0781,456.0535,1085.8730,-830.0781,506.0535,1085.8730
Floor_A,-830.0781,506.0535,1085.8730,-830.0781,456.0535,1085.8730,-830.0781,456.0535,-514.1265
Floor_A,-830.0781,506.0535,1085.8730,-830.0781,456.0535,-514.1265,-830.0781,506.0535,-514.1265
Floor_A,-830.0781,506.0535,-514.1265,-830.0781,456.0535,-514.1265,-2430.0780,456.0535,-514.1265
Floor_A,-830.0781,506.0535,-514.1265,-2430.0780,456.0535,-514.1265,-2430.0780,506.0535,-514.1265
Floor_A,-2430.0780,456.0535,-514.1265,-830.0781,456.0535,-514.1265,-830.0781,456.0535,1085.8730
Floor_A,-2430.0780,456.0535,-514.1265,-830.0781,456.0535,1085.8730,-2430.0780,456.0535,1085.8730
Floor_A,-830.0781,506.0535,-514.1265,-2430.0780,506.0535,-514.1265,-2430.0780,506.0535,1085.8730
Floor_A,-830.0781,506.0535,-514.1265,-2430.0780,506.0535,1085.8730,-830.0781,506.0535,1085.8730
Floor_A,2999.7100,506.0535,3315.7260,2999.7100,456.0535,3315.7260,2999.7100,456.0535,4915.7260
Floor_A,2999.7100,506.0535,3315.7260,2999.7100,456.0535,4915.7260,2999.7100,506.0535,4915.7260
Floor_A,2999.7100,506.0535,4915.7260,2999.7100,456.0535,4915.7260,4599.7100,456.0535,4915.7260
Floor_A,2999.7100,506.0535,4915.7260,4599.7100,456.0535,4915.7260,4599.7100,506.0535,4915.7260
Floor_A,4599.7100,506.0535,4915.7260,4599.7100,456.0535,4915.7260,4599.7100,456.0535,3315.7260
Floor_A,4599.7100,506.0535,4915.7260,4599.7100,456.0535,3315.7260,4599.7100,506.0535,3315.7260
Floor_A,4599.7100,506.0535,3315.7260,4599.7100,456.0535,3315.7260,2999.7100,456.0535,3315.7260
Floor_A,4599.7100,506.0535,3315.7260,2999.7100,456.0535,3315.7260,2999.7100,506.0535,3315.7260
Floor_A,2999.7100,456.0535,3315.7260,4599.7100,456.0535,3315.7260,4599.7100,456.0535,4915.7260
Floor_A,2999.7100,456.0535,3315.7260,4599.7100,456.0535,4915.7260,2999.7100,456.0535,4915.7260
Floor_A,4599.7100,506.0535,3315.7260,2999.7100,506.0535,3315.7260,2999.7100,506.0535,4915.7260
Floor_A,4599.7100,506.0535,3315.7260,2999.7100,506.0535,4915.7260,4599.7100,506.0535,4915.7260
Floor_A,3050.9230,506.0535,1767.5870,3050.9230,456.0535,1767.5870,3050.9230,456.0535,3367.5870
Floor_A,3050.9230,506.0535,1767.5870,3050.9230,456.0535,3367.5870,3050.9230,506.0535,3367.5870
Floor_A,3050.9230,506.0535,3367.5870,3050.9230,456.0535,3367.5870,4650.9230,456.0535,3367.5870
Floor_A,3050.9230,506.0535,3367.5870,4650.9230,456.0535,3367.5870,4650.9230,506.0535,3367.5870
Floor_A,4650.9230,506.0535,3367.5870,4650.9230,456.0535,3367.5870,4650.9230,456.0535,1767.5870
Floor_A,4650.9230,506.0535,3367.5870,4650.9230,456.0535,1767.5870,4650.9230,506.0535,1767.5870
Floor_A,4650.9230,506.0535,1767.5870,4650.9230,456.0535,1767.5870,3050.9230,456.0535,1767.5870
Floor_A,4650.9230,506.0535,1767.5870,3050.9230,456.0535,1767.5870,3050.9230,506.0535,1767.5870
Floor_A,3050.9230,456.0535,1767.5870,4650.9230,456.0535,1767.5870,4650.9230,456.0535,3367.5870
Floor_A,3050.9230,456.0535,1767.5870,4650.9230,456.0535,3367.5870,3050.9230,456.0535,3367.5870
Floor_A,4650.9230,506.0535,1767.5870,3050.9230,506.0535,1767.5870,3050.9230,506.0535,3367.5870
Floor_A,4650.9230,506.0535,1767.5870,3050.9230,506.0535,3367.5870,4650.9230,506.0535,3367.5870
Floor_A,3050.9230,506.0535,185.8735,3050.9230,456.0535,185.8735,3050.9230,456.0535,1785.8730
Floor_A,3050.9230,506.0535,185.8735,3050.9230,456.0535,1785.8730,3050.9230,506.0535,1785.8730
Floor_A,3050.9230,506.0535,1785.8730,3050.9230,456.0535,1785.8730,4650.9230,456.0535,1785.8730
Floor_A,3050.9230,506.0535,1785.8730,4650.9230,456.0535,1785.8730,4650.9230,506.0535,1785.8730
Floor_A,4650.9230,506.0535,1785.8730,4650.9230,456.0535,1785.8730,4650.9230,456.0535,185.8735
Floor_A,4650.9230,506.0535,1785.8730,4650.9230,456.0535,185.8735,4650.9230,506.0535,185.8735
Floor_A,4650.9230,506.0535,185.8735,4650.9230,456.0535,185.8735,3050.9230,456.0535,185.8735
Floor_A,4650.9230,506.0535,185.8735,3050.9230,456.0535,185.8735,3050.9230,506.0535,185.8735
Floor_A,3050.9230,456.0535,185.8735,4650.9230,456.0535,185.8735,4650.9230,456.0535,1785.8730
Floor_A,3050.9230,456.0535,185.8735,4650.9230,456.0535,1785.8730,3050.9230,456.0535,1785.8730
Floor_A,4650.9230,506.0535,185.8735,3050.9230,506.0535,185.8735,3050.9230,506.0535,1785.8730
Floor_A,4650.9230,506.0535,185.8735,3050.9230,506.0535,1785.8730,4650.9230,506.0535,1785.8730
Floor_A,3719.8040,506.0535,7967.8740,3719.8040,456.0535,7967.8740,3719.8040,456.0535,6367.8740
Floor_A,3719.8040,506.0535,7967.8740,3719.8040,456.0535,6367.8740,3719.8040,506.0535,6367.8740
Floor_A,3719.8040,506.0535,6367.8740,3719.8040,456.0535,6367.8740,2119.8040,456.0535,6367.8740
Floor_A,3719.8040,506.0535,6367.8740,2119.8040,456.0535,6367.8740,2119.8040,506.0535,6367.8740
Floor_A,2119.8040,506.0535,6367.8740,2119.8040,456.0535,6367.8740,2119.8040,456.0535,7967.8740
Floor_A,2119.8040,506.0535,6367.8740,2119.8040,456.0535,7967.8740,2119.8040,506.0535,7967.8740
Floor_A,2119.8040,506.0535,7967.8740,2119.8040,456.0535,7967.8740,3719.8040,456.0535,7967.8740
Floor_A,2119.8040,506.0535,7967.8740,3719.8040,456.0535,7967.8740,3719.8040,506.0535,7967.8740
Floor_A,3719.8040,456.0535,7967.8740,2119.8040,456.0535,7967.8740,2119.8040,456.0535,6367.8740
Floor_A,3719.8040,456.0535,7967.8740,2119.8040,456.0535,6367.8740,3719.8040,456.0535,6367.8740
Floor_A,2119.8040,506.0535,7967.8740,3719.8040,506.0535,7967.8740,3719.8040,506.0535,6367.8740
Floor_A,2119.8040,506.0535,7967.8740,3719.8040,506.0535,6367.8740,2119.8040,506.0535,6367.8740
Floor_A,4825.8040,506.0535,7967.8740,4825.8040,456.0535,7967.8740,4825.8040,456.0535,6367.8740
Floor_A,4825.8040,506.0535,7967.8740,4825.8040,456.0535,6367.8740,4825.8040,506.0535,6367.8740
Floor_A,4825.8040,506.0535,6367.8740,4825.8040,456.0535,6367.8740,3225.8040,456.0535,6367.8740
Floor_A,4825.8040,506.0535,6367.8740,3225.8040,456.0535,6367.8740,3225.8040,506.0535,6367.8740
Floor_A,3225.8040,506.0535,6367.8740,3225.8040,456.0535,6367.8740,3225.8040,456.0535,7967.8740
Floor_A,3225.8040,506.0535,6367.8740,3225.8040,456.0535,7967.8740,3225.8040,506.0535,7967.8740
Floor_A,3225.8040,506.0535,7967.8740,3225.8040,456.0535,7967.8740,4825.8040,456.0535,7967.8740
Floor_A,3225.8040,506.0535,7967.8740,4825.8040,456.0535,7967.8740,4825.8040,506.0535,7967.8740
Floor_A,4825.8040,456.0535,7967.8740,3225.8040,456.0535,7967.8740,3225.8040,456.0535,6367.8740
Floor_A,4825.8040,456.0535,7967.8740,3225.8040,456.0535,6367.8740,4825.8040,456.0535,6367.8740
Floor_A,3225.8040,506.0535,7967.8740,4825.8040,506.0535,7967.8740,4825.8040,506.0535,6367.8740
Floor_A,3225.8040,506.0535,7967.8740,4825.8040,506.0535,6367.8740,3225.8040,506.0535,6367.8740
Block_Platform_Corner_1B(Mirrored),-3556.6400,504.0534,8349.8580,-3581.6400,504.0534,7949.8590,-3556.6400,504.0534,7949.8590
Block_Platform_Corner_1B(Mirrored),-3556.6400,504.0534,8349.8580,-3581.6400,504.0534,8349.8580,-3581.6400,504.0534,7949.8590
Block_Platform_Corner_1B(Mirrored),-3376.0940,504.0534,8844.3130,-3581.6400,504.0534,8349.8580,-3556.6400,504.0534,8349.8580
Block_Platform_Corner_1B(Mirrored),-3376.0940,504.0534,8844.3130,-3393.7720,504.0534,8861.9900,-3581.6400,504.0534,8349.8580
Block_Platform_Corner_1B(Mirrored),-2981.6390,504.0534,8349.8580,-3006.6400,504.0534,8349.8580,-3006.6400,504.0534,7949.8580
Block_Platform_Corner_1B(Mirrored),-2981.6390,504.0534,8349.8580,-3006.6400,504.0534,7949.8580,-2981.6400,504.0534,7949.8580
Block_Platform_Corner_1B(Mirrored),-3006.6400,504.0534,8349.8580,-3556.6400,504.0534,8349.8580,-3556.6400,504.0534,7949.8590
Block_Platform_Corner_1B(Mirrored),-3006.6400,504.0534,8349.8580,-3556.6400,504.0534,7949.8590,-3006.6400,504.0534,7949.8580
Block_Platform_Corner_1B(Mirrored),-2969.5070,504.0534,8437.7260,-2987.1850,504.0534,8455.4040,-3006.6400,504.0534,8349.8580
Block_Platform_Corner_1B(Mirrored),-2969.5070,504.0534,8437.7260,-3006.6400,504.0534,8349.8580,-2981.6390,504.0534,8349.8580
Block_Platform_Corner_1B(Mirrored),-2987.1850,504.0534,8455.4040,-3376.0940,504.0534,8844.3130,-3556.6400,504.0534,8349.8580
Block_Platform_Corner_1B(Mirrored),-2987.1850,504.0534,8455.4040,-3556.6400,504.0534,8349.8580,-3006.6400,504.0534,8349.8580
Block_Platform_Corner_1B(Mirrored),-2891.7970,904.0536,8516.2790,-2891.7970,904.0536,9066.2790,-2891.7960,504.0534,9066.2790
Block_Platform_Corner_1B(Mirrored),-2891.7970,904.0536,8516.2790,-2891.7960,504.0534,9066.2790,-2891.7970,504.0534,8516.2790
Block_Platform_Corner_1B(Mirrored),-3376.0940,904.0536,8844.3130,-3393.7720,904.0536,8861.9900,-3393.7720,504.0534,8861.9900
Block_Platform_Corner_1B(Mirrored),-3376.0940,904.0536,8844.3130,-3393.7720,504.0534,8861.9900,-3376.0940,504.0534,8844.3130
Block_Platform_Corner_1B(Mirrored),-2891.7960,504.0534,9066.2790,-2891.7960,504.0534,9091.2790,-3393.7720,504.0534,8861.9900
Block_Platform_Corner_1B(Mirrored),-2891.7960,504.0534,9066.2790,-3393.7720,504.0534,8861.9900,-3376.0940,504.0534,8844.3130
Block_Platform_Corner_1B(Mirrored),-2891.7970,504.0534,8491.2790,-2891.7970,504.0534,8516.2790,-2987.1850,504.0534,8455.4040
Block_Platform_Corner_1B(Mirrored),-2891.7970,504.0534,8491.2790,-2987.1850,504.0534,8455.4040,-2969.5070,504.0534,8437.7260
Block_Platform_Corner_1B(Mirrored),-2891.7970,504.0534,8516.2790,-2891.7960,504.0534,9066.2790,-3376.0940,504.0534,8844.3130
Block_Platform_Corner_1B(Mirrored),-2891.7970,504.0534,8516.2790,-3376.0940,504.0534,8844.3130,-2987.1850,504.0534,8455.4040
Block_Platform_Corner_1B(Mirrored),-2491.7960,904.0536,8516.2790,-2491.7960,904.0536,9066.2790,-2491.7960,504.0537,9066.2790
Block_Platform_Corner_1B(Mirrored),-2491.7960,904.0536,8516.2790,-2491.7960,504.0537,9066.2790,-2491.7960,504.0537,8516.2790
Block_Platform_Corner_1B(Mirrored),-2891.7970,904.0536,8491.2790,-2891.7970,904.0536,8516.2790,-2891.7970,504.0534,8516.2790
Block_Platform_Corner_1B(Mirrored),-2891.7970,904.0536,8491.2790,-2891.7970,504.0534,8516.2790,-2891.7970,504.0534,8491.2790
Block_Platform_Corner_1B(Mirrored),-2891.7970,504.0534,8516.2790,-2891.7970,504.0534,8491.2790,-2491.7960,504.0537,8491.2790
Block_Platform_Corner_1B(Mirrored),-2891.7970,504.0534,8516.2790,-2491.7960,504.0537,8491.2790,-2491.7960,504.0537,8516.2790
Block_Platform_Corner_1B(Mirrored),-2891.7960,504.0534,9091.2790,-2891.7960,504.0534,9066.2790,-2491.7960,504.0537,9066.2790
Block_Platform_Corner_1B(Mirrored),-2891.7960,504.0534,9091.2790,-2491.7960,504.0537,9066.2790,-2491.7960,504.0537,9091.2790
Block_Platform_Corner_1B(Mirrored),-2891.7960,504.0534,9066.2790,-2891.7970,504.0534,8516.2790,-2491.7960,504.0537,8516.2790
Block_Platform_Corner_1B(Mirrored),-2891.7960,504.0534,9066.2790,-2491.7960,504.0537,8516.2790,-2491.7960,504.0537,9066.2790
Block_Platform_Corner_1B(Mirrored),-2491.7960,904.0536,9066.2790,-2491.7960,904.0536,8516.2790,-2891.7970,904.0536,8516.2790
Block_Platform_Corner_1B(Mirrored),-2491.7960,904.0536,9066.2790,-2891.7970,904.0536,8516.2790,-2891.7970,904.0536,9066.2790
Block_Platform_Corner_1B(Mirrored),-3581.6400,904.0533,8349.8580,-3581.6400,904.0533,7949.8590,-3581.6400,504.0534,7949.8590
Block_Platform_Corner_1B(Mirrored),-3581.6400,904.0533,8349.8580,-3581.6400,504.0534,7949.8590,-3581.6400,504.0534,8349.8580
Block_Platform_Corner_1B(Mirrored),-3006.6400,904.0536,7949.8580,-2981.6400,904.0536,7949.8580,-2981.6400,504.0534,7949.8580
Block_Platform_Corner_1B(Mirrored),-3006.6400,904.0536,7949.8580,-2981.6400,504.0534,7949.8580,-3006.6400,504.0534,7949.8580
Block_Platform_Corner_1B(Mirrored),-2981.6400,904.0536,8349.8580,-2969.5080,904.0536,8437.7260,-2969.5070,504.0534,8437.7260
Block_Platform_Corner_1B(Mirrored),-2981.6400,904.0536,8349.8580,-2969.5070,504.0534,8437.7260,-2981.6390,504.0534,8349.8580
Block_Platform_Corner_1B(Mirrored),-2969.5080,904.0536,8437.7260,-2987.1850,904.0536,8455.4040,-2987.1850,504.0534,8455.4040
Block_Platform_Corner_1B(Mirrored),-2969.5080,904.0536,8437.7260,-2987.1850,504.0534,8455.4040,-2969.5070,504.0534,8437.7260
Block_Platform_Corner_1B(Mirrored),-2987.1850,904.0536,8455.4040,-3376.0940,904.0536,8844.3130,-3376.0940,504.0534,8844.3130
Block_Platform_Corner_1B(Mirrored),-2987.1850,904.0536,8455.4040,-3376.0940,504.0534,8844.3130,-2987.1850,504.0534,8455.4040
Block_Platform_Corner_1B(Mirrored),-3581.6400,904.0533,7949.8590,-3556.6400,904.0536,7949.8590,-3556.6400,504.0534,7949.8590
Block_Platform_Corner_1B(Mirrored),-3581.6400,904.0533,7949.8590,-3556.6400,504.0534,7949.8590,-3581.6400,504.0534,7949.8590
Block_Platform_Corner_1B(Mirrored),-3556.6400,904.0536,7949.8590,-3006.6400,904.0536,7949.8580,-3006.6400,504.0534,7949.8580
Block_Platform_Corner_1B(Mirrored),-3556.6400,904.0536,7949.8590,-3006.6400,504.0534,7949.8580,-3556.6400,504.0534,7949.8590
Block_Platform_Corner_1B(Mirrored),-3006.6400,904.0536,8349.8580,-3556.6400,904.0536,8349.8580,-3376.0940,904.0536,8844.3130
Block_Platform_Corner_1B(Mirrored),-3006.6400,904.0536,8349.8580,-3376.0940,904.0536,8844.3130,-2987.1850,904.0536,8455.4040
Block_Platform_Corner_1B(Mirrored),-3556.6400,904.0536,8349.8580,-3393.7720,904.0536,8861.9900,-3376.0940,904.0536,8844.3130
Block_Platform_Corner_1B(Mirrored),-3556.6400,904.0536,8349.8580,-3581.6400,904.0533,8349.8580,-3393.7720,904.0536,8861.9900
Block_Platform_Corner_1B(Mirrored),-3556.6400,904.0536,7949.8590,-3581.6400,904.0533,8349.8580,-3556.6400,904.0536,8349.8580
Block_Platform_Corner_1B(Mirrored),-3556.6400,904.0536,7949.8590,-3581.6400,904.0533,7949.8590,-3581.6400,904.0533,8349.8580
Block_Platform_Corner_1B(Mirrored),-2981.6400,904.0536,8349.8580,-3006.6400,904.0536,8349.8580,-2987.1850,904.0536,8455.4040
Block_Platform_Corner_1B(Mirrored),-2981.6400,904.0536,8349.8580,-2987.1850,904.0536,8455.4040,-2969.5080,904.0536,8437.7260
Block_Platform_Corner_1B(Mirrored),-3393.7720,904.0536,8861.9900,-3581.6400,904.0533,8349.8580,-3581.6400,504.0534,8349.8580
Block_Platform_Corner_1B(Mirrored),-3393.7720,904.0536,8861.9900,-3581.6400,504.0534,8349.8580,-3393.7720,504.0534,8861.9900
Block_Platform_Corner_1B(Mirrored),-2981.6400,904.0536,7949.8580,-2981.6400,904.0536,8349.8580,-2981.6390,504.0534,8349.8580
Block_Platform_Corner_1B(Mirrored),-2981.6400,904.0536,7949.8580,-2981.6390,504.0534,8349.8580,-2981.6400,504.0534,7949.8580
Block_Platform_Corner_1B(Mirrored),-3006.6400,904.0536,7949.8580,-3556.6400,904.0536,7949.8590,-3556.6400,904.0536,8349.8580
Block_Platform_Corner_1B(Mirrored),-3006.6400,904.0536,7949.8580,-3556.6400,904.0536,8349.8580,-3006.6400,904.0536,8349.8580
Block_Platform_Corner_1B(Mirrored),-2981.6400,904.0536,7949.8580,-3006.6400,904.0536,7949.8580,-3006.6400,904.0536,8349.8580
Block_Platform_Corner_1B(Mirrored),-2981.6400,904.0536,7949.8580,-3006.6400,904.0536,8349.8580,-2981.6400,904.0536,8349.8580
Block_Platform_Corner_1B(Mirrored),-2891.7970,904.0536,9066.2790,-2891.7970,904.0536,9091.2790,-2891.7960,504.0534,9091.2790
Block_Platform_Corner_1B(Mirrored),-2891.7970,904.0536,9066.2790,-2891.7960,504.0534,9091.2790,-2891.7960,504.0534,9066.2790
Block_Platform_Corner_1B(Mirrored),-2987.1850,904.0536,8455.4040,-3376.0940,904.0536,8844.3130,-2891.7970,904.0536,9066.2790
Block_Platform_Corner_1B(Mirrored),-2987.1850,904.0536,8455.4040,-2891.7970,904.0536,9066.2790,-2891.7970,904.0536,8516.2790
Block_Platform_Corner_1B(Mirrored),-3376.0940,904.0536,8844.3130,-3393.7720,904.0536,8861.9900,-2891.7970,904.0536,9091.2790
Block_Platform_Corner_1B(Mirrored),-3376.0940,904.0536,8844.3130,-2891.7970,904.0536,9091.2790,-2891.7970,904.0536,9066.2790
Block_Platform_Corner_1B(Mirrored),-2891.7970,904.0536,9091.2790,-3393.7720,904.0536,8861.9900,-3393.7720,504.0534,8861.9900
Block_Platform_Corner_1B(Mirrored),-2891.7970,904.0536,9091.2790,-3393.7720,504.0534,8861.9900,-2891.7960,504.0534,9091.2790
Block_Platform_Corner_1B(Mirrored),-2491.7960,904.0536,9066.2790,-2491.7960,904.0536,9091.2790,-2491.7960,504.0537,9091.2790
Block_Platform_Corner_1B(Mirrored),-2491.7960,904.0536,9066.2790,-2491.7960,504.0537,9091.2790,-2491.7960,504.0537,9066.2790
Block_Platform_Corner_1B(Mirrored),-2491.7960,904.0536,8491.2790,-2491.7960,904.0536,8516.2790,-2491.7960,504.0537,8516.2790
Block_Platform_Corner_1B(Mirrored),-2491.7960,904.0536,8491.2790,-2491.7960,504.0537,8516.2790,-2491.7960,504.0537,8491.2790
Block_Platform_Corner_1B(Mirrored),-2969.5080,904.0536,8437.7260,-2891.7970,904.0536,8491.2790,-2891.7970,504.0534,8491.2790
Block_Platform_Corner_1B(Mirrored),-2969.5080,904.0536,8437.7260,-2891.7970,504.0534,8491.2790,-2969.5070,504.0534,8437.7260
Block_Platform_Corner_1B(Mirrored),-2969.5080,904.0536,8437.7260,-2987.1850,904.0536,8455.4040,-2891.7970,904.0536,8516.2790
Block_Platform_Corner_1B(Mirrored),-2969.5080,904.0536,8437.7260,-2891.7970,904.0536,8516.2790,-2891.7970,904.0536,8491.2790
Block_Platform_Corner_1B(Mirrored),-2891.7970,904.0536,8491.2790,-2491.7960,904.0536,8491.2790,-2491.7960,504.0537,8491.2790
Block_Platform_Corner_1B(Mirrored),-2891.7970,904.0536,8491.2790,-2491.7960,504.0537,8491.2790,-2891.7970,504.0534,8491.2790
Block_Platform_Corner_1B(Mirrored),-2491.7960,904.0536,9091.2790,-2891.7970,904.0536,9091.2790,-2891.7960,504.0534,9091.2790
Block_Platform_Corner_1B(Mirrored),-2491.7960,904.0536,9091.2790,-2891.7960,504.0534,9091.2790,-2491.7960,504.0537,9091.2790
Block_Platform_Corner_1B(Mirrored),-2491.7960,904.0536,8516.2790,-2491.7960,904.0536,8491.2790,-2891.7970,904.0536,8491.2790
Block_Platform_Corner_1B(Mirrored),-2491.7960,904.0536,8516.2790,-2891.7970,904.0536,8491.2790,-2891.7970,904.0536,8516.2790
Block_Platform_Corner_1B(Mirrored),-2491.7960,904.0536,9091.2790,-2491.7960,904.0536,9066.2790,-2891.7970,904.0536,9066.2790
Block_Platform_Corner_1B(Mirrored),-2491.7960,904.0536,9091.2790,-2891.7970,904.0536,9066.2790,-2891.7970,904.0536,9091.2790
Block_Platform_1B,2713.6770,904.0001,-2486.3090,2113.6960,503.9999,-2481.6280,2113.6960,904.0001,-2481.6280
Block_Platform_1B,2713.6770,904.0001,-2486.3090,2713.6770,503.9999,-2486.3090,2113.6960,503.9999,-2481.6280
Block_Platform_1B,3313.6590,904.0001,-2490.9910,2713.6770,503.9999,-2486.3090,2713.6770,904.0001,-2486.3090
Block_Platform_1B,3313.6590,904.0001,-2490.9910,3313.6590,503.9999,-2490.9910,2713.6770,503.9999,-2486.3090
Block_Platform_1B,2118.1820,904.0001,-1906.6460,2118.1820,503.9999,-1906.6460,2118.3770,503.9999,-1881.6460
Block_Platform_1B,2118.1820,904.0001,-1906.6460,2118.3770,503.9999,-1881.6460,2118.3770,904.0001,-1881.6460
Block_Platform_1B,2713.8730,503.9999,-2461.3100,2113.8910,503.9999,-2456.6290,2113.6960,503.9999,-2481.6280
Block_Platform_1B,2713.8730,503.9999,-2461.3100,2113.6960,503.9999,-2481.6280,2713.6770,503.9999,-2486.3090
Block_Platform_1B,3313.8540,503.9999,-2465.9920,2713.8730,503.9999,-2461.3100,2713.6770,503.9999,-2486.3090
Block_Platform_1B,3313.8540,503.9999,-2465.9920,2713.6770,503.9999,-2486.3090,3313.6590,503.9999,-2490.9910
Block_Platform_1B,2113.6960,904.0001,-2481.6280,2113.6960,503.9999,-2481.6280,2113.8910,503.9999,-2456.6290
Block_Platform_1B,2113.6960,904.0001,-2481.6280,2113.8910,503.9999,-2456.6290,2113.8910,904.0001,-2456.6290
Block_Platform_1B,2113.8910,904.0001,-2456.6290,2113.8910,503.9999,-2456.6290,2118.1820,503.9999,-1906.6460
Block_Platform_1B,2113.8910,904.0001,-2456.6290,2118.1820,503.9999,-1906.6460,2118.1820,904.0001,-1906.6460
Block_Platform_1B,2718.3590,503.9999,-1886.3280,2118.3770,503.9999,-1881.6460,2118.1820,503.9999,-1906.6460
Block_Platform_1B,2718.3590,503.9999,-1886.3280,2118.1820,503.9999,-1906.6460,2718.1640,503.9999,-1911.3270
Block_Platform_1B,3318.3410,503.9999,-1891.0090,2718.3590,503.9999,-1886.3280,2718.1640,503.9999,-1911.3270
Block_Platform_1B,3318.3410,503.9999,-1891.0090,2718.1640,503.9999,-1911.3270,3318.1460,503.9999,-1916.0080
Block_Platform_1B,2718.1640,503.9999,-1911.3270,2118.1820,503.9999,-1906.6460,2113.8910,503.9999,-2456.6290
Block_Platform_1B,2718.1640,503.9999,-1911.3270,2113.8910,503.9999,-2456.6290,2713.8730,503.9999,-2461.3100
Block_Platform_1B,3318.1460,503.9999,-1916.0080,2718.1640,503.9999,-1911.3270,2713.8730,503.9999,-2461.3100
Block_Platform_1B,3318.1460,503.9999,-1916.0080,2713.8730,503.9999,-2461.3100,3313.8540,503.9999,-2465.9920
Block_Platform_1B,2718.3590,904.0001,-1886.3280,3318.3410,904.0001,-1891.0090,3318.1460,904.0001,-1916.0080
Block_Platform_1B,2718.3590,904.0001,-1886.3280,3318.1460,904.0001,-1916.0080,2718.1640,904.0001,-1911.3270
Block_Platform_1B,2118.3770,904.0001,-1881.6460,2718.3590,904.0001,-1886.3280,2718.1640,904.0001,-1911.3270
Block_Platform_1B,2118.3770,904.0001,-1881.6460,2718.1640,904.0001,-1911.3270,2118.1820,904.0001,-1906.6460
Block_Platform_1B,2718.1640,904.0001,-1911.3270,3318.1460,904.0001,-1916.0080,3313.8540,904.0001,-2465.9920
Block_Platform_1B,2718.1640,904.0001,-1911.3270,3313.8540,904.0001,-2465.9920,2713.8730,904.0001,-2461.3100
Block_Platform_1B,2118.1820,904.0001,-1906.6460,2718.1640,904.0001,-1911.3270,2713.8730,904.0001,-2461.3100
Block_Platform_1B,2118.1820,904.0001,-1906.6460,2713.8730,904.0001,-2461.3100,2113.8910,904.0001,-2456.6290
Block_Platform_1B,2118.3770,904.0001,-1881.6460,2118.3770,503.9999,-1881.6460,2718.3590,503.9999,-1886.3280
Block_Platform_1B,2118.3770,904.0001,-1881.6460,2718.3590,503.9999,-1886.3280,2718.3590,904.0001,-1886.3280
Block_Platform_1B,2718.3590,904.0001,-1886.3280,2718.3590,503.9999,-1886.3280,3318.3410,503.9999,-1891.0090
Block_Platform_1B,2718.3590,904.0001,-1886.3280,3318.3410,503.9999,-1891.0090,3318.3410,904.0001,-1891.0090
Block_Platform_1B,2113.8910,904.0001,-2456.6290,2713.6770,904.0001,-2486.3090,2113.6960,904.0001,-2481.6280
Block_Platform_1B,2113.8910,904.0001,-2456.6290,2713.8730,904.0001,-2461.3100,2713.6770,904.0001,-2486.3090
Block_Platform_1B,2713.8730,904.0001,-2461.3100,3313.6590,904.0001,-2490.9910,2713.6770,904.0001,-2486.3090
Block_Platform_1B,2713.8730,904.0001,-2461.3100,3313.8540,904.0001,-2465.9920,3313.6590,904.0001,-2490.9910
Block_Platform_1B,4513.8170,904.0001,-2475.3540,4513.8170,503.9999,-2475.3540,4513.6230,503.9999,-2500.3540
Block_Platform_1B,4513.8170,904.0001,-2475.3540,4513.6230,503.9999,-2500.3540,4513.6230,904.0001,-2500.3540
Block_Platform_1B,3918.3220,904.0001,-1895.6910,4518.3040,503.9999,-1900.3720,4518.3040,904.0001,-1900.3720
Block_Platform_1B,3918.3220,904.0001,-1895.6910,3918.3220,503.9999,-1895.6910,4518.3040,503.9999,-1900.3720
Block_Platform_1B,3318.3410,904.0001,-1891.0090,3918.3220,503.9999,-1895.6910,3918.3220,904.0001,-1895.6910
Block_Platform_1B,3318.3410,904.0001,-1891.0090,3318.3410,503.9999,-1891.0090,3918.3220,503.9999,-1895.6910
Block_Platform_1B,3913.8360,904.0001,-2470.6730,4513.8170,904.0001,-2475.3540,4513.6230,904.0001,-2500.3540
Block_Platform_1B,3913.8360,904.0001,-2470.6730,4513.6230,904.0001,-2500.3540,3913.6410,904.0001,-2495.6720
Block_Platform_1B,3313.8540,904.0001,-2465.9920,3913.8360,904.0001,-2470.6730,3913.6410,904.0001,-2495.6720
Block_Platform_1B,3313.8540,904.0001,-2465.9920,3913.6410,904.0001,-2495.6720,3313.6590,904.0001,-2490.9910
Block_Platform_1B,4518.3040,904.0001,-1900.3720,4518.3040,503.9999,-1900.3720,4518.1090,503.9999,-1925.3710
Block_Platform_1B,4518.3040,904.0001,-1900.3720,4518.1090,503.9999,-1925.3710,4518.1090,904.0001,-1925.3710
Block_Platform_1B,4518.1090,904.0001,-1925.3710,4518.1090,503.9999,-1925.3710,4513.8170,503.9999,-2475.3540
Block_Platform_1B,4518.1090,904.0001,-1925.3710,4513.8170,503.9999,-2475.3540,4513.8170,904.0001,-2475.3540
Block_Platform_1B,3918.3220,904.0001,-1895.6910,4518.3040,904.0001,-1900.3720,4518.1090,904.0001,-1925.3710
Block_Platform_1B,3918.3220,904.0001,-1895.6910,4518.1090,904.0001,-1925.3710,3918.1270,904.0001,-1920.6900
Block_Platform_1B,3318.3410,904.0001,-1891.0090,3918.3220,904.0001,-1895.6910,3918.1270,904.0001,-1920.6900
Block_Platform_1B,3318.3410,904.0001,-1891.0090,3918.1270,904.0001,-1920.6900,3318.1460,904.0001,-1916.0080
Block_Platform_1B,3918.1270,904.0001,-1920.6900,4518.1090,904.0001,-1925.3710,4513.8170,904.0001,-2475.3540
Block_Platform_1B,3918.1270,904.0001,-1920.6900,4513.8170,904.0001,-2475.3540,3913.8360,904.0001,-2470.6730
Block_Platform_1B,3318.1460,904.0001,-1916.0080,3918.1270,904.0001,-1920.6900,3913.8360,904.0001,-2470.6730
Block_Platform_1B,3318.1460,904.0001,-1916.0080,3913.8360,904.0001,-2470.6730,3313.8540,904.0001,-2465.9920
Block_Platform_1B,4513.6230,904.0001,-2500.3540,4513.6230,503.9999,-2500.3540,3913.6410,503.9999,-2495.6720
Block_Platform_1B,4513.6230,904.0001,-2500.3540,3913.6410,503.9999,-2495.6720,3913.6410,904.0001,-2495.6720
Block_Platform_1B,3913.6410,904.0001,-2495.6720,3913.6410,503.9999,-2495.6720,3313.6590,503.9999,-2490.9910
Block_Platform_1B,3913.6410,904.0001,-2495.6720,3313.6590,503.9999,-2490.9910,3313.6590,904.0001,-2490.9910
Block_Platform_1B,4513.8170,503.9999,-2475.3540,3913.6410,503.9999,-2495.6720,4513.6230,503.9999,-2500.3540
Block_Platform_1B,4513.8170,503.9999,-2475.3540,3913.8360,503.9999,-2470.6730,3913.6410,503.9999,-2495.6720
Block_Platform_1B,3913.8360,503.9999,-2470.6730,3313.6590,503.9999,-2490.9910,3913.6410,503.9999,-2495.6720
Block_Platform_1B,3913.8360,503.9999,-2470.6730,3313.8540,503.9999,-2465.9920,3313.6590,503.9999,-2490.9910
Block_Platform_1B,4518.3040,503.9999,-1900.3720,3918.1270,503.9999,-1920.6900,4518.1090,503.9999,-1925.3710
Block_Platform_1B,4518.3040,503.9999,-1900.3720,3918.3220,503.9999,-1895.6910,3918.1270,503.9999,-1920.6900
Block_Platform_1B,3918.3220,503.9999,-1895.6910,3318.1460,503.9999,-1916.0080,3918.1270,503.9999,-1920.6900
Block_Platform_1B,3918.3220,503.9999,-1895.6910,3318.3410,503.9999,-1891.0090,3318.1460,503.9999,-1916.0080
Block_Platform_1B,4518.1090,503.9999,-1925.3710,3913.8360,503.9999,-2470.6730,4513.8170,503.9999,-2475.3540
Block_Platform_1B,4518.1090,503.9999,-1925.3710,3918.1270,503.9999,-1920.6900,3913.8360,503.9999,-2470.6730
Block_Platform_1B,3918.1270,503.9999,-1920.6900,3313.8540,503.9999,-2465.9920,3913.8360,503.9999,-2470.6730
Block_Platform_1B,3918.1270,503.9999,-1920.6900,3318.1460,503.9999,-1916.0080,3313.8540,503.9999,-2465.9920
Block_Platform_1B,3313.8540,904.0001,-2465.9920,3313.8540,503.9999,-2465.9920,3313.6590,503.9999,-2490.9910
Block_Platform_1B,3313.8540,904.0001,-2465.9920,3313.6590,503.9999,-2490.9910,3313.6590,904.0001,-2490.9910
Block_Platform_1B,3318.3410,904.0001,-1891.0090,3318.3410,503.9999,-1891.0090,3318.1460,503.9999,-1916.0080
Block_Platform_1B,3318.3410,904.0001,-1891.0090,3318.1460,503.9999,-1916.0080,3318.1460,904.0001,-1916.0080
Block_Platform_1B,3318.1460,904.0001,-1916.0080,3318.1460,503.9999,-1916.0080,3313.8540,503.9999,-2465.9920
Block_Platform_1B,3318.1460,904.0001,-1916.0080,3313.8540,503.9999,-2465.9920,3313.8540,904.0001,-2465.9920
Block_Platform_1B,416.7404,904.0001,-2468.4270,-183.2414,503.9999,-2463.7450,-183.2414,904.0001,-2463.7450
Block_Platform_1B,416.7404,904.0001,-2468.4270,416.7404,503.9999,-2468.4270,-183.2414,503.9999,-2463.7450
Block_Platform_1B,1016.7220,904.0001,-2473.1080,416.7404,503.9999,-2468.4270,416.7404,904.0001,-2468.4270
Block_Platform_1B,1016.7220,904.0001,-2473.1080,1016.7220,503.9999,-2473.1080,416.7404,503.9999,-2468.4270
Block_Platform_1B,-178.7550,904.0001,-1888.7630,-178.7550,503.9999,-1888.7630,-178.5600,503.9999,-1863.7630
Block_Platform_1B,-178.7550,904.0001,-1888.7630,-178.5600,503.9999,-1863.7630,-178.5600,904.0001,-1863.7630
Block_Platform_1B,416.9354,503.9999,-2443.4270,-183.0463,503.9999,-2438.7460,-183.2414,503.9999,-2463.7450
Block_Platform_1B,416.9354,503.9999,-2443.4270,-183.2414,503.9999,-2463.7450,416.7404,503.9999,-2468.4270
Block_Platform_1B,1016.9170,503.9999,-2448.1090,416.9354,503.9999,-2443.4270,416.7404,503.9999,-2468.4270
Block_Platform_1B,1016.9170,503.9999,-2448.1090,416.7404,503.9999,-2468.4270,1016.7220,503.9999,-2473.1080
Block_Platform_1B,-183.2414,904.0001,-2463.7450,-183.2414,503.9999,-2463.7450,-183.0463,503.9999,-2438.7460
Block_Platform_1B,-183.2414,904.0001,-2463.7450,-183.0463,503.9999,-2438.7460,-183.0463,904.0001,-2438.7460
Block_Platform_1B,-183.0463,904.0001,-2438.7460,-183.0463,503.9999,-2438.7460,-178.7550,503.9999,-1888.7630
Block_Platform_1B,-183.0463,904.0001,-2438.7460,-178.7550,503.9999,-1888.7630,-178.7550,904.0001,-1888.7630
Block_Platform_1B,421.4218,503.9999,-1868.4450,-178.5600,503.9999,-1863.7630,-178.7550,503.9999,-1888.7630
Block_Platform_1B,421.4218,503.9999,-1868.4450,-178.7550,503.9999,-1888.7630,421.2267,503.9999,-1893.4440
Block_Platform_1B,1021.4040,503.9999,-1873.1260,421.4218,503.9999,-1868.4450,421.2267,503.9999,-1893.4440
Block_Platform_1B,1021.4040,503.9999,-1873.1260,421.2267,503.9999,-1893.4440,1021.2080,503.9999,-1898.1250
Block_Platform_1B,421.2267,503.9999,-1893.4440,-178.7550,503.9999,-1888.7630,-183.0463,503.9999,-2438.7460
Block_Platform_1B,421.2267,503.9999,-1893.4440,-183.0463,503.9999,-2438.7460,416.9354,503.9999,-2443.4270
Block_Platform_1B,1021.2080,503.9999,-1898.1250,421.2267,503.9999,-1893.4440,416.9354,503.9999,-2443.4270
Block_Platform_1B,1021.2080,503.9999,-1898.1250,416.9354,503.9999,-2443.4270,1016.9170,503.9999,-2448.1090
Block_Platform_1B,421.4218,904.0001,-1868.4450,1021.4040,904.0001,-1873.1260,1021.2080,904.0001,-1898.1250
Block_Platform_1B,421.4218,904.0001,-1868.4450,1021.2080,904.0001,-1898.1250,421.2267,904.0001,-1893.4440
Block_Platform_1B,-178.5600,904.0001,-1863.7630,421.4218,904.0001,-1868.4450,421.2267,904.0001,-1893.4440
Block_Platform_1B,-178.5600,904.0001,-1863.7630,421.2267,904.0001,-1893.4440,-178.7550,904.0001,-1888.7630
Block_Platform_1B,421.2267,904.0001,-1893.4440,1021.2080,904.0001,-1898.1250,1016.9170,904.0001,-2448.1090
Block_Platform_1B,421.2267,904.0001,-1893.4440,1016.9170,904.0001,-2448.1090,416.9354,904.0001,-2443.4270
Block_Platform_1B,-178.7550,904.0001,-1888.7630,421.2267,904.0001,-1893.4440,416.9354,904.0001,-2443.4270
Block_Platform_1B,-178.7550,904.0001,-1888.7630,416.9354,904.0001,-2443.4270,-183.0463,904.0001,-2438.7460
Block_Platform_1B,-178.5600,904.0001,-1863.7630,-178.5600,503.9999,-1863.7630,421.4218,503.9999,-1868.4450
Block_Platform_1B,-178.5600,904.0001,-1863.7630,421.4218,503.9999,-1868.4450,421.4218,904.0001,-1868.4450
Block_Platform_1B,421.4218,904.0001,-1868.4450,421.4218,503.9999,-1868.4450,1021.4040,503.9999,-1873.1260
Block_Platform_1B,421.4218,904.0001,-1868.4450,1021.4040,503.9999,-1873.1260,1021.4040,904.0001,-1873.1260
Block_Platform_1B,-183.0463,904.0001,-2438.7460,416.7404,904.0001,-2468.4270,-183.2414,904.0001,-2463.7450
Block_Platform_1B,-183.0463,904.0001,-2438.7460,416.9354,904.0001,-2443.4270,416.7404,904.0001,-2468.4270
Block_Platform_1B,416.9354,904.0001,-2443.4270,1016.7220,904.0001,-2473.1080,416.7404,904.0001,-2468.4270
Block_Platform_1B,416.9354,904.0001,-2443.4270,1016.9170,904.0001,-2448.1090,1016.7220,904.0001,-2473.1080
Block_Platform_1B,2216.8810,904.0001,-2457.4710,2216.8810,503.9999,-2457.4710,2216.6860,503.9999,-2482.4710
Block_Platform_1B,2216.8810,904.0001,-2457.4710,2216.6860,503.9999,-2482.4710,2216.6860,904.0001,-2482.4710
Block_Platform_1B,1621.3850,904.0001,-1877.8080,2221.3670,503.9999,-1882.4890,2221.3670,904.0001,-1882.4890
Block_Platform_1B,1621.3850,904.0001,-1877.8080,1621.3850,503.9999,-1877.8080,2221.3670,503.9999,-1882.4890
Block_Platform_1B,1021.4040,904.0001,-1873.1260,1621.3850,503.9999,-1877.8080,1621.3850,904.0001,-1877.8080
Block_Platform_1B,1021.4040,904.0001,-1873.1260,1021.4040,503.9999,-1873.1260,1621.3850,503.9999,-1877.8080
Block_Platform_1B,1616.8990,904.0001,-2452.7900,2216.8810,904.0001,-2457.4710,2216.6860,904.0001,-2482.4710
Block_Platform_1B,1616.8990,904.0001,-2452.7900,2216.6860,904.0001,-2482.4710,1616.7040,904.0001,-2477.7890
Block_Platform_1B,1016.9170,904.0001,-2448.1090,1616.8990,904.0001,-2452.7900,1616.7040,904.0001,-2477.7890
Block_Platform_1B,1016.9170,904.0001,-2448.1090,1616.7040,904.0001,-2477.7890,1016.7220,904.0001,-2473.1080
Block_Platform_1B,2221.3670,904.0001,-1882.4890,2221.3670,503.9999,-1882.4890,2221.1720,503.9999,-1907.4880
Block_Platform_1B,2221.3670,904.0001,-1882.4890,2221.1720,503.9999,-1907.4880,2221.1720,904.0001,-1907.4880
Block_Platform_1B,2221.1720,904.0001,-1907.4880,2221.1720,503.9999,-1907.4880,2216.8810,503.9999,-2457.4710
Block_Platform_1B,2221.1720,904.0001,-1907.4880,2216.8810,503.9999,-2457.4710,2216.8810,904.0001,-2457.4710
Block_Platform_1B,1621.3850,904.0001,-1877.8080,2221.3670,904.0001,-1882.4890,2221.1720,904.0001,-1907.4880
Block_Platform_1B,1621.3850,904.0001,-1877.8080,2221.1720,904.0001,-1907.4880,1621.1900,904.0001,-1902.8070
Block_Platform_1B,1021.4040,904.0001,-1873.1260,1621.3850,904.0001,-1877.8080,1621.1900,904.0001,-1902.8070
Block_Platform_1B,1021.4040,904.0001,-1873.1260,1621.1900,904.0001,-1902.8070,1021.2080,904.0001,-1898.1250
Block_Platform_1B,1621.1900,904.0001,-1902.8070,2221.1720,904.0001,-1907.4880,2216.8810,904.0001,-2457.4710
Block_Platform_1B,1621.1900,904.0001,-1902.8070,2216.8810,904.0001,-2457.4710,1616.8990,904.0001,-2452.7900
Block_Platform_1B,1021.2080,904.0001,-1898.1250,1621.1900,904.0001,-1902.8070,1616.8990,904.0001,-2452.7900
Block_Platform_1B,1021.2080,904.0001,-1898.1250,1616.8990,904.0001,-2452.7900,1016.9170,904.0001,-2448.1090
Block_Platform_1B,2216.6860,904.0001,-2482.4710,2216.6860,503.9999,-2482.4710,1616.7040,503.9999,-2477.7890
Block_Platform_1B,2216.6860,904.0001,-2482.4710,1616.7040,503.9999,-2477.7890,1616.7040,904.0001,-2477.7890
Block_Platform_1B,1616.7040,904.0001,-2477.7890,1616.7040,503.9999,-2477.7890,1016.7220,503.9999,-2473.1080
Block_Platform_1B,1616.7040,904.0001,-2477.7890,1016.7220,503.9999,-2473.1080,1016.7220,904.0001,-2473.1080
Block_Platform_1B,2216.8810,503.9999,-2457.4710,1616.7040,503.9999,-2477.7890,2216.6860,503.9999,-2482.4710
Block_Platform_1B,2216.8810,503.9999,-2457.4710,1616.8990,503.9999,-2452.7900,1616.7040,503.9999,-2477.7890
Block_Platform_1B,1616.8990,503.9999,-2452.7900,1016.7220,503.9999,-2473.1080,1616.7040,503.9999,-2477.7890
Block_Platform_1B,1616.8990,503.9999,-2452.7900,1016.9170,503.9999,-2448.1090,1016.7220,503.9999,-2473.1080
Block_Platform_1B,2221.3670,503.9999,-1882.4890,1621.1900,503.9999,-1902.8070,2221.1720,503.9999,-1907.4880
Block_Platform_1B,2221.3670,503.9999,-1882.4890,1621.3850,503.9999,-1877.8080,1621.1900,503.9999,-1902.8070
Block_Platform_1B,1621.3850,503.9999,-1877.8080,1021.2080,503.9999,-1898.1250,1621.1900,503.9999,-1902.8070
Block_Platform_1B,1621.3850,503.9999,-1877.8080,1021.4040,503.9999,-1873.1260,1021.2080,503.9999,-1898.1250
Block_Platform_1B,2221.1720,503.9999,-1907.4880,1616.8990,503.9999,-2452.7900,2216.8810,503.9999,-2457.4710
Block_Platform_1B,2221.1720,503.9999,-1907.4880,1621.1900,503.9999,-1902.8070,1616.8990,503.9999,-2452.7900
Block_Platform_1B,1621.1900,503.9999,-1902.8070,1016.9170,503.9999,-2448.1090,1616.8990,503.9999,-2452.7900
Block_Platform_1B,1621.1900,503.9999,-1902.8070,1021.2080,503.9999,-1898.1250,1016.9170,503.9999,-2448.1090
Block_Platform_1B,1016.9170,904.0001,-2448.1090,1016.9170,503.9999,-2448.1090,1016.7220,503.9999,-2473.1080
Block_Platform_1B,1016.9170,904.0001,-2448.1090,1016.7220,503.9999,-2473.1080,1016.7220,904.0001,-2473.1080
Block_Platform_1B,1021.4040,904.0001,-1873.1260,1021.4040,503.9999,-1873.1260,1021.2080,503.9999,-1898.1250
Block_Platform_1B,1021.4040,904.0001,-1873.1260,1021.2080,503.9999,-1898.1250,1021.2080,904.0001,-1898.1250
Block_Platform_1B,1021.2080,904.0001,-1898.1250,1021.2080,503.9999,-1898.1250,1016.9170,503.9999,-2448.1090
Block_Platform_1B,1021.2080,904.0001,-1898.1250,1016.9170,503.9999,-2448.1090,1016.9170,904.0001,-2448.1090
Block_Platform_1B,-1964.2230,904.0001,-2449.8440,-2564.2040,503.9999,-2445.1630,-2564.2040,904.0001,-2445.1630
Block_Platform_1B,-1964.2230,904.0001,-2449.8440,-1964.2230,503.9999,-2449.8440,-2564.2040,503.9999,-2445.1630
Block_Platform_1B,-1364.2410,904.0001,-2454.5260,-1964.2230,503.9999,-2449.8440,-1964.2230,904.0001,-2449.8440
Block_Platform_1B,-1364.2410,904.0001,-2454.5260,-1364.2410,503.9999,-2454.5260,-1964.2230,503.9999,-2449.8440
Block_Platform_1B,-2559.7180,904.0001,-1870.1810,-2559.7180,503.9999,-1870.1810,-2559.5230,503.9999,-1845.1810
Block_Platform_1B,-2559.7180,904.0001,-1870.1810,-2559.5230,503.9999,-1845.1810,-2559.5230,904.0001,-1845.1810
Block_Platform_1B,-1964.0280,503.9999,-2424.8450,-2564.0100,503.9999,-2420.1640,-2564.2040,503.9999,-2445.1630
Block_Platform_1B,-1964.0280,503.9999,-2424.8450,-2564.2040,503.9999,-2445.1630,-1964.2230,503.9999,-2449.8440
Block_Platform_1B,-1364.0460,503.9999,-2429.5270,-1964.0280,503.9999,-2424.8450,-1964.2230,503.9999,-2449.8440
Block_Platform_1B,-1364.0460,503.9999,-2429.5270,-1964.2230,503.9999,-2449.8440,-1364.2410,503.9999,-2454.5260
Block_Platform_1B,-2564.2040,904.0001,-2445.1630,-2564.2040,503.9999,-2445.1630,-2564.0100,503.9999,-2420.1640
Block_Platform_1B,-2564.2040,904.0001,-2445.1630,-2564.0100,503.9999,-2420.1640,-2564.0100,904.0001,-2420.1640
Block_Platform_1B,-2564.0100,904.0001,-2420.1640,-2564.0100,503.9999,-2420.1640,-2559.7180,503.9999,-1870.1810
Block_Platform_1B,-2564.0100,904.0001,-2420.1640,-2559.7180,503.9999,-1870.1810,-2559.7180,904.0001,-1870.1810
Block_Platform_1B,-1959.5410,503.9999,-1849.8630,-2559.5230,503.9999,-1845.1810,-2559.7180,503.9999,-1870.1810
Block_Platform_1B,-1959.5410,503.9999,-1849.8630,-2559.7180,503.9999,-1870.1810,-1959.7360,503.9999,-1874.8620
Block_Platform_1B,-1359.5600,503.9999,-1854.5440,-1959.5410,503.9999,-1849.8630,-1959.7360,503.9999,-1874.8620
Block_Platform_1B,-1359.5600,503.9999,-1854.5440,-1959.7360,503.9999,-1874.8620,-1359.7550,503.9999,-1879.5430
Block_Platform_1B,-1959.7360,503.9999,-1874.8620,-2559.7180,503.9999,-1870.1810,-2564.0100,503.9999,-2420.1640
Block_Platform_1B,-1959.7360,503.9999,-1874.8620,-2564.0100,503.9999,-2420.1640,-1964.0280,503.9999,-2424.8450
Block_Platform_1B,-1359.7550,503.9999,-1879.5430,-1959.7360,503.9999,-1874.8620,-1964.0280,503.9999,-2424.8450
Block_Platform_1B,-1359.7550,503.9999,-1879.5430,-1964.0280,503.9999,-2424.8450,-1364.0460,503.9999,-2429.5270
Block_Platform_1B,-1959.5410,904.0001,-1849.8630,-1359.5600,904.0001,-1854.5440,-1359.7550,904.0001,-1879.5430
Block_Platform_1B,-1959.5410,904.0001,-1849.8630,-1359.7550,904.0001,-1879.5430,-1959.7360,904.0001,-1874.8620
Block_Platform_1B,-2559.5230,904.0001,-1845.1810,-1959.5410,904.0001,-1849.8630,-1959.7360,904.0001,-1874.8620
Block_Platform_1B,-2559.5230,904.0001,-1845.1810,-1959.7360,904.0001,-1874.8620,-2559.7180,904.0001,-1870.1810
Block_Platform_1B,-1959.7360,904.0001,-1874.8620,-1359.7550,904.0001,-1879.5430,-1364.0460,904.0001,-2429.5270
Block_Platform_1B,-1959.7360,904.0001,-1874.8620,-1364.0460,904.0001,-2429.5270,-1964.0280,904.0001,-2424.8450
Block_Platform_1B,-2559.7180,904.0001,-1870.1810,-1959.7360,904.0001,-1874.8620,-1964.0280,904.0001,-2424.8450
Block_Platform_1B,-2559.7180,904.0001,-1870.1810,-1964.0280,904.0001,-2424.8450,-2564.0100,904.0001,-2420.1640
Block_Platform_1B,-2559.5230,904.0001,-1845.1810,-2559.5230,503.9999,-1845.1810,-1959.5410,503.9999,-1849.8630
Block_Platform_1B,-2559.5230,904.0001,-1845.1810,-1959.5410,503.9999,-1849.8630,-1959.5410,904.0001,-1849.8630
Block_Platform_1B,-1959.5410,904.0001,-1849.8630,-1959.5410,503.9999,-1849.8630,-1359.5600,503.9999,-1854.5440
Block_Platform_1B,-1959.5410,904.0001,-1849.8630,-1359.5600,503.9999,-1854.5440,-1359.5600,904.0001,-1854.5440
Block_Platform_1B,-2564.0100,904.0001,-2420.1640,-1964.2230,904.0001,-2449.8440,-2564.2040,904.0001,-2445.1630
Block_Platform_1B,-2564.0100,904.0001,-2420.1640,-1964.0280,904.0001,-2424.8450,-1964.2230,904.0001,-2449.8440
Block_Platform_1B,-1964.0280,904.0001,-2424.8450,-1364.2410,904.0001,-2454.5260,-1964.2230,904.0001,-2449.8440
Block_Platform_1B,-1964.0280,904.0001,-2424.8450,-1364.0460,904.0001,-2429.5270,-1364.2410,904.0001,-2454.5260
Block_Platform_1B,-164.0825,904.0001,-2438.8890,-164.0825,503.9999,-2438.8890,-164.2776,503.9999,-2463.8890
Block_Platform_1B,-164.0825,904.0001,-2438.8890,-164.2776,503.9999,-2463.8890,-164.2776,904.0001,-2463.8890
Block_Platform_1B,-759.5779,904.0001,-1859.2250,-159.5962,503.9999,-1863.9070,-159.5962,904.0001,-1863.9070
Block_Platform_1B,-759.5779,904.0001,-1859.2250,-759.5779,503.9999,-1859.2250,-159.5962,503.9999,-1863.9070
Block_Platform_1B,-1359.5600,904.0001,-1854.5440,-759.5779,503.9999,-1859.2250,-759.5779,904.0001,-1859.2250
Block_Platform_1B,-1359.5600,904.0001,-1854.5440,-1359.5600,503.9999,-1854.5440,-759.5779,503.9999,-1859.2250
Block_Platform_1B,-764.0643,904.0001,-2434.2080,-164.0825,904.0001,-2438.8890,-164.2776,904.0001,-2463.8890
Block_Platform_1B,-764.0643,904.0001,-2434.2080,-164.2776,904.0001,-2463.8890,-764.2593,904.0001,-2459.2070
Block_Platform_1B,-1364.0460,904.0001,-2429.5270,-764.0643,904.0001,-2434.2080,-764.2593,904.0001,-2459.2070
Block_Platform_1B,-1364.0460,904.0001,-2429.5270,-764.2593,904.0001,-2459.2070,-1364.2410,904.0001,-2454.5260
Block_Platform_1B,-159.5962,904.0001,-1863.9070,-159.5962,503.9999,-1863.9070,-159.7912,503.9999,-1888.9060
Block_Platform_1B,-159.5962,904.0001,-1863.9070,-159.7912,503.9999,-1888.9060,-159.7912,904.0001,-1888.9060
Block_Platform_1B,-159.7912,904.0001,-1888.9060,-159.7912,503.9999,-1888.9060,-164.0825,503.9999,-2438.8890
Block_Platform_1B,-159.7912,904.0001,-1888.9060,-164.0825,503.9999,-2438.8890,-164.0825,904.0001,-2438.8890
Block_Platform_1B,-759.5779,904.0001,-1859.2250,-159.5962,904.0001,-1863.9070,-159.7912,904.0001,-1888.9060
Block_Platform_1B,-759.5779,904.0001,-1859.2250,-159.7912,904.0001,-1888.9060,-759.7729,904.0001,-1884.2250
Block_Platform_1B,-1359.5600,904.0001,-1854.5440,-759.5779,904.0001,-1859.2250,-759.7729,904.0001,-1884.2250
Block_Platform_1B,-1359.5600,904.0001,-1854.5440,-759.7729,904.0001,-1884.2250,-1359.7550,904.0001,-1879.5430
Block_Platform_1B,-759.7729,904.0001,-1884.2250,-159.7912,904.0001,-1888.9060,-164.0825,904.0001,-2438.8890
Block_Platform_1B,-759.7729,904.0001,-1884.2250,-164.0825,904.0001,-2438.8890,-764.0643,904.0001,-2434.2080
Block_Platform_1B,-1359.7550,904.0001,-1879.5430,-759.7729,904.0001,-1884.2250,-764.0643,904.0001,-2434.2080
Block_Platform_1B,-1359.7550,904.0001,-1879.5430,-764.0643,904.0001,-2434.2080,-1364.0460,904.0001,-2429.5270
Block_Platform_1B,-164.2776,904.0001,-2463.8890,-164.2776,503.9999,-2463.8890,-764.2593,503.9999,-2459.2070
Block_Platform_1B,-164.2776,904.0001,-2463.8890,-764.2593,503.9999,-2459.2070,-764.2593,904.0001,-2459.2070
Block_Platform_1B,-764.2593,904.0001,-2459.2070,-764.2593,503.9999,-2459.2070,-1364.2410,503.9999,-2454.5260
Block_Platform_1B,-764.2593,904.0001,-2459.2070,-1364.2410,503.9999,-2454.5260,-1364.2410,904.0001,-2454.5260
Block_Platform_1B,-164.0825,503.9999,-2438.8890,-764.2593,503.9999,-2459.2070,-164.2776,503.9999,-2463.8890
Block_Platform_1B,-164.0825,503.9999,-2438.8890,-764.0643,503.9999,-2434.2080,-764.2593,503.9999,-2459.2070
Block_Platform_1B,-764.0643,503.9999,-2434.2080,-1364.2410,503.9999,-2454.5260,-764.2593,503.9999,-2459.2070
Block_Platform_1B,-764.0643,503.9999,-2434.2080,-1364.0460,503.9999,-2429.5270,-1364.2410,503.9999,-2454.5260
Block_Platform_1B,-159.5962,503.9999,-1863.9070,-759.7729,503.9999,-1884.2250,-159.7912,503.9999,-1888.9060
Block_Platform_1B,-159.5962,503.9999,-1863.9070,-759.5779,503.9999,-1859.2250,-759.7729,503.9999,-1884.2250
Block_Platform_1B,-759.5779,503.9999,-1859.2250,-1359.7550,503.9999,-1879.5430,-759.7729,503.9999,-1884.2250
Block_Platform_1B,-759.5779,503.9999,-1859.2250,-1359.5600,503.9999,-1854.5440,-1359.7550,503.9999,-1879.5430
Block_Platform_1B,-159.7912,503.9999,-1888.9060,-764.0643,503.9999,-2434.2080,-164.0825,503.9999,-2438.8890
Block_Platform_1B,-159.7912,503.9999,-1888.9060,-759.7729,503.9999,-1884.2250,-764.0643,503.9999,-2434.2080
Block_Platform_1B,-759.7729,503.9999,-1884.2250,-1364.0460,503.9999,-2429.5270,-764.0643,503.9999,-2434.2080
Block_Platform_1B,-759.7729,503.9999,-1884.2250,-1359.7550,503.9999,-1879.5430,-1364.0460,503.9999,-2429.5270
Block_Platform_1B,-1364.0460,904.0001,-2429.5270,-1364.0460,503.9999,-2429.5270,-1364.2410,503.9999,-2454.5260
Block_Platform_1B,-1364.0460,904.0001,-2429.5270,-1364.2410,503.9999,-2454.5260,-1364.2410,904.0001,-2454.5260
Block_Platform_1B,-1359.5600,904.0001,-1854.5440,-1359.5600,503.9999,-1854.5440,-1359.7550,503.9999,-1879.5430
Block_Platform_1B,-1359.5600,904.0001,-1854.5440,-1359.7550,503.9999,-1879.5430,-1359.7550,904.0001,-1879.5430
Block_Platform_1B,-1359.7550,904.0001,-1879.5430,-1359.7550,503.9999,-1879.5430,-1364.0460,503.9999,-2429.5270
Block_Platform_1B,-1359.7550,904.0001,-1879.5430,-1364.0460,503.9999,-2429.5270,-1364.0460,904.0001,-2429.5270
Block_Platform_Corner_1B(Mirrored),5569.0180,504.0534,-1767.3380,5597.1390,504.0534,-1367.5460,5572.1390,504.0534,-1367.3510
Block_Platform_Corner_1B(Mirrored),5569.0180,504.0534,-1767.3380,5594.0180,504.0534,-1767.5330,5597.1390,504.0534,-1367.5460
Block_Platform_Corner_1B(Mirrored),5384.6200,504.0534,-2260.3680,5594.0180,504.0534,-1767.5330,5569.0180,504.0534,-1767.3380
Block_Platform_Corner_1B(Mirrored),5384.6200,504.0534,-2260.3680,5402.1590,504.0534,-2278.1840,5594.0180,504.0534,-1767.5330
Block_Platform_Corner_1B(Mirrored),4994.0360,504.0534,-1762.8510,5019.0350,504.0534,-1763.0460,5022.1560,504.0534,-1363.0590
Block_Platform_Corner_1B(Mirrored),4994.0360,504.0534,-1762.8510,5022.1560,504.0534,-1363.0590,4997.1570,504.0534,-1362.8640
Block_Platform_Corner_1B(Mirrored),5019.0350,504.0534,-1763.0460,5569.0180,504.0534,-1767.3380,5572.1390,504.0534,-1367.3510
Block_Platform_Corner_1B(Mirrored),5019.0350,504.0534,-1763.0460,5572.1390,504.0534,-1367.3510,5022.1560,504.0534,-1363.0590
Block_Platform_Corner_1B(Mirrored),4981.2180,504.0534,-1850.6220,4998.7570,504.0534,-1868.4370,5019.0350,504.0534,-1763.0460
Block_Platform_Corner_1B(Mirrored),4981.2180,504.0534,-1850.6220,5019.0350,504.0534,-1763.0460,4994.0360,504.0534,-1762.8510
Block_Platform_Corner_1B(Mirrored),4998.7570,504.0534,-1868.4370,5384.6200,504.0534,-2260.3680,5569.0180,504.0534,-1767.3380
Block_Platform_Corner_1B(Mirrored),4998.7570,504.0534,-1868.4370,5569.0180,504.0534,-1767.3380,5019.0350,504.0534,-1763.0460
Block_Platform_Corner_1B(Mirrored),4902.8970,904.0536,-1928.5660,4898.6050,904.0536,-2478.5490,4898.6040,504.0534,-2478.5490
Block_Platform_Corner_1B(Mirrored),4902.8970,904.0536,-1928.5660,4898.6040,504.0534,-2478.5490,4902.8970,504.0534,-1928.5660
Block_Platform_Corner_1B(Mirrored),5384.6200,904.0536,-2260.3680,5402.1590,904.0536,-2278.1840,5402.1590,504.0534,-2278.1840
Block_Platform_Corner_1B(Mirrored),5384.6200,904.0536,-2260.3680,5402.1590,504.0534,-2278.1840,5384.6200,504.0534,-2260.3680
Block_Platform_Corner_1B(Mirrored),4898.6040,504.0534,-2478.5490,4898.4100,504.0534,-2503.5480,5402.1590,504.0534,-2278.1840
Block_Platform_Corner_1B(Mirrored),4898.6040,504.0534,-2478.5490,5402.1590,504.0534,-2278.1840,5384.6200,504.0534,-2260.3680
Block_Platform_Corner_1B(Mirrored),4903.0920,504.0534,-1903.5670,4902.8970,504.0534,-1928.5660,4998.7570,504.0534,-1868.4370
Block_Platform_Corner_1B(Mirrored),4903.0920,504.0534,-1903.5670,4998.7570,504.0534,-1868.4370,4981.2180,504.0534,-1850.6220
Block_Platform_Corner_1B(Mirrored),4902.8970,504.0534,-1928.5660,4898.6040,504.0534,-2478.5490,5384.6200,504.0534,-2260.3680
Block_Platform_Corner_1B(Mirrored),4902.8970,504.0534,-1928.5660,5384.6200,504.0534,-2260.3680,4998.7570,504.0534,-1868.4370
Block_Platform_Corner_1B(Mirrored),4502.9090,904.0536,-1925.4450,4498.6170,904.0536,-2475.4280,4498.6170,504.0537,-2475.4280
Block_Platform_Corner_1B(Mirrored),4502.9090,904.0536,-1925.4450,4498.6170,504.0537,-2475.4280,4502.9090,504.0537,-1925.4450
Block_Platform_Corner_1B(Mirrored),4903.0920,904.0536,-1903.5670,4902.8970,904.0536,-1928.5660,4902.8970,504.0534,-1928.5660
Block_Platform_Corner_1B(Mirrored),4903.0920,904.0536,-1903.5670,4902.8970,504.0534,-1928.5660,4903.0920,504.0534,-1903.5670
Block_Platform_Corner_1B(Mirrored),4902.8970,504.0534,-1928.5660,4903.0920,504.0534,-1903.5670,4503.1040,504.0537,-1900.4450
Block_Platform_Corner_1B(Mirrored),4902.8970,504.0534,-1928.5660,4503.1040,504.0537,-1900.4450,4502.9090,504.0537,-1925.4450
Block_Platform_Corner_1B(Mirrored),4898.4100,504.0534,-2503.5480,4898.6040,504.0534,-2478.5490,4498.6170,504.0537,-2475.4280
Block_Platform_Corner_1B(Mirrored),4898.4100,504.0534,-2503.5480,4498.6170,504.0537,-2475.4280,4498.4220,504.0537,-2500.4270
Block_Platform_Corner_1B(Mirrored),4898.6040,504.0534,-2478.5490,4902.8970,504.0534,-1928.5660,4502.9090,504.0537,-1925.4450
Block_Platform_Corner_1B(Mirrored),4898.6040,504.0534,-2478.5490,4502.9090,504.0537,-1925.4450,4498.6170,504.0537,-2475.4280
Block_Platform_Corner_1B(Mirrored),4498.6170,904.0536,-2475.4280,4502.9090,904.0536,-1925.4450,4902.8970,904.0536,-1928.5660
Block_Platform_Corner_1B(Mirrored),4498.6170,904.0536,-2475.4280,4902.8970,904.0536,-1928.5660,4898.6050,904.0536,-2478.5490
Block_Platform_Corner_1B(Mirrored),5594.0180,904.0533,-1767.5330,5597.1390,904.0533,-1367.5460,5597.1390,504.0534,-1367.5460
Block_Platform_Corner_1B(Mirrored),5594.0180,904.0533,-1767.5330,5597.1390,504.0534,-1367.5460,5594.0180,504.0534,-1767.5330
Block_Platform_Corner_1B(Mirrored),5022.1560,904.0536,-1363.0590,4997.1570,904.0536,-1362.8640,4997.1570,504.0534,-1362.8640
Block_Platform_Corner_1B(Mirrored),5022.1560,904.0536,-1363.0590,4997.1570,504.0534,-1362.8640,5022.1560,504.0534,-1363.0590
Block_Platform_Corner_1B(Mirrored),4994.0360,904.0536,-1762.8510,4981.2180,904.0536,-1850.6220,4981.2180,504.0534,-1850.6220
Block_Platform_Corner_1B(Mirrored),4994.0360,904.0536,-1762.8510,4981.2180,504.0534,-1850.6220,4994.0360,504.0534,-1762.8510
Block_Platform_Corner_1B(Mirrored),4981.2180,904.0536,-1850.6220,4998.7570,904.0536,-1868.4370,4998.7570,504.0534,-1868.4370
Block_Platform_Corner_1B(Mirrored),4981.2180,904.0536,-1850.6220,4998.7570,504.0534,-1868.4370,4981.2180,504.0534,-1850.6220
Block_Platform_Corner_1B(Mirrored),4998.7570,904.0536,-1868.4370,5384.6200,904.0536,-2260.3680,5384.6200,504.0534,-2260.3680
Block_Platform_Corner_1B(Mirrored),4998.7570,904.0536,-1868.4370,5384.6200,504.0534,-2260.3680,4998.7570,504.0534,-1868.4370
Block_Platform_Corner_1B(Mirrored),5597.1390,904.0533,-1367.5460,5572.1390,904.0536,-1367.3510,5572.1390,504.0534,-1367.3510
Block_Platform_Corner_1B(Mirrored),5597.1390,904.0533,-1367.5460,5572.1390,504.0534,-1367.3510,5597.1390,504.0534,-1367.5460
Block_Platform_Corner_1B(Mirrored),5572.1390,904.0536,-1367.3510,5022.1560,904.0536,-1363.0590,5022.1560,504.0534,-1363.0590
Block_Platform_Corner_1B(Mirrored),5572.1390,904.0536,-1367.3510,5022.1560,504.0534,-1363.0590,5572.1390,504.0534,-1367.3510
Block_Platform_Corner_1B(Mirrored),5019.0350,904.0536,-1763.0460,5569.0180,904.0536,-1767.3380,5384.6200,904.0536,-2260.3680
Block_Platform_Corner_1B(Mirrored),5019.0350,904.0536,-1763.0460,5384.6200,904.0536,-2260.3680,4998.7570,904.0536,-1868.4370
Block_Platform_Corner_1B(Mirrored),5569.0180,904.0536,-1767.3380,5402.1590,904.0536,-2278.1840,5384.6200,904.0536,-2260.3680
Block_Platform_Corner_1B(Mirrored),5569.0180,904.0536,-1767.3380,5594.0180,904.0533,-1767.5330,5402.1590,904.0536,-2278.1840
Block_Platform_Corner_1B(Mirrored),5572.1390,904.0536,-1367.3510,5594.0180,904.0533,-1767.5330,5569.0180,904.0536,-1767.3380
Block_Platform_Corner_1B(Mirrored),5572.1390,904.0536,-1367.3510,5597.1390,904.0533,-1367.5460,5594.0180,904.0533,-1767.5330
Block_Platform_Corner_1B(Mirrored),4994.0360,904.0536,-1762.8510,5019.0350,904.0536,-1763.0460,4998.7570,904.0536,-1868.4370
Block_Platform_Corner_1B(Mirrored),4994.0360,904.0536,-1762.8510,4998.7570,904.0536,-1868.4370,4981.2180,904.0536,-1850.6220
Block_Platform_Corner_1B(Mirrored),5402.1590,904.0536,-2278.1840,5594.0180,904.0533,-1767.5330,5594.0180,504.0534,-1767.5330
Block_Platform_Corner_1B(Mirrored),5402.1590,904.0536,-2278.1840,5594.0180,504.0534,-1767.5330,5402.1590,504.0534,-2278.1840
Block_Platform_Corner_1B(Mirrored),4997.1570,904.0536,-1362.8640,4994.0360,904.0536,-1762.8510,4994.0360,504.0534,-1762.8510
Block_Platform_Corner_1B(Mirrored),4997.1570,904.0536,-1362.8640,4994.0360,504.0534,-1762.8510,4997.1570,504.0534,-1362.8640
Block_Platform_Corner_1B(Mirrored),5022.1560,904.0536,-1363.0590,5572.1390,904.0536,-1367.3510,5569.0180,904.0536,-1767.3380
Block_Platform_Corner_1B(Mirrored),5022.1560,904.0536,-1363.0590,5569.0180,904.0536,-1767.3380,5019.0350,904.0536,-1763.0460
Block_Platform_Corner_1B(Mirrored),4997.1570,904.0536,-1362.8640,5022.1560,904.0536,-1363.0590,5019.0350,904.0536,-1763.0460
Block_Platform_Corner_1B(Mirrored),4997.1570,904.0536,-1362.8640,5019.0350,904.0536,-1763.0460,4994.0360,904.0536,-1762.8510
Block_Platform_Corner_1B(Mirrored),4898.6050,904.0536,-2478.5490,4898.4100,904.0536,-2503.5480,4898.4100,504.0534,-2503.5480
Block_Platform_Corner_1B(Mirrored),4898.6050,904.0536,-2478.5490,4898.4100,504.0534,-2503.5480,4898.6040,504.0534,-2478.5490
Block_Platform_Corner_1B(Mirrored),4998.7570,904.0536,-1868.4370,5384.6200,904.0536,-2260.3680,4898.6050,904.0536,-2478.5490
Block_Platform_Corner_1B(Mirrored),4998.7570,904.0536,-1868.4370,4898.6050,904.0536,-2478.5490,4902.8970,904.0536,-1928.5660
Block_Platform_Corner_1B(Mirrored),5384.6200,904.0536,-2260.3680,5402.1590,904.0536,-2278.1840,4898.4100,904.0536,-2503.5480
Block_Platform_Corner_1B(Mirrored),5384.6200,904.0536,-2260.3680,4898.4100,904.0536,-2503.5480,4898.6050,904.0536,-2478.5490
Block_Platform_Corner_1B(Mirrored),4898.4100,904.0536,-2503.5480,5402.1590,904.0536,-2278.1840,5402.1590,504.0534,-2278.1840
Block_Platform_Corner_1B(Mirrored),4898.4100,904.0536,-2503.5480,5402.1590,504.0534,-2278.1840,4898.4100,504.0534,-2503.5480
Block_Platform_Corner_1B(Mirrored),4498.6170,904.0536,-2475.4280,4498.4220,904.0536,-2500.4270,4498.4220,504.0537,-2500.4270
Block_Platform_Corner_1B(Mirrored),4498.6170,904.0536,-2475.4280,4498.4220,504.0537,-2500.4270,4498.6170,504.0537,-2475.4280
Block_Platform_Corner_1B(Mirrored),4503.1040,904.0536,-1900.4450,4502.9090,904.0536,-1925.4450,4502.9090,504.0537,-1925.4450
Block_Platform_Corner_1B(Mirrored),4503.1040,904.0536,-1900.4450,4502.9090,504.0537,-1925.4450,4503.1040,504.0537,-1900.4450
Block_Platform_Corner_1B(Mirrored),4981.2180,904.0536,-1850.6220,4903.0920,904.0536,-1903.5670,4903.0920,504.0534,-1903.5670
Block_Platform_Corner_1B(Mirrored),4981.2180,904.0536,-1850.6220,4903.0920,504.0534,-1903.5670,4981.2180,504.0534,-1850.6220
Block_Platform_Corner_1B(Mirrored),4981.2180,904.0536,-1850.6220,4998.7570,904.0536,-1868.4370,4902.8970,904.0536,-1928.5660
Block_Platform_Corner_1B(Mirrored),4981.2180,904.0536,-1850.6220,4902.8970,904.0536,-1928.5660,4903.0920,904.0536,-1903.5670
Block_Platform_Corner_1B(Mirrored),4903.0920,904.0536,-1903.5670,4503.1040,904.0536,-1900.4450,4503.1040,504.0537,-1900.4450
Block_Platform_Corner_1B(Mirrored),4903.0920,904.0536,-1903.5670,4503.1040,504.0537,-1900.4450,4903.0920,504.0534,-1903.5670
Block_Platform_Corner_1B(Mirrored),4498.4220,904.0536,-2500.4270,4898.4100,904.0536,-2503.5480,4898.4100,504.0534,-2503.5480
Block_Platform_Corner_1B(Mirrored),4498.4220,904.0536,-2500.4270,4898.4100,504.0534,-2503.5480,4498.4220,504.0537,-2500.4270
Block_Platform_Corner_1B(Mirrored),4502.9090,904.0536,-1925.4450,4503.1040,904.0536,-1900.4450,4903.0920,904.0536,-1903.5670
Block_Platform_Corner_1B(Mirrored),4502.9090,904.0536,-1925.4450,4903.0920,904.0536,-1903.5670,4902.8970,904.0536,-1928.5660
Block_Platform_Corner_1B(Mirrored),4498.4220,904.0536,-2500.4270,4498.6170,904.0536,-2475.4280,4898.6050,904.0536,-2478.5490
Block_Platform_Corner_1B(Mirrored),4498.4220,904.0536,-2500.4270,4898.6050,904.0536,-2478.5490,4898.4100,904.0536,-2503.5480
Block_Platform_Corner_1B,-3564.2050,506.0536,-1689.1160,-3564.2050,506.0536,-1289.1160,-3589.2050,506.0536,-1289.1160
Block_Platform_Corner_1B,-3564.2050,506.0536,-1689.1160,-3589.2050,506.0536,-1289.1160,-3589.2050,506.0536,-1689.1160
Block_Platform_Corner_1B,-3383.6590,506.0536,-2183.5700,-3564.2050,506.0536,-1689.1160,-3589.2050,506.0536,-1689.1160
Block_Platform_Corner_1B,-3383.6590,506.0536,-2183.5700,-3589.2050,506.0536,-1689.1160,-3401.3370,506.0536,-2201.2480
Block_Platform_Corner_1B,-2989.2050,506.0536,-1689.1160,-2989.2050,506.0536,-1289.1160,-3014.2050,506.0536,-1289.1160
Block_Platform_Corner_1B,-2989.2050,506.0536,-1689.1160,-3014.2050,506.0536,-1289.1160,-3014.2050,506.0536,-1689.1160
Block_Platform_Corner_1B,-3014.2050,506.0536,-1689.1160,-3014.2050,506.0536,-1289.1160,-3564.2050,506.0536,-1289.1160
Block_Platform_Corner_1B,-3014.2050,506.0536,-1689.1160,-3564.2050,506.0536,-1289.1160,-3564.2050,506.0536,-1689.1160
Block_Platform_Corner_1B,-2977.0730,506.0536,-1776.9840,-2989.2050,506.0536,-1689.1160,-3014.2050,506.0536,-1689.1160
Block_Platform_Corner_1B,-2977.0730,506.0536,-1776.9840,-3014.2050,506.0536,-1689.1160,-2994.7500,506.0536,-1794.6620
Block_Platform_Corner_1B,-2994.7500,506.0536,-1794.6620,-3014.2050,506.0536,-1689.1160,-3564.2050,506.0536,-1689.1160
Block_Platform_Corner_1B,-2994.7500,506.0536,-1794.6620,-3564.2050,506.0536,-1689.1160,-3383.6590,506.0536,-2183.5700
Block_Platform_Corner_1B,-2899.3620,906.0538,-1855.5370,-2899.3620,506.0536,-1855.5370,-2899.3620,506.0536,-2405.5370
Block_Platform_Corner_1B,-2899.3620,906.0538,-1855.5370,-2899.3620,506.0536,-2405.5370,-2899.3620,906.0538,-2405.5370
Block_Platform_Corner_1B,-3383.6590,906.0538,-2183.5700,-3383.6590,506.0536,-2183.5700,-3401.3370,506.0536,-2201.2480
Block_Platform_Corner_1B,-3383.6590,906.0538,-2183.5700,-3401.3370,506.0536,-2201.2480,-3401.3370,906.0538,-2201.2480
Block_Platform_Corner_1B,-2899.3620,506.0536,-2405.5370,-3383.6590,506.0536,-2183.5700,-3401.3370,506.0536,-2201.2480
Block_Platform_Corner_1B,-2899.3620,506.0536,-2405.5370,-3401.3370,506.0536,-2201.2480,-2899.3620,506.0536,-2430.5370
Block_Platform_Corner_1B,-2899.3620,506.0536,-1830.5370,-2977.0730,506.0536,-1776.9840,-2994.7500,506.0536,-1794.6620
Block_Platform_Corner_1B,-2899.3620,506.0536,-1830.5370,-2994.7500,506.0536,-1794.6620,-2899.3620,506.0536,-1855.5370
Block_Platform_Corner_1B,-2899.3620,506.0536,-1855.5370,-2994.7500,506.0536,-1794.6620,-3383.6590,506.0536,-2183.5700
Block_Platform_Corner_1B,-2899.3620,506.0536,-1855.5370,-3383.6590,506.0536,-2183.5700,-2899.3620,506.0536,-2405.5370
Block_Platform_Corner_1B,-2499.3620,906.0538,-1855.5370,-2499.3620,506.0536,-1855.5370,-2499.3620,506.0536,-2405.5370
Block_Platform_Corner_1B,-2499.3620,906.0538,-1855.5370,-2499.3620,506.0536,-2405.5370,-2499.3620,906.0538,-2405.5370
Block_Platform_Corner_1B,-2899.3620,906.0538,-1830.5370,-2899.3620,506.0536,-1830.5370,-2899.3620,506.0536,-1855.5370
Block_Platform_Corner_1B,-2899.3620,906.0538,-1830.5370,-2899.3620,506.0536,-1855.5370,-2899.3620,906.0538,-1855.5370
Block_Platform_Corner_1B,-2899.3620,506.0536,-1855.5370,-2499.3620,506.0536,-1855.5370,-2499.3620,506.0536,-1830.5370
Block_Platform_Corner_1B,-2899.3620,506.0536,-1855.5370,-2499.3620,506.0536,-1830.5370,-2899.3620,506.0536,-1830.5370
Block_Platform_Corner_1B,-2899.3620,506.0536,-2430.5370,-2499.3620,506.0536,-2430.5370,-2499.3620,506.0536,-2405.5370
Block_Platform_Corner_1B,-2899.3620,506.0536,-2430.5370,-2499.3620,506.0536,-2405.5370,-2899.3620,506.0536,-2405.5370
Block_Platform_Corner_1B,-2899.3620,506.0536,-2405.5370,-2499.3620,506.0536,-2405.5370,-2499.3620,506.0536,-1855.5370
Block_Platform_Corner_1B,-2899.3620,506.0536,-2405.5370,-2499.3620,506.0536,-1855.5370,-2899.3620,506.0536,-1855.5370
Block_Platform_Corner_1B,-2499.3620,906.0538,-2405.5370,-2899.3620,906.0538,-2405.5370,-2899.3620,906.0538,-1855.5370
Block_Platform_Corner_1B,-2499.3620,906.0538,-2405.5370,-2899.3620,906.0538,-1855.5370,-2499.3620,906.0538,-1855.5370
Block_Platform_Corner_1B,-3589.2050,906.0538,-1689.1160,-3589.2050,506.0536,-1689.1160,-3589.2050,506.0536,-1289.1160
Block_Platform_Corner_1B,-3589.2050,906.0538,-1689.1160,-3589.2050,506.0536,-1289.1160,-3589.2050,906.0538,-1289.1160
Block_Platform_Corner_1B,-3014.2050,906.0538,-1289.1160,-3014.2050,506.0536,-1289.1160,-2989.2050,506.0536,-1289.1160
Block_Platform_Corner_1B,-3014.2050,906.0538,-1289.1160,-2989.2050,506.0536,-1289.1160,-2989.2050,906.0538,-1289.1160
Block_Platform_Corner_1B,-2989.2050,906.0538,-1689.1160,-2989.2050,506.0536,-1689.1160,-2977.0730,506.0536,-1776.9840
Block_Platform_Corner_1B,-2989.2050,906.0538,-1689.1160,-2977.0730,506.0536,-1776.9840,-2977.0730,906.0538,-1776.9840
Block_Platform_Corner_1B,-2977.0730,906.0538,-1776.9840,-2977.0730,506.0536,-1776.9840,-2994.7500,506.0536,-1794.6620
Block_Platform_Corner_1B,-2977.0730,906.0538,-1776.9840,-2994.7500,506.0536,-1794.6620,-2994.7500,906.0538,-1794.6620
Block_Platform_Corner_1B,-2994.7500,906.0538,-1794.6620,-2994.7500,506.0536,-1794.6620,-3383.6590,506.0536,-2183.5700
Block_Platform_Corner_1B,-2994.7500,906.0538,-1794.6620,-3383.6590,506.0536,-2183.5700,-3383.6590,906.0538,-2183.5700
Block_Platform_Corner_1B,-3589.2050,906.0538,-1289.1160,-3589.2050,506.0536,-1289.1160,-3564.2050,506.0536,-1289.1160
Block_Platform_Corner_1B,-3589.2050,906.0538,-1289.1160,-3564.2050,506.0536,-1289.1160,-3564.2050,906.0538,-1289.1160
Block_Platform_Corner_1B,-3564.2050,906.0538,-1289.1160,-3564.2050,506.0536,-1289.1160,-3014.2050,506.0536,-1289.1160
Block_Platform_Corner_1B,-3564.2050,906.0538,-1289.1160,-3014.2050,506.0536,-1289.1160,-3014.2050,906.0538,-1289.1160
Block_Platform_Corner_1B,-3014.2050,906.0538,-1689.1160,-2994.7500,906.0538,-1794.6620,-3383.6590,906.0538,-2183.5700
Block_Platform_Corner_1B,-3014.2050,906.0538,-1689.1160,-3383.6590,906.0538,-2183.5700,-3564.2050,906.0538,-1689.1160
Block_Platform_Corner_1B,-3564.2050,906.0538,-1689.1160,-3383.6590,906.0538,-2183.5700,-3401.3370,906.0538,-2201.2480
Block_Platform_Corner_1B,-3564.2050,906.0538,-1689.1160,-3401.3370,906.0538,-2201.2480,-3589.2050,906.0538,-1689.1160
Block_Platform_Corner_1B,-3564.2050,906.0538,-1289.1160,-3564.2050,906.0538,-1689.1160,-3589.2050,906.0538,-1689.1160
Block_Platform_Corner_1B,-3564.2050,906.0538,-1289.1160,-3589.2050,906.0538,-1689.1160,-3589.2050,906.0538,-1289.1160
Block_Platform_Corner_1B,-2989.2050,906.0538,-1689.1160,-2977.0730,906.0538,-1776.9840,-2994.7500,906.0538,-1794.6620
Block_Platform_Corner_1B,-2989.2050,906.0538,-1689.1160,-2994.7500,906.0538,-1794.6620,-3014.2050,906.0538,-1689.1160
Block_Platform_Corner_1B,-3401.3370,906.0538,-2201.2480,-3401.3370,506.0536,-2201.2480,-3589.2050,506.0536,-1689.1160
Block_Platform_Corner_1B,-3401.3370,906.0538,-2201.2480,-3589.2050,506.0536,-1689.1160,-3589.2050,906.0538,-1689.1160
Block_Platform_Corner_1B,-2989.2050,906.0538,-1289.1160,-2989.2050,506.0536,-1289.1160,-2989.2050,506.0536,-1689.1160
Block_Platform_Corner_1B,-2989.2050,906.0538,-1289.1160,-2989.2050,506.0536,-1689.1160,-2989.2050,906.0538,-1689.1160
Block_Platform_Corner_1B,-3014.2050,906.0538,-1289.1160,-3014.2050,906.0538,-1689.1160,-3564.2050,906.0538,-1689.1160
Block_Platform_Corner_1B,-3014.2050,906.0538,-1289.1160,-3564.2050,906.0538,-1689.1160,-3564.2050,906.0538,-1289.1160
Block_Platform_Corner_1B,-2989.2050,906.0538,-1289.1160,-2989.2050,906.0538,-1689.1160,-3014.2050,906.0538,-1689.1160
Block_Platform_Corner_1B,-2989.2050,906.0538,-1289.1160,-3014.2050,906.0538,-1689.1160,-3014.2050,906.0538,-1289.1160
Block_Platform_Corner_1B,-2899.3620,906.0538,-2405.5370,-2899.3620,506.0536,-2405.5370,-2899.3620,506.0536,-2430.5370
Block_Platform_Corner_1B,-2899.3620,906.0538,-2405.5370,-2899.3620,506.0536,-2430.5370,-2899.3620,906.0538,-2430.5370
Block_Platform_Corner_1B,-2994.7500,906.0538,-1794.6620,-2899.3620,906.0538,-1855.5370,-2899.3620,906.0538,-2405.5370
Block_Platform_Corner_1B,-2994.7500,906.0538,-1794.6620,-2899.3620,906.0538,-2405.5370,-3383.6590,906.0538,-2183.5700
Block_Platform_Corner_1B,-3383.6590,906.0538,-2183.5700,-2899.3620,906.0538,-2405.5370,-2899.3620,906.0538,-2430.5370
Block_Platform_Corner_1B,-3383.6590,906.0538,-2183.5700,-2899.3620,906.0538,-2430.5370,-3401.3370,906.0538,-2201.2480
Block_Platform_Corner_1B,-2899.3620,906.0538,-2430.5370,-2899.3620,506.0536,-2430.5370,-3401.3370,506.0536,-2201.2480
Block_Platform_Corner_1B,-2899.3620,906.0538,-2430.5370,-3401.3370,506.0536,-2201.2480,-3401.3370,906.0538,-2201.2480
Block_Platform_Corner_1B,-2499.3620,906.0538,-2405.5370,-2499.3620,506.0536,-2405.5370,-2499.3620,506.0536,-2430.5370
Block_Platform_Corner_1B,-2499.3620,906.0538,-2405.5370,-2499.3620,506.0536,-2430.5370,-2499.3620,906.0538,-2430.5370
Block_Platform_Corner_1B,-2499.3620,906.0538,-1830.5370,-2499.3620,506.0536,-1830.5370,-2499.3620,506.0536,-1855.5370
Block_Platform_Corner_1B,-2499.3620,906.0538,-1830.5370,-2499.3620,506.0536,-1855.5370,-2499.3620,906.0538,-1855.5370
Block_Platform_Corner_1B,-2977.0730,906.0538,-1776.9840,-2977.0730,506.0536,-1776.9840,-2899.3620,506.0536,-1830.5370
Block_Platform_Corner_1B,-2977.0730,906.0538,-1776.9840,-2899.3620,506.0536,-1830.5370,-2899.3620,906.0538,-1830.5370
Block_Platform_Corner_1B,-2977.0730,906.0538,-1776.9840,-2899.3620,906.0538,-1830.5370,-2899.3620,906.0538,-1855.5370
Block_Platform_Corner_1B,-2977.0730,906.0538,-1776.9840,-2899.3620,906.0538,-1855.5370,-2994.7500,906.0538,-1794.6620
Block_Platform_Corner_1B,-2899.3620,906.0538,-1830.5370,-2899.3620,506.0536,-1830.5370,-2499.3620,506.0536,-1830.5370
Block_Platform_Corner_1B,-2899.3620,906.0538,-1830.5370,-2499.3620,506.0536,-1830.5370,-2499.3620,906.0538,-1830.5370
Block_Platform_Corner_1B,-2499.3620,906.0538,-2430.5370,-2499.3620,506.0536,-2430.5370,-2899.3620,506.0536,-2430.5370
Block_Platform_Corner_1B,-2499.3620,906.0538,-2430.5370,-2899.3620,506.0536,-2430.5370,-2899.3620,906.0538,-2430.5370
Block_Platform_Corner_1B,-2499.3620,906.0538,-1855.5370,-2899.3620,906.0538,-1855.5370,-2899.3620,906.0538,-1830.5370
Block_Platform_Corner_1B,-2499.3620,906.0538,-1855.5370,-2899.3620,906.0538,-1830.5370,-2499.3620,906.0538,-1830.5370
Block_Platform_Corner_1B,-2499.3620,906.0538,-2430.5370,-2899.3620,906.0538,-2430.5370,-2899.3620,906.0538,-2405.5370
Block_Platform_Corner_1B,-2499.3620,906.0538,-2430.5370,-2899.3620,906.0538,-2405.5370,-2499.3620,906.0538,-2405.5370
Block_Platform_Corner_1B,5575.2460,506.0536,8338.8570,5575.2460,506.0536,7938.8570,5600.2470,506.0536,7938.8570
Block_Platform_Corner_1B,5575.2460,506.0536,8338.8570,5600.2470,506.0536,7938.8570,5600.2470,506.0536,8338.8570
Block_Platform_Corner_1B,5394.7010,506.0536,8833.3110,5575.2460,506.0536,8338.8570,5600.2470,506.0536,8338.8570
Block_Platform_Corner_1B,5394.7010,506.0536,8833.3110,5600.2470,506.0536,8338.8570,5412.3780,506.0536,8850.9880
Block_Platform_Corner_1B,5000.2460,506.0536,8338.8570,5000.2460,506.0536,7938.8560,5025.2460,506.0536,7938.8560
Block_Platform_Corner_1B,5000.2460,506.0536,8338.8570,5025.2460,506.0536,7938.8560,5025.2460,506.0536,8338.8570
Block_Platform_Corner_1B,5025.2460,506.0536,8338.8570,5025.2460,506.0536,7938.8560,5575.2460,506.0536,7938.8570
Block_Platform_Corner_1B,5025.2460,506.0536,8338.8570,5575.2460,506.0536,7938.8570,5575.2460,506.0536,8338.8570
Block_Platform_Corner_1B,4988.1140,506.0536,8426.7250,5000.2460,506.0536,8338.8570,5025.2460,506.0536,8338.8570
Block_Platform_Corner_1B,4988.1140,506.0536,8426.7250,5025.2460,506.0536,8338.8570,5005.7920,506.0536,8444.4020
Block_Platform_Corner_1B,5005.7920,506.0536,8444.4020,5025.2460,506.0536,8338.8570,5575.2460,506.0536,8338.8570
Block_Platform_Corner_1B,5005.7920,506.0536,8444.4020,5575.2460,506.0536,8338.8570,5394.7010,506.0536,8833.3110
Block_Platform_Corner_1B,4910.4030,906.0538,8505.2780,4910.4030,506.0536,8505.2780,4910.4030,506.0536,9055.2780
Block_Platform_Corner_1B,4910.4030,906.0538,8505.2780,4910.4030,506.0536,9055.2780,4910.4030,906.0538,9055.2780
Block_Platform_Corner_1B,5394.7010,906.0538,8833.3110,5394.7010,506.0536,8833.3110,5412.3780,506.0536,8850.9880
Block_Platform_Corner_1B,5394.7010,906.0538,8833.3110,5412.3780,506.0536,8850.9880,5412.3780,906.0538,8850.9880
Block_Platform_Corner_1B,4910.4030,506.0536,9055.2780,5394.7010,506.0536,8833.3110,5412.3780,506.0536,8850.9880
Block_Platform_Corner_1B,4910.4030,506.0536,9055.2780,5412.3780,506.0536,8850.9880,4910.4030,506.0536,9080.2780
Block_Platform_Corner_1B,4910.4030,506.0536,8480.2780,4988.1140,506.0536,8426.7250,5005.7920,506.0536,8444.4020
Block_Platform_Corner_1B,4910.4030,506.0536,8480.2780,5005.7920,506.0536,8444.4020,4910.4030,506.0536,8505.2780
Block_Platform_Corner_1B,4910.4030,506.0536,8505.2780,5005.7920,506.0536,8444.4020,5394.7010,506.0536,8833.3110
Block_Platform_Corner_1B,4910.4030,506.0536,8505.2780,5394.7010,506.0536,8833.3110,4910.4030,506.0536,9055.2780
Block_Platform_Corner_1B,4510.4030,906.0538,8505.2780,4510.4030,506.0536,8505.2780,4510.4030,506.0536,9055.2780
Block_Platform_Corner_1B,4510.4030,906.0538,8505.2780,4510.4030,506.0536,9055.2780,4510.4030,906.0538,9055.2780
Block_Platform_Corner_1B,4910.4030,906.0538,8480.2780,4910.4030,506.0536,8480.2780,4910.4030,506.0536,8505.2780
Block_Platform_Corner_1B,4910.4030,906.0538,8480.2780,4910.4030,506.0536,8505.2780,4910.4030,906.0538,8505.2780
Block_Platform_Corner_1B,4910.4030,506.0536,8505.2780,4510.4030,506.0536,8505.2780,4510.4030,506.0536,8480.2780
Block_Platform_Corner_1B,4910.4030,506.0536,8505.2780,4510.4030,506.0536,8480.2780,4910.4030,506.0536,8480.2780
Block_Platform_Corner_1B,4910.4030,506.0536,9080.2780,4510.4030,506.0536,9080.2780,4510.4030,506.0536,9055.2780
Block_Platform_Corner_1B,4910.4030,506.0536,9080.2780,4510.4030,506.0536,9055.2780,4910.4030,506.0536,9055.2780
Block_Platform_Corner_1B,4910.4030,506.0536,9055.2780,4510.4030,506.0536,9055.2780,4510.4030,506.0536,8505.2780
Block_Platform_Corner_1B,4910.4030,506.0536,9055.2780,4510.4030,506.0536,8505.2780,4910.4030,506.0536,8505.2780
Block_Platform_Corner_1B,4510.4030,906.0538,9055.2780,4910.4030,906.0538,9055.2780,4910.4030,906.0538,8505.2780
Block_Platform_Corner_1B,4510.4030,906.0538,9055.2780,4910.4030,906.0538,8505.2780,4510.4030,906.0538,8505.2780
Block_Platform_Corner_1B,5600.2470,906.0538,8338.8570,5600.2470,506.0536,8338.8570,5600.2470,506.0536,7938.8570
Block_Platform_Corner_1B,5600.2470,906.0538,8338.8570,5600.2470,506.0536,7938.8570,5600.2470,906.0538,7938.8570
Block_Platform_Corner_1B,5025.2460,906.0538,7938.8560,5025.2460,506.0536,7938.8560,5000.2460,506.0536,7938.8560
Block_Platform_Corner_1B,5025.2460,906.0538,7938.8560,5000.2460,506.0536,7938.8560,5000.2460,906.0538,7938.8560
Block_Platform_Corner_1B,5000.2460,906.0538,8338.8570,5000.2460,506.0536,8338.8570,4988.1140,506.0536,8426.7250
Block_Platform_Corner_1B,5000.2460,906.0538,8338.8570,4988.1140,506.0536,8426.7250,4988.1140,906.0538,8426.7250
Block_Platform_Corner_1B,4988.1140,906.0538,8426.7250,4988.1140,506.0536,8426.7250,5005.7920,506.0536,8444.4020
Block_Platform_Corner_1B,4988.1140,906.0538,8426.7250,5005.7920,506.0536,8444.4020,5005.7920,906.0538,8444.4020
Block_Platform_Corner_1B,5005.7920,906.0538,8444.4020,5005.7920,506.0536,8444.4020,5394.7010,506.0536,8833.3110
Block_Platform_Corner_1B,5005.7920,906.0538,8444.4020,5394.7010,506.0536,8833.3110,5394.7010,906.0538,8833.3110
Block_Platform_Corner_1B,5600.2470,906.0538,7938.8570,5600.2470,506.0536,7938.8570,5575.2460,506.0536,7938.8570
Block_Platform_Corner_1B,5600.2470,906.0538,7938.8570,5575.2460,506.0536,7938.8570,5575.2460,906.0538,7938.8570
Block_Platform_Corner_1B,5575.2460,906.0538,7938.8570,5575.2460,506.0536,7938.8570,5025.2460,506.0536,7938.8560
Block_Platform_Corner_1B,5575.2460,906.0538,7938.8570,5025.2460,506.0536,7938.8560,5025.2460,906.0538,7938.8560
Block_Platform_Corner_1B,5025.2460,906.0538,8338.8570,5005.7920,906.0538,8444.4020,5394.7010,906.0538,8833.3110
Block_Platform_Corner_1B,5025.2460,906.0538,8338.8570,5394.7010,906.0538,8833.3110,5575.2460,906.0538,8338.8570
Block_Platform_Corner_1B,5575.2460,906.0538,8338.8570,5394.7010,906.0538,8833.3110,5412.3780,906.0538,8850.9880
Block_Platform_Corner_1B,5575.2460,906.0538,8338.8570,5412.3780,906.0538,8850.9880,5600.2470,906.0538,8338.8570
Block_Platform_Corner_1B,5575.2460,906.0538,7938.8570,5575.2460,906.0538,8338.8570,5600.2470,906.0538,8338.8570
Block_Platform_Corner_1B,5575.2460,906.0538,7938.8570,5600.2470,906.0538,8338.8570,5600.2470,906.0538,7938.8570
Block_Platform_Corner_1B,5000.2460,906.0538,8338.8570,4988.1140,906.0538,8426.7250,5005.7920,906.0538,8444.4020
Block_Platform_Corner_1B,5000.2460,906.0538,8338.8570,5005.7920,906.0538,8444.4020,5025.2460,906.0538,8338.8570
Block_Platform_Corner_1B,5412.3780,906.0538,8850.9880,5412.3780,506.0536,8850.9880,5600.2470,506.0536,8338.8570
Block_Platform_Corner_1B,5412.3780,906.0538,8850.9880,5600.2470,506.0536,8338.8570,5600.2470,906.0538,8338.8570
Block_Platform_Corner_1B,5000.2460,906.0538,7938.8560,5000.2460,506.0536,7938.8560,5000.2460,506.0536,8338.8570
Block_Platform_Corner_1B,5000.2460,906.0538,7938.8560,5000.2460,506.0536,8338.8570,5000.2460,906.0538,8338.8570
Block_Platform_Corner_1B,5025.2460,906.0538,7938.8560,5025.2460,906.0538,8338.8570,5575.2460,906.0538,8338.8570
Block_Platform_Corner_1B,5025.2460,906.0538,7938.8560,5575.2460,906.0538,8338.8570,5575.2460,906.0538,7938.8570
Block_Platform_Corner_1B,5000.2460,906.0538,7938.8560,5000.2460,906.0538,8338.8570,5025.2460,906.0538,8338.8570
Block_Platform_Corner_1B,5000.2460,906.0538,7938.8560,5025.2460,906.0538,8338.8570,5025.2460,906.0538,7938.8560
Block_Platform_Corner_1B,4910.4030,906.0538,9055.2780,4910.4030,506.0536,9055.2780,4910.4030,506.0536,9080.2780
Block_Platform_Corner_1B,4910.4030,906.0538,9055.2780,4910.4030,506.0536,9080.2780,4910.4030,906.0538,9080.2780
Block_Platform_Corner_1B,5005.7920,906.0538,8444.4020,4910.4030,906.0538,8505.2780,4910.4030,906.0538,9055.2780
Block_Platform_Corner_1B,5005.7920,906.0538,8444.4020,4910.4030,906.0538,9055.2780,5394.7010,906.0538,8833.3110
Block_Platform_Corner_1B,5394.7010,906.0538,8833.3110,4910.4030,906.0538,9055.2780,4910.4030,906.0538,9080.2780
Block_Platform_Corner_1B,5394.7010,906.0538,8833.3110,4910.4030,906.0538,9080.2780,5412.3780,906.0538,8850.9880
Block_Platform_Corner_1B,4910.4030,906.0538,9080.2780,4910.4030,506.0536,9080.2780,5412.3780,506.0536,8850.9880
Block_Platform_Corner_1B,4910.4030,906.0538,9080.2780,5412.3780,506.0536,8850.9880,5412.3780,906.0538,8850.9880
Block_Platform_Corner_1B,4510.4030,906.0538,9055.2780,4510.4030,506.0536,9055.2780,4510.4030,506.0536,9080.2780
Block_Platform_Corner_1B,4510.4030,906.0538,9055.2780,4510.4030,506.0536,9080.2780,4510.4030,906.0538,9080.2780
Block_Platform_Corner_1B,4510.4030,906.0538,8480.2780,4510.4030,506.0536,8480.2780,4510.4030,506.0536,8505.2780
Block_Platform_Corner_1B,4510.4030,906.0538,8480.2780,4510.4030,506.0536,8505.2780,4510.4030,906.0538,8505.2780
Block_Platform_Corner_1B,4988.1140,906.0538,8426.7250,4988.1140,506.0536,8426.7250,4910.4030,506.0536,8480.2780
Block_Platform_Corner_1B,4988.1140,906.0538,8426.7250,4910.4030,506.0536,8480.2780,4910.4030,906.0538,8480.2780
Block_Platform_Corner_1B,4988.1140,906.0538,8426.7250,4910.4030,906.0538,8480.2780,4910.4030,906.0538,8505.2780
Block_Platform_Corner_1B,4988.1140,906.0538,8426.7250,4910.4030,906.0538,8505.2780,5005.7920,906.0538,8444.4020
Block_Platform_Corner_1B,4910.4030,906.0538,8480.2780,4910.4030,506.0536,8480.2780,4510.4030,506.0536,8480.2780
Block_Platform_Corner_1B,4910.4030,906.0538,8480.2780,4510.4030,506.0536,8480.2780,4510.4030,906.0538,8480.2780
Block_Platform_Corner_1B,4510.4030,906.0538,9080.2780,4510.4030,506.0536,9080.2780,4910.4030,506.0536,9080.2780
Block_Platform_Corner_1B,4510.4030,906.0538,9080.2780,4910.4030,506.0536,9080.2780,4910.4030,906.0538,9080.2780
Block_Platform_Corner_1B,4510.4030,906.0538,8505.2780,4910.4030,906.0538,8505.2780,4910.4030,906.0538,8480.2780
Block_Platform_Corner_1B,4510.4030,906.0538,8505.2780,4910.4030,906.0538,8480.2780,4510.4030,906.0538,8480.2780
Block_Platform_Corner_1B,4510.4030,906.0538,9080.2780,4910.4030,906.0538,9080.2780,4910.4030,906.0538,9055.2780
Block_Platform_Corner_1B,4510.4030,906.0538,9080.2780,4910.4030,906.0538,9055.2780,4510.4030,906.0538,9055.2780
rock_6_br,3420.3620,1393.0000,-688.5585,3406.5170,1421.2930,-434.0000,3428.8200,1421.2930,-675.9398
rock_6_br,3420.3620,1393.0000,-688.5585,3396.8960,1393.0000,-434.0000,3406.5170,1421.2930,-434.0000
rock_6_br,3396.8960,1393.0000,-434.0000,3428.8200,1421.2930,-192.0602,3406.5170,1421.2930,-434.0000
rock_6_br,3396.8960,1393.0000,-434.0000,3420.3620,1393.0000,-179.4416,3428.8200,1421.2930,-192.0602
rock_6_br,3850.9530,1393.0000,-132.3530,3824.0100,1461.0120,-434.0000,3842.4940,1461.0120,-144.9716
rock_6_br,3850.9530,1393.0000,-132.3530,3833.6320,1393.0000,-434.0000,3824.0100,1461.0120,-434.0000
rock_6_br,3833.6320,1393.0000,-434.0000,3753.1790,1461.0120,-675.9398,3824.0100,1461.0120,-434.0000
rock_6_br,3833.6320,1393.0000,-434.0000,3761.6380,1393.0000,-688.5585,3753.1790,1461.0120,-675.9398
rock_6_br,3761.6380,1393.0000,-688.5585,3591.0000,1393.0000,-743.8408,3591.0000,1461.0120,-728.4818
rock_6_br,3761.6380,1393.0000,-688.5585,3591.0000,1461.0120,-728.4818,3753.1790,1461.0120,-675.9398
rock_6_br,3591.0000,1393.0000,-743.8408,3420.3620,1393.0000,-688.5585,3428.8200,1421.2930,-675.9398
rock_6_br,3591.0000,1393.0000,-743.8408,3428.8200,1421.2930,-675.9398,3591.0000,1461.0120,-728.4818
rock_6_br,3591.0000,1393.0000,-124.1593,3850.9530,1393.0000,-132.3530,3842.4940,1461.0120,-144.9716
rock_6_br,3591.0000,1393.0000,-124.1593,3842.4940,1461.0120,-144.9716,3591.0000,1404.5960,-139.5182
rock_6_br,3420.3620,1393.0000,-179.4416,3591.0000,1393.0000,-124.1593,3591.0000,1404.5960,-139.5182
rock_6_br,3420.3620,1393.0000,-179.4416,3591.0000,1404.5960,-139.5182,3428.8200,1421.2930,-192.0602
rock_6_br,3591.0000,1404.5960,-139.5182,3486.3610,1448.3290,-277.8999,3428.8200,1421.2930,-192.0602
rock_6_br,3591.0000,1404.5960,-139.5182,3591.0000,1503.4430,-243.9997,3486.3610,1448.3290,-277.8999
rock_6_br,3842.4940,1461.0120,-144.9716,3591.0000,1503.4430,-243.9997,3591.0000,1404.5960,-139.5182
rock_6_br,3842.4940,1461.0120,-144.9716,3695.6390,1544.1700,-277.8999,3591.0000,1503.4430,-243.9997
rock_6_br,3591.0000,1503.4430,-243.9997,3471.9710,1448.3290,-434.0000,3486.3610,1448.3290,-277.8999
rock_6_br,3428.8200,1421.2930,-192.0602,3486.3610,1448.3290,-277.8999,3471.9710,1448.3290,-434.0000
rock_6_br,3428.8200,1421.2930,-192.0602,3471.9710,1448.3290,-434.0000,3406.5170,1421.2930,-434.0000
rock_6_br,3591.0000,1503.4430,-243.9997,3591.0000,1519.6370,-434.0000,3471.9710,1448.3290,-434.0000
rock_6_br,3695.6390,1544.1700,-277.8999,3591.0000,1519.6370,-434.0000,3591.0000,1503.4430,-243.9997
rock_6_br,3695.6390,1544.1700,-277.8999,3710.0290,1562.3900,-434.0000,3591.0000,1519.6370,-434.0000
rock_6_br,3406.5170,1421.2930,-434.0000,3471.9710,1448.3290,-434.0000,3486.3610,1448.3290,-590.1002
rock_6_br,3591.0000,1519.6370,-434.0000,3486.3610,1448.3290,-590.1002,3471.9710,1448.3290,-434.0000
rock_6_br,3406.5170,1421.2930,-434.0000,3486.3610,1448.3290,-590.1002,3428.8200,1421.2930,-675.9398
rock_6_br,3710.0290,1562.3900,-434.0000,3591.0000,1520.1400,-624.0003,3591.0000,1519.6370,-434.0000
rock_6_br,3591.0000,1519.6370,-434.0000,3591.0000,1520.1400,-624.0003,3486.3610,1448.3290,-590.1002
rock_6_br,3428.8200,1421.2930,-675.9398,3486.3610,1448.3290,-590.1002,3591.0000,1520.1400,-624.0003
rock_6_br,3428.8200,1421.2930,-675.9398,3591.0000,1520.1400,-624.0003,3591.0000,1461.0120,-728.4818
rock_6_br,3710.0290,1562.3900,-434.0000,3695.6390,1520.1400,-590.1002,3591.0000,1520.1400,-624.0003
rock_6_br,3591.0000,1461.0120,-728.4818,3591.0000,1520.1400,-624.0003,3695.6390,1520.1400,-590.1002
rock_6_br,3591.0000,1461.0120,-728.4818,3695.6390,1520.1400,-590.1002,3753.1790,1461.0120,-675.9398
rock_6_br,3753.1790,1461.0120,-675.9398,3695.6390,1520.1400,-590.1002,3710.0290,1562.3900,-434.0000
rock_6_br,3753.1790,1461.0120,-675.9398,3710.0290,1562.3900,-434.0000,3824.0100,1461.0120,-434.0000
rock_6_br,3824.0100,1461.0120,-434.0000,3710.0290,1562.3900,-434.0000,3695.6390,1544.1700,-277.8999
rock_6_br,3824.0100,1461.0120,-434.0000,3695.6390,1544.1700,-277.8999,3842.4940,1461.0120,-144.9716
rock_6_br,3396.8960,1393.0000,-434.0000,3591.0000,1393.0000,-124.1593,3420.3620,1393.0000,-179.4416
rock_6_br,3396.8960,1393.0000,-434.0000,3591.0000,1393.0000,-434.0000,3591.0000,1393.0000,-124.1593
rock_6_br,3420.3620,1393.0000,-688.5585,3591.0000,1393.0000,-434.0000,3396.8960,1393.0000,-434.0000
rock_6_br,3591.0000,1393.0000,-434.0000,3850.9530,1393.0000,-132.3530,3591.0000,1393.0000,-124.1593
rock_6_br,3420.3620,1393.0000,-688.5585,3591.0000,1393.0000,-743.8408,3591.0000,1393.0000,-434.0000
rock_6_br,3591.0000,1393.0000,-434.0000,3833.6320,1393.0000,-434.0000,3850.9530,1393.0000,-132.3530
rock_6_br,3591.0000,1393.0000,-743.8408,3833.6320,1393.0000,-434.0000,3591.0000,1393.0000,-434.0000
rock_6_br,3591.0000,1393.0000,-743.8408,3761.6380,1393.0000,-688.5585,3833.6320,1393.0000,-434.0000
rock_3_br,3667.4410,1464.0000,1674.6380,3922.0000,1532.0120,1688.4830,3680.0600,1532.0120,1666.1800
rock_3_br,3667.4410,1464.0000,1674.6380,3922.0000,1464.0000,1698.1040,3922.0000,1532.0120,1688.4830
rock_3_br,3922.0000,1464.0000,1698.1040,4163.9390,1532.0120,1666.1800,3922.0000,1532.0120,1688.4830
rock_3_br,3922.0000,1464.0000,1698.1040,4176.5580,1464.0000,1674.6380,4163.9390,1532.0120,1666.1800
rock_3_br,4176.5580,1464.0000,1674.6380,4231.8400,1464.0000,1504.0000,4216.4810,1532.0120,1504.0000
rock_3_br,4176.5580,1464.0000,1674.6380,4216.4810,1532.0120,1504.0000,4163.9390,1532.0120,1666.1800
rock_3_br,4176.5580,1464.0000,1333.3620,3922.0000,1532.0120,1319.5180,4163.9390,1532.0120,1341.8210
rock_3_br,4176.5580,1464.0000,1333.3620,3922.0000,1464.0000,1309.8960,3922.0000,1532.0120,1319.5180
rock_3_br,3922.0000,1464.0000,1309.8960,3680.0600,1532.0120,1341.8210,3922.0000,1532.0120,1319.5180
rock_3_br,3922.0000,1464.0000,1309.8960,3667.4410,1464.0000,1333.3620,3680.0600,1532.0120,1341.8210
rock_3_br,3667.4410,1464.0000,1333.3620,3612.1590,1464.0000,1504.0000,3627.5180,1532.0120,1504.0000
rock_3_br,3667.4410,1464.0000,1333.3620,3627.5180,1532.0120,1504.0000,3680.0600,1532.0120,1341.8210
rock_3_br,3612.1590,1464.0000,1504.0000,3667.4410,1464.0000,1674.6380,3680.0600,1532.0120,1666.1800
rock_3_br,3612.1590,1464.0000,1504.0000,3680.0600,1532.0120,1666.1800,3627.5180,1532.0120,1504.0000
rock_3_br,4231.8400,1464.0000,1504.0000,4176.5580,1464.0000,1333.3620,4163.9390,1532.0120,1341.8210
rock_3_br,4231.8400,1464.0000,1504.0000,4163.9390,1532.0120,1341.8210,4216.4810,1532.0120,1504.0000
rock_3_br,4163.9390,1532.0120,1666.1800,4078.1000,1591.1400,1608.6390,3922.0000,1591.1400,1623.0290
rock_3_br,4163.9390,1532.0120,1666.1800,3922.0000,1591.1400,1623.0290,3922.0000,1532.0120,1688.4830
rock_3_br,3922.0000,1532.0120,1688.4830,3922.0000,1591.1400,1623.0290,3765.9000,1591.1400,1608.6390
rock_3_br,3922.0000,1532.0120,1688.4830,3765.9000,1591.1400,1608.6390,3680.0600,1532.0120,1666.1800
rock_3_br,3680.0600,1532.0120,1341.8210,3765.9000,1591.1400,1399.3620,3922.0000,1591.1400,1384.9720
rock_3_br,3680.0600,1532.0120,1341.8210,3922.0000,1591.1400,1384.9720,3922.0000,1532.0120,1319.5180
rock_3_br,3922.0000,1532.0120,1319.5180,3922.0000,1591.1400,1384.9720,4078.1000,1591.1400,1399.3610
rock_3_br,3922.0000,1532.0120,1319.5180,4078.1000,1591.1400,1399.3610,4163.9390,1532.0120,1341.8210
rock_3_br,4216.4810,1532.0120,1504.0000,4078.1000,1591.1400,1608.6390,4163.9390,1532.0120,1666.1800
rock_3_br,4216.4810,1532.0120,1504.0000,4112.0000,1591.1400,1504.0000,4078.1000,1591.1400,1608.6390
rock_3_br,4163.9390,1532.0120,1341.8210,4112.0000,1591.1400,1504.0000,4216.4810,1532.0120,1504.0000
rock_3_br,4112.0000,1591.1400,1504.0000,3922.0000,1591.1400,1623.0290,4078.1000,1591.1400,1608.6390
rock_3_br,4163.9390,1532.0120,1341.8210,4078.1000,1591.1400,1399.3610,4112.0000,1591.1400,1504.0000
rock_3_br,4112.0000,1591.1400,1504.0000,3922.0000,1607.3340,1504.0000,3922.0000,1591.1400,1623.0290
rock_3_br,4078.1000,1591.1400,1399.3610,3922.0000,1607.3340,1504.0000,4112.0000,1591.1400,1504.0000
rock_3_br,3922.0000,1607.3340,1504.0000,3765.9000,1591.1400,1608.6390,3922.0000,1591.1400,1623.0290
rock_3_br,4078.1000,1591.1400,1399.3610,3922.0000,1591.1400,1384.9720,3922.0000,1607.3340,1504.0000
rock_3_br,3922.0000,1607.3340,1504.0000,3732.0000,1591.1400,1504.0000,3765.9000,1591.1400,1608.6390
rock_3_br,3922.0000,1591.1400,1384.9720,3732.0000,1591.1400,1504.0000,3922.0000,1607.3340,1504.0000
rock_3_br,3680.0600,1532.0120,1666.1800,3765.9000,1591.1400,1608.6390,3732.0000,1591.1400,1504.0000
rock_3_br,3922.0000,1591.1400,1384.9720,3765.9000,1591.1400,1399.3620,3732.0000,1591.1400,1504.0000
rock_3_br,3680.0600,1532.0120,1666.1800,3732.0000,1591.1400,1504.0000,3627.5180,1532.0120,1504.0000
rock_3_br,3627.5180,1532.0120,1504.0000,3732.0000,1591.1400,1504.0000,3765.9000,1591.1400,1399.3620
rock_3_br,3627.5180,1532.0120,1504.0000,3765.9000,1591.1400,1399.3620,3680.0600,1532.0120,1341.8210
rock_3_br,3922.0000,1464.0000,1698.1040,4231.8400,1464.0000,1504.0000,4176.5580,1464.0000,1674.6380
rock_3_br,3922.0000,1464.0000,1698.1040,3922.0000,1464.0000,1504.0000,4231.8400,1464.0000,1504.0000
rock_3_br,3667.4410,1464.0000,1674.6380,3922.0000,1464.0000,1504.0000,3922.0000,1464.0000,1698.1040
rock_3_br,3922.0000,1464.0000,1504.0000,4176.5580,1464.0000,1333.3620,4231.8400,1464.0000,1504.0000
rock_3_br,3667.4410,1464.0000,1674.6380,3612.1590,1464.0000,1504.0000,3922.0000,1464.0000,1504.0000
rock_3_br,3922.0000,1464.0000,1504.0000,3922.0000,1464.0000,1309.8960,4176.5580,1464.0000,1333.3620
rock_3_br,3612.1590,1464.0000,1504.0000,3922.0000,1464.0000,1309.8960,3922.0000,1464.0000,1504.0000
rock_3_br,3612.1590,1464.0000,1504.0000,3667.4410,1464.0000,1333.3620,3922.0000,1464.0000,1309.8960
rock_3_br,4200.3620,1147.0000,70.4416,4186.5180,1215.0120,325.0000,4208.8200,1215.0120,83.0601
rock_3_br,4200.3620,1147.0000,70.4416,4176.8960,1147.0000,325.0000,4186.5180,1215.0120,325.0000
rock_3_br,4176.8960,1147.0000,325.0000,4208.8200,1215.0120,566.9398,4186.5180,1215.0120,325.0000
rock_3_br,4176.8960,1147.0000,325.0000,4200.3620,1147.0000,579.5585,4208.8200,1215.0120,566.9398
rock_3_br,4200.3620,1147.0000,579.5585,4371.0000,1147.0000,634.8407,4371.0000,1215.0120,619.4818
rock_3_br,4200.3620,1147.0000,579.5585,4371.0000,1215.0120,619.4818,4208.8200,1215.0120,566.9398
rock_3_br,4541.6380,1147.0000,579.5585,4555.4820,1215.0120,325.0000,4533.1800,1215.0120,566.9398
rock_3_br,4541.6380,1147.0000,579.5585,4565.1040,1147.0000,325.0000,4555.4820,1215.0120,325.0000
rock_3_br,4565.1040,1147.0000,325.0000,4533.1800,1215.0120,83.0601,4555.4820,1215.0120,325.0000
rock_3_br,4565.1040,1147.0000,325.0000,4541.6380,1147.0000,70.4416,4533.1800,1215.0120,83.0601
rock_3_br,4541.6380,1147.0000,70.4416,4371.0000,1147.0000,15.1593,4371.0000,1215.0120,30.5182
rock_3_br,4541.6380,1147.0000,70.4416,4371.0000,1215.0120,30.5182,4533.1800,1215.0120,83.0601
rock_3_br,4371.0000,1147.0000,15.1593,4200.3620,1147.0000,70.4416,4208.8200,1215.0120,83.0601
rock_3_br,4371.0000,1147.0000,15.1593,4208.8200,1215.0120,83.0601,4371.0000,1215.0120,30.5182
rock_3_br,4371.0000,1147.0000,634.8407,4541.6380,1147.0000,579.5585,4533.1800,1215.0120,566.9398
rock_3_br,4371.0000,1147.0000,634.8407,4533.1800,1215.0120,566.9398,4371.0000,1215.0120,619.4818
rock_3_br,4208.8200,1215.0120,566.9398,4266.3610,1274.1400,481.1001,4251.9720,1274.1400,325.0000
rock_3_br,4208.8200,1215.0120,566.9398,4251.9720,1274.1400,325.0000,4186.5180,1215.0120,325.0000
rock_3_br,4186.5180,1215.0120,325.0000,4251.9720,1274.1400,325.0000,4266.3610,1274.1400,168.8999
rock_3_br,4186.5180,1215.0120,325.0000,4266.3610,1274.1400,168.8999,4208.8200,1215.0120,83.0601
rock_3_br,4533.1800,1215.0120,83.0601,4475.6390,1274.1400,168.8999,4490.0280,1274.1400,325.0000
rock_3_br,4533.1800,1215.0120,83.0601,4490.0280,1274.1400,325.0000,4555.4820,1215.0120,325.0000
rock_3_br,4555.4820,1215.0120,325.0000,4490.0280,1274.1400,325.0000,4475.6390,1274.1400,481.1001
rock_3_br,4555.4820,1215.0120,325.0000,4475.6390,1274.1400,481.1001,4533.1800,1215.0120,566.9398
rock_3_br,4371.0000,1215.0120,619.4818,4266.3610,1274.1400,481.1001,4208.8200,1215.0120,566.9398
rock_3_br,4371.0000,1215.0120,619.4818,4371.0000,1274.1400,515.0003,4266.3610,1274.1400,481.1001
rock_3_br,4533.1800,1215.0120,566.9398,4371.0000,1274.1400,515.0003,4371.0000,1215.0120,619.4818
rock_3_br,4371.0000,1274.1400,515.0003,4251.9720,1274.1400,325.0000,4266.3610,1274.1400,481.1001
rock_3_br,4533.1800,1215.0120,566.9398,4475.6390,1274.1400,481.1001,4371.0000,1274.1400,515.0003
rock_3_br,4371.0000,1274.1400,515.0003,4371.0000,1290.3330,325.0000,4251.9720,1274.1400,325.0000
rock_3_br,4475.6390,1274.1400,481.1001,4371.0000,1290.3330,325.0000,4371.0000,1274.1400,515.0003
rock_3_br,4371.0000,1290.3330,325.0000,4266.3610,1274.1400,168.8999,4251.9720,1274.1400,325.0000
rock_3_br,4475.6390,1274.1400,481.1001,4490.0280,1274.1400,325.0000,4371.0000,1290.3330,325.0000
rock_3_br,4371.0000,1290.3330,325.0000,4371.0000,1274.1400,134.9997,4266.3610,1274.1400,168.8999
rock_3_br,4490.0280,1274.1400,325.0000,4371.0000,1274.1400,134.9997,4371.0000,1290.3330,325.0000
rock_3_br,4208.8200,1215.0120,83.0601,4266.3610,1274.1400,168.8999,4371.0000,1274.1400,134.9997
rock_3_br,4490.0280,1274.1400,325.0000,4475.6390,1274.1400,168.8999,4371.0000,1274.1400,134.9997
rock_3_br,4208.8200,1215.0120,83.0601,4371.0000,1274.1400,134.9997,4371.0000,1215.0120,30.5182
rock_3_br,4371.0000,1215.0120,30.5182,4371.0000,1274.1400,134.9997,4475.6390,1274.1400,168.8999
rock_3_br,4371.0000,1215.0120,30.5182,4475.6390,1274.1400,168.8999,4533.1800,1215.0120,83.0601
rock_3_br,4176.8960,1147.0000,325.0000,4371.0000,1147.0000,634.8407,4200.3620,1147.0000,579.5585
rock_3_br,4176.8960,1147.0000,325.0000,4371.0000,1147.0000,325.0000,4371.0000,1147.0000,634.8407
rock_3_br,4200.3620,1147.0000,70.4416,4371.0000,1147.0000,325.0000,4176.8960,1147.0000,325.0000
rock_3_br,4371.0000,1147.0000,325.0000,4541.6380,1147.0000,579.5585,4371.0000,1147.0000,634.8407
rock_3_br,4200.3620,1147.0000,70.4416,4371.0000,1147.0000,15.1593,4371.0000,1147.0000,325.0000
rock_3_br,4371.0000,1147.0000,325.0000,4565.1040,1147.0000,325.0000,4541.6380,1147.0000,579.5585
rock_3_br,4371.0000,1147.0000,15.1593,4565.1040,1147.0000,325.0000,4371.0000,1147.0000,325.0000
rock_3_br,4371.0000,1147.0000,15.1593,4541.6380,1147.0000,70.4416,4565.1040,1147.0000,325.0000
Chain,4076.4630,1157.2380,1370.9260,4080.6080,1150.9530,1374.8450,4059.5090,1140.2770,1356.3170
Chain,4076.4630,1157.2380,1370.9260,4059.5090,1140.2770,1356.3170,4059.5020,1148.8380,1356.3360
Chain,4396.0350,1106.9130,468.1982,4367.5360,1097.8170,470.9388,4370.3120,1096.6970,462.9594
Chain,4396.0350,1106.9130,468.1982,4370.3120,1096.6970,462.9594,4393.1300,1104.0200,460.7111
Chain,4370.3120,1096.6970,462.9594,4370.6780,1105.0940,461.9074,4387.7740,1110.5610,460.2702
Chain,4370.3120,1096.6970,462.9594,4387.7740,1110.5610,460.2702,4393.1300,1104.0200,460.7111
Chain,4370.6780,1105.0940,461.9074,4367.9010,1106.2140,469.8870,4390.6820,1113.4450,467.7503
Chain,4370.6780,1105.0940,461.9074,4390.6820,1113.4450,467.7503,4387.7740,1110.5610,460.2702
Chain,4390.6820,1113.4450,467.7503,4367.9010,1106.2140,469.8870,4367.5360,1097.8170,470.9388
Chain,4390.6820,1113.4450,467.7503,4367.5360,1097.8170,470.9388,4396.0350,1106.9130,468.1982
Chain,4396.0350,1106.9130,468.1982,4393.1300,1104.0200,460.7111,4402.5830,1127.7690,433.5411
Chain,4396.0350,1106.9130,468.1982,4402.5830,1127.7690,433.5411,4406.9780,1134.2680,436.7421
Chain,4402.5830,1127.7690,433.5411,4393.1300,1104.0200,460.7111,4387.7740,1110.5610,460.2702
Chain,4402.5830,1127.7690,433.5411,4387.7740,1110.5610,460.2702,4395.6310,1130.4280,437.6872
Chain,4395.6310,1130.4280,437.6872,4387.7740,1110.5610,460.2702,4390.6820,1113.4450,467.7503
Chain,4395.6310,1130.4280,437.6872,4390.6820,1113.4450,467.7503,4400.0270,1136.9270,440.8883
Chain,4390.6820,1113.4450,467.7503,4396.0350,1106.9130,468.1982,4406.9780,1134.2680,436.7421
Chain,4390.6820,1113.4450,467.7503,4406.9780,1134.2680,436.7421,4400.0270,1136.9270,440.8883
Chain,4386.1330,1144.1120,417.4827,4406.9780,1134.2680,436.7421,4402.5830,1127.7690,433.5411
Chain,4386.1330,1144.1120,417.4827,4402.5830,1127.7690,433.5411,4385.9620,1135.5530,417.9755
Chain,4402.5830,1127.7690,433.5411,4395.6310,1130.4280,437.6872,4383.1660,1136.1880,426.0113
Chain,4402.5830,1127.7690,433.5411,4383.1660,1136.1880,426.0113,4385.9620,1135.5530,417.9755
Chain,4395.6310,1130.4280,437.6872,4400.0270,1136.9270,440.8883,4383.3730,1144.6240,425.4182
Chain,4395.6310,1130.4280,437.6872,4383.3730,1144.6240,425.4182,4383.1660,1136.1880,426.0113
Chain,4383.3730,1144.6240,425.4182,4400.0270,1136.9270,440.8883,4406.9780,1134.2680,436.7421
Chain,4383.3730,1144.6240,425.4182,4406.9780,1134.2680,436.7421,4386.1330,1144.1120,417.4827
Chain,4386.1330,1144.1120,417.4827,4385.9620,1135.5530,417.9755,4363.2690,1127.7690,419.8635
Chain,4386.1330,1144.1120,417.4827,4363.2690,1127.7690,419.8635,4357.8350,1134.2680,419.6451
Chain,4363.2690,1127.7690,419.8635,4385.9620,1135.5530,417.9755,4383.1660,1136.1880,426.0113
Chain,4363.2690,1127.7690,419.8635,4383.1660,1136.1880,426.0113,4366.1460,1130.4280,427.4290
Chain,4366.1460,1130.4280,427.4290,4383.1660,1136.1880,426.0113,4383.3730,1144.6240,425.4182
Chain,4366.1460,1130.4280,427.4290,4383.3730,1144.6240,425.4182,4360.7120,1136.9270,427.2107
Chain,4383.3730,1144.6240,425.4182,4386.1330,1144.1120,417.4827,4357.8350,1134.2680,419.6451
Chain,4383.3730,1144.6240,425.4182,4357.8350,1134.2680,419.6451,4360.7120,1136.9270,427.2107
Chain,4346.8920,1106.9130,451.1012,4357.8350,1134.2680,419.6451,4363.2690,1127.7690,419.8635
Chain,4346.8920,1106.9130,451.1012,4363.2690,1127.7690,419.8635,4353.8160,1104.0200,447.0334
Chain,4363.2690,1127.7690,419.8635,4366.1460,1130.4280,427.4290,4358.2890,1110.5610,450.0119
Chain,4363.2690,1127.7690,419.8635,4358.2890,1110.5610,450.0119,4353.8160,1104.0200,447.0334
Chain,4366.1460,1130.4280,427.4290,4360.7120,1136.9270,427.2107,4351.3670,1113.4450,454.0727
Chain,4366.1460,1130.4280,427.4290,4351.3670,1113.4450,454.0727,4358.2890,1110.5610,450.0119
Chain,4351.3670,1113.4450,454.0727,4360.7120,1136.9270,427.2107,4357.8350,1134.2680,419.6451
Chain,4351.3670,1113.4450,454.0727,4357.8350,1134.2680,419.6451,4346.8920,1106.9130,451.1012
Chain,4346.8920,1106.9130,451.1012,4353.8160,1104.0200,447.0334,4370.3120,1096.6970,462.9594
Chain,4346.8920,1106.9130,451.1012,4370.3120,1096.6970,462.9594,4367.5360,1097.8170,470.9388
Chain,4370.3120,1096.6970,462.9594,4353.8160,1104.0200,447.0334,4358.2890,1110.5610,450.0119
Chain,4370.3120,1096.6970,462.9594,4358.2890,1110.5610,450.0119,4370.6780,1105.0940,461.9074
Chain,4370.6780,1105.0940,461.9074,4358.2890,1110.5610,450.0119,4351.3670,1113.4450,454.0727
Chain,4370.6780,1105.0940,461.9074,4351.3670,1113.4450,454.0727,4367.9010,1106.2140,469.8870
Chain,4351.3670,1113.4450,454.0727,4346.8920,1106.9130,451.1012,4367.5360,1097.8170,470.9388
Chain,4351.3670,1113.4450,454.0727,4367.5360,1097.8170,470.9388,4367.9010,1106.2140,469.8870
Chain,4380.4210,1129.2450,433.9030,4387.6140,1133.0850,431.5126,4386.1330,1156.5600,435.7677
Chain,4380.4210,1129.2450,433.9030,4386.1330,1156.5600,435.7677,4378.6190,1158.5160,439.0801
Chain,4387.6140,1133.0850,431.5126,4383.4580,1136.9240,425.1740,4382.3040,1154.6210,428.4882
Chain,4387.6140,1133.0850,431.5126,4382.3040,1154.6210,428.4882,4386.1330,1156.5600,435.7677
Chain,4382.3040,1154.6210,428.4882,4383.4580,1136.9240,425.1740,4376.2650,1133.0850,427.5642
Chain,4382.3040,1154.6210,428.4882,4376.2650,1133.0850,427.5642,4374.7840,1156.5600,431.8193
Chain,4374.7840,1156.5600,431.8193,4376.2650,1133.0850,427.5642,4380.4210,1129.2450,433.9030
Chain,4374.7840,1156.5600,431.8193,4380.4210,1129.2450,433.9030,4378.6190,1158.5160,439.0801
Chain,4378.6190,1158.5160,439.0801,4386.1330,1156.5600,435.7677,4395.0270,1180.9690,410.2047
Chain,4378.6190,1158.5160,439.0801,4395.0270,1180.9690,410.2047,4388.9070,1186.7530,409.5091
Chain,4386.1330,1156.5600,435.7677,4382.3040,1154.6210,428.4882,4389.7910,1175.1670,406.9701
Chain,4386.1330,1156.5600,435.7677,4389.7910,1175.1670,406.9701,4395.0270,1180.9690,410.2047
Chain,4389.7910,1175.1670,406.9701,4382.3040,1154.6210,428.4882,4374.7840,1156.5600,431.8193
Chain,4389.7910,1175.1670,406.9701,4374.7840,1156.5600,431.8193,4383.6780,1180.9690,406.2563
Chain,4383.6780,1180.9690,406.2563,4374.7840,1156.5600,431.8193,4378.6190,1158.5160,439.0801
Chain,4383.6780,1180.9690,406.2563,4378.6190,1158.5160,439.0801,4388.9070,1186.7530,409.5091
Chain,4398.3010,1178.0930,382.5096,4388.9070,1186.7530,409.5091,4395.0270,1180.9690,410.2047
Chain,4398.3010,1178.0930,382.5096,4395.0270,1180.9690,410.2047,4402.5610,1173.9020,388.5500
Chain,4402.5610,1173.9020,388.5500,4395.0270,1180.9690,410.2047,4389.7910,1175.1670,406.9701
Chain,4402.5610,1173.9020,388.5500,4389.7910,1175.1670,406.9701,4395.4670,1169.7270,390.6554
Chain,4389.7910,1175.1670,406.9701,4383.6780,1180.9690,406.2563,4391.2110,1173.9020,384.6017
Chain,4389.7910,1175.1670,406.9701,4391.2110,1173.9020,384.6017,4395.4670,1169.7270,390.6554
Chain,4383.6780,1180.9690,406.2563,4388.9070,1186.7530,409.5091,4398.3010,1178.0930,382.5096
Chain,4383.6780,1180.9690,406.2563,4398.3010,1178.0930,382.5096,4391.2110,1173.9020,384.6017
Chain,4400.5600,1148.6770,376.0157,4398.3010,1178.0930,382.5096,4402.5610,1173.9020,388.5500
Chain,4400.5600,1148.6770,376.0157,4402.5610,1173.9020,388.5500,4404.3230,1150.4370,383.4827
Chain,4404.3230,1150.4370,383.4827,4402.5610,1173.9020,388.5500,4395.4670,1169.7270,390.6554
Chain,4404.3230,1150.4370,383.4827,4395.4670,1169.7270,390.6554,4396.7440,1152.2150,386.9832
Chain,4395.4670,1169.7270,390.6554,4391.2110,1173.9020,384.6017,4392.9750,1150.4370,379.5343
Chain,4395.4670,1169.7270,390.6554,4392.9750,1150.4370,379.5343,4396.7440,1152.2150,386.9832
Chain,4391.2110,1173.9020,384.6017,4398.3010,1178.0930,382.5096,4400.5600,1148.6770,376.0157
Chain,4391.2110,1173.9020,384.6017,4400.5600,1148.6770,376.0157,4392.9750,1150.4370,379.5343
Chain,4400.5600,1148.6770,376.0157,4404.3230,1150.4370,383.4827,4395.1130,1125.1610,409.9571
Chain,4400.5600,1148.6770,376.0157,4395.1130,1125.1610,409.9571,4389.8120,1119.1810,406.9105
Chain,4404.3230,1150.4370,383.4827,4396.7440,1152.2150,386.9832,4389.0590,1131.1240,409.0742
Chain,4404.3230,1150.4370,383.4827,4389.0590,1131.1240,409.0742,4395.1130,1125.1610,409.9571
Chain,4389.0590,1131.1240,409.0742,4396.7440,1152.2150,386.9832,4392.9750,1150.4370,379.5343
Chain,4389.0590,1131.1240,409.0742,4392.9750,1150.4370,379.5343,4383.7640,1125.1610,406.0088
Chain,4383.7640,1125.1610,406.0088,4392.9750,1150.4370,379.5343,4400.5600,1148.6770,376.0157
Chain,4383.7640,1125.1610,406.0088,4400.5600,1148.6770,376.0157,4389.8120,1119.1810,406.9105
Chain,4389.8120,1119.1810,406.9105,4395.1130,1125.1610,409.9571,4387.6140,1133.0850,431.5126
Chain,4389.8120,1119.1810,406.9105,4387.6140,1133.0850,431.5126,4380.4210,1129.2450,433.9030
Chain,4395.1130,1125.1610,409.9571,4389.0590,1131.1240,409.0742,4383.4580,1136.9240,425.1740
Chain,4395.1130,1125.1610,409.9571,4383.4580,1136.9240,425.1740,4387.6140,1133.0850,431.5126
Chain,4383.4580,1136.9240,425.1740,4389.0590,1131.1240,409.0742,4383.7640,1125.1610,406.0088
Chain,4383.4580,1136.9240,425.1740,4383.7640,1125.1610,406.0088,4376.2650,1133.0850,427.5642
Chain,4376.2650,1133.0850,427.5642,4383.7640,1125.1610,406.0088,4389.8120,1119.1810,406.9105
Chain,4376.2650,1133.0850,427.5642,4389.8120,1119.1810,406.9105,4380.4210,1129.2450,433.9030
Chain,4340.7370,1042.2870,547.9687,4343.4320,1040.3310,540.2219,4366.4610,1046.7490,537.3664
Chain,4340.7370,1042.2870,547.9687,4366.4610,1046.7490,537.3664,4369.4930,1050.2510,544.4891
Chain,4366.4610,1046.7490,537.3664,4343.4320,1040.3310,540.2219,4344.0840,1048.6580,538.3462
Chain,4366.4610,1046.7490,537.3664,4344.0840,1048.6580,538.3462,4361.3380,1053.4370,536.2585
Chain,4361.3380,1053.4370,536.2585,4344.0840,1048.6580,538.3462,4341.3890,1050.6150,546.0930
Chain,4361.3380,1053.4370,536.2585,4341.3890,1050.6150,546.0930,4364.3690,1056.9390,543.3813
Chain,4341.3890,1050.6150,546.0930,4340.7370,1042.2870,547.9687,4369.4930,1050.2510,544.4891
Chain,4341.3890,1050.6150,546.0930,4369.4930,1050.2510,544.4891,4364.3690,1056.9390,543.3813
Chain,4369.4930,1050.2510,544.4891,4366.4610,1046.7490,537.3664,4376.7170,1067.2660,507.8882
Chain,4369.4930,1050.2510,544.4891,4376.7170,1067.2660,507.8882,4381.3240,1073.9250,510.4822
Chain,4376.7170,1067.2660,507.8882,4366.4610,1046.7490,537.3664,4361.3380,1053.4370,536.2585
Chain,4376.7170,1067.2660,507.8882,4361.3380,1053.4370,536.2585,4369.8720,1070.5050,511.7281
Chain,4369.8720,1070.5050,511.7281,4361.3380,1053.4370,536.2585,4364.3690,1056.9390,543.3813
Chain,4369.8720,1070.5050,511.7281,4364.3690,1056.9390,543.3813,4374.4790,1077.1640,514.3220
Chain,4364.3690,1056.9390,543.3813,4369.4930,1050.2510,544.4891,4381.3240,1073.9250,510.4822
Chain,4364.3690,1056.9390,543.3813,4381.3240,1073.9250,510.4822,4374.4790,1077.1640,514.3220
Chain,4381.3240,1073.9250,510.4822,4376.7170,1067.2660,507.8882,4360.3280,1074.1530,491.6548
Chain,4381.3240,1073.9250,510.4822,4360.3280,1074.1530,491.6548,4360.8100,1082.4750,490.2702
Chain,4376.7170,1067.2660,507.8882,4369.8720,1070.5050,511.7281,4357.5640,1075.6350,499.6009
Chain,4376.7170,1067.2660,507.8882,4357.5640,1075.6350,499.6009,4360.3280,1074.1530,491.6548
Chain,4369.8720,1070.5050,511.7281,4374.4790,1077.1640,514.3220,4358.0450,1083.9580,498.2162
Chain,4369.8720,1070.5050,511.7281,4358.0450,1083.9580,498.2162,4357.5640,1075.6350,499.6009
Chain,4374.4790,1077.1640,514.3220,4381.3240,1073.9250,510.4822,4360.8100,1082.4750,490.2702
Chain,4374.4790,1077.1640,514.3220,4360.8100,1082.4750,490.2702,4358.0450,1083.9580,498.2162
Chain,4332.1810,1073.9250,493.3852,4360.8100,1082.4750,490.2702,4360.3280,1074.1530,491.6548
Chain,4332.1810,1073.9250,493.3852,4360.3280,1074.1530,491.6548,4337.4030,1067.2660,494.2105
Chain,4337.4030,1067.2660,494.2105,4360.3280,1074.1530,491.6548,4357.5640,1075.6350,499.6009
Chain,4337.4030,1067.2660,494.2105,4357.5640,1075.6350,499.6009,4340.3870,1070.5050,501.4699
Chain,4340.3870,1070.5050,501.4699,4357.5640,1075.6350,499.6009,4358.0450,1083.9580,498.2162
Chain,4340.3870,1070.5050,501.4699,4358.0450,1083.9580,498.2162,4335.1650,1077.1640,500.6444
Chain,4335.1650,1077.1640,500.6444,4358.0450,1083.9580,498.2162,4360.8100,1082.4750,490.2702
Chain,4335.1650,1077.1640,500.6444,4360.8100,1082.4750,490.2702,4332.1810,1073.9250,493.3852
Chain,4320.3500,1050.2510,527.3920,4332.1810,1073.9250,493.3852,4337.4030,1067.2660,494.2105
Chain,4320.3500,1050.2510,527.3920,4337.4030,1067.2660,494.2105,4327.1470,1046.7490,523.6887
Chain,4337.4030,1067.2660,494.2105,4340.3870,1070.5050,501.4699,4331.8530,1053.4370,526.0002
Chain,4337.4030,1067.2660,494.2105,4331.8530,1053.4370,526.0002,4327.1470,1046.7490,523.6887
Chain,4340.3870,1070.5050,501.4699,4335.1650,1077.1640,500.6444,4325.0550,1056.9390,529.7036
Chain,4340.3870,1070.5050,501.4699,4325.0550,1056.9390,529.7036,4331.8530,1053.4370,526.0002
Chain,4325.0550,1056.9390,529.7036,4335.1650,1077.1640,500.6444,4332.1810,1073.9250,493.3852
Chain,4325.0550,1056.9390,529.7036,4332.1810,1073.9250,493.3852,4320.3500,1050.2510,527.3920
Chain,4340.7370,1042.2870,547.9687,4320.3500,1050.2510,527.3920,4327.1470,1046.7490,523.6887
Chain,4340.7370,1042.2870,547.9687,4327.1470,1046.7490,523.6887,4343.4320,1040.3310,540.2219
Chain,4327.1470,1046.7490,523.6887,4331.8530,1053.4370,526.0002,4344.0840,1048.6580,538.3462
Chain,4327.1470,1046.7490,523.6887,4344.0840,1048.6580,538.3462,4343.4320,1040.3310,540.2219
Chain,4331.8530,1053.4370,526.0002,4325.0550,1056.9390,529.7036,4341.3890,1050.6150,546.0930
Chain,4331.8530,1053.4370,526.0002,4341.3890,1050.6150,546.0930,4344.0840,1048.6580,538.3462
Chain,4341.3890,1050.6150,546.0930,4325.0550,1056.9390,529.7036,4320.3500,1050.2510,527.3920
Chain,4341.3890,1050.6150,546.0930,4320.3500,1050.2510,527.3920,4340.7370,1042.2870,547.9687
Chain,4354.6290,1069.4510,508.0365,4361.9270,1072.8710,505.3453,4361.2120,1096.6770,507.4003
Chain,4354.6290,1069.4510,508.0365,4361.2120,1096.6770,507.4003,4353.7590,1099.2600,510.5367
Chain,4361.9270,1072.8710,505.3453,4357.8750,1076.2910,498.7058,4357.3250,1094.1150,500.2881
Chain,4361.9270,1072.8710,505.3453,4357.3250,1094.1150,500.2881,4361.2120,1096.6770,507.4003
Chain,4357.3250,1094.1150,500.2881,4357.8750,1076.2910,498.7058,4350.5780,1072.8710,501.3969
Chain,4357.3250,1094.1150,500.2881,4350.5780,1072.8710,501.3969,4349.8630,1096.6770,503.4520
Chain,4349.8630,1096.6770,503.4520,4350.5780,1072.8710,501.3969,4354.6290,1069.4510,508.0365
Chain,4349.8630,1096.6770,503.4520,4354.6290,1069.4510,508.0365,4353.7590,1099.2600,510.5367
Chain,4353.7590,1099.2600,510.5367,4361.2120,1096.6770,507.4003,4370.7730,1118.3260,479.9188
Chain,4353.7590,1099.2600,510.5367,4370.7730,1118.3260,479.9188,4364.8180,1124.2140,478.7498
Chain,4361.2120,1096.6770,507.4003,4357.3250,1094.1150,500.2881,4365.3700,1112.4170,477.1636
Chain,4361.2120,1096.6770,507.4003,4365.3700,1112.4170,477.1636,4370.7730,1118.3260,479.9188
Chain,4365.3700,1112.4170,477.1636,4357.3250,1094.1150,500.2881,4349.8630,1096.6770,503.4520
Chain,4365.3700,1112.4170,477.1636,4349.8630,1096.6770,503.4520,4359.4240,1118.3260,475.9704
Chain,4359.4240,1118.3260,475.9704,4349.8630,1096.6770,503.4520,4353.7590,1099.2600,510.5367
Chain,4359.4240,1118.3260,475.9704,4353.7590,1099.2600,510.5367,4364.8180,1124.2140,478.7498
Chain,4373.9550,1112.8960,452.4872,4364.8180,1124.2140,478.7498,4370.7730,1118.3260,479.9188
Chain,4373.9550,1112.8960,452.4872,4370.7730,1118.3260,479.9188,4378.0930,1109.1250,458.8781
Chain,4378.0930,1109.1250,458.8781,4370.7730,1118.3260,479.9188,4365.3700,1112.4170,477.1636
Chain,4378.0930,1109.1250,458.8781,4365.3700,1112.4170,477.1636,4370.8470,1105.4870,461.4196
Chain,4365.3700,1112.4170,477.1636,4359.4240,1118.3260,475.9704,4366.7440,1109.1250,454.9297
Chain,4365.3700,1112.4170,477.1636,4366.7440,1109.1250,454.9297,4370.8470,1105.4870,461.4196
Chain,4359.4240,1118.3260,475.9704,4364.8180,1124.2140,478.7498,4373.9550,1112.8960,452.4872
Chain,4359.4240,1118.3260,475.9704,4373.9550,1112.8960,452.4872,4366.7440,1109.1250,454.9297
Chain,4375.3060,1083.1210,448.6051,4373.9550,1112.8960,452.4872,4378.0930,1109.1250,458.8781
Chain,4375.3060,1083.1210,448.6051,4378.0930,1109.1250,458.8781,4379.1290,1085.3720,455.9001
Chain,4379.1290,1085.3720,455.9001,4378.0930,1109.1250,458.8781,4370.8470,1105.4870,461.4196
Chain,4379.1290,1085.3720,455.9001,4370.8470,1105.4870,461.4196,4371.6120,1087.6420,459.2226
Chain,4370.8470,1105.4870,461.4196,4366.7440,1109.1250,454.9297,4367.7800,1085.3720,451.9518
Chain,4370.8470,1105.4870,461.4196,4367.7800,1085.3720,451.9518,4371.6120,1087.6420,459.2226
Chain,4366.7440,1109.1250,454.9297,4373.9550,1112.8960,452.4872,4375.3060,1083.1210,448.6051
Chain,4366.7440,1109.1250,454.9297,4375.3060,1083.1210,448.6051,4367.7800,1085.3720,451.9518
Chain,4375.3060,1083.1210,448.6051,4379.1290,1085.3720,455.9001,4369.1340,1062.7450,484.6287
Chain,4375.3060,1083.1210,448.6051,4369.1340,1062.7450,484.6287,4363.6150,1056.7420,482.2094
Chain,4379.1290,1085.3720,455.9001,4371.6120,1087.6420,459.2226,4363.2950,1068.7280,483.1272
Chain,4379.1290,1085.3720,455.9001,4363.2950,1068.7280,483.1272,4369.1340,1062.7450,484.6287
Chain,4363.2950,1068.7280,483.1272,4371.6120,1087.6420,459.2226,4367.7800,1085.3720,451.9518
Chain,4363.2950,1068.7280,483.1272,4367.7800,1085.3720,451.9518,4357.7850,1062.7450,480.6803
Chain,4357.7850,1062.7450,480.6803,4367.7800,1085.3720,451.9518,4375.3060,1083.1210,448.6051
Chain,4357.7850,1062.7450,480.6803,4375.3060,1083.1210,448.6051,4363.6150,1056.7420,482.2094
Chain,4363.6150,1056.7420,482.2094,4369.1340,1062.7450,484.6287,4361.9270,1072.8710,505.3453
Chain,4363.6150,1056.7420,482.2094,4361.9270,1072.8710,505.3453,4354.6290,1069.4510,508.0365
Chain,4369.1340,1062.7450,484.6287,4363.2950,1068.7280,483.1272,4357.8750,1076.2910,498.7058
Chain,4369.1340,1062.7450,484.6287,4357.8750,1076.2910,498.7058,4361.9270,1072.8710,505.3453
Chain,4357.8750,1076.2910,498.7058,4363.2950,1068.7280,483.1272,4357.7850,1062.7450,480.6803
Chain,4357.8750,1076.2910,498.7058,4357.7850,1062.7450,480.6803,4350.5780,1072.8710,501.3969
Chain,4350.5780,1072.8710,501.3969,4357.7850,1062.7450,480.6803,4363.6150,1056.7420,482.2094
Chain,4350.5780,1072.8710,501.3969,4363.6150,1056.7420,482.2094,4354.6290,1069.4510,508.0365
Chain,4340.9050,1003.7820,626.6603,4311.8110,997.7699,631.1121,4314.4040,994.6608,623.6582
Chain,4340.9050,1003.7820,626.6603,4314.4040,994.6608,623.6582,4337.7110,999.5129,620.0062
Chain,4314.4040,994.6608,623.6582,4315.4290,1002.5800,620.7118,4332.8860,1006.1870,618.0408
Chain,4314.4040,994.6608,623.6582,4332.8860,1006.1870,618.0408,4337.7110,999.5129,620.0062
Chain,4315.4290,1002.5800,620.7118,4312.8360,1005.6890,628.1657,4336.0800,1010.4560,624.6949
Chain,4315.4290,1002.5800,620.7118,4336.0800,1010.4560,624.6949,4332.8860,1006.1870,618.0408
Chain,4336.0800,1010.4560,624.6949,4312.8360,1005.6890,628.1657,4311.8110,997.7699,631.1121
Chain,4336.0800,1010.4560,624.6949,4311.8110,997.7699,631.1121,4340.9050,1003.7820,626.6603
Chain,4340.9050,1003.7820,626.6603,4337.7110,999.5129,620.0062,4348.7690,1015.8340,588.2214
Chain,4340.9050,1003.7820,626.6603,4348.7690,1015.8340,588.2214,4353.6590,1022.5060,590.0019
Chain,4348.7690,1015.8340,588.2214,4337.7110,999.5129,620.0062,4332.8860,1006.1870,618.0408
Chain,4348.7690,1015.8340,588.2214,4332.8860,1006.1870,618.0408,4342.0630,1019.8310,591.6635
Chain,4342.0630,1019.8310,591.6635,4332.8860,1006.1870,618.0408,4336.0800,1010.4560,624.6949
Chain,4342.0630,1019.8310,591.6635,4336.0800,1010.4560,624.6949,4346.9520,1026.5030,593.4438
Chain,4336.0800,1010.4560,624.6949,4340.9050,1003.7820,626.6603,4353.6590,1022.5060,590.0019
Chain,4336.0800,1010.4560,624.6949,4353.6590,1022.5060,590.0019,4346.9520,1026.5030,593.4438
Chain,4353.6590,1022.5060,590.0019,4348.7690,1015.8340,588.2214,4332.6270,1021.5080,571.2774
Chain,4353.6590,1022.5060,590.0019,4332.6270,1021.5080,571.2774,4333.4130,1029.7330,569.0199
Chain,4348.7690,1015.8340,588.2214,4342.0630,1019.8310,591.6635,4329.9680,1023.8600,578.9212
Chain,4348.7690,1015.8340,588.2214,4329.9680,1023.8600,578.9212,4332.6270,1021.5080,571.2774
Chain,4342.0630,1019.8310,591.6635,4346.9520,1026.5030,593.4438,4330.7540,1032.0850,576.6636
Chain,4342.0630,1019.8310,591.6635,4330.7540,1032.0850,576.6636,4329.9680,1023.8600,578.9212
Chain,4346.9520,1026.5030,593.4438,4353.6590,1022.5060,590.0019,4333.4130,1029.7330,569.0199
Chain,4346.9520,1026.5030,593.4438,4333.4130,1029.7330,569.0199,4330.7540,1032.0850,576.6636
Chain,4304.5160,1022.5060,572.9048,4333.4130,1029.7330,569.0199,4332.6270,1021.5080,571.2774
Chain,4304.5160,1022.5060,572.9048,4332.6270,1021.5080,571.2774,4309.4550,1015.8340,574.5439
Chain,4309.4550,1015.8340,574.5439,4332.6270,1021.5080,571.2774,4329.9680,1023.8600,578.9212
Chain,4309.4550,1015.8340,574.5439,4329.9680,1023.8600,578.9212,4312.5770,1019.8310,581.4053
Chain,4312.5770,1019.8310,581.4053,4329.9680,1023.8600,578.9212,4330.7540,1032.0850,576.6636
Chain,4312.5770,1019.8310,581.4053,4330.7540,1032.0850,576.6636,4307.6380,1026.5030,579.7662
Chain,4307.6380,1026.5030,579.7662,4330.7540,1032.0850,576.6636,4333.4130,1029.7330,569.0199
Chain,4307.6380,1026.5030,579.7662,4333.4130,1029.7330,569.0199,4304.5160,1022.5060,572.9048
Chain,4291.7620,1003.7820,609.5632,4304.5160,1022.5060,572.9048,4309.4550,1015.8340,574.5439
Chain,4291.7620,1003.7820,609.5632,4309.4550,1015.8340,574.5439,4298.3960,999.5129,606.3286
Chain,4309.4550,1015.8340,574.5439,4312.5770,1019.8310,581.4053,4303.3990,1006.1870,607.7825
Chain,4309.4550,1015.8340,574.5439,4303.3990,1006.1870,607.7825,4298.3960,999.5129,606.3286
Chain,4312.5770,1019.8310,581.4053,4307.6380,1026.5030,579.7662,4296.7650,1010.4560,611.0173
Chain,4312.5770,1019.8310,581.4053,4296.7650,1010.4560,611.0173,4303.3990,1006.1870,607.7825
Chain,4296.7650,1010.4560,611.0173,4307.6380,1026.5030,579.7662,4304.5160,1022.5060,572.9048
Chain,4296.7650,1010.4560,611.0173,4304.5160,1022.5060,572.9048,4291.7620,1003.7820,609.5632
Chain,4291.7620,1003.7820,609.5632,4298.3960,999.5129,606.3286,4314.4040,994.6608,623.6582
Chain,4291.7620,1003.7820,609.5632,4314.4040,994.6608,623.6582,4311.8110,997.7699,631.1121
Chain,4314.4040,994.6608,623.6582,4298.3960,999.5129,606.3286,4303.3990,1006.1870,607.7825
Chain,4314.4040,994.6608,623.6582,4303.3990,1006.1870,607.7825,4315.4290,1002.5800,620.7118
Chain,4315.4290,1002.5800,620.7118,4303.3990,1006.1870,607.7825,4296.7650,1010.4560,611.0173
Chain,4315.4290,1002.5800,620.7118,4296.7650,1010.4560,611.0173,4312.8360,1005.6890,628.1657
Chain,4296.7650,1010.4560,611.0173,4291.7620,1003.7820,609.5632,4311.8110,997.7699,631.1121
Chain,4296.7650,1010.4560,611.0173,4311.8110,997.7699,631.1121,4312.8360,1005.6890,628.1657
Chain,4326.7740,1019.0060,588.1000,4334.2170,1021.6820,584.9931,4334.4400,1045.6640,584.3506
Chain,4326.7740,1019.0060,588.1000,4334.4400,1045.6640,584.3506,4327.1210,1048.8210,587.1045
Chain,4334.2170,1021.6820,584.9931,4330.2990,1024.4230,577.9713,4330.4230,1042.5270,577.6136
Chain,4334.2170,1021.6820,584.9931,4330.4230,1042.5270,577.6136,4334.4400,1045.6640,584.3506
Chain,4330.4230,1042.5270,577.6136,4330.2990,1024.4230,577.9713,4322.8680,1021.6820,581.0448
Chain,4330.4230,1042.5270,577.6136,4322.8680,1021.6820,581.0448,4323.0910,1045.6640,580.4022
Chain,4323.0910,1045.6640,580.4022,4322.8680,1021.6820,581.0448,4326.7740,1019.0060,588.1000
Chain,4323.0910,1045.6640,580.4022,4326.7740,1019.0060,588.1000,4327.1210,1048.8210,587.1045
Chain,4327.1210,1048.8210,587.1045,4334.4400,1045.6640,584.3506,4344.7240,1063.6200,554.7942
Chain,4327.1210,1048.8210,587.1045,4344.7240,1063.6200,554.7942,4338.9730,1069.6130,553.0380
Chain,4344.7240,1063.6200,554.7942,4334.4400,1045.6640,584.3506,4330.4230,1042.5270,577.6136
Chain,4344.7240,1063.6200,554.7942,4330.4230,1042.5270,577.6136,4339.1140,1057.6060,552.6331
Chain,4330.4230,1042.5270,577.6136,4323.0910,1045.6640,580.4022,4333.3750,1063.6200,550.8458
Chain,4330.4230,1042.5270,577.6136,4333.3750,1063.6200,550.8458,4339.1140,1057.6060,552.6331
Chain,4333.3750,1063.6200,550.8458,4323.0910,1045.6640,580.4022,4327.1210,1048.8210,587.1045
Chain,4333.3750,1063.6200,550.8458,4327.1210,1048.8210,587.1045,4338.9730,1069.6130,553.0380
Chain,4347.6130,1055.3740,528.2039,4338.9730,1069.6130,553.0380,4344.7240,1063.6200,554.7942
Chain,4347.6130,1055.3740,528.2039,4344.7240,1063.6200,554.7942,4351.6140,1052.1880,534.9894
Chain,4351.6140,1052.1880,534.9894,4344.7240,1063.6200,554.7942,4339.1140,1057.6060,552.6331
Chain,4351.6140,1052.1880,534.9894,4339.1140,1057.6060,552.6331,4344.2650,1049.0030,537.8263
Chain,4339.1140,1057.6060,552.6331,4333.3750,1063.6200,550.8458,4340.2650,1052.1880,531.0410
Chain,4339.1140,1057.6060,552.6331,4340.2650,1052.1880,531.0410,4344.2650,1049.0030,537.8263
Chain,4333.3750,1063.6200,550.8458,4338.9730,1069.6130,553.0380,4347.6130,1055.3740,528.2039
Chain,4333.3750,1063.6200,550.8458,4347.6130,1055.3740,528.2039,4340.2650,1052.1880,531.0410
Chain,4347.8840,1025.2070,527.4258,4347.6130,1055.3740,528.2039,4351.6140,1052.1880,534.9894
Chain,4347.8840,1025.2070,527.4258,4351.6140,1052.1880,534.9894,4351.8090,1028.0140,534.4293
Chain,4351.8090,1028.0140,534.4293,4351.6140,1052.1880,534.9894,4344.2650,1049.0030,537.8263
Chain,4351.8090,1028.0140,534.4293,4344.2650,1049.0030,537.8263,4344.3950,1030.8420,537.4533
Chain,4344.2650,1049.0030,537.8263,4340.2650,1052.1880,531.0410,4340.4590,1028.0140,530.4809
Chain,4344.2650,1049.0030,537.8263,4340.4590,1028.0140,530.4809,4344.3950,1030.8420,537.4533
Chain,4340.2650,1052.1880,531.0410,4347.6130,1055.3740,528.2039,4347.8840,1025.2070,527.4258
Chain,4340.2650,1052.1880,531.0410,4347.8840,1025.2070,527.4258,4340.4590,1028.0140,530.4809
Chain,4347.8840,1025.2070,527.4258,4351.8090,1028.0140,534.4293,4340.9500,1009.0560,565.6391
Chain,4347.8840,1025.2070,527.4258,4340.9500,1009.0560,565.6391,4335.1990,1002.9620,563.8874
Chain,4340.9500,1009.0560,565.6391,4351.8090,1028.0140,534.4293,4344.3950,1030.8420,537.4533
Chain,4340.9500,1009.0560,565.6391,4344.3950,1030.8420,537.4533,4335.3410,1015.1290,563.4769
Chain,4344.3950,1030.8420,537.4533,4340.4590,1028.0140,530.4809,4329.6010,1009.0560,561.6907
Chain,4344.3950,1030.8420,537.4533,4329.6010,1009.0560,561.6907,4335.3410,1015.1290,563.4769
Chain,4329.6010,1009.0560,561.6907,4340.4590,1028.0140,530.4809,4347.8840,1025.2070,527.4258
Chain,4329.6010,1009.0560,561.6907,4347.8840,1025.2070,527.4258,4335.1990,1002.9620,563.8874
Chain,4335.1990,1002.9620,563.8874,4340.9500,1009.0560,565.6391,4334.2170,1021.6820,584.9931
Chain,4335.1990,1002.9620,563.8874,4334.2170,1021.6820,584.9931,4326.7740,1019.0060,588.1000
Chain,4340.9500,1009.0560,565.6391,4335.3410,1015.1290,563.4769,4330.2990,1024.4230,577.9713
Chain,4340.9500,1009.0560,565.6391,4330.2990,1024.4230,577.9713,4334.2170,1021.6820,584.9931
Chain,4330.2990,1024.4230,577.9713,4335.3410,1015.1290,563.4769,4329.6010,1009.0560,561.6907
Chain,4330.2990,1024.4230,577.9713,4329.6010,1009.0560,561.6907,4322.8680,1021.6820,581.0448
Chain,4322.8680,1021.6820,581.0448,4329.6010,1009.0560,561.6907,4335.1990,1002.9620,563.8874
Chain,4322.8680,1021.6820,581.0448,4335.1990,1002.9620,563.8874,4326.7740,1019.0060,588.1000
Chain,4281.1200,966.0985,719.3297,4283.4590,961.8239,712.6030,4307.0080,965.0566,708.2571
Chain,4281.1200,966.0985,719.3297,4307.0080,965.0566,708.2571,4310.4520,970.0612,714.1946
Chain,4307.0080,965.0566,708.2571,4283.4590,961.8239,712.6030,4284.9280,969.2686,708.3828
Chain,4307.0080,965.0566,708.2571,4284.9280,969.2686,708.3828,4302.5270,971.6462,705.3016
Chain,4302.5270,971.6462,705.3016,4284.9280,969.2686,708.3828,4282.5870,973.5433,715.1095
Chain,4302.5270,971.6462,705.3016,4282.5870,973.5433,715.1095,4305.9700,976.6507,711.2391
Chain,4282.5870,973.5433,715.1095,4281.1200,966.0985,719.3297,4310.4520,970.0612,714.1946
Chain,4282.5870,973.5433,715.1095,4310.4520,970.0612,714.1946,4305.9700,976.6507,711.2391
Chain,4310.4520,970.0612,714.1946,4307.0080,965.0566,708.2571,4318.7630,976.3262,674.4702
Chain,4310.4520,970.0612,714.1946,4318.7630,976.3262,674.4702,4323.9600,982.9785,675.3655
Chain,4318.7630,976.3262,674.4702,4307.0080,965.0566,708.2571,4302.5270,971.6462,705.3016
Chain,4318.7630,976.3262,674.4702,4302.5270,971.6462,705.3016,4312.2600,981.0723,677.3264
Chain,4312.2600,981.0723,677.3264,4302.5270,971.6462,705.3016,4305.9700,976.6507,711.2391
Chain,4312.2600,981.0723,677.3264,4305.9700,976.6507,711.2391,4317.4630,987.6733,678.2049
Chain,4305.9700,976.6507,711.2391,4310.4520,970.0612,714.1946,4323.9600,982.9785,675.3655
Chain,4305.9700,976.6507,711.2391,4323.9600,982.9785,675.3655,4317.4630,987.6733,678.2049
Chain,4323.9600,982.9785,675.3655,4318.7630,976.3262,674.4702,4302.8400,980.5361,656.8956
Chain,4323.9600,982.9785,675.3655,4302.8400,980.5361,656.8956,4304.0040,988.3033,653.5521
Chain,4318.7630,976.3262,674.4702,4312.2600,981.0723,677.3264,4300.3120,984.0435,664.1641
Chain,4318.7630,976.3262,674.4702,4300.3120,984.0435,664.1641,4302.8400,980.5361,656.8956
Chain,4312.2600,981.0723,677.3264,4317.4630,987.6733,678.2049,4301.4750,991.8107,660.8207
Chain,4312.2600,981.0723,677.3264,4301.4750,991.8107,660.8207,4300.3120,984.0435,664.1641
Chain,4317.4630,987.6733,678.2049,4323.9600,982.9785,675.3655,4304.0040,988.3033,653.5521
Chain,4317.4630,987.6733,678.2049,4304.0040,988.3033,653.5521,4301.4750,991.8107,660.8207
Chain,4274.8170,982.9785,658.2686,4304.0040,988.3033,653.5521,4302.8400,980.5361,656.8956
Chain,4274.8170,982.9785,658.2686,4302.8400,980.5361,656.8956,4279.4480,976.3262,660.7925
Chain,4279.4480,976.3262,660.7925,4302.8400,980.5361,656.8956,4300.3120,984.0435,664.1641
Chain,4279.4480,976.3262,660.7925,4300.3120,984.0435,664.1641,4282.7740,981.0723,667.0682
Chain,4282.7740,981.0723,667.0682,4300.3120,984.0435,664.1641,4301.4750,991.8107,660.8207
Chain,4282.7740,981.0723,667.0682,4301.4750,991.8107,660.8207,4278.1490,987.6733,664.5273
Chain,4278.1490,987.6733,664.5273,4301.4750,991.8107,660.8207,4304.0040,988.3033,653.5521
Chain,4278.1490,987.6733,664.5273,4304.0040,988.3033,653.5521,4274.8170,982.9785,658.2686
Chain,4261.3090,970.0612,697.0976,4274.8170,982.9785,658.2686,4279.4480,976.3262,660.7925
Chain,4261.3090,970.0612,697.0976,4279.4480,976.3262,660.7925,4267.6940,965.0566,694.5795
Chain,4279.4480,976.3262,660.7925,4282.7740,981.0723,667.0682,4273.0420,971.6462,695.0435
Chain,4279.4480,976.3262,660.7925,4273.0420,971.6462,695.0435,4267.6940,965.0566,694.5795
Chain,4282.7740,981.0723,667.0682,4278.1490,987.6733,664.5273,4266.6560,976.6507,697.5615
Chain,4282.7740,981.0723,667.0682,4266.6560,976.6507,697.5615,4273.0420,971.6462,695.0435
Chain,4266.6560,976.6507,697.5615,4278.1490,987.6733,664.5273,4274.8170,982.9785,658.2686
Chain,4266.6560,976.6507,697.5615,4274.8170,982.9785,658.2686,4261.3090,970.0612,697.0976
Chain,4281.1200,966.0985,719.3297,4261.3090,970.0612,697.0976,4267.6940,965.0566,694.5795
Chain,4281.1200,966.0985,719.3297,4267.6940,965.0566,694.5795,4283.4590,961.8239,712.6030
Chain,4267.6940,965.0566,694.5795,4273.0420,971.6462,695.0435,4284.9280,969.2686,708.3828
Chain,4267.6940,965.0566,694.5795,4284.9280,969.2686,708.3828,4283.4590,961.8239,712.6030
Chain,4273.0420,971.6462,695.0435,4266.6560,976.6507,697.5615,4282.5870,973.5433,715.1095
Chain,4273.0420,971.6462,695.0435,4282.5870,973.5433,715.1095,4284.9280,969.2686,708.3828
Chain,4282.5870,973.5433,715.1095,4266.6560,976.6507,697.5615,4261.3090,970.0612,697.0976
Chain,4282.5870,973.5433,715.1095,4261.3090,970.0612,697.0976,4281.1200,966.0985,719.3297
Chain,4296.9380,980.5007,673.8604,4304.4910,982.3558,670.4373,4305.8100,1006.0980,666.6441
Chain,4296.9380,980.5007,673.8604,4305.8100,1006.0980,666.6441,4298.6550,1009.9520,668.9279
Chain,4304.4910,982.3558,670.4373,4300.6660,984.4521,663.1460,4301.6310,1002.2600,660.3710
Chain,4304.4910,982.3558,670.4373,4301.6310,1002.2600,660.3710,4305.8100,1006.0980,666.6441
Chain,4301.6310,1002.2600,660.3710,4300.6660,984.4521,663.1460,4293.1420,982.3558,666.4890
Chain,4301.6310,1002.2600,660.3710,4293.1420,982.3558,666.4890,4294.4610,1006.0980,662.6957
Chain,4294.4610,1006.0980,662.6957,4293.1420,982.3558,666.4890,4296.9380,980.5007,673.8604
Chain,4294.4610,1006.0980,662.6957,4296.9380,980.5007,673.8604,4298.6550,1009.9520,668.9279
Chain,4298.6550,1009.9520,668.9279,4305.8100,1006.0980,666.6441,4316.7680,1019.5280,635.1486
Chain,4298.6550,1009.9520,668.9279,4316.7680,1019.5280,635.1486,4311.2830,1025.4580,632.6287
Chain,4316.7680,1019.5280,635.1486,4305.8100,1006.0980,666.6441,4301.6310,1002.2600,660.3710
Chain,4316.7680,1019.5280,635.1486,4301.6310,1002.2600,660.3710,4310.8900,1013.5790,633.7593
Chain,4301.6310,1002.2600,660.3710,4294.4610,1006.0980,662.6957,4305.4190,1019.5280,631.2002
Chain,4301.6310,1002.2600,660.3710,4305.4190,1019.5280,631.2002,4310.8900,1013.5790,633.7593
Chain,4305.4190,1019.5280,631.2002,4294.4610,1006.0980,662.6957,4298.6550,1009.9520,668.9279
Chain,4305.4190,1019.5280,631.2002,4298.6550,1009.9520,668.9279,4311.2830,1025.4580,632.6287
Chain,4319.2430,1007.6490,609.7496,4311.2830,1025.4580,632.6287,4316.7680,1019.5280,635.1486
Chain,4319.2430,1007.6490,609.7496,4316.7680,1019.5280,635.1486,4323.1080,1005.2440,616.9240
Chain,4323.1080,1005.2440,616.9240,4316.7680,1019.5280,635.1486,4310.8900,1013.5790,633.7593
Chain,4323.1080,1005.2440,616.9240,4310.8900,1013.5790,633.7593,4315.6240,1002.8390,620.1500
Chain,4310.8900,1013.5790,633.7593,4305.4190,1019.5280,631.2002,4311.7590,1005.2440,612.9756
Chain,4310.8900,1013.5790,633.7593,4311.7590,1005.2440,612.9756,4315.6240,1002.8390,620.1500
Chain,4305.4190,1019.5280,631.2002,4311.2830,1025.4580,632.6287,4319.2430,1007.6490,609.7496
Chain,4305.4190,1019.5280,631.2002,4319.2430,1007.6490,609.7496,4311.7590,1005.2440,612.9756
Chain,4318.1570,977.8161,612.8714,4319.2430,1007.6490,609.7496,4323.1080,1005.2440,616.9240
Chain,4318.1570,977.8161,612.8714,4323.1080,1005.2440,616.9240,4322.2120,981.3416,619.5000
Chain,4322.2120,981.3416,619.5000,4323.1080,1005.2440,616.9240,4315.6240,1002.8390,620.1500
Chain,4322.2120,981.3416,619.5000,4315.6240,1002.8390,620.1500,4314.9320,984.8855,622.1411
Chain,4315.6240,1002.8390,620.1500,4311.7590,1005.2440,612.9756,4310.8630,981.3416,615.5516
Chain,4315.6240,1002.8390,620.1500,4310.8630,981.3416,615.5516,4314.9320,984.8855,622.1411
Chain,4311.7590,1005.2440,612.9756,4319.2430,1007.6490,609.7496,4318.1570,977.8161,612.8714
Chain,4311.7590,1005.2440,612.9756,4318.1570,977.8161,612.8714,4310.8630,981.3416,615.5516
Chain,4318.1570,977.8161,612.8714,4322.2120,981.3416,619.5000,4310.5630,967.0658,652.9842
Chain,4318.1570,977.8161,612.8714,4310.5630,967.0658,652.9842,4304.5230,961.0819,652.0582
Chain,4310.5630,967.0658,652.9842,4322.2120,981.3416,619.5000,4314.9320,984.8855,622.1411
Chain,4310.5630,967.0658,652.9842,4314.9320,984.8855,622.1411,4305.2380,973.0342,650.0031
Chain,4314.9320,984.8855,622.1411,4310.8630,981.3416,615.5516,4299.2130,967.0658,649.0358
Chain,4314.9320,984.8855,622.1411,4299.2130,967.0658,649.0358,4305.2380,973.0342,650.0031
Chain,4299.2130,967.0658,649.0358,4310.8630,981.3416,615.5516,4318.1570,977.8161,612.8714
Chain,4299.2130,967.0658,649.0358,4318.1570,977.8161,612.8714,4304.5230,961.0819,652.0582
Chain,4304.5230,961.0819,652.0582,4310.5630,967.0658,652.9842,4304.4910,982.3558,670.4373
Chain,4304.5230,961.0819,652.0582,4304.4910,982.3558,670.4373,4296.9380,980.5007,673.8604
Chain,4310.5630,967.0658,652.9842,4305.2380,973.0342,650.0031,4300.6660,984.4521,663.1460
Chain,4310.5630,967.0658,652.9842,4300.6660,984.4521,663.1460,4304.4910,982.3558,670.4373
Chain,4300.6660,984.4521,663.1460,4305.2380,973.0342,650.0031,4299.2130,967.0658,649.0358
Chain,4300.6660,984.4521,663.1460,4299.2130,967.0658,649.0358,4293.1420,982.3558,666.4890
Chain,4293.1420,982.3558,666.4890,4299.2130,967.0658,649.0358,4304.5230,961.0819,652.0582
Chain,4293.1420,982.3558,666.4890,4304.5230,961.0819,652.0582,4296.9380,980.5007,673.8604
Chain,4248.8290,958.1328,812.1429,4250.8830,952.3212,806.2385,4274.5000,952.9406,801.6951
Chain,4248.8290,958.1328,812.1429,4274.5000,952.9406,801.6951,4278.3320,958.7872,806.5193
Chain,4274.5000,952.9406,801.6951,4250.8830,952.3212,806.2385,4252.7740,958.6329,800.8043
Chain,4274.5000,952.9406,801.6951,4252.7740,958.6329,800.8043,4270.4740,959.0956,797.4328
Chain,4270.4740,959.0956,797.4328,4252.7740,958.6329,800.8043,4250.7210,964.3275,806.7042
Chain,4270.4740,959.0956,797.4328,4250.7210,964.3275,806.7042,4274.3050,964.9421,802.2571
Chain,4250.7210,964.3275,806.7042,4248.8290,958.1328,812.1429,4278.3320,958.7872,806.5193
Chain,4250.7210,964.3275,806.7042,4278.3320,958.7872,806.5193,4274.3050,964.9421,802.2571
Chain,4278.3320,958.7872,806.5193,4274.5000,952.9406,801.6951,4286.7140,955.2571,766.5887
Chain,4278.3320,958.7872,806.5193,4286.7140,955.2571,766.5887,4292.4670,961.4611,765.8895
Chain,4286.7140,955.2571,766.5887,4274.5000,952.9406,801.6951,4270.4740,959.0956,797.4328
Chain,4286.7140,955.2571,766.5887,4270.4740,959.0956,797.4328,4280.6680,961.0363,768.1304
Chain,4280.6680,961.0363,768.1304,4270.4740,959.0956,797.4328,4274.3050,964.9421,802.2571
Chain,4280.6680,961.0363,768.1304,4274.3050,964.9421,802.2571,4286.4210,967.2404,767.4311
Chain,4274.3050,964.9421,802.2571,4278.3320,958.7872,806.5193,4292.4670,961.4611,765.8895
Chain,4274.3050,964.9421,802.2571,4292.4670,961.4611,765.8895,4286.4210,967.2404,767.4311
Chain,4272.8140,962.6950,743.2031,4292.4670,961.4611,765.8895,4286.7140,955.2571,766.5887
Chain,4272.8140,962.6950,743.2031,4286.7140,955.2571,766.5887,4271.0300,956.1836,748.3304
Chain,4286.7140,955.2571,766.5887,4280.6680,961.0363,768.1304,4268.8800,961.6735,754.5108
Chain,4286.7140,955.2571,766.5887,4268.8800,961.6735,754.5108,4271.0300,956.1836,748.3304
Chain,4280.6680,961.0363,768.1304,4286.4210,967.2404,767.4311,4270.6650,968.1483,749.3807
Chain,4280.6680,961.0363,768.1304,4270.6650,968.1483,749.3807,4268.8800,961.6735,754.5108
Chain,4286.4210,967.2404,767.4311,4292.4670,961.4611,765.8895,4272.8140,962.6950,743.2031
Chain,4286.4210,967.2404,767.4311,4272.8140,962.6950,743.2031,4270.6650,968.1483,749.3807
Chain,4272.8140,962.6950,743.2031,4271.0300,956.1836,748.3304,4247.4000,955.2571,752.9111
Chain,4272.8140,962.6950,743.2031,4247.4000,955.2571,752.9111,4243.3240,961.4611,748.7925
Chain,4247.4000,955.2571,752.9111,4271.0300,956.1836,748.3304,4268.8800,961.6735,754.5108
Chain,4247.4000,955.2571,752.9111,4268.8800,961.6735,754.5108,4251.1830,961.0363,757.8722
Chain,4251.1830,961.0363,757.8722,4268.8800,961.6735,754.5108,4270.6650,968.1483,749.3807
Chain,4251.1830,961.0363,757.8722,4270.6650,968.1483,749.3807,4247.1070,967.2404,753.7535
Chain,4247.1070,967.2404,753.7535,4270.6650,968.1483,749.3807,4272.8140,962.6950,743.2031
Chain,4247.1070,967.2404,753.7535,4272.8140,962.6950,743.2031,4243.3240,961.4611,748.7925
Chain,4229.1880,958.7872,789.4223,4243.3240,961.4611,748.7925,4247.4000,955.2571,752.9111
Chain,4229.1880,958.7872,789.4223,4247.4000,955.2571,752.9111,4235.1860,952.9406,788.0175
Chain,4247.4000,955.2571,752.9111,4251.1830,961.0363,757.8722,4240.9890,959.0956,787.1746
Chain,4247.4000,955.2571,752.9111,4240.9890,959.0956,787.1746,4235.1860,952.9406,788.0175
Chain,4251.1830,961.0363,757.8722,4247.1070,967.2404,753.7535,4234.9910,964.9421,788.5795
Chain,4251.1830,961.0363,757.8722,4234.9910,964.9421,788.5795,4240.9890,959.0956,787.1746
Chain,4234.9910,964.9421,788.5795,4247.1070,967.2404,753.7535,4243.3240,961.4611,748.7925
Chain,4234.9910,964.9421,788.5795,4243.3240,961.4611,748.7925,4229.1880,958.7872,789.4223
Chain,4248.8290,958.1328,812.1429,4229.1880,958.7872,789.4223,4235.1860,952.9406,788.0175
Chain,4248.8290,958.1328,812.1429,4235.1860,952.9406,788.0175,4250.8830,952.3212,806.2385
Chain,4235.1860,952.9406,788.0175,4240.9890,959.0956,787.1746,4252.7740,958.6329,800.8043
Chain,4235.1860,952.9406,788.0175,4252.7740,958.6329,800.8043,4250.8830,952.3212,806.2385
Chain,4240.9890,959.0956,787.1746,4234.9910,964.9421,788.5795,4250.7210,964.3275,806.7042
Chain,4240.9890,959.0956,787.1746,4250.7210,964.3275,806.7042,4252.7740,958.6329,800.8043
Chain,4250.7210,964.3275,806.7042,4234.9910,964.9421,788.5795,4229.1880,958.7872,789.4223
Chain,4250.7210,964.3275,806.7042,4229.1880,958.7872,789.4223,4248.8290,958.1328,812.1429
Chain,4265.3190,960.9053,764.7454,4272.9630,961.3300,761.0593,4276.2390,982.9832,751.6409
Chain,4265.3190,960.9053,764.7454,4276.2390,982.9832,751.6409,4269.5030,987.9218,752.7177
Chain,4272.9630,961.3300,761.0593,4269.2580,961.7551,753.4247,4271.6610,978.0527,746.5159
Chain,4272.9630,961.3300,761.0593,4271.6610,978.0527,746.5159,4276.2390,982.9832,751.6409
Chain,4271.6610,978.0527,746.5159,4269.2580,961.7551,753.4247,4261.6140,961.3300,757.1109
Chain,4271.6610,978.0527,746.5159,4261.6140,961.3300,757.1109,4264.8900,982.9832,747.6925
Chain,4264.8900,982.9832,747.6925,4261.6140,961.3300,757.1109,4265.3190,960.9053,764.7454
Chain,4264.8900,982.9832,747.6925,4265.3190,960.9053,764.7454,4269.5030,987.9218,752.7177
Chain,4282.1840,993.9434,716.2689,4269.5030,987.9218,752.7177,4276.2390,982.9832,751.6409
Chain,4282.1840,993.9434,716.2689,4276.2390,982.9832,751.6409,4287.3780,988.1429,719.6251
Chain,4287.3780,988.1429,719.6251,4276.2390,982.9832,751.6409,4271.6610,978.0527,746.5159
Chain,4287.3780,988.1429,719.6251,4271.6610,978.0527,746.5159,4281.1870,982.3152,719.1359
Chain,4271.6610,978.0527,746.5159,4264.8900,982.9832,747.6925,4276.0290,988.1429,715.6768
Chain,4271.6610,978.0527,746.5159,4276.0290,988.1429,715.6768,4281.1870,982.3152,719.1359
Chain,4264.8900,982.9832,747.6925,4269.5030,987.9218,752.7177,4282.1840,993.9434,716.2689
Chain,4264.8900,982.9832,747.6925,4282.1840,993.9434,716.2689,4276.0290,988.1429,715.6768
Chain,4288.9420,972.6101,696.8444,4282.1840,993.9434,716.2689,4287.3780,988.1429,719.6251
Chain,4288.9420,972.6101,696.8444,4287.3780,988.1429,719.6251,4292.7120,971.0250,704.2921
Chain,4292.7120,971.0250,704.2921,4287.3780,988.1429,719.6251,4281.1870,982.3152,719.1359
Chain,4292.7120,971.0250,704.2921,4281.1870,982.3152,719.1359,4285.1340,969.4399,707.7913
Chain,4281.1870,982.3152,719.1359,4276.0290,988.1429,715.6768,4281.3630,971.0250,700.3436
Chain,4281.1870,982.3152,719.1359,4281.3630,971.0250,700.3436,4285.1340,969.4399,707.7913
Chain,4276.0290,988.1429,715.6768,4282.1840,993.9434,716.2689,4288.9420,972.6101,696.8444
Chain,4276.0290,988.1429,715.6768,4288.9420,972.6101,696.8444,4281.3630,971.0250,700.3436
Chain,4286.1790,943.3514,704.7873,4288.9420,972.6101,696.8444,4292.7120,971.0250,704.2921
Chain,4286.1790,943.3514,704.7873,4292.7120,971.0250,704.2921,4290.4300,947.5668,710.8530
Chain,4290.4300,947.5668,710.8530,4292.7120,971.0250,704.2921,4285.1340,969.4399,707.7913
Chain,4290.4300,947.5668,710.8530,4285.1340,969.4399,707.7913,4283.3680,951.8095,712.8674
Chain,4285.1340,969.4399,707.7913,4281.3630,971.0250,700.3436,4279.0810,947.5668,706.9047
Chain,4285.1340,969.4399,707.7913,4279.0810,947.5668,706.9047,4283.3680,951.8095,712.8674
Chain,4281.3630,971.0250,700.3436,4288.9420,972.6101,696.8444,4286.1790,943.3514,704.7873
Chain,4281.3630,971.0250,700.3436,4286.1790,943.3514,704.7873,4279.0810,947.5668,706.9047
Chain,4270.9790,936.0840,748.4767,4286.1790,943.3514,704.7873,4290.4300,947.5668,710.8530
Chain,4270.9790,936.0840,748.4767,4290.4300,947.5668,710.8530,4277.5590,941.5517,747.8494
Chain,4277.5590,941.5517,747.8494,4290.4300,947.5668,710.8530,4283.3680,951.8095,712.8674
Chain,4277.5590,941.5517,747.8494,4283.3680,951.8095,712.8674,4272.7540,947.0113,743.3736
Chain,4283.3680,951.8095,712.8674,4279.0810,947.5668,706.9047,4266.2090,941.5517,743.9010
Chain,4283.3680,951.8095,712.8674,4266.2090,941.5517,743.9010,4272.7540,947.0113,743.3736
Chain,4279.0810,947.5668,706.9047,4286.1790,943.3514,704.7873,4270.9790,936.0840,748.4767
Chain,4279.0810,947.5668,706.9047,4270.9790,936.0840,748.4767,4266.2090,941.5517,743.9010
Chain,4270.9790,936.0840,748.4767,4277.5590,941.5517,747.8494,4272.9630,961.3300,761.0593
Chain,4270.9790,936.0840,748.4767,4272.9630,961.3300,761.0593,4265.3190,960.9053,764.7454
Chain,4277.5590,941.5517,747.8494,4272.7540,947.0113,743.3736,4269.2580,961.7551,753.4247
Chain,4277.5590,941.5517,747.8494,4269.2580,961.7551,753.4247,4272.9630,961.3300,761.0593
Chain,4269.2580,961.7551,753.4247,4272.7540,947.0113,743.3736,4266.2090,941.5517,743.9010
Chain,4269.2580,961.7551,753.4247,4266.2090,941.5517,743.9010,4261.6140,961.3300,757.1109
Chain,4261.6140,961.3300,757.1109,4266.2090,941.5517,743.9010,4270.9790,936.0840,748.4767
Chain,4261.6140,961.3300,757.1109,4270.9790,936.0840,748.4767,4265.3190,960.9053,764.7454
Chain,4245.9020,957.9387,899.7316,4216.4010,958.6445,905.3538,4218.2840,952.3602,899.9419
Chain,4245.9020,957.9387,899.7316,4218.2840,952.3602,899.9419,4241.9090,951.7939,895.3754
Chain,4241.9090,951.7939,895.3754,4218.2840,952.3602,899.9419,4220.3450,958.0799,894.0172
Chain,4241.9090,951.7939,895.3754,4220.3450,958.0799,894.0172,4238.0470,957.7410,890.6412
Chain,4238.0470,957.7410,890.6412,4220.3450,958.0799,894.0172,4218.4620,964.3643,899.4290
Chain,4238.0470,957.7410,890.6412,4218.4620,964.3643,899.4290,4242.0400,963.8036,895.0001
Chain,4242.0400,963.8036,895.0001,4218.4620,964.3643,899.4290,4216.4010,958.6445,905.3538
Chain,4242.0400,963.8036,895.0001,4216.4010,958.6445,905.3538,4245.9020,957.9387,899.7316
Chain,4245.9020,957.9387,899.7316,4241.9090,951.7939,895.3754,4254.1630,951.2955,860.1523
Chain,4245.9020,957.9387,899.7316,4254.1630,951.2955,860.1523,4260.0630,957.3228,859.0297
Chain,4254.1630,951.2955,860.1523,4241.9090,951.7939,895.3754,4238.0470,957.7410,890.6412
Chain,4254.1630,951.2955,860.1523,4238.0470,957.7410,890.6412,4248.2600,957.2842,861.2847
Chain,4248.2600,957.2842,861.2847,4238.0470,957.7410,890.6412,4242.0400,963.8036,895.0001
Chain,4248.2600,957.2842,861.2847,4242.0400,963.8036,895.0001,4254.1600,963.3118,860.1620
Chain,4242.0400,963.8036,895.0001,4245.9020,957.9387,899.7316,4260.0630,957.3228,859.0297
Chain,4242.0400,963.8036,895.0001,4260.0630,957.3228,859.0297,4254.1600,963.3118,860.1620
Chain,4260.0630,957.3228,859.0297,4254.1630,951.2955,860.1523,4238.4740,951.3730,841.9064
Chain,4260.0630,957.3228,859.0297,4238.4740,951.3730,841.9064,4240.4270,957.4196,836.2951
Chain,4238.4740,951.3730,841.9064,4254.1630,951.2955,860.1523,4248.2600,957.2842,861.2847
Chain,4238.4740,951.3730,841.9064,4248.2600,957.2842,861.2847,4236.4790,957.3422,847.6439
Chain,4236.4790,957.3422,847.6439,4248.2600,957.2842,861.2847,4254.1600,963.3118,860.1620
Chain,4236.4790,957.3422,847.6439,4254.1600,963.3118,860.1620,4238.4300,963.3886,842.0327
Chain,4254.1600,963.3118,860.1620,4260.0630,957.3228,859.0297,4240.4270,957.4196,836.2951
Chain,4254.1600,963.3118,860.1620,4240.4270,957.4196,836.2951,4238.4300,963.3886,842.0327
Chain,4210.9200,957.3228,841.9327,4240.4270,957.4196,836.2951,4238.4740,951.3730,841.9064
Chain,4210.9200,957.3228,841.9327,4238.4740,951.3730,841.9064,4214.8490,951.2955,846.4747
Chain,4238.4740,951.3730,841.9064,4236.4790,957.3422,847.6439,4218.7740,957.2842,851.0264
Chain,4238.4740,951.3730,841.9064,4218.7740,957.2842,851.0264,4214.8490,951.2955,846.4747
Chain,4236.4790,957.3422,847.6439,4238.4300,963.3886,842.0327,4214.8450,963.3118,846.4845
Chain,4236.4790,957.3422,847.6439,4214.8450,963.3118,846.4845,4218.7740,957.2842,851.0264
Chain,4214.8450,963.3118,846.4845,4238.4300,963.3886,842.0327,4240.4270,957.4196,836.2951
Chain,4214.8450,963.3118,846.4845,4240.4270,957.4196,836.2951,4210.9200,957.3228,841.9327
Chain,4196.7590,957.9387,882.6345,4210.9200,957.3228,841.9327,4214.8490,951.2955,846.4747
Chain,4196.7590,957.9387,882.6345,4214.8490,951.2955,846.4747,4202.5940,951.7939,881.6978
Chain,4214.8490,951.2955,846.4747,4218.7740,957.2842,851.0264,4208.5610,957.7410,880.3830
Chain,4214.8490,951.2955,846.4747,4208.5610,957.7410,880.3830,4202.5940,951.7939,881.6978
Chain,4218.7740,957.2842,851.0264,4214.8450,963.3118,846.4845,4202.7250,963.8036,881.3225
Chain,4218.7740,957.2842,851.0264,4202.7250,963.8036,881.3225,4208.5610,957.7410,880.3830
Chain,4202.7250,963.8036,881.3225,4214.8450,963.3118,846.4845,4210.9200,957.3228,841.9327
Chain,4202.7250,963.8036,881.3225,4210.9200,957.3228,841.9327,4196.7590,957.9387,882.6345
Chain,4196.7590,957.9387,882.6345,4202.5940,951.7939,881.6978,4218.2840,952.3602,899.9419
Chain,4196.7590,957.9387,882.6345,4218.2840,952.3602,899.9419,4216.4010,958.6445,905.3538
Chain,4202.5940,951.7939,881.6978,4208.5610,957.7410,880.3830,4220.3450,958.0799,894.0172
Chain,4202.5940,951.7939,881.6978,4220.3450,958.0799,894.0172,4218.2840,952.3602,899.9419
Chain,4208.5610,957.7410,880.3830,4202.7250,963.8036,881.3225,4218.4620,964.3643,899.4290
Chain,4208.5610,957.7410,880.3830,4218.4620,964.3643,899.4290,4220.3450,958.0799,894.0172
Chain,4202.7250,963.8036,881.3225,4196.7590,957.9387,882.6345,4216.4010,958.6445,905.3538
Chain,4202.7250,963.8036,881.3225,4216.4010,958.6445,905.3538,4218.4620,964.3643,899.4290
Chain,4232.9090,957.2723,857.9041,4240.5580,957.3110,854.2038,4244.4230,978.1996,843.0933
Chain,4232.9090,957.2723,857.9041,4244.4230,978.1996,843.0933,4237.7630,983.3837,843.9526
Chain,4240.5580,957.3110,854.2038,4236.8570,957.3496,846.5551,4239.7430,973.0156,838.2602
Chain,4240.5580,957.3110,854.2038,4239.7430,973.0156,838.2602,4244.4230,978.1996,843.0933
Chain,4239.7430,973.0156,838.2602,4236.8570,957.3496,846.5551,4229.2080,957.3110,850.2554
Chain,4239.7430,973.0156,838.2602,4229.2080,957.3110,850.2554,4233.0740,978.1996,839.1449
Chain,4233.0740,978.1996,839.1449,4229.2080,957.3110,850.2554,4232.9090,957.2723,857.9041
Chain,4233.0740,978.1996,839.1449,4232.9090,957.2723,857.9041,4237.7630,983.3837,843.9526
Chain,4237.7630,983.3837,843.9526,4244.4230,978.1996,843.0933,4256.4060,979.1527,808.6488
Chain,4237.7630,983.3837,843.9526,4256.4060,979.1527,808.6488,4251.6280,984.5032,804.0971
Chain,4244.4230,978.1996,843.0933,4239.7430,973.0156,838.2602,4249.8280,973.8398,809.2725
Chain,4244.4230,978.1996,843.0933,4249.8280,973.8398,809.2725,4256.4060,979.1527,808.6488
Chain,4249.8280,973.8398,809.2725,4239.7430,973.0156,838.2602,4233.0740,978.1996,839.1449
Chain,4249.8280,973.8398,809.2725,4233.0740,978.1996,839.1449,4245.0570,979.1527,804.7004
Chain,4245.0570,979.1527,804.7004,4233.0740,978.1996,839.1449,4237.7630,983.3837,843.9526
Chain,4245.0570,979.1527,804.7004,4237.7630,983.3837,843.9526,4251.6280,984.5032,804.0971
Chain,4256.9300,959.2831,788.8578,4251.6280,984.5032,804.0971,4256.4060,979.1527,808.6488
Chain,4256.9300,959.2831,788.8578,4256.4060,979.1527,808.6488,4260.6330,958.9747,796.4991
Chain,4260.6330,958.9747,796.4991,4256.4060,979.1527,808.6488,4249.8280,973.8398,809.2725
Chain,4260.6330,958.9747,796.4991,4249.8280,973.8398,809.2725,4252.9870,958.6663,800.1920
Chain,4249.8280,973.8398,809.2725,4245.0570,979.1527,804.7004,4249.2840,958.9747,792.5507
Chain,4249.8280,973.8398,809.2725,4249.2840,958.9747,792.5507,4252.9870,958.6663,800.1920
Chain,4245.0570,979.1527,804.7004,4251.6280,984.5032,804.0971,4256.9300,959.2831,788.8578
Chain,4245.0570,979.1527,804.7004,4256.9300,959.2831,788.8578,4249.2840,958.9747,792.5507
Chain,4252.3740,932.5207,801.9539,4256.9300,959.2831,788.8578,4260.6330,958.9747,796.4991
Chain,4252.3740,932.5207,801.9539,4260.6330,958.9747,796.4991,4256.9740,937.5627,807.0177
Chain,4256.9740,937.5627,807.0177,4260.6330,958.9747,796.4991,4252.9870,958.6663,800.1920
Chain,4256.9740,937.5627,807.0177,4252.9870,958.6663,800.1920,4250.2300,942.6445,808.1156
Chain,4252.9870,958.6663,800.1920,4249.2840,958.9747,792.5507,4245.6250,937.5627,803.0693
Chain,4252.9870,958.6663,800.1920,4245.6250,937.5627,803.0693,4250.2300,942.6445,808.1156
Chain,4249.2840,958.9747,792.5507,4256.9300,959.2831,788.8578,4252.3740,932.5207,801.9539
Chain,4249.2840,958.9747,792.5507,4252.3740,932.5207,801.9539,4245.6250,937.5627,803.0693
Chain,4252.3740,932.5207,801.9539,4256.9740,937.5627,807.0177,4244.5880,936.5770,842.6168
Chain,4252.3740,932.5207,801.9539,4244.5880,936.5770,842.6168,4237.9260,931.3541,843.4833
Chain,4256.9740,937.5627,807.0177,4250.2300,942.6445,808.1156,4239.8940,941.7997,837.8270
Chain,4256.9740,937.5627,807.0177,4239.8940,941.7997,837.8270,4244.5880,936.5770,842.6168
Chain,4239.8940,941.7997,837.8270,4250.2300,942.6445,808.1156,4245.6250,937.5627,803.0693
Chain,4239.8940,941.7997,837.8270,4245.6250,937.5627,803.0693,4233.2400,936.5770,838.6683
Chain,4233.2400,936.5770,838.6683,4245.6250,937.5627,803.0693,4252.3740,932.5207,801.9539
Chain,4233.2400,936.5770,838.6683,4252.3740,932.5207,801.9539,4237.9260,931.3541,843.4833
Chain,4237.9260,931.3541,843.4833,4244.5880,936.5770,842.6168,4240.5580,957.3110,854.2038
Chain,4237.9260,931.3541,843.4833,4240.5580,957.3110,854.2038,4232.9090,957.2723,857.9041
Chain,4244.5880,936.5770,842.6168,4239.8940,941.7997,837.8270,4236.8570,957.3496,846.5551
Chain,4244.5880,936.5770,842.6168,4236.8570,957.3496,846.5551,4240.5580,957.3110,854.2038
Chain,4236.8570,957.3496,846.5551,4239.8940,941.7997,837.8270,4233.2400,936.5770,838.6683
Chain,4236.8570,957.3496,846.5551,4233.2400,936.5770,838.6683,4229.2080,957.3110,850.2554
Chain,4229.2080,957.3110,850.2554,4233.2400,936.5770,838.6683,4237.9260,931.3541,843.4833
Chain,4229.2080,957.3110,850.2554,4237.9260,931.3541,843.4833,4232.9090,957.2723,857.9041
Chain,4184.1590,968.9993,998.0291,4185.7970,962.1066,993.3209,4209.3910,960.3722,988.8431
Chain,4184.1590,968.9993,998.0291,4209.3910,960.3722,988.8431,4213.6090,966.7494,992.5527
Chain,4209.3910,960.3722,988.8431,4185.7970,962.1066,993.3209,4188.0610,967.1796,986.8123
Chain,4209.3910,960.3722,988.8431,4188.0610,967.1796,986.8123,4205.7350,965.8890,983.5173
Chain,4205.7350,965.8890,983.5173,4188.0610,967.1796,986.8123,4186.4180,973.9733,991.5358
Chain,4205.7350,965.8890,983.5173,4186.4180,973.9733,991.5358,4209.9530,972.2660,987.2269
Chain,4186.4180,973.9733,991.5358,4184.1590,968.9993,998.0291,4213.6090,966.7494,992.5527
Chain,4186.4180,973.9733,991.5358,4213.6090,966.7494,992.5527,4209.9530,972.2660,987.2269
Chain,4227.6660,961.4985,952.1515,4213.6090,966.7494,992.5527,4209.3910,960.3722,988.8431
Chain,4227.6660,961.4985,952.1515,4209.3910,960.3722,988.8431,4221.5760,955.8470,953.8196
Chain,4221.5760,955.8470,953.8196,4209.3910,960.3722,988.8431,4205.7350,965.8890,983.5173
Chain,4221.5760,955.8470,953.8196,4205.7350,965.8890,983.5173,4215.8740,962.1535,954.3728
Chain,4215.8740,962.1535,954.3728,4205.7350,965.8890,983.5173,4209.9530,972.2660,987.2269
Chain,4215.8740,962.1535,954.3728,4209.9530,972.2660,987.2269,4221.9630,967.8052,952.7047
Chain,4221.9630,967.8052,952.7047,4209.9530,972.2660,987.2269,4213.6090,966.7494,992.5527
Chain,4221.9630,967.8052,952.7047,4213.6090,966.7494,992.5527,4227.6660,961.4985,952.1515
Chain,4227.6660,961.4985,952.1515,4221.5760,955.8470,953.8196,4205.8770,954.7711,935.6018
Chain,4227.6660,961.4985,952.1515,4205.8770,954.7711,935.6018,4208.0130,960.2953,929.4629
Chain,4221.5760,955.8470,953.8196,4215.8740,962.1535,954.3728,4204.0760,961.2200,940.7783
Chain,4221.5760,955.8470,953.8196,4204.0760,961.2200,940.7783,4205.8770,954.7711,935.6018
Chain,4215.8740,962.1535,954.3728,4221.9630,967.8052,952.7047,4206.2120,966.7441,934.6393
Chain,4215.8740,962.1535,954.3728,4206.2120,966.7441,934.6393,4204.0760,961.2200,940.7783
Chain,4221.9630,967.8052,952.7047,4227.6660,961.4985,952.1515,4208.0130,960.2953,929.4629
Chain,4221.9630,967.8052,952.7047,4208.0130,960.2953,929.4629,4206.2120,966.7441,934.6393
Chain,4178.5220,961.4985,935.0545,4208.0130,960.2953,929.4629,4205.8770,954.7711,935.6018
Chain,4178.5220,961.4985,935.0545,4205.8770,954.7711,935.6018,4182.2610,955.8470,940.1418
Chain,4182.2610,955.8470,940.1418,4205.8770,954.7711,935.6018,4204.0760,961.2200,940.7783
Chain,4182.2610,955.8470,940.1418,4204.0760,961.2200,940.7783,4186.3880,962.1535,944.1146
Chain,4186.3880,962.1535,944.1146,4204.0760,961.2200,940.7783,4206.2120,966.7441,934.6393
Chain,4186.3880,962.1535,944.1146,4206.2120,966.7441,934.6393,4182.6490,967.8052,939.0271
Chain,4182.6490,967.8052,939.0271,4206.2120,966.7441,934.6393,4208.0130,960.2953,929.4629
Chain,4182.6490,967.8052,939.0271,4208.0130,960.2953,929.4629,4178.5220,961.4985,935.0545
Chain,4178.5220,961.4985,935.0545,4182.2610,955.8470,940.1418,4170.0770,960.3722,975.1655
Chain,4178.5220,961.4985,935.0545,4170.0770,960.3722,975.1655,4164.4660,966.7494,975.4557
Chain,4182.2610,955.8470,940.1418,4186.3880,962.1535,944.1146,4176.2490,965.8890,973.2591
Chain,4182.2610,955.8470,940.1418,4176.2490,965.8890,973.2591,4170.0770,960.3722,975.1655
Chain,4186.3880,962.1535,944.1146,4182.6490,967.8052,939.0271,4170.6390,972.2660,973.5493
Chain,4186.3880,962.1535,944.1146,4170.6390,972.2660,973.5493,4176.2490,965.8890,973.2591
Chain,4182.6490,967.8052,939.0271,4178.5220,961.4985,935.0545,4164.4660,966.7494,975.4557
Chain,4182.6490,967.8052,939.0271,4164.4660,966.7494,975.4557,4170.6390,972.2660,973.5493
Chain,4184.1590,968.9993,998.0291,4164.4660,966.7494,975.4557,4170.0770,960.3722,975.1655
Chain,4184.1590,968.9993,998.0291,4170.0770,960.3722,975.1655,4185.7970,962.1066,993.3209
Chain,4170.0770,960.3722,975.1655,4176.2490,965.8890,973.2591,4188.0610,967.1796,986.8123
Chain,4170.0770,960.3722,975.1655,4188.0610,967.1796,986.8123,4185.7970,962.1066,993.3209
Chain,4176.2490,965.8890,973.2591,4170.6390,972.2660,973.5493,4186.4180,973.9733,991.5358
Chain,4176.2490,965.8890,973.2591,4186.4180,973.9733,991.5358,4188.0610,967.1796,986.8123
Chain,4186.4180,973.9733,991.5358,4170.6390,972.2660,973.5493,4164.4660,966.7494,975.4557
Chain,4186.4180,973.9733,991.5358,4164.4660,966.7494,975.4557,4184.1590,968.9993,998.0291
Chain,4200.5270,962.3554,950.9817,4208.1640,961.7004,947.3152,4212.6680,981.4090,934.3667
Chain,4200.5270,962.3554,950.9817,4212.6680,981.4090,934.3667,4206.1810,986.8179,934.7304
Chain,4208.1640,961.7004,947.3152,4204.4540,961.1313,939.6928,4207.8180,975.9969,930.0225
Chain,4208.1640,961.7004,947.3152,4207.8180,975.9969,930.0225,4212.6680,981.4090,934.3667
Chain,4207.8180,975.9969,930.0225,4204.4540,961.1313,939.6928,4196.8140,961.7004,943.3668
Chain,4207.8180,975.9969,930.0225,4196.8140,961.7004,943.3668,4201.3190,981.4090,930.4183
Chain,4201.3190,981.4090,930.4183,4196.8140,961.7004,943.3668,4200.5270,962.3554,950.9817
Chain,4201.3190,981.4090,930.4183,4200.5270,962.3554,950.9817,4206.1810,986.8179,934.7304
Chain,4206.1810,986.8179,934.7304,4212.6680,981.4090,934.3667,4224.5650,979.1239,900.1716
Chain,4206.1810,986.8179,934.7304,4224.5650,979.1239,900.1716,4219.9270,984.1841,895.2189
Chain,4212.6680,981.4090,934.3667,4207.8180,975.9969,930.0225,4217.8440,974.0648,901.2056
Chain,4212.6680,981.4090,934.3667,4217.8440,974.0648,901.2056,4224.5650,979.1239,900.1716
Chain,4217.8440,974.0648,901.2056,4207.8180,975.9969,930.0225,4201.3190,981.4090,930.4183
Chain,4217.8440,974.0648,901.2056,4201.3190,981.4090,930.4183,4213.2160,979.1239,896.2231
Chain,4213.2160,979.1239,896.2231,4201.3190,981.4090,930.4183,4206.1810,986.8179,934.7304
Chain,4213.2160,979.1239,896.2231,4206.1810,986.8179,934.7304,4219.9270,984.1841,895.2189
Chain,4224.5040,957.6708,882.0623,4219.9270,984.1841,895.2189,4224.5650,979.1239,900.1716
Chain,4224.5040,957.6708,882.0623,4224.5650,979.1239,900.1716,4228.2050,957.7863,889.7100
Chain,4228.2050,957.7863,889.7100,4224.5650,979.1239,900.1716,4217.8440,974.0648,901.2056
Chain,4228.2050,957.7863,889.7100,4217.8440,974.0648,901.2056,4220.5580,958.0493,893.4047
Chain,4217.8440,974.0648,901.2056,4213.2160,979.1239,896.2231,4216.8550,957.7863,885.7617
Chain,4217.8440,974.0648,901.2056,4216.8550,957.7863,885.7617,4220.5580,958.0493,893.4047
Chain,4213.2160,979.1239,896.2231,4219.9270,984.1841,895.2189,4224.5040,957.6708,882.0623
Chain,4213.2160,979.1239,896.2231,4224.5040,957.6708,882.0623,4216.8550,957.7863,885.7617
Chain,4219.2170,932.1970,897.2588,4224.5040,957.6708,882.0623,4228.2050,957.7863,889.7100
Chain,4219.2170,932.1970,897.2588,4228.2050,957.7863,889.7100,4223.9560,937.5395,901.9228
Chain,4223.9560,937.5395,901.9228,4228.2050,957.7863,889.7100,4220.5580,958.0493,893.4047
Chain,4223.9560,937.5395,901.9228,4220.5580,958.0493,893.4047,4217.3560,942.8810,902.6085
Chain,4220.5580,958.0493,893.4047,4216.8550,957.7863,885.7617,4212.6070,937.5395,897.9744
Chain,4220.5580,958.0493,893.4047,4212.6070,937.5395,897.9744,4217.3560,942.8810,902.6085
Chain,4216.8550,957.7863,885.7617,4224.5040,957.6708,882.0623,4219.2170,932.1970,897.2588
Chain,4216.8550,957.7863,885.7617,4219.2170,932.1970,897.2588,4212.6070,937.5395,897.9744
Chain,4219.2170,932.1970,897.2588,4223.9560,937.5395,901.9228,4211.5260,939.9290,937.6517
Chain,4219.2170,932.1970,897.2588,4211.5260,939.9290,937.6517,4204.6960,934.9823,938.9973
Chain,4223.9560,937.5395,901.9228,4217.3560,942.8810,902.6085,4206.9950,944.8786,932.3898
Chain,4223.9560,937.5395,901.9228,4206.9950,944.8786,932.3898,4211.5260,939.9290,937.6517
Chain,4206.9950,944.8786,932.3898,4217.3560,942.8810,902.6085,4212.6070,937.5395,897.9744
Chain,4206.9950,944.8786,932.3898,4212.6070,937.5395,897.9744,4200.1770,939.9290,933.7033
Chain,4200.1770,939.9290,933.7033,4212.6070,937.5395,897.9744,4219.2170,932.1970,897.2588
Chain,4200.1770,939.9290,933.7033,4219.2170,932.1970,897.2588,4204.6960,934.9823,938.9973
Chain,4204.6960,934.9823,938.9973,4211.5260,939.9290,937.6517,4208.1640,961.7004,947.3152
Chain,4204.6960,934.9823,938.9973,4208.1640,961.7004,947.3152,4200.5270,962.3554,950.9817
Chain,4211.5260,939.9290,937.6517,4206.9950,944.8786,932.3898,4204.4540,961.1313,939.6928
Chain,4211.5260,939.9290,937.6517,4204.4540,961.1313,939.6928,4208.1640,961.7004,947.3152
Chain,4204.4540,961.1313,939.6928,4206.9950,944.8786,932.3898,4200.1770,939.9290,933.7033
Chain,4204.4540,961.1313,939.6928,4200.1770,939.9290,933.7033,4196.8140,961.7004,943.3668
Chain,4196.8140,961.7004,943.3668,4200.1770,939.9290,933.7033,4204.6960,934.9823,938.9973
Chain,4196.8140,961.7004,943.3668,4204.6960,934.9823,938.9973,4200.5270,962.3554,950.9817
Chain,4181.9170,987.4474,1083.6470,4152.6310,991.8864,1088.6510,4153.9450,984.3605,1084.8750
Chain,4181.9170,987.4474,1083.6470,4153.9450,984.3605,1084.8750,4177.4120,980.8495,1080.7630
Chain,4177.4120,980.8495,1080.7630,4153.9450,984.3605,1084.8750,4156.4030,988.3352,1077.8090
Chain,4177.4120,980.8495,1080.7630,4156.4030,988.3352,1077.8090,4173.9920,985.8556,1074.7570
Chain,4173.9920,985.8556,1074.7570,4156.4030,988.3352,1077.8090,4155.0890,995.8613,1081.5860
Chain,4173.9920,985.8556,1074.7570,4155.0890,995.8613,1081.5860,4178.4930,992.4061,1077.6540
Chain,4178.4930,992.4061,1077.6540,4155.0890,995.8613,1081.5860,4152.6310,991.8864,1088.6510
Chain,4178.4930,992.4061,1077.6540,4152.6310,991.8864,1088.6510,4181.9170,987.4474,1083.6470
Chain,4181.9170,987.4474,1083.6470,4177.4120,980.8495,1080.7630,4189.3250,971.6482,1046.5210
Chain,4181.9170,987.4474,1083.6470,4189.3250,971.6482,1046.5210,4195.6430,976.8519,1044.1950
Chain,4189.3250,971.6482,1046.5210,4177.4120,980.8495,1080.7630,4173.9920,985.8556,1074.7570
Chain,4189.3250,971.6482,1046.5210,4173.9920,985.8556,1074.7570,4183.8870,978.1583,1046.3150
Chain,4183.8870,978.1583,1046.3150,4173.9920,985.8556,1074.7570,4178.4930,992.4061,1077.6540
Chain,4183.8870,978.1583,1046.3150,4178.4930,992.4061,1077.6540,4190.2060,983.3618,1043.9890
Chain,4178.4930,992.4061,1077.6540,4181.9170,987.4474,1083.6470,4195.6430,976.8519,1044.1950
Chain,4178.4930,992.4061,1077.6540,4195.6430,976.8519,1044.1950,4190.2060,983.3618,1043.9890
Chain,4195.6430,976.8519,1044.1950,4189.3250,971.6482,1046.5210,4173.5540,969.0138,1028.5110
Chain,4195.6430,976.8519,1044.1950,4173.5540,969.0138,1028.5110,4175.8890,973.5887,1021.7990
Chain,4189.3250,971.6482,1046.5210,4183.8870,978.1583,1046.3150,4172.0350,976.1987,1032.8770
Chain,4189.3250,971.6482,1046.5210,4172.0350,976.1987,1032.8770,4173.5540,969.0138,1028.5110
Chain,4183.8870,978.1583,1046.3150,4190.2060,983.3618,1043.9890,4174.3700,980.7708,1026.1660
Chain,4183.8870,978.1583,1046.3150,4174.3700,980.7708,1026.1660,4172.0350,976.1987,1032.8770
Chain,4190.2060,983.3618,1043.9890,4195.6430,976.8519,1044.1950,4175.8890,973.5887,1021.7990
Chain,4190.2060,983.3618,1043.9890,4175.8890,973.5887,1021.7990,4174.3700,980.7708,1026.1660
Chain,4146.5000,976.8519,1027.0980,4175.8890,973.5887,1021.7990,4173.5540,969.0138,1028.5110
Chain,4146.5000,976.8519,1027.0980,4173.5540,969.0138,1028.5110,4150.0100,971.6482,1032.8430
Chain,4150.0100,971.6482,1032.8430,4173.5540,969.0138,1028.5110,4172.0350,976.1987,1032.8770
Chain,4150.0100,971.6482,1032.8430,4172.0350,976.1987,1032.8770,4154.4010,978.1583,1036.0560
Chain,4154.4010,978.1583,1036.0560,4172.0350,976.1987,1032.8770,4174.3700,980.7708,1026.1660
Chain,4154.4010,978.1583,1036.0560,4174.3700,980.7708,1026.1660,4150.8910,983.3618,1030.3120
Chain,4150.8910,983.3618,1030.3120,4174.3700,980.7708,1026.1660,4175.8890,973.5887,1021.7990
Chain,4150.8910,983.3618,1030.3120,4175.8890,973.5887,1021.7990,4146.5000,976.8519,1027.0980
Chain,4132.7740,987.4474,1066.5500,4146.5000,976.8519,1027.0980,4150.0100,971.6482,1032.8430
Chain,4132.7740,987.4474,1066.5500,4150.0100,971.6482,1032.8430,4138.0970,980.8495,1067.0850
Chain,4150.0100,971.6482,1032.8430,4154.4010,978.1583,1036.0560,4144.5060,985.8556,1064.4990
Chain,4150.0100,971.6482,1032.8430,4144.5060,985.8556,1064.4990,4138.0970,980.8495,1067.0850
Chain,4154.4010,978.1583,1036.0560,4150.8910,983.3618,1030.3120,4139.1790,992.4061,1063.9760
Chain,4154.4010,978.1583,1036.0560,4139.1790,992.4061,1063.9760,4144.5060,985.8556,1064.4990
Chain,4139.1790,992.4061,1063.9760,4150.8910,983.3618,1030.3120,4146.5000,976.8519,1027.0980
Chain,4139.1790,992.4061,1063.9760,4146.5000,976.8519,1027.0980,4132.7740,987.4474,1066.5500
Chain,4132.7740,987.4474,1066.5500,4138.0970,980.8495,1067.0850,4153.9450,984.3605,1084.8750
Chain,4132.7740,987.4474,1066.5500,4153.9450,984.3605,1084.8750,4152.6310,991.8864,1088.6510
Chain,4138.0970,980.8495,1067.0850,4144.5060,985.8556,1064.4990,4156.4030,988.3352,1077.8090
Chain,4138.0970,980.8495,1067.0850,4156.4030,988.3352,1077.8090,4153.9450,984.3605,1084.8750
Chain,4144.5060,985.8556,1064.4990,4139.1790,992.4061,1063.9760,4155.0890,995.8613,1081.5860
Chain,4144.5060,985.8556,1064.4990,4155.0890,995.8613,1081.5860,4156.4030,988.3352,1077.8090
Chain,4139.1790,992.4061,1063.9760,4132.7740,987.4474,1066.5500,4152.6310,991.8864,1088.6510
Chain,4139.1790,992.4061,1063.9760,4152.6310,991.8864,1088.6510,4155.0890,995.8613,1081.5860
Chain,4168.5500,978.5609,1042.8920,4176.1520,977.2543,1039.3280,4181.4080,995.0123,1024.2200
Chain,4168.5500,978.5609,1042.8920,4181.4080,995.0123,1024.2200,4175.1560,1000.7350,1023.9060
Chain,4176.1520,977.2543,1039.3280,4172.4040,975.9479,1031.8150,4176.3250,989.2797,1020.5450
Chain,4176.1520,977.2543,1039.3280,4176.3250,989.2797,1020.5450,4181.4080,995.0123,1024.2200
Chain,4176.3250,989.2797,1020.5450,4172.4040,975.9479,1031.8150,4164.8030,977.2543,1035.3790
Chain,4176.3250,989.2797,1020.5450,4164.8030,977.2543,1035.3790,4170.0590,995.0123,1020.2710
Chain,4170.0590,995.0123,1020.2710,4164.8030,977.2543,1035.3790,4168.5500,978.5609,1042.8920
Chain,4170.0590,995.0123,1020.2710,4168.5500,978.5609,1042.8920,4175.1560,1000.7350,1023.9060
Chain,4175.1560,1000.7350,1023.9060,4181.4080,995.0123,1024.2200,4193.0630,988.5034,990.7197
Chain,4175.1560,1000.7350,1023.9060,4193.0630,988.5034,990.7197,4188.6010,993.2275,985.2598
Chain,4181.4080,995.0123,1024.2200,4176.3250,989.2797,1020.5450,4186.1630,983.7853,992.2678
Chain,4181.4080,995.0123,1024.2200,4186.1630,983.7853,992.2678,4193.0630,988.5034,990.7197
Chain,4186.1630,983.7853,992.2678,4176.3250,989.2797,1020.5450,4170.0590,995.0123,1020.2710
Chain,4186.1630,983.7853,992.2678,4170.0590,995.0123,1020.2710,4181.7140,988.5034,986.7713
Chain,4181.7140,988.5034,986.7713,4170.0590,995.0123,1020.2710,4175.1560,1000.7350,1023.9060
Chain,4181.7140,988.5034,986.7713,4175.1560,1000.7350,1023.9060,4188.6010,993.2275,985.2598
Chain,4192.1800,965.3656,974.9734,4188.6010,993.2275,985.2598,4193.0630,988.5034,990.7197
Chain,4192.1800,965.3656,974.9734,4193.0630,988.5034,990.7197,4195.9000,966.2262,982.5636
Chain,4195.9000,966.2262,982.5636,4193.0630,988.5034,990.7197,4186.1630,983.7853,992.2678
Chain,4195.9000,966.2262,982.5636,4186.1630,983.7853,992.2678,4188.2720,967.0866,986.2054
Chain,4186.1630,983.7853,992.2678,4181.7140,988.5034,986.7713,4184.5520,966.2262,978.6152
Chain,4186.1630,983.7853,992.2678,4184.5520,966.2262,978.6152,4188.2720,967.0866,986.2054
Chain,4181.7140,988.5034,986.7713,4188.6010,993.2275,985.2598,4192.1800,965.3656,974.9734
Chain,4181.7140,988.5034,986.7713,4192.1800,965.3656,974.9734,4184.5520,966.2262,978.6152
Chain,4185.9890,941.8062,992.7670,4192.1800,965.3656,974.9734,4195.9000,966.2262,982.5636
Chain,4185.9890,941.8062,992.7670,4195.9000,966.2262,982.5636,4190.9220,947.3906,996.8716
Chain,4190.9220,947.3906,996.8716,4195.9000,966.2262,982.5636,4188.2720,967.0866,986.2054
Chain,4190.9220,947.3906,996.8716,4188.2720,967.0866,986.2054,4184.5200,952.9692,996.9911
Chain,4188.2720,967.0866,986.2054,4184.5520,966.2262,978.6152,4179.5740,947.3906,992.9232
Chain,4188.2720,967.0866,986.2054,4179.5740,947.3906,992.9232,4184.5200,952.9692,996.9911
Chain,4184.5520,966.2262,978.6152,4192.1800,965.3656,974.9734,4185.9890,941.8062,992.7670
Chain,4184.5520,966.2262,978.6152,4185.9890,941.8062,992.7670,4179.5740,947.3906,992.9232
Chain,4185.9890,941.8062,992.7670,4190.9220,947.3906,996.8716,4178.6040,954.2708,1032.2800
Chain,4185.9890,941.8062,992.7670,4178.6040,954.2708,1032.2800,4171.5800,949.8541,1034.1840
Chain,4190.9220,947.3906,996.8716,4184.5200,952.9692,996.9911,4174.2650,958.6970,1026.4680
Chain,4190.9220,947.3906,996.8716,4174.2650,958.6970,1026.4680,4178.6040,954.2708,1032.2800
Chain,4174.2650,958.6970,1026.4680,4184.5200,952.9692,996.9911,4179.5740,947.3906,992.9232
Chain,4174.2650,958.6970,1026.4680,4179.5740,947.3906,992.9232,4167.2550,954.2708,1028.3320
Chain,4167.2550,954.2708,1028.3320,4179.5740,947.3906,992.9232,4185.9890,941.8062,992.7670
Chain,4167.2550,954.2708,1028.3320,4185.9890,941.8062,992.7670,4171.5800,949.8541,1034.1840
Chain,4171.5800,949.8541,1034.1840,4178.6040,954.2708,1032.2800,4176.1520,977.2543,1039.3280
Chain,4171.5800,949.8541,1034.1840,4176.1520,977.2543,1039.3280,4168.5500,978.5609,1042.8920
Chain,4178.6040,954.2708,1032.2800,4174.2650,958.6970,1026.4680,4172.4040,975.9479,1031.8150
Chain,4178.6040,954.2708,1032.2800,4172.4040,975.9479,1031.8150,4176.1520,977.2543,1039.3280
Chain,4172.4040,975.9479,1031.8150,4174.2650,958.6970,1026.4680,4167.2550,954.2708,1028.3320
Chain,4172.4040,975.9479,1031.8150,4167.2550,954.2708,1028.3320,4164.8030,977.2543,1035.3790
Chain,4164.8030,977.2543,1035.3790,4167.2550,954.2708,1028.3320,4171.5800,949.8541,1034.1840
Chain,4164.8030,977.2543,1035.3790,4171.5800,949.8541,1034.1840,4168.5500,978.5609,1042.8920
Chain,4151.4380,1021.0620,1171.2540,4122.3360,1027.0150,1175.7300,4123.3500,1019.1330,1172.8160
Chain,4151.4380,1021.0620,1171.2540,4123.3500,1019.1330,1172.8160,4146.6570,1014.3450,1169.1620
Chain,4146.6570,1014.3450,1169.1620,4123.3500,1019.1330,1172.8160,4125.9600,1022.2500,1165.3110
Chain,4146.6570,1014.3450,1169.1620,4125.9600,1022.2500,1165.3110,4143.4230,1018.6840,1162.6230
Chain,4143.4230,1018.6840,1162.6230,4125.9600,1022.2500,1165.3110,4124.9450,1030.1240,1168.2290
Chain,4143.4230,1018.6840,1162.6230,4124.9450,1030.1240,1168.2290,4148.2040,1025.4010,1164.7150
Chain,4148.2040,1025.4010,1164.7150,4124.9450,1030.1240,1168.2290,4122.3360,1027.0150,1175.7300
Chain,4148.2040,1025.4010,1164.7150,4122.3360,1027.0150,1175.7300,4151.4380,1021.0620,1171.2540
Chain,4164.5670,1004.9050,1133.5180,4151.4380,1021.0620,1171.2540,4146.6570,1014.3450,1169.1620
Chain,4164.5670,1004.9050,1133.5180,4146.6570,1014.3450,1169.1620,4158.0390,1000.3690,1136.4460
Chain,4146.6570,1014.3450,1169.1620,4143.4230,1018.6840,1162.6230,4152.8990,1007.0900,1135.3840
Chain,4146.6570,1014.3450,1169.1620,4152.8990,1007.0900,1135.3840,4158.0390,1000.3690,1136.4460
Chain,4143.4230,1018.6840,1162.6230,4148.2040,1025.4010,1164.7150,4159.4260,1011.6190,1132.4580
Chain,4143.4230,1018.6840,1162.6230,4159.4260,1011.6190,1132.4580,4152.8990,1007.0900,1135.3840
Chain,4159.4260,1011.6190,1132.4580,4148.2040,1025.4010,1164.7150,4151.4380,1021.0620,1171.2540
Chain,4159.4260,1011.6190,1132.4580,4151.4380,1021.0620,1171.2540,4164.5670,1004.9050,1133.5180
Chain,4164.5670,1004.9050,1133.5180,4158.0390,1000.3690,1136.4460,4142.1240,996.2615,1118.8510
Chain,4164.5670,1004.9050,1133.5180,4142.1240,996.2615,1118.8510,4144.6520,999.9266,1111.5850
Chain,4158.0390,1000.3690,1136.4460,4152.8990,1007.0900,1135.3840,4140.9270,1003.9100,1122.2920
Chain,4158.0390,1000.3690,1136.4460,4140.9270,1003.9100,1122.2920,4142.1240,996.2615,1118.8510
Chain,4152.8990,1007.0900,1135.3840,4159.4260,1011.6190,1132.4580,4143.4550,1007.5750,1115.0260
Chain,4152.8990,1007.0900,1135.3840,4143.4550,1007.5750,1115.0260,4140.9270,1003.9100,1122.2920
Chain,4159.4260,1011.6190,1132.4580,4164.5670,1004.9050,1133.5180,4144.6520,999.9266,1111.5850
Chain,4159.4260,1011.6190,1132.4580,4144.6520,999.9266,1111.5850,4143.4550,1007.5750,1115.0260
Chain,4115.4240,1004.9050,1116.4210,4144.6520,999.9266,1111.5850,4142.1240,996.2615,1118.8510
Chain,4115.4240,1004.9050,1116.4210,4142.1240,996.2615,1118.8510,4118.7250,1000.3690,1122.7680
Chain,4118.7250,1000.3690,1122.7680,4142.1240,996.2615,1118.8510,4140.9270,1003.9100,1122.2920
Chain,4118.7250,1000.3690,1122.7680,4140.9270,1003.9100,1122.2920,4123.4140,1007.0900,1125.1260
Chain,4123.4140,1007.0900,1125.1260,4140.9270,1003.9100,1122.2920,4143.4550,1007.5750,1115.0260
Chain,4123.4140,1007.0900,1125.1260,4143.4550,1007.5750,1115.0260,4120.1120,1011.6190,1118.7810
Chain,4120.1120,1011.6190,1118.7810,4143.4550,1007.5750,1115.0260,4144.6520,999.9266,1111.5850
Chain,4120.1120,1011.6190,1118.7810,4144.6520,999.9266,1111.5850,4115.4240,1004.9050,1116.4210
Chain,4115.4240,1004.9050,1116.4210,4118.7250,1000.3690,1122.7680,4107.3430,1014.3450,1155.4850
Chain,4115.4240,1004.9050,1116.4210,4107.3430,1014.3450,1155.4850,4102.2960,1021.0620,1154.1570
Chain,4107.3430,1014.3450,1155.4850,4118.7250,1000.3690,1122.7680,4123.4140,1007.0900,1125.1260
Chain,4107.3430,1014.3450,1155.4850,4123.4140,1007.0900,1125.1260,4113.9370,1018.6840,1152.3650
Chain,4113.9370,1018.6840,1152.3650,4123.4140,1007.0900,1125.1260,4120.1120,1011.6190,1118.7810
Chain,4113.9370,1018.6840,1152.3650,4120.1120,1011.6190,1118.7810,4108.8900,1025.4010,1151.0380
Chain,4120.1120,1011.6190,1118.7810,4115.4240,1004.9050,1116.4210,4102.2960,1021.0620,1154.1570
Chain,4120.1120,1011.6190,1118.7810,4102.2960,1021.0620,1154.1570,4108.8900,1025.4010,1151.0380
Chain,4102.2960,1021.0620,1154.1570,4107.3430,1014.3450,1155.4850,4123.3500,1019.1330,1172.8160
Chain,4102.2960,1021.0620,1154.1570,4123.3500,1019.1330,1172.8160,4122.3360,1027.0150,1175.7300
Chain,4107.3430,1014.3450,1155.4850,4113.9370,1018.6840,1152.3650,4125.9600,1022.2500,1165.3110
Chain,4107.3430,1014.3450,1155.4850,4125.9600,1022.2500,1165.3110,4123.3500,1019.1330,1172.8160
Chain,4113.9370,1018.6840,1152.3650,4108.8900,1025.4010,1151.0380,4124.9450,1030.1240,1168.2290
Chain,4113.9370,1018.6840,1152.3650,4124.9450,1030.1240,1168.2290,4125.9600,1022.2500,1165.3110
Chain,4108.8900,1025.4010,1151.0380,4102.2960,1021.0620,1154.1570,4122.3360,1027.0150,1175.7300
Chain,4108.8900,1025.4010,1151.0380,4122.3360,1027.0150,1175.7300,4124.9450,1030.1240,1168.2290
Chain,4137.5900,1007.7650,1131.8830,4145.1030,1005.5730,1128.5740,4151.1170,1021.1410,1111.2870
Chain,4137.5900,1007.7650,1131.8830,4151.1170,1021.1410,1111.2870,4145.1160,1027.0040,1110.2510
Chain,4145.1030,1005.5730,1128.5740,4141.2840,1003.5270,1121.2650,4145.7810,1015.2640,1108.3390
Chain,4145.1030,1005.5730,1128.5740,4145.7810,1015.2640,1108.3390,4151.1170,1021.1410,1111.2870
Chain,4145.7810,1015.2640,1108.3390,4141.2840,1003.5270,1121.2650,4133.7540,1005.5730,1124.6250
Chain,4145.7810,1015.2640,1108.3390,4133.7540,1005.5730,1124.6250,4139.7680,1021.1410,1107.3390
Chain,4139.7680,1021.1410,1107.3390,4133.7540,1005.5730,1124.6250,4137.5900,1007.7650,1131.8830
Chain,4139.7680,1021.1410,1107.3390,4137.5900,1007.7650,1131.8830,4145.1160,1027.0040,1110.2510
Chain,4158.1000,1013.9680,1072.9310,4145.1160,1027.0040,1110.2510,4151.1170,1021.1410,1111.2870
Chain,4158.1000,1013.9680,1072.9310,4151.1170,1021.1410,1111.2870,4162.3710,1009.8440,1078.9390
Chain,4162.3710,1009.8440,1078.9390,4151.1170,1021.1410,1111.2870,4145.7810,1015.2640,1108.3390
Chain,4162.3710,1009.8440,1078.9390,4145.7810,1015.2640,1108.3390,4155.2790,1005.7320,1081.0370
Chain,4145.7810,1015.2640,1108.3390,4139.7680,1021.1410,1107.3390,4151.0220,1009.8440,1074.9910
Chain,4145.7810,1015.2640,1108.3390,4151.0220,1009.8440,1074.9910,4155.2790,1005.7320,1081.0370
Chain,4139.7680,1021.1410,1107.3390,4145.1160,1027.0040,1110.2510,4158.1000,1013.9680,1072.9310
Chain,4139.7680,1021.1410,1107.3390,4158.1000,1013.9680,1072.9310,4151.0220,1009.8440,1074.9910
Chain,4160.4090,984.9163,1066.2930,4158.1000,1013.9680,1072.9310,4162.3710,1009.8440,1078.9390
Chain,4160.4090,984.9163,1066.2930,4162.3710,1009.8440,1078.9390,4164.1760,986.4610,1073.7510
Chain,4164.1760,986.4610,1073.7510,4162.3710,1009.8440,1078.9390,4155.2790,1005.7320,1081.0370
Chain,4164.1760,986.4610,1073.7510,4155.2790,1005.7320,1081.0370,4156.6060,988.1434,1077.2230
Chain,4155.2790,1005.7320,1081.0370,4151.0220,1009.8440,1074.9910,4152.8270,986.4610,1069.8030
Chain,4155.2790,1005.7320,1081.0370,4152.8270,986.4610,1069.8030,4156.6060,988.1434,1077.2230
Chain,4151.0220,1009.8440,1074.9910,4158.1000,1013.9680,1072.9310,4160.4090,984.9163,1066.2930
Chain,4151.0220,1009.8440,1074.9910,4160.4090,984.9163,1066.2930,4152.8270,986.4610,1069.8030
Chain,4153.2270,964.0942,1086.9370,4160.4090,984.9163,1066.2930,4164.1760,986.4610,1073.7510
Chain,4153.2270,964.0942,1086.9370,4164.1760,986.4610,1073.7510,4158.4190,969.9939,1090.2980
Chain,4158.4190,969.9939,1090.2980,4164.1760,986.4610,1073.7510,4156.6060,988.1434,1077.2230
Chain,4158.4190,969.9939,1090.2980,4156.6060,988.1434,1077.2230,4152.2750,975.8817,1089.6730
Chain,4156.6060,988.1434,1077.2230,4152.8270,986.4610,1069.8030,4147.0700,969.9939,1086.3500
Chain,4156.6060,988.1434,1077.2230,4147.0700,969.9939,1086.3500,4152.2750,975.8817,1089.6730
Chain,4152.8270,986.4610,1069.8030,4160.4090,984.9163,1066.2930,4153.2270,964.0942,1086.9370
Chain,4152.8270,986.4610,1069.8030,4153.2270,964.0942,1086.9370,4147.0700,969.9939,1086.3500
Chain,4139.3150,978.0591,1126.9250,4153.2270,964.0942,1086.9370,4158.4190,969.9939,1090.2980
Chain,4139.3150,978.0591,1126.9250,4158.4190,969.9939,1090.2980,4146.5260,981.9307,1124.4840
Chain,4146.5260,981.9307,1124.4840,4158.4190,969.9939,1090.2980,4152.2750,975.8817,1089.6730
Chain,4146.5260,981.9307,1124.4840,4152.2750,975.8817,1089.6730,4142.3750,985.8161,1118.1300
Chain,4152.2750,975.8817,1089.6730,4147.0700,969.9939,1086.3500,4135.1770,981.9307,1120.5360
Chain,4152.2750,975.8817,1089.6730,4135.1770,981.9307,1120.5360,4142.3750,985.8161,1118.1300
Chain,4147.0700,969.9939,1086.3500,4153.2270,964.0942,1086.9370,4139.3150,978.0591,1126.9250
Chain,4147.0700,969.9939,1086.3500,4139.3150,978.0591,1126.9250,4135.1770,981.9307,1120.5360
Chain,4139.3150,978.0591,1126.9250,4146.5260,981.9307,1124.4840,4145.1030,1005.5730,1128.5740
Chain,4139.3150,978.0591,1126.9250,4145.1030,1005.5730,1128.5740,4137.5900,1007.7650,1131.8830
Chain,4146.5260,981.9307,1124.4840,4142.3750,985.8161,1118.1300,4141.2840,1003.5270,1121.2650
Chain,4146.5260,981.9307,1124.4840,4141.2840,1003.5270,1121.2650,4145.1030,1005.5730,1128.5740
Chain,4141.2840,1003.5270,1121.2650,4142.3750,985.8161,1118.1300,4135.1770,981.9307,1120.5360
Chain,4141.2840,1003.5270,1121.2650,4135.1770,981.9307,1120.5360,4133.7540,1005.5730,1124.6250
Chain,4133.7540,1005.5730,1124.6250,4135.1770,981.9307,1120.5360,4139.3150,978.0591,1126.9250
Chain,4133.7540,1005.5730,1124.6250,4139.3150,978.0591,1126.9250,4137.5900,1007.7650,1131.8830
Chain,4122.3320,1064.5570,1254.9170,4093.4580,1071.9200,1258.7330,4094.2090,1063.7010,1256.5750
Chain,4122.3320,1064.5570,1254.9170,4094.2090,1063.7010,1256.5750,4117.3400,1057.8610,1253.4300
Chain,4117.3400,1057.8610,1253.4300,4094.2090,1063.7010,1256.5750,4096.8910,1065.9800,1248.8680
Chain,4117.3400,1057.8610,1253.4300,4096.8910,1065.9800,1248.8680,4114.2410,1061.7100,1246.5010
Chain,4114.2410,1061.7100,1246.5010,4096.8910,1065.9800,1248.8680,4096.1380,1074.1870,1251.0320
Chain,4114.2410,1061.7100,1246.5010,4096.1380,1074.1870,1251.0320,4119.2330,1068.4060,1247.9880
Chain,4119.2330,1068.4060,1247.9880,4096.1380,1074.1870,1251.0320,4093.4580,1071.9200,1258.7330
Chain,4119.2330,1068.4060,1247.9880,4093.4580,1071.9200,1258.7330,4122.3320,1064.5570,1254.9170
Chain,4134.8750,1044.5450,1218.8650,4122.3320,1064.5570,1254.9170,4117.3400,1057.8610,1253.4300
Chain,4134.8750,1044.5450,1218.8650,4117.3400,1057.8610,1253.4300,4128.1900,1040.5310,1222.2420
Chain,4117.3400,1057.8610,1253.4300,4114.2410,1061.7100,1246.5010,4123.2830,1047.2490,1220.5130
Chain,4117.3400,1057.8610,1253.4300,4123.2830,1047.2490,1220.5130,4128.1900,1040.5310,1222.2420
Chain,4114.2410,1061.7100,1246.5010,4119.2330,1068.4060,1247.9880,4129.9670,1051.2620,1217.1360
Chain,4114.2410,1061.7100,1246.5010,4129.9670,1051.2620,1217.1360,4123.2830,1047.2490,1220.5130
Chain,4129.9670,1051.2620,1217.1360,4119.2330,1068.4060,1247.9880,4122.3320,1064.5570,1254.9170
Chain,4129.9670,1051.2620,1217.1360,4122.3320,1064.5570,1254.9170,4134.8750,1044.5450,1218.8650
Chain,4114.7230,1037.8650,1197.6120,4134.8750,1044.5450,1218.8650,4128.1900,1040.5310,1222.2420
Chain,4114.7230,1037.8650,1197.6120,4128.1900,1040.5310,1222.2420,4112.0790,1035.0920,1205.2110
Chain,4128.1900,1040.5310,1222.2420,4123.2830,1047.2490,1220.5130,4111.1840,1043.1920,1207.7830
Chain,4128.1900,1040.5310,1222.2420,4111.1840,1043.1920,1207.7830,4112.0790,1035.0920,1205.2110
Chain,4123.2830,1047.2490,1220.5130,4129.9670,1051.2620,1217.1360,4113.8150,1045.8840,1200.2210
Chain,4123.2830,1047.2490,1220.5130,4113.8150,1045.8840,1200.2210,4111.1840,1043.1920,1207.7830
Chain,4113.8150,1045.8840,1200.2210,4129.9670,1051.2620,1217.1360,4134.8750,1044.5450,1218.8650
Chain,4113.8150,1045.8840,1200.2210,4134.8750,1044.5450,1218.8650,4114.7230,1037.8650,1197.6120
Chain,4114.7230,1037.8650,1197.6120,4112.0790,1035.0920,1205.2110,4088.8760,1040.5310,1208.5640
Chain,4114.7230,1037.8650,1197.6120,4088.8760,1040.5310,1208.5640,4085.7310,1044.5450,1201.7680
Chain,4088.8760,1040.5310,1208.5640,4112.0790,1035.0920,1205.2110,4111.1840,1043.1920,1207.7830
Chain,4088.8760,1040.5310,1208.5640,4111.1840,1043.1920,1207.7830,4093.7970,1047.2490,1210.2550
Chain,4093.7970,1047.2490,1210.2550,4111.1840,1043.1920,1207.7830,4113.8150,1045.8840,1200.2210
Chain,4093.7970,1047.2490,1210.2550,4113.8150,1045.8840,1200.2210,4090.6520,1051.2620,1203.4590
Chain,4113.8150,1045.8840,1200.2210,4114.7230,1037.8650,1197.6120,4085.7310,1044.5450,1201.7680
Chain,4113.8150,1045.8840,1200.2210,4085.7310,1044.5450,1201.7680,4090.6520,1051.2620,1203.4590
Chain,4085.7310,1044.5450,1201.7680,4088.8760,1040.5310,1208.5640,4078.0250,1057.8610,1239.7530
Chain,4085.7310,1044.5450,1201.7680,4078.0250,1057.8610,1239.7530,4073.1890,1064.5570,1237.8210
Chain,4078.0250,1057.8610,1239.7530,4088.8760,1040.5310,1208.5640,4093.7970,1047.2490,1210.2550
Chain,4078.0250,1057.8610,1239.7530,4093.7970,1047.2490,1210.2550,4084.7560,1061.7100,1236.2430
Chain,4084.7560,1061.7100,1236.2430,4093.7970,1047.2490,1210.2550,4090.6520,1051.2620,1203.4590
Chain,4084.7560,1061.7100,1236.2430,4090.6520,1051.2620,1203.4590,4079.9190,1068.4060,1234.3100
Chain,4090.6520,1051.2620,1203.4590,4085.7310,1044.5450,1201.7680,4073.1890,1064.5570,1237.8210
Chain,4090.6520,1051.2620,1203.4590,4073.1890,1064.5570,1237.8210,4079.9190,1068.4060,1234.3100
Chain,4073.1890,1064.5570,1237.8210,4078.0250,1057.8610,1239.7530,4094.2090,1063.7010,1256.5750
Chain,4073.1890,1064.5570,1237.8210,4094.2090,1063.7010,1256.5750,4093.4580,1071.9200,1258.7330
Chain,4078.0250,1057.8610,1239.7530,4084.7560,1061.7100,1236.2430,4096.8910,1065.9800,1248.8680
Chain,4078.0250,1057.8610,1239.7530,4096.8910,1065.9800,1248.8680,4094.2090,1063.7010,1256.5750
Chain,4084.7560,1061.7100,1236.2430,4079.9190,1068.4060,1234.3100,4096.1380,1074.1870,1251.0320
Chain,4084.7560,1061.7100,1236.2430,4096.1380,1074.1870,1251.0320,4096.8910,1065.9800,1248.8680
Chain,4079.9190,1068.4060,1234.3100,4073.1890,1064.5570,1237.8210,4093.4580,1071.9200,1258.7330
Chain,4079.9190,1068.4060,1234.3100,4093.4580,1071.9200,1258.7330,4096.1380,1074.1870,1251.0320
Chain,4107.9970,1048.0820,1216.9450,4115.4340,1045.3780,1213.8520,4121.9590,1058.6730,1195.0950
Chain,4107.9970,1048.0820,1216.9450,4121.9590,1058.6730,1195.0950,4116.1760,1064.6680,1193.4360
Chain,4115.4340,1045.3780,1213.8520,4111.5220,1042.6730,1206.8110,4116.4080,1052.6980,1192.7670
Chain,4115.4340,1045.3780,1213.8520,4116.4080,1052.6980,1192.7670,4121.9590,1058.6730,1195.0950
Chain,4116.4080,1052.6980,1192.7670,4111.5220,1042.6730,1206.8110,4104.0850,1045.3780,1209.9040
Chain,4116.4080,1052.6980,1192.7670,4104.0850,1045.3780,1209.9040,4110.6100,1058.6730,1191.1470
Chain,4110.6100,1058.6730,1191.1470,4104.0850,1045.3780,1209.9040,4107.9970,1048.0820,1216.9450
Chain,4110.6100,1058.6730,1191.1470,4107.9970,1048.0820,1216.9450,4116.1760,1064.6680,1193.4360
Chain,4128.6730,1047.0220,1157.5150,4116.1760,1064.6680,1193.4360,4121.9590,1058.6730,1195.0950
Chain,4128.6730,1047.0220,1157.5150,4121.9590,1058.6730,1195.0950,4132.7770,1043.4150,1164.0020
Chain,4132.7770,1043.4150,1164.0020,4121.9590,1058.6730,1195.0950,4116.4080,1052.6980,1192.7670
Chain,4132.7770,1043.4150,1164.0020,4116.4080,1052.6980,1192.7670,4125.5220,1039.8210,1166.5710
Chain,4116.4080,1052.6980,1192.7670,4110.6100,1058.6730,1191.1470,4121.4280,1043.4150,1160.0540
Chain,4116.4080,1052.6980,1192.7670,4121.4280,1043.4150,1160.0540,4125.5220,1039.8210,1166.5710
Chain,4110.6100,1058.6730,1191.1470,4116.1760,1064.6680,1193.4360,4128.6730,1047.0220,1157.5150
Chain,4110.6100,1058.6730,1191.1470,4128.6730,1047.0220,1157.5150,4121.4280,1043.4150,1160.0540
Chain,4129.7830,1017.2390,1154.3250,4128.6730,1047.0220,1157.5150,4132.7770,1043.4150,1164.0020
Chain,4129.7830,1017.2390,1154.3250,4132.7770,1043.4150,1164.0020,4133.6440,1019.6160,1161.5110
Chain,4133.6440,1019.6160,1161.5110,4132.7770,1043.4150,1164.0020,4125.5220,1039.8210,1166.5710
Chain,4133.6440,1019.6160,1161.5110,4125.5220,1039.8210,1166.5710,4126.1560,1021.9940,1164.7480
Chain,4125.5220,1039.8210,1166.5710,4121.4280,1043.4150,1160.0540,4122.2950,1019.6160,1157.5630
Chain,4125.5220,1039.8210,1166.5710,4122.2950,1019.6160,1157.5630,4126.1560,1021.9940,1164.7480
Chain,4121.4280,1043.4150,1160.0540,4128.6730,1047.0220,1157.5150,4129.7830,1017.2390,1154.3250
Chain,4121.4280,1043.4150,1160.0540,4129.7830,1017.2390,1154.3250,4122.2950,1019.6160,1157.5630
Chain,4121.8270,999.3431,1177.1930,4129.7830,1017.2390,1154.3250,4133.6440,1019.6160,1161.5110
Chain,4121.8270,999.3431,1177.1930,4133.6440,1019.6160,1161.5110,4127.2580,1005.3280,1179.8650
Chain,4127.2580,1005.3280,1179.8650,4133.6440,1019.6160,1161.5110,4126.1560,1021.9940,1164.7480
Chain,4127.2580,1005.3280,1179.8650,4126.1560,1021.9940,1164.7480,4121.3510,1011.2990,1178.5590
Chain,4126.1560,1021.9940,1164.7480,4122.2950,1019.6160,1157.5630,4115.9090,1005.3280,1175.9170
Chain,4126.1560,1021.9940,1164.7480,4115.9090,1005.3280,1175.9170,4121.3510,1011.2990,1178.5590
Chain,4122.2950,1019.6160,1157.5630,4129.7830,1017.2390,1154.3250,4121.8270,999.3431,1177.1930
Chain,4122.2950,1019.6160,1157.5630,4121.8270,999.3431,1177.1930,4115.9090,1005.3280,1175.9170
Chain,4108.6320,1017.9740,1215.1180,4121.8270,999.3431,1177.1930,4127.2580,1005.3280,1179.8650
Chain,4108.6320,1017.9740,1215.1180,4127.2580,1005.3280,1179.8650,4115.9600,1021.2660,1212.3400
Chain,4115.9600,1021.2660,1212.3400,4127.2580,1005.3280,1179.8650,4121.3510,1011.2990,1178.5590
Chain,4115.9600,1021.2660,1212.3400,4121.3510,1011.2990,1178.5590,4111.9360,1024.6020,1205.6220
Chain,4121.3510,1011.2990,1178.5590,4115.9090,1005.3280,1175.9170,4104.6110,1021.2660,1208.3920
Chain,4121.3510,1011.2990,1178.5590,4104.6110,1021.2660,1208.3920,4111.9360,1024.6020,1205.6220
Chain,4115.9090,1005.3280,1175.9170,4121.8270,999.3431,1177.1930,4108.6320,1017.9740,1215.1180
Chain,4115.9090,1005.3280,1175.9170,4108.6320,1017.9740,1215.1180,4104.6110,1021.2660,1208.3920
Chain,4108.6320,1017.9740,1215.1180,4115.9600,1021.2660,1212.3400,4115.4340,1045.3780,1213.8520
Chain,4108.6320,1017.9740,1215.1180,4115.4340,1045.3780,1213.8520,4107.9970,1048.0820,1216.9450
Chain,4115.9600,1021.2660,1212.3400,4111.9360,1024.6020,1205.6220,4111.5220,1042.6730,1206.8110
Chain,4115.9600,1021.2660,1212.3400,4111.5220,1042.6730,1206.8110,4115.4340,1045.3780,1213.8520
Chain,4111.5220,1042.6730,1206.8110,4111.9360,1024.6020,1205.6220,4104.6110,1021.2660,1208.3920
Chain,4111.5220,1042.6730,1206.8110,4104.6110,1021.2660,1208.3920,4104.0850,1045.3780,1209.9040
Chain,4104.0850,1045.3780,1209.9040,4104.6110,1021.2660,1208.3920,4108.6320,1017.9740,1215.1180
Chain,4104.0850,1045.3780,1209.9040,4108.6320,1017.9740,1215.1180,4107.9970,1048.0820,1216.9450
Chain,4065.8260,1123.5970,1338.1600,4066.3190,1115.4410,1336.7420,4089.3540,1108.7030,1333.8720
Chain,4065.8260,1123.5970,1338.1600,4089.3540,1108.7030,1333.8720,4094.5260,1115.3690,1334.8400
Chain,4089.3540,1108.7030,1333.8720,4066.3190,1115.4410,1336.7420,4069.1290,1117.0150,1328.6650
Chain,4089.3540,1108.7030,1333.8720,4069.1290,1117.0150,1328.6650,4086.3500,1112.0810,1326.6720
Chain,4086.3500,1112.0810,1326.6720,4069.1290,1117.0150,1328.6650,4068.6350,1125.1710,1330.0830
Chain,4086.3500,1112.0810,1326.6720,4068.6350,1125.1710,1330.0830,4091.5220,1118.7450,1327.6400
Chain,4068.6350,1125.1710,1330.0830,4065.8260,1123.5970,1338.1600,4094.5260,1115.3690,1334.8400
Chain,4068.6350,1125.1710,1330.0830,4094.5260,1115.3690,1334.8400,4091.5220,1118.7450,1327.6400
Chain,4094.5260,1115.3690,1334.8400,4089.3540,1108.7030,1333.8720,4099.7350,1088.8840,1304.0330
Chain,4094.5260,1115.3690,1334.8400,4099.7350,1088.8840,1304.0330,4106.5230,1092.4670,1300.3550
Chain,4099.7350,1088.8840,1304.0330,4089.3540,1108.7030,1333.8720,4086.3500,1112.0810,1326.6720
Chain,4099.7350,1088.8840,1304.0330,4086.3500,1112.0810,1326.6720,4095.0030,1095.5590,1301.8000
Chain,4095.0030,1095.5590,1301.8000,4086.3500,1112.0810,1326.6720,4091.5220,1118.7450,1327.6400
Chain,4095.0030,1095.5590,1301.8000,4091.5220,1118.7450,1327.6400,4101.7920,1099.1420,1298.1220
Chain,4091.5220,1118.7450,1327.6400,4094.5260,1115.3690,1334.8400,4106.5230,1092.4670,1300.3550
Chain,4091.5220,1118.7450,1327.6400,4106.5230,1092.4670,1300.3550,4101.7920,1099.1420,1298.1220
Chain,4106.5230,1092.4670,1300.3550,4099.7350,1088.8840,1304.0330,4083.4770,1082.6720,1287.4220
Chain,4106.5230,1092.4670,1300.3550,4083.4770,1082.6720,1287.4220,4086.1840,1084.7350,1279.6440
Chain,4083.4770,1082.6720,1287.4220,4099.7350,1088.8840,1304.0330,4095.0030,1095.5590,1301.8000
Chain,4083.4770,1082.6720,1287.4220,4095.0030,1095.5590,1301.8000,4082.7980,1090.9200,1289.3740
Chain,4082.7980,1090.9200,1289.3740,4095.0030,1095.5590,1301.8000,4101.7920,1099.1420,1298.1220
Chain,4082.7980,1090.9200,1289.3740,4101.7920,1099.1420,1298.1220,4085.5050,1092.9840,1281.5950
Chain,4101.7920,1099.1420,1298.1220,4106.5230,1092.4670,1300.3550,4086.1840,1084.7350,1279.6440
Chain,4101.7920,1099.1420,1298.1220,4086.1840,1084.7350,1279.6440,4085.5050,1092.9840,1281.5950
Chain,4057.3810,1092.4670,1283.2580,4086.1840,1084.7350,1279.6440,4083.4770,1082.6720,1287.4220
Chain,4057.3810,1092.4670,1283.2580,4083.4770,1082.6720,1287.4220,4060.4210,1088.8840,1290.3560
Chain,4083.4770,1082.6720,1287.4220,4082.7980,1090.9200,1289.3740,4065.5170,1095.5590,1291.5420
Chain,4083.4770,1082.6720,1287.4220,4065.5170,1095.5590,1291.5420,4060.4210,1088.8840,1290.3560
Chain,4082.7980,1090.9200,1289.3740,4085.5050,1092.9840,1281.5950,4062.4770,1099.1420,1284.4450
Chain,4082.7980,1090.9200,1289.3740,4062.4770,1099.1420,1284.4450,4065.5170,1095.5590,1291.5420
Chain,4062.4770,1099.1420,1284.4450,4085.5050,1092.9840,1281.5950,4086.1840,1084.7350,1279.6440
Chain,4062.4770,1099.1420,1284.4450,4086.1840,1084.7350,1279.6440,4057.3810,1092.4670,1283.2580
Chain,4045.3840,1115.3690,1317.7430,4057.3810,1092.4670,1283.2580,4060.4210,1088.8840,1290.3560
Chain,4045.3840,1115.3690,1317.7430,4060.4210,1088.8840,1290.3560,4050.0390,1108.7030,1320.1950
Chain,4060.4210,1088.8840,1290.3560,4065.5170,1095.5590,1291.5420,4056.8640,1112.0810,1316.4130
Chain,4060.4210,1088.8840,1290.3560,4056.8640,1112.0810,1316.4130,4050.0390,1108.7030,1320.1950
Chain,4065.5170,1095.5590,1291.5420,4062.4770,1099.1420,1284.4450,4052.2080,1118.7450,1313.9630
Chain,4065.5170,1095.5590,1291.5420,4052.2080,1118.7450,1313.9630,4056.8640,1112.0810,1316.4130
Chain,4052.2080,1118.7450,1313.9630,4062.4770,1099.1420,1284.4450,4057.3810,1092.4670,1283.2580
Chain,4052.2080,1118.7450,1313.9630,4057.3810,1092.4670,1283.2580,4045.3840,1115.3690,1317.7430
Chain,4065.8260,1123.5970,1338.1600,4045.3840,1115.3690,1317.7430,4050.0390,1108.7030,1320.1950
Chain,4065.8260,1123.5970,1338.1600,4050.0390,1108.7030,1320.1950,4066.3190,1115.4410,1336.7420
Chain,4050.0390,1108.7030,1320.1950,4056.8640,1112.0810,1316.4130,4069.1290,1117.0150,1328.6650
Chain,4050.0390,1108.7030,1320.1950,4069.1290,1117.0150,1328.6650,4066.3190,1115.4410,1336.7420
Chain,4056.8640,1112.0810,1316.4130,4052.2080,1118.7450,1313.9630,4068.6350,1125.1710,1330.0830
Chain,4056.8640,1112.0810,1316.4130,4068.6350,1125.1710,1330.0830,4069.1290,1117.0150,1328.6650
Chain,4068.6350,1125.1710,1330.0830,4052.2080,1118.7450,1313.9630,4045.3840,1115.3690,1317.7430
Chain,4068.6350,1125.1710,1330.0830,4045.3840,1115.3690,1317.7430,4065.8260,1123.5970,1338.1600
Chain,4079.7400,1096.5220,1298.1650,4087.1050,1093.4200,1295.2800,4093.9970,1105.1040,1275.4710
Chain,4079.7400,1096.5220,1298.1650,4093.9970,1105.1040,1275.4710,4088.3680,1111.0880,1273.3650
Chain,4087.1050,1093.4200,1295.2800,4083.1230,1090.3270,1288.4400,4088.2820,1099.1070,1273.6120
Chain,4087.1050,1093.4200,1295.2800,4088.2820,1099.1070,1273.6120,4093.9970,1105.1040,1275.4710
Chain,4088.2820,1099.1070,1273.6120,4083.1230,1090.3270,1288.4400,4075.7560,1093.4200,1291.3310
Chain,4088.2820,1099.1070,1273.6120,4075.7560,1093.4200,1291.3310,4082.6480,1105.1040,1271.5230
Chain,4082.6480,1105.1040,1271.5230,4075.7560,1093.4200,1291.3310,4079.7400,1096.5220,1298.1650
Chain,4082.6480,1105.1040,1271.5230,4079.7400,1096.5220,1298.1650,4088.3680,1111.0880,1273.3650
Chain,4100.3690,1089.8740,1238.8690,4088.3680,1111.0880,1273.3650,4093.9970,1105.1040,1275.4710
Chain,4100.3690,1089.8740,1238.8690,4093.9970,1105.1040,1275.4710,4104.3700,1086.7890,1245.6540
Chain,4104.3700,1086.7890,1245.6540,4093.9970,1105.1040,1275.4710,4088.2820,1099.1070,1273.6120
Chain,4104.3700,1086.7890,1245.6540,4088.2820,1099.1070,1273.6120,4097.0150,1083.7170,1248.5120
Chain,4088.2820,1099.1070,1273.6120,4082.6480,1105.1040,1271.5230,4093.0210,1086.7890,1241.7060
Chain,4088.2820,1099.1070,1273.6120,4093.0210,1086.7890,1241.7060,4097.0150,1083.7170,1248.5120
Chain,4082.6480,1105.1040,1271.5230,4088.3680,1111.0880,1273.3650,4100.3690,1089.8740,1238.8690
Chain,4082.6480,1105.1040,1271.5230,4100.3690,1089.8740,1238.8690,4093.0210,1086.7890,1241.7060
Chain,4100.5560,1059.9790,1238.3330,4100.3690,1089.8740,1238.8690,4104.3700,1086.7890,1245.6540
Chain,4100.5560,1059.9790,1238.3330,4104.3700,1086.7890,1245.6540,4104.4920,1062.8260,1245.3050
Chain,4104.4920,1062.8260,1245.3050,4104.3700,1086.7890,1245.6540,4097.0150,1083.7170,1248.5120
Chain,4104.4920,1062.8260,1245.3050,4097.0150,1083.7170,1248.5120,4097.0790,1065.6730,1248.3280
Chain,4097.0150,1083.7170,1248.5120,4093.0210,1086.7890,1241.7060,4093.1430,1062.8260,1241.3560
Chain,4097.0150,1083.7170,1248.5120,4093.1430,1062.8260,1241.3560,4097.0790,1065.6730,1248.3280
Chain,4093.0210,1086.7890,1241.7060,4100.3690,1089.8740,1238.8690,4100.5560,1059.9790,1238.3330
Chain,4093.0210,1086.7890,1241.7060,4100.5560,1059.9790,1238.3330,4093.1430,1062.8260,1241.3560
Chain,4092.0630,1044.3950,1262.7440,4100.5560,1059.9790,1238.3330,4104.4920,1062.8260,1245.3050
Chain,4092.0630,1044.3950,1262.7440,4104.4920,1062.8260,1245.3050,4097.6970,1050.4550,1264.8360
Chain,4097.6970,1050.4550,1264.8360,4104.4920,1062.8260,1245.3050,4097.0790,1065.6730,1248.3280
Chain,4097.6970,1050.4550,1264.8360,4097.0790,1065.6730,1248.3280,4091.9880,1056.5030,1262.9600
Chain,4097.0790,1065.6730,1248.3280,4093.1430,1062.8260,1241.3560,4086.3480,1050.4550,1260.8880
Chain,4097.0790,1065.6730,1248.3280,4086.3480,1050.4550,1260.8880,4091.9880,1056.5030,1262.9600
Chain,4093.1430,1062.8260,1241.3560,4100.5560,1059.9790,1238.3330,4092.0630,1044.3950,1262.7440
Chain,4093.1430,1062.8260,1241.3560,4092.0630,1044.3950,1262.7440,4086.3480,1050.4550,1260.8880
Chain,4079.5710,1066.4730,1298.6510,4092.0630,1044.3950,1262.7440,4097.6970,1050.4550,1264.8360
Chain,4079.5710,1066.4730,1298.6510,4097.6970,1050.4550,1264.8360,4086.9840,1069.3650,1295.6280
Chain,4086.9840,1069.3650,1295.6280,4097.6970,1050.4550,1264.8360,4091.9880,1056.5030,1262.9600
Chain,4086.9840,1069.3650,1295.6280,4091.9880,1056.5030,1262.9600,4083.0420,1072.2690,1288.6740
Chain,4091.9880,1056.5030,1262.9600,4086.3480,1050.4550,1260.8880,4075.6350,1069.3650,1291.6790
Chain,4091.9880,1056.5030,1262.9600,4075.6350,1069.3650,1291.6790,4083.0420,1072.2690,1288.6740
Chain,4086.3480,1050.4550,1260.8880,4092.0630,1044.3950,1262.7440,4079.5710,1066.4730,1298.6510
Chain,4086.3480,1050.4550,1260.8880,4079.5710,1066.4730,1298.6510,4075.6350,1069.3650,1291.6790
Chain,4079.5710,1066.4730,1298.6510,4086.9840,1069.3650,1295.6280,4087.1050,1093.4200,1295.2800
Chain,4079.5710,1066.4730,1298.6510,4087.1050,1093.4200,1295.2800,4079.7400,1096.5220,1298.1650
Chain,4086.9840,1069.3650,1295.6280,4083.0420,1072.2690,1288.6740,4083.1230,1090.3270,1288.4400
Chain,4086.9840,1069.3650,1295.6280,4083.1230,1090.3270,1288.4400,4087.1050,1093.4200,1295.2800
Chain,4083.1230,1090.3270,1288.4400,4083.0420,1072.2690,1288.6740,4075.6350,1069.3650,1291.6790
Chain,4083.1230,1090.3270,1288.4400,4075.6350,1069.3650,1291.6790,4075.7560,1093.4200,1291.3310
Chain,4075.7560,1093.4200,1291.3310,4075.6350,1069.3650,1291.6790,4079.5710,1066.4730,1298.6510
Chain,4075.7560,1093.4200,1291.3310,4079.5710,1066.4730,1298.6510,4079.7400,1096.5220,1298.1650
Chain,4071.2900,1183.3980,1401.6300,4043.6310,1195.1190,1401.9530,4043.3290,1186.6600,1402.8230
Chain,4071.2900,1183.3980,1401.6300,4043.3290,1186.6600,1402.8230,4065.4760,1177.2100,1402.5070
Chain,4043.3290,1186.6600,1402.8230,4046.1010,1185.7420,1394.8560,4062.6960,1178.7100,1394.6620
Chain,4043.3290,1186.6600,1402.8230,4062.6960,1178.7100,1394.6620,4065.4760,1177.2100,1402.5070
Chain,4046.1010,1185.7420,1394.8560,4046.4030,1194.2010,1393.9870,4068.5100,1184.8980,1393.7850
Chain,4046.1010,1185.7420,1394.8560,4068.5100,1184.8980,1393.7850,4062.6960,1178.7100,1394.6620
Chain,4068.5100,1184.8980,1393.7850,4046.4030,1194.2010,1393.9870,4043.6310,1195.1190,1401.9530
Chain,4068.5100,1184.8980,1393.7850,4043.6310,1195.1190,1401.9530,4071.2900,1183.3980,1401.6300
Chain,4080.6080,1150.9530,1374.8450,4071.2900,1183.3980,1401.6300,4065.4760,1177.2100,1402.5070
Chain,4080.6080,1150.9530,1374.8450,4065.4760,1177.2100,1402.5070,4073.5740,1149.0450,1379.2280
Chain,4073.5740,1149.0450,1379.2280,4065.4760,1177.2100,1402.5070,4062.6960,1178.7100,1394.6620
Chain,4073.5740,1149.0450,1379.2280,4062.6960,1178.7100,1394.6620,4069.4500,1155.3900,1375.2480
Chain,4069.4500,1155.3900,1375.2480,4062.6960,1178.7100,1394.6620,4068.5100,1184.8980,1393.7850
Chain,4069.4500,1155.3900,1375.2480,4068.5100,1184.8980,1393.7850,4076.4630,1157.2380,1370.9260
Chain,4076.4630,1157.2380,1370.9260,4068.5100,1184.8980,1393.7850,4071.2900,1183.3980,1401.6300
Chain,4076.4630,1157.2380,1370.9260,4071.2900,1183.3980,1401.6300,4080.6080,1150.9530,1374.8450
Chain,4080.6080,1150.9530,1374.8450,4073.5740,1149.0450,1379.2280,4056.7380,1140.2570,1364.2810
Chain,4080.6080,1150.9530,1374.8450,4056.7380,1140.2570,1364.2810,4059.5090,1140.2770,1356.3170
Chain,4073.5740,1149.0450,1379.2280,4069.4500,1155.3900,1375.2480,4056.7310,1148.8170,1364.3010
Chain,4073.5740,1149.0450,1379.2280,4056.7310,1148.8170,1364.3010,4056.7380,1140.2570,1364.2810
Chain,4069.4500,1155.3900,1375.2480,4076.4630,1157.2380,1370.9260,4059.5020,1148.8380,1356.3360
Chain,4069.4500,1155.3900,1375.2480,4059.5020,1148.8380,1356.3360,4056.7310,1148.8170,1364.3010
Chain,4031.4660,1150.9530,1357.7480,4059.5090,1140.2770,1356.3170,4056.7380,1140.2570,1364.2810
Chain,4031.4660,1150.9530,1357.7480,4056.7380,1140.2570,1364.2810,4034.2600,1149.0450,1365.5500
Chain,4034.2600,1149.0450,1365.5500,4056.7380,1140.2570,1364.2810,4056.7310,1148.8170,1364.3010
Chain,4034.2600,1149.0450,1365.5500,4056.7310,1148.8170,1364.3010,4039.9640,1155.3900,1364.9900
Chain,4039.9640,1155.3900,1364.9900,4056.7310,1148.8170,1364.3010,4059.5020,1148.8380,1356.3360
Chain,4039.9640,1155.3900,1364.9900,4059.5020,1148.8380,1356.3360,4037.1480,1157.2380,1357.2490
Chain,4037.1480,1157.2380,1357.2490,4059.5020,1148.8380,1356.3360,4059.5090,1140.2770,1356.3170
Chain,4037.1480,1157.2380,1357.2490,4059.5090,1140.2770,1356.3170,4031.4660,1150.9530,1357.7480
Chain,4031.4660,1150.9530,1357.7480,4034.2600,1149.0450,1365.5500,4026.1610,1177.2100,1388.8290
Chain,4031.4660,1150.9530,1357.7480,4026.1610,1177.2100,1388.8290,4022.1460,1183.3980,1384.5330
Chain,4034.2600,1149.0450,1365.5500,4039.9640,1155.3900,1364.9900,4033.2100,1178.7100,1384.4040
Chain,4034.2600,1149.0450,1365.5500,4033.2100,1178.7100,1384.4040,4026.1610,1177.2100,1388.8290
Chain,4039.9640,1155.3900,1364.9900,4037.1480,1157.2380,1357.2490,4029.1950,1184.8980,1380.1080
Chain,4039.9640,1155.3900,1364.9900,4029.1950,1184.8980,1380.1080,4033.2100,1178.7100,1384.4040
Chain,4037.1480,1157.2380,1357.2490,4031.4660,1150.9530,1357.7480,4022.1460,1183.3980,1384.5330
Chain,4037.1480,1157.2380,1357.2490,4022.1460,1183.3980,1384.5330,4029.1950,1184.8980,1380.1080
Chain,4022.1460,1183.3980,1384.5330,4026.1610,1177.2100,1388.8290,4043.3290,1186.6600,1402.8230
Chain,4022.1460,1183.3980,1384.5330,4043.3290,1186.6600,1402.8230,4043.6310,1195.1190,1401.9530
Chain,4043.3290,1186.6600,1402.8230,4026.1610,1177.2100,1388.8290,4033.2100,1178.7100,1384.4040
Chain,4043.3290,1186.6600,1402.8230,4033.2100,1178.7100,1384.4040,4046.1010,1185.7420,1394.8560
Chain,4046.1010,1185.7420,1394.8560,4033.2100,1178.7100,1384.4040,4029.1950,1184.8980,1380.1080
Chain,4046.1010,1185.7420,1394.8560,4029.1950,1184.8980,1380.1080,4046.4030,1194.2010,1393.9870
Chain,4029.1950,1184.8980,1380.1080,4022.1460,1183.3980,1384.5330,4043.6310,1195.1190,1401.9530
Chain,4029.1950,1184.8980,1380.1080,4043.6310,1195.1190,1401.9530,4046.4030,1194.2010,1393.9870
Chain,4054.3040,1156.7760,1371.2780,4061.2870,1152.2780,1369.4900,4068.8250,1158.6580,1347.8220
Chain,4054.3040,1156.7760,1371.2780,4068.8250,1158.6580,1347.8220,4063.7220,1164.3040,1344.2070
Chain,4061.2870,1152.2780,1369.4900,4056.9980,1147.9980,1363.5350,4062.6090,1152.9210,1347.4040
Chain,4061.2870,1152.2780,1369.4900,4062.6090,1152.9210,1347.4040,4068.8250,1158.6580,1347.8220
Chain,4062.6090,1152.9210,1347.4040,4056.9980,1147.9980,1363.5350,4049.9380,1152.2780,1365.5420
Chain,4062.6090,1152.9210,1347.4040,4049.9380,1152.2780,1365.5420,4057.4770,1158.6580,1343.8730
Chain,4057.4770,1158.6580,1343.8730,4049.9380,1152.2780,1365.5420,4054.3040,1156.7760,1371.2780
Chain,4057.4770,1158.6580,1343.8730,4054.3040,1156.7760,1371.2780,4063.7220,1164.3040,1344.2070
Chain,4073.4010,1139.5810,1316.3850,4063.7220,1164.3040,1344.2070,4068.8250,1158.6580,1347.8220
Chain,4073.4010,1139.5810,1316.3850,4068.8250,1158.6580,1347.8220,4077.3300,1136.8330,1323.3780
Chain,4077.3300,1136.8330,1323.3780,4068.8250,1158.6580,1347.8220,4062.6090,1152.9210,1347.4040
Chain,4077.3300,1136.8330,1323.3780,4062.6090,1152.9210,1347.4040,4069.8770,1134.1530,1326.5150
Chain,4062.6090,1152.9210,1347.4040,4057.4770,1158.6580,1343.8730,4065.9800,1136.8330,1319.4300
Chain,4062.6090,1152.9210,1347.4040,4065.9800,1136.8330,1319.4300,4069.8770,1134.1530,1326.5150
Chain,4057.4770,1158.6580,1343.8730,4063.7220,1164.3040,1344.2070,4073.4010,1139.5810,1316.3850
Chain,4057.4770,1158.6580,1343.8730,4073.4010,1139.5810,1316.3850,4065.9800,1136.8330,1319.4300
Chain,4072.6230,1110.1360,1318.6210,4073.4010,1139.5810,1316.3850,4077.3300,1136.8330,1323.3780
Chain,4072.6230,1110.1360,1318.6210,4077.3300,1136.8330,1323.3780,4076.6340,1113.3680,1325.3790
Chain,4076.6340,1113.3680,1325.3790,4077.3300,1136.8330,1323.3780,4069.8770,1134.1530,1326.5150
Chain,4076.6340,1113.3680,1325.3790,4069.8770,1134.1530,1326.5150,4069.3070,1116.6600,1328.1520
Chain,4069.8770,1134.1530,1326.5150,4065.9800,1136.8330,1319.4300,4065.2840,1113.3680,1321.4300
Chain,4069.8770,1134.1530,1326.5150,4065.2840,1113.3680,1321.4300,4069.3070,1116.6600,1328.1520
Chain,4065.9800,1136.8330,1319.4300,4073.4010,1139.5810,1316.3850,4072.6230,1110.1360,1318.6210
Chain,4065.9800,1136.8330,1319.4300,4072.6230,1110.1360,1318.6210,4065.2840,1113.3680,1321.4300
Chain,4063.5620,1097.0290,1344.6660,4072.6230,1110.1360,1318.6210,4076.6340,1113.3680,1325.3790
Chain,4063.5620,1097.0290,1344.6660,4076.6340,1113.3680,1325.3790,4069.3310,1103.0680,1346.3690
Chain,4069.3310,1103.0680,1346.3690,4076.6340,1113.3680,1325.3790,4069.3070,1116.6600,1328.1520
Chain,4069.3310,1103.0680,1346.3690,4069.3070,1116.6600,1328.1520,4063.7830,1109.0390,1344.0310
Chain,4069.3070,1116.6600,1328.1520,4065.2840,1113.3680,1321.4300,4057.9820,1103.0680,1342.4210
Chain,4069.3070,1116.6600,1328.1520,4057.9820,1103.0680,1342.4210,4063.7830,1109.0390,1344.0310
Chain,4065.2840,1113.3680,1321.4300,4072.6230,1110.1360,1318.6210,4063.5620,1097.0290,1344.6660
Chain,4065.2840,1113.3680,1321.4300,4063.5620,1097.0290,1344.6660,4057.9820,1103.0680,1342.4210
Chain,4051.6620,1127.4220,1378.8710,4063.5620,1097.0290,1344.6660,4069.3310,1103.0680,1346.3690
Chain,4051.6620,1127.4220,1378.8710,4069.3310,1103.0680,1346.3690,4059.2960,1128.7980,1375.2130
Chain,4059.2960,1128.7980,1375.2130,4069.3310,1103.0680,1346.3690,4063.7830,1109.0390,1344.0310
Chain,4059.2960,1128.7980,1375.2130,4063.7830,1109.0390,1344.0310,4055.5520,1130.2640,1367.6890
Chain,4063.7830,1109.0390,1344.0310,4057.9820,1103.0680,1342.4210,4047.9470,1128.7980,1371.2640
Chain,4063.7830,1109.0390,1344.0310,4047.9470,1128.7980,1371.2640,4055.5520,1130.2640,1367.6890
Chain,4057.9820,1103.0680,1342.4210,4063.5620,1097.0290,1344.6660,4051.6620,1127.4220,1378.8710
Chain,4057.9820,1103.0680,1342.4210,4051.6620,1127.4220,1378.8710,4047.9470,1128.7980,1371.2640
Chain,4051.6620,1127.4220,1378.8710,4059.2960,1128.7980,1375.2130,4061.2870,1152.2780,1369.4900
Chain,4051.6620,1127.4220,1378.8710,4061.2870,1152.2780,1369.4900,4054.3040,1156.7760,1371.2780
Chain,4059.2960,1128.7980,1375.2130,4055.5520,1130.2640,1367.6890,4056.9980,1147.9980,1363.5350
Chain,4059.2960,1128.7980,1375.2130,4056.9980,1147.9980,1363.5350,4061.2870,1152.2780,1369.4900
Chain,4056.9980,1147.9980,1363.5350,4055.5520,1130.2640,1367.6890,4047.9470,1128.7980,1371.2640
Chain,4056.9980,1147.9980,1363.5350,4047.9470,1128.7980,1371.2640,4049.9380,1152.2780,1365.5420
Chain,4049.9380,1152.2780,1365.5420,4047.9470,1128.7980,1371.2640,4051.6620,1127.4220,1378.8710
Chain,4049.9380,1152.2780,1365.5420,4051.6620,1127.4220,1378.8710,4054.3040,1156.7760,1371.2780
Chain,4052.1700,1263.0900,1456.5870,4024.9550,1275.7740,1455.6350,4024.3420,1267.4350,1457.3980
Chain,4052.1700,1263.0900,1456.5870,4024.3420,1267.4350,1457.3980,4046.1580,1257.2980,1458.0310
Chain,4046.1580,1257.2980,1458.0310,4024.3420,1267.4350,1457.3980,4027.0510,1265.5900,1449.6120
Chain,4046.1580,1257.2980,1458.0310,4027.0510,1265.5900,1449.6120,4043.4450,1258.1100,1449.9940
Chain,4043.4450,1258.1100,1449.9940,4027.0510,1265.5900,1449.6120,4027.6640,1273.9300,1447.8500
Chain,4043.4450,1258.1100,1449.9940,4027.6640,1273.9300,1447.8500,4049.4570,1263.9020,1448.5500
Chain,4049.4570,1263.9020,1448.5500,4027.6640,1273.9300,1447.8500,4024.9550,1275.7740,1455.6350
Chain,4049.4570,1263.9020,1448.5500,4024.9550,1275.7740,1455.6350,4052.1700,1263.0900,1456.5870
Chain,4060.1770,1227.5430,1433.5720,4052.1700,1263.0900,1456.5870,4046.1580,1257.2980,1458.0310
Chain,4060.1770,1227.5430,1433.5720,4046.1580,1257.2980,1458.0310,4053.0710,1226.4810,1438.1610
Chain,4046.1580,1257.2980,1458.0310,4043.4450,1258.1100,1449.9940,4049.1820,1232.3900,1433.5050
Chain,4046.1580,1257.2980,1458.0310,4049.1820,1232.3900,1433.5050,4053.0710,1226.4810,1438.1610
Chain,4043.4450,1258.1100,1449.9940,4049.4570,1263.9020,1448.5500,4056.2880,1233.4510,1428.9160
Chain,4043.4450,1258.1100,1449.9940,4056.2880,1233.4510,1428.9160,4049.1820,1232.3900,1433.5050
Chain,4056.2880,1233.4510,1428.9160,4049.4570,1263.9020,1448.5500,4052.1700,1263.0900,1456.5870
Chain,4056.2880,1233.4510,1428.9160,4052.1700,1263.0900,1456.5870,4060.1770,1227.5430,1433.5720
Chain,4060.1770,1227.5430,1433.5720,4053.0710,1226.4810,1438.1610,4035.7620,1216.7200,1424.5720
Chain,4060.1770,1227.5430,1433.5720,4035.7620,1216.7200,1424.5720,4038.5210,1215.4240,1416.6420
Chain,4035.7620,1216.7200,1424.5720,4053.0710,1226.4810,1438.1610,4049.1820,1232.3900,1433.5050
Chain,4035.7620,1216.7200,1424.5720,4049.1820,1232.3900,1433.5050,4036.1880,1225.1190,1423.3470
Chain,4036.1880,1225.1190,1423.3470,4049.1820,1232.3900,1433.5050,4056.2880,1233.4510,1428.9160
Chain,4036.1880,1225.1190,1423.3470,4056.2880,1233.4510,1428.9160,4038.9470,1223.8230,1415.4170
Chain,4056.2880,1233.4510,1428.9160,4060.1770,1227.5430,1433.5720,4038.5210,1215.4240,1416.6420
Chain,4056.2880,1233.4510,1428.9160,4038.5210,1215.4240,1416.6420,4038.9470,1223.8230,1415.4170
Chain,4011.0340,1227.5430,1416.4750,4038.5210,1215.4240,1416.6420,4035.7620,1216.7200,1424.5720
Chain,4011.0340,1227.5430,1416.4750,4035.7620,1216.7200,1424.5720,4013.7570,1226.4810,1424.4830
Chain,4035.7620,1216.7200,1424.5720,4036.1880,1225.1190,1423.3470,4019.6960,1232.3900,1423.2470
Chain,4035.7620,1216.7200,1424.5720,4019.6960,1232.3900,1423.2470,4013.7570,1226.4810,1424.4830
Chain,4036.1880,1225.1190,1423.3470,4038.9470,1223.8230,1415.4170,4016.9730,1233.4510,1415.2380
Chain,4036.1880,1225.1190,1423.3470,4016.9730,1233.4510,1415.2380,4019.6960,1232.3900,1423.2470
Chain,4016.9730,1233.4510,1415.2380,4038.9470,1223.8230,1415.4170,4038.5210,1215.4240,1416.6420
Chain,4016.9730,1233.4510,1415.2380,4038.5210,1215.4240,1416.6420,4011.0340,1227.5430,1416.4750
Chain,4011.0340,1227.5430,1416.4750,4013.7570,1226.4810,1424.4830,4006.8440,1257.2980,1444.3540
Chain,4011.0340,1227.5430,1416.4750,4006.8440,1257.2980,1444.3540,4003.0270,1263.0900,1439.4900
Chain,4006.8440,1257.2980,1444.3540,4013.7570,1226.4810,1424.4830,4019.6960,1232.3900,1423.2470
Chain,4006.8440,1257.2980,1444.3540,4019.6960,1232.3900,1423.2470,4013.9590,1258.1100,1439.7360
Chain,4013.9590,1258.1100,1439.7360,4019.6960,1232.3900,1423.2470,4016.9730,1233.4510,1415.2380
Chain,4013.9590,1258.1100,1439.7360,4016.9730,1233.4510,1415.2380,4010.1430,1263.9020,1434.8720
Chain,4016.9730,1233.4510,1415.2380,4011.0340,1227.5430,1416.4750,4003.0270,1263.0900,1439.4900
Chain,4016.9730,1233.4510,1415.2380,4003.0270,1263.0900,1439.4900,4010.1430,1263.9020,1434.8720
Chain,4003.0270,1263.0900,1439.4900,4006.8440,1257.2980,1444.3540,4024.3420,1267.4350,1457.3980
Chain,4003.0270,1263.0900,1439.4900,4024.3420,1267.4350,1457.3980,4024.9550,1275.7740,1455.6350
Chain,4006.8440,1257.2980,1444.3540,4013.9590,1258.1100,1439.7360,4027.0510,1265.5900,1449.6120
Chain,4006.8440,1257.2980,1444.3540,4027.0510,1265.5900,1449.6120,4024.3420,1267.4350,1457.3980
Chain,4013.9590,1258.1100,1439.7360,4010.1430,1263.9020,1434.8720,4027.6640,1273.9300,1447.8500
Chain,4013.9590,1258.1100,1439.7360,4027.6640,1273.9300,1447.8500,4027.0510,1265.5900,1449.6120
Chain,4010.1430,1263.9020,1434.8720,4003.0270,1263.0900,1439.4900,4024.9550,1275.7740,1455.6350
Chain,4010.1430,1263.9020,1434.8720,4024.9550,1275.7740,1455.6350,4027.6640,1273.9300,1447.8500
Chain,4034.0800,1233.8840,1429.4090,4040.9210,1229.0360,1428.0310,4048.7640,1231.6650,1405.4850
Chain,4034.0800,1233.8840,1429.4090,4048.7640,1231.6650,1405.4850,4043.9010,1237.0990,1401.1770
Chain,4040.9210,1229.0360,1428.0310,4036.4120,1224.1890,1422.7040,4042.2850,1226.2030,1405.8240
Chain,4040.9210,1229.0360,1428.0310,4042.2850,1226.2030,1405.8240,4048.7640,1231.6650,1405.4850
Chain,4042.2850,1226.2030,1405.8240,4036.4120,1224.1890,1422.7040,4029.5720,1229.0360,1424.0820
Chain,4042.2850,1226.2030,1405.8240,4029.5720,1229.0360,1424.0820,4037.4150,1231.6650,1401.5360
Chain,4037.4150,1231.6650,1401.5360,4029.5720,1229.0360,1424.0820,4034.0800,1233.8840,1429.4090
Chain,4037.4150,1231.6650,1401.5360,4034.0800,1233.8840,1429.4090,4043.9010,1237.0990,1401.1770
Chain,4052.2470,1204.0050,1377.1920,4043.9010,1237.0990,1401.1770,4048.7640,1231.6650,1405.4850
Chain,4052.2470,1204.0050,1377.1920,4048.7640,1231.6650,1405.4850,4055.9950,1203.0000,1384.7020
Chain,4055.9950,1203.0000,1384.7020,4048.7640,1231.6650,1405.4850,4042.2850,1226.2030,1405.8240
Chain,4055.9950,1203.0000,1384.7020,4042.2850,1226.2030,1405.8240,4048.3850,1202.0270,1388.2890
Chain,4042.2850,1226.2030,1405.8240,4037.4150,1231.6650,1401.5360,4044.6460,1203.0000,1380.7540
Chain,4042.2850,1226.2030,1405.8240,4044.6460,1203.0000,1380.7540,4048.3850,1202.0270,1388.2890
Chain,4037.4150,1231.6650,1401.5360,4043.9010,1237.0990,1401.1770,4052.2470,1204.0050,1377.1920
Chain,4037.4150,1231.6650,1401.5360,4052.2470,1204.0050,1377.1920,4044.6460,1203.0000,1380.7540
Chain,4048.7300,1175.9280,1387.2970,4052.2470,1204.0050,1377.1920,4055.9950,1203.0000,1384.7020
Chain,4048.7300,1175.9280,1387.2970,4055.9950,1203.0000,1384.7020,4053.1430,1180.5470,1392.8980
Chain,4053.1430,1180.5470,1392.8980,4055.9950,1203.0000,1384.7020,4048.3850,1202.0270,1388.2890
Chain,4053.1430,1180.5470,1392.8980,4048.3850,1202.0270,1388.2890,4046.2340,1185.2360,1394.4730
Chain,4048.3850,1202.0270,1388.2890,4044.6460,1203.0000,1380.7540,4041.7940,1180.5470,1388.9500
Chain,4048.3850,1202.0270,1388.2890,4041.7940,1180.5470,1388.9500,4046.2340,1185.2360,1394.4730
Chain,4044.6460,1203.0000,1380.7540,4052.2470,1204.0050,1377.1920,4048.7300,1175.9280,1387.2970
Chain,4044.6460,1203.0000,1380.7540,4048.7300,1175.9280,1387.2970,4041.7940,1180.5470,1388.9500
Chain,4038.9870,1171.1550,1415.3020,4048.7300,1175.9280,1387.2970,4053.1430,1180.5470,1392.8980
Chain,4038.9870,1171.1550,1415.3020,4053.1430,1180.5470,1392.8980,4045.3530,1176.8480,1415.2890
Chain,4045.3530,1176.8480,1415.2890,4053.1430,1180.5470,1392.8980,4046.2340,1185.2360,1394.4730
Chain,4045.3530,1176.8480,1415.2890,4046.2340,1185.2360,1394.4730,4040.3790,1182.5090,1411.3020
Chain,4046.2340,1185.2360,1394.4730,4041.7940,1180.5470,1388.9500,4034.0040,1176.8480,1411.3410
Chain,4046.2340,1185.2360,1394.4730,4034.0040,1176.8480,1411.3410,4040.3790,1182.5090,1411.3020
Chain,4041.7940,1180.5470,1388.9500,4048.7300,1175.9280,1387.2970,4038.9870,1171.1550,1415.3020
Chain,4041.7940,1180.5470,1388.9500,4038.9870,1171.1550,1415.3020,4034.0040,1176.8480,1411.3410
Chain,4030.0900,1206.4320,1440.8780,4038.9870,1171.1550,1415.3020,4045.3530,1176.8480,1415.2890
Chain,4030.0900,1206.4320,1440.8780,4045.3530,1176.8480,1415.2890,4037.7420,1207.0180,1437.1660
Chain,4037.7420,1207.0180,1437.1660,4045.3530,1176.8480,1415.2890,4040.3790,1182.5090,1411.3020
Chain,4037.7420,1207.0180,1437.1660,4040.3790,1182.5090,1411.3020,4034.0390,1207.6320,1429.5260
Chain,4040.3790,1182.5090,1411.3020,4034.0040,1176.8480,1411.3410,4026.3930,1207.0180,1433.2180
Chain,4040.3790,1182.5090,1411.3020,4026.3930,1207.0180,1433.2180,4034.0390,1207.6320,1429.5260
Chain,4034.0040,1176.8480,1411.3410,4038.9870,1171.1550,1415.3020,4030.0900,1206.4320,1440.8780
Chain,4034.0040,1176.8480,1411.3410,4030.0900,1206.4320,1440.8780,4026.3930,1207.0180,1433.2180
Chain,4030.0900,1206.4320,1440.8780,4037.7420,1207.0180,1437.1660,4040.9210,1229.0360,1428.0310
Chain,4030.0900,1206.4320,1440.8780,4040.9210,1229.0360,1428.0310,4034.0800,1233.8840,1429.4090
Chain,4037.7420,1207.0180,1437.1660,4034.0390,1207.6320,1429.5260,4036.4120,1224.1890,1422.7040
Chain,4037.7420,1207.0180,1437.1660,4036.4120,1224.1890,1422.7040,4040.9210,1229.0360,1428.0310
Chain,4036.4120,1224.1890,1422.7040,4034.0390,1207.6320,1429.5260,4026.3930,1207.0180,1433.2180
Chain,4036.4120,1224.1890,1422.7040,4026.3930,1207.0180,1433.2180,4029.5720,1229.0360,1424.0820
Chain,4029.5720,1229.0360,1424.0820,4026.3930,1207.0180,1433.2180,4030.0900,1206.4320,1440.8780
Chain,4029.5720,1229.0360,1424.0820,4030.0900,1206.4320,1440.8780,4034.0800,1233.8840,1429.4090
Chain,4035.5590,1347.8630,1504.3340,4008.6090,1361.0240,1502.6220,4007.8270,1352.8840,1504.8690
Chain,4035.5590,1347.8630,1504.3340,4007.8270,1352.8840,1504.8690,4029.3940,1342.3160,1506.2190
Chain,4029.3940,1342.3160,1506.2190,4007.8270,1352.8840,1504.8690,4010.5110,1350.4950,1497.1520
Chain,4029.3940,1342.3160,1506.2190,4010.5110,1350.4950,1497.1520,4026.6810,1342.5980,1498.1800
Chain,4026.6810,1342.5980,1498.1800,4010.5110,1350.4950,1497.1520,4011.2930,1358.6350,1494.9050
Chain,4026.6810,1342.5980,1498.1800,4011.2930,1358.6350,1494.9050,4032.8460,1348.1450,1496.2950
Chain,4032.8460,1348.1450,1496.2950,4011.2930,1358.6350,1494.9050,4008.6090,1361.0240,1502.6220
Chain,4032.8460,1348.1450,1496.2950,4008.6090,1361.0240,1502.6220,4035.5590,1347.8630,1504.3340
Chain,4042.5710,1310.4170,1484.1780,4035.5590,1347.8630,1504.3340,4029.3940,1342.3160,1506.2190
Chain,4042.5710,1310.4170,1484.1780,4029.3940,1342.3160,1506.2190,4035.4560,1309.9640,1488.7930
Chain,4029.3940,1342.3160,1506.2190,4026.6810,1342.5980,1498.1800,4031.7450,1315.6030,1483.6250
Chain,4029.3940,1342.3160,1506.2190,4031.7450,1315.6030,1483.6250,4035.4560,1309.9640,1488.7930
Chain,4026.6810,1342.5980,1498.1800,4032.8460,1348.1450,1496.2950,4038.8600,1316.0560,1479.0100
Chain,4026.6810,1342.5980,1498.1800,4038.8600,1316.0560,1479.0100,4031.7450,1315.6030,1483.6250
Chain,4038.8600,1316.0560,1479.0100,4032.8460,1348.1450,1496.2950,4035.5590,1347.8630,1504.3340
Chain,4038.8600,1316.0560,1479.0100,4035.5590,1347.8630,1504.3340,4042.5710,1310.4170,1484.1780
Chain,4020.4940,1297.4570,1468.4590,4042.5710,1310.4170,1484.1780,4035.4560,1309.9640,1488.7930
Chain,4020.4940,1297.4570,1468.4590,4035.4560,1309.9640,1488.7930,4017.8020,1299.5480,1476.1980
Chain,4035.4560,1309.9640,1488.7930,4031.7450,1315.6030,1483.6250,4018.4980,1307.8240,1474.1970
Chain,4035.4560,1309.9640,1488.7930,4018.4980,1307.8240,1474.1970,4017.8020,1299.5480,1476.1980
Chain,4031.7450,1315.6030,1483.6250,4038.8600,1316.0560,1479.0100,4021.1880,1305.7290,1466.4650
Chain,4031.7450,1315.6030,1483.6250,4021.1880,1305.7290,1466.4650,4018.4980,1307.8240,1474.1970
Chain,4021.1880,1305.7290,1466.4650,4038.8600,1316.0560,1479.0100,4042.5710,1310.4170,1484.1780
Chain,4021.1880,1305.7290,1466.4650,4042.5710,1310.4170,1484.1780,4020.4940,1297.4570,1468.4590
Chain,4020.4940,1297.4570,1468.4590,4017.8020,1299.5480,1476.1980,3996.1420,1309.9640,1475.1150
Chain,4020.4940,1297.4570,1468.4590,3996.1420,1309.9640,1475.1150,3993.4280,1310.4170,1467.0810
Chain,3996.1420,1309.9640,1475.1150,4017.8020,1299.5480,1476.1980,4018.4980,1307.8240,1474.1970
Chain,3996.1420,1309.9640,1475.1150,4018.4980,1307.8240,1474.1970,4002.2600,1315.6030,1473.3670
Chain,4002.2600,1315.6030,1473.3670,4018.4980,1307.8240,1474.1970,4021.1880,1305.7290,1466.4650
Chain,4002.2600,1315.6030,1473.3670,4021.1880,1305.7290,1466.4650,3999.5450,1316.0560,1465.3330
Chain,4021.1880,1305.7290,1466.4650,4020.4940,1297.4570,1468.4590,3993.4280,1310.4170,1467.0810
Chain,4021.1880,1305.7290,1466.4650,3993.4280,1310.4170,1467.0810,3999.5450,1316.0560,1465.3330
Chain,3993.4280,1310.4170,1467.0810,3996.1420,1309.9640,1475.1150,3990.0800,1342.3160,1492.5410
Chain,3993.4280,1310.4170,1467.0810,3990.0800,1342.3160,1492.5410,3986.4160,1347.8630,1487.2370
Chain,3990.0800,1342.3160,1492.5410,3996.1420,1309.9640,1475.1150,4002.2600,1315.6030,1473.3670
Chain,3990.0800,1342.3160,1492.5410,4002.2600,1315.6030,1473.3670,3997.1950,1342.5980,1487.9210
Chain,3997.1950,1342.5980,1487.9210,4002.2600,1315.6030,1473.3670,3999.5450,1316.0560,1465.3330
Chain,3997.1950,1342.5980,1487.9210,3999.5450,1316.0560,1465.3330,3993.5320,1348.1450,1482.6170
Chain,3999.5450,1316.0560,1465.3330,3993.4280,1310.4170,1467.0810,3986.4160,1347.8630,1487.2370
Chain,3999.5450,1316.0560,1465.3330,3986.4160,1347.8630,1487.2370,3993.5320,1348.1450,1482.6170
Chain,3986.4160,1347.8630,1487.2370,3990.0800,1342.3160,1492.5410,4007.8270,1352.8840,1504.8690
Chain,3986.4160,1347.8630,1487.2370,4007.8270,1352.8840,1504.8690,4008.6090,1361.0240,1502.6220
Chain,3990.0800,1342.3160,1492.5410,3997.1950,1342.5980,1487.9210,4010.5110,1350.4950,1497.1520
Chain,3990.0800,1342.3160,1492.5410,4010.5110,1350.4950,1497.1520,4007.8270,1352.8840,1504.8690
Chain,3997.1950,1342.5980,1487.9210,3993.5320,1348.1450,1482.6170,4011.2930,1358.6350,1494.9050
Chain,3997.1950,1342.5980,1487.9210,4011.2930,1358.6350,1494.9050,4010.5110,1350.4950,1497.1520
Chain,3993.5320,1348.1450,1482.6170,3986.4160,1347.8630,1487.2370,4008.6090,1361.0240,1502.6220
Chain,3993.5320,1348.1450,1482.6170,4008.6090,1361.0240,1502.6220,4011.2930,1358.6350,1494.9050
Chain,4016.6950,1317.2000,1479.3790,4023.3660,1312.0150,1478.4870,4031.2220,1312.3640,1455.9070
Chain,4016.6950,1317.2000,1479.3790,4031.2220,1312.3640,1455.9070,4026.5240,1317.5890,1451.1260
Chain,4023.3660,1312.0150,1478.4870,4018.6890,1306.8290,1473.6470,4024.5750,1307.1200,1456.7290
Chain,4023.3660,1312.0150,1478.4870,4024.5750,1307.1200,1456.7290,4031.2220,1312.3640,1455.9070
Chain,4024.5750,1307.1200,1456.7290,4018.6890,1306.8290,1473.6470,4012.0170,1312.0150,1474.5390
Chain,4024.5750,1307.1200,1456.7290,4012.0170,1312.0150,1474.5390,4019.8730,1312.3640,1451.9590
Chain,4019.8730,1312.3640,1451.9590,4012.0170,1312.0150,1474.5390,4016.6950,1317.2000,1479.3790
Chain,4019.8730,1312.3640,1451.9590,4016.6950,1317.2000,1479.3790,4026.5240,1317.5890,1451.1260
Chain,4033.8180,1281.7150,1430.1610,4026.5240,1317.5890,1451.1260,4031.2220,1312.3640,1455.9070
Chain,4033.8180,1281.7150,1430.1610,4031.2220,1312.3640,1455.9070,4037.5430,1281.3910,1437.7400
Chain,4031.2220,1312.3640,1455.9070,4024.5750,1307.1200,1456.7290,4029.9130,1281.0900,1441.3850
Chain,4031.2220,1312.3640,1455.9070,4029.9130,1281.0900,1441.3850,4037.5430,1281.3910,1437.7400
Chain,4029.9130,1281.0900,1441.3850,4024.5750,1307.1200,1456.7290,4019.8730,1312.3640,1451.9590
Chain,4029.9130,1281.0900,1441.3850,4019.8730,1312.3640,1451.9590,4026.1940,1281.3910,1433.7920
Chain,4019.8730,1312.3640,1451.9590,4026.5240,1317.5890,1451.1260,4033.8180,1281.7150,1430.1610
Chain,4019.8730,1312.3640,1451.9590,4033.8180,1281.7150,1430.1610,4026.1940,1281.3910,1433.7920
Chain,4029.3740,1255.0810,1442.9350,4033.8180,1281.7150,1430.1610,4037.5430,1281.3910,1437.7400
Chain,4029.3740,1255.0810,1442.9350,4037.5430,1281.3910,1437.7400,4033.9440,1260.0620,1448.0830
Chain,4033.9440,1260.0620,1448.0830,4037.5430,1281.3910,1437.7400,4029.9130,1281.0900,1441.3850
Chain,4033.9440,1260.0620,1448.0830,4029.9130,1281.0900,1441.3850,4027.1660,1265.0430,1449.2830
Chain,4029.9130,1281.0900,1441.3850,4026.1940,1281.3910,1433.7920,4022.5950,1260.0620,1444.1350
Chain,4029.9130,1281.0900,1441.3850,4022.5950,1260.0620,1444.1350,4027.1660,1265.0430,1449.2830
Chain,4026.1940,1281.3910,1433.7920,4033.8180,1281.7150,1430.1610,4029.3740,1255.0810,1442.9350
Chain,4026.1940,1281.3910,1433.7920,4029.3740,1255.0810,1442.9350,4022.5950,1260.0620,1444.1350
Chain,4019.4620,1253.4570,1471.4240,4029.3740,1255.0810,1442.9350,4033.9440,1260.0620,1448.0830
Chain,4019.4620,1253.4570,1471.4240,4033.9440,1260.0620,1448.0830,4026.0390,1258.8730,1470.8050
Chain,4026.0390,1258.8730,1470.8050,4033.9440,1260.0620,1448.0830,4027.1660,1265.0430,1449.2830
Chain,4026.0390,1258.8730,1470.8050,4027.1660,1265.0430,1449.2830,4021.2720,1264.2670,1466.2240
Chain,4027.1660,1265.0430,1449.2830,4022.5950,1260.0620,1444.1350,4014.6900,1258.8730,1466.8560
Chain,4027.1660,1265.0430,1449.2830,4014.6900,1258.8730,1466.8560,4021.2720,1264.2670,1466.2240
Chain,4022.5950,1260.0620,1444.1350,4029.3740,1255.0810,1442.9350,4019.4620,1253.4570,1471.4240
Chain,4022.5950,1260.0620,1444.1350,4019.4620,1253.4570,1471.4240,4014.6900,1258.8730,1466.8560
Chain,4011.8510,1290.8830,1493.3030,4019.4620,1253.4570,1471.4240,4026.0390,1258.8730,1470.8050
Chain,4011.8510,1290.8830,1493.3030,4026.0390,1258.8730,1470.8050,4019.4990,1290.9230,1489.6040
Chain,4026.0390,1258.8730,1470.8050,4021.2720,1264.2670,1466.2240,4015.7940,1290.9810,1481.9690
Chain,4026.0390,1258.8730,1470.8050,4015.7940,1290.9810,1481.9690,4019.4990,1290.9230,1489.6040
Chain,4015.7940,1290.9810,1481.9690,4021.2720,1264.2670,1466.2240,4014.6900,1258.8730,1466.8560
Chain,4015.7940,1290.9810,1481.9690,4014.6900,1258.8730,1466.8560,4008.1500,1290.9230,1485.6560
Chain,4014.6900,1258.8730,1466.8560,4019.4620,1253.4570,1471.4240,4011.8510,1290.8830,1493.3030
Chain,4014.6900,1258.8730,1466.8560,4011.8510,1290.8830,1493.3030,4008.1500,1290.9230,1485.6560
Chain,4011.8510,1290.8830,1493.3030,4019.4990,1290.9230,1489.6040,4023.3660,1312.0150,1478.4870
Chain,4011.8510,1290.8830,1493.3030,4023.3660,1312.0150,1478.4870,4016.6950,1317.2000,1479.3790
Chain,4019.4990,1290.9230,1489.6040,4015.7940,1290.9810,1481.9690,4018.6890,1306.8290,1473.6470
Chain,4019.4990,1290.9230,1489.6040,4018.6890,1306.8290,1473.6470,4023.3660,1312.0150,1478.4870
Chain,4018.6890,1306.8290,1473.6470,4015.7940,1290.9810,1481.9690,4008.1500,1290.9230,1485.6560
Chain,4018.6890,1306.8290,1473.6470,4008.1500,1290.9230,1485.6560,4012.0170,1312.0150,1474.5390
Chain,4012.0170,1312.0150,1474.5390,4008.1500,1290.9230,1485.6560,4011.8510,1290.8830,1493.3030
Chain,4012.0170,1312.0150,1474.5390,4011.8510,1290.8830,1493.3030,4016.6950,1317.2000,1479.3790
Chain,3993.9520,1449.0860,1544.7510,3993.0150,1441.0460,1547.4420,4014.4110,1430.2220,1549.2830
Chain,3993.9520,1449.0860,1544.7510,4014.4110,1430.2220,1549.2830,4020.6620,1435.5510,1547.1500
Chain,4014.4110,1430.2220,1549.2830,3993.0150,1441.0460,1547.4420,3995.6540,1438.2440,1539.8580
Chain,4014.4110,1430.2220,1549.2830,3995.6540,1438.2440,1539.8580,4011.7080,1430.1640,1541.2180
Chain,4011.7080,1430.1640,1541.2180,3995.6540,1438.2440,1539.8580,3996.5730,1446.2590,1537.2170
Chain,4011.7080,1430.1640,1541.2180,3996.5730,1446.2590,1537.2170,4017.9590,1435.4930,1539.0840
Chain,3996.5730,1446.2590,1537.2170,3993.9520,1449.0860,1544.7510,4020.6620,1435.5510,1547.1500
Chain,3996.5730,1446.2590,1537.2170,4020.6620,1435.5510,1547.1500,4017.9590,1435.4930,1539.0840
Chain,4026.9800,1396.9740,1528.9910,4020.6620,1435.5510,1547.1500,4014.4110,1430.2220,1549.2830
Chain,4026.9800,1396.9740,1528.9910,4014.4110,1430.2220,1549.2830,4019.8520,1396.9110,1533.6460
Chain,4014.4110,1430.2220,1549.2830,4011.7080,1430.1640,1541.2180,4016.2410,1402.3050,1528.1890
Chain,4014.4110,1430.2220,1549.2830,4016.2410,1402.3050,1528.1890,4019.8520,1396.9110,1533.6460
Chain,4011.7080,1430.1640,1541.2180,4017.9590,1435.4930,1539.0840,4023.3690,1402.3690,1523.5350
Chain,4011.7080,1430.1640,1541.2180,4023.3690,1402.3690,1523.5350,4016.2410,1402.3050,1528.1890
Chain,4023.3690,1402.3690,1523.5350,4017.9590,1435.4930,1539.0840,4020.6620,1435.5510,1547.1500
Chain,4023.3690,1402.3690,1523.5350,4020.6620,1435.5510,1547.1500,4026.9800,1396.9740,1528.9910
Chain,4026.9800,1396.9740,1528.9910,4019.8520,1396.9110,1533.6460,4002.0210,1386.2150,1521.5560
Chain,4026.9800,1396.9740,1528.9910,4002.0210,1386.2150,1521.5560,4004.6850,1383.6470,1513.8990
Chain,4002.0210,1386.2150,1521.5560,4019.8520,1396.9110,1533.6460,4016.2410,1402.3050,1528.1890
Chain,4002.0210,1386.2150,1521.5560,4016.2410,1402.3050,1528.1890,4002.8640,1394.3090,1519.1340
Chain,4002.8640,1394.3090,1519.1340,4016.2410,1402.3050,1528.1890,4023.3690,1402.3690,1523.5350
Chain,4002.8640,1394.3090,1519.1340,4023.3690,1402.3690,1523.5350,4005.5280,1391.7410,1511.4780
Chain,4023.3690,1402.3690,1523.5350,4026.9800,1396.9740,1528.9910,4004.6850,1383.6470,1513.8990
Chain,4023.3690,1402.3690,1523.5350,4004.6850,1383.6470,1513.8990,4005.5280,1391.7410,1511.4780
Chain,3977.8370,1396.9740,1511.8940,4004.6850,1383.6470,1513.8990,4002.0210,1386.2150,1521.5560
Chain,3977.8370,1396.9740,1511.8940,4002.0210,1386.2150,1521.5560,3980.5370,1396.9110,1519.9680
Chain,4002.0210,1386.2150,1521.5560,4002.8640,1394.3090,1519.1340,3986.7550,1402.3050,1517.9310
Chain,4002.0210,1386.2150,1521.5560,3986.7550,1402.3050,1517.9310,3980.5370,1396.9110,1519.9680
Chain,4002.8640,1394.3090,1519.1340,4005.5280,1391.7410,1511.4780,3984.0550,1402.3690,1509.8570
Chain,4002.8640,1394.3090,1519.1340,3984.0550,1402.3690,1509.8570,3986.7550,1402.3050,1517.9310
Chain,3984.0550,1402.3690,1509.8570,4005.5280,1391.7410,1511.4780,4004.6850,1383.6470,1513.8990
Chain,3984.0550,1402.3690,1509.8570,4004.6850,1383.6470,1513.8990,3977.8370,1396.9740,1511.8940
Chain,3977.8370,1396.9740,1511.8940,3980.5370,1396.9110,1519.9680,3975.0970,1430.2220,1535.6060
Chain,3977.8370,1396.9740,1511.8940,3975.0970,1430.2220,1535.6060,3971.5200,1435.5510,1530.0530
Chain,3975.0970,1430.2220,1535.6060,3980.5370,1396.9110,1519.9680,3986.7550,1402.3050,1517.9310
Chain,3975.0970,1430.2220,1535.6060,3986.7550,1402.3050,1517.9310,3982.2220,1430.1640,1530.9590
Chain,3982.2220,1430.1640,1530.9590,3986.7550,1402.3050,1517.9310,3984.0550,1402.3690,1509.8570
Chain,3982.2220,1430.1640,1530.9590,3984.0550,1402.3690,1509.8570,3978.6450,1435.4930,1525.4070
Chain,3984.0550,1402.3690,1509.8570,3977.8370,1396.9740,1511.8940,3971.5200,1435.5510,1530.0530
Chain,3984.0550,1402.3690,1509.8570,3971.5200,1435.5510,1530.0530,3978.6450,1435.4930,1525.4070
Chain,3993.9520,1449.0860,1544.7510,3971.5200,1435.5510,1530.0530,3975.0970,1430.2220,1535.6060
Chain,3993.9520,1449.0860,1544.7510,3975.0970,1430.2220,1535.6060,3993.0150,1441.0460,1547.4420
Chain,3975.0970,1430.2220,1535.6060,3982.2220,1430.1640,1530.9590,3995.6540,1438.2440,1539.8580
Chain,3975.0970,1430.2220,1535.6060,3995.6540,1438.2440,1539.8580,3993.0150,1441.0460,1547.4420
Chain,3982.2220,1430.1640,1530.9590,3978.6450,1435.4930,1525.4070,3996.5730,1446.2590,1537.2170
Chain,3982.2220,1430.1640,1530.9590,3996.5730,1446.2590,1537.2170,3995.6540,1438.2440,1539.8580
Chain,3996.5730,1446.2590,1537.2170,3978.6450,1435.4930,1525.4070,3971.5200,1435.5510,1530.0530
Chain,3996.5730,1446.2590,1537.2170,3971.5200,1435.5510,1530.0530,3993.9520,1449.0860,1544.7510
Chain,4001.2200,1403.9520,1523.8580,4007.8020,1398.6170,1523.2240,4015.6940,1397.5390,1500.5390
Chain,4001.2200,1403.9520,1523.8580,4015.6940,1397.5390,1500.5390,4011.0890,1402.5630,1495.4930
Chain,4007.8020,1398.6170,1523.2240,4003.0380,1393.2860,1518.6320,4008.9540,1392.5000,1501.6300
Chain,4007.8020,1398.6170,1523.2240,4008.9540,1392.5000,1501.6300,4015.6940,1397.5390,1500.5390
Chain,4008.9540,1392.5000,1501.6300,4003.0380,1393.2860,1518.6320,3996.4530,1398.6170,1519.2750
Chain,4008.9540,1392.5000,1501.6300,3996.4530,1398.6170,1519.2750,4004.3450,1397.5390,1496.5910
Chain,4004.3450,1397.5390,1496.5910,3996.4530,1398.6170,1519.2750,4001.2200,1403.9520,1523.8580
Chain,4004.3450,1397.5390,1496.5910,4001.2200,1403.9520,1523.8580,4011.0890,1402.5630,1495.4930
Chain,4017.6350,1365.0610,1476.6760,4011.0890,1402.5630,1495.4930,4015.6940,1397.5390,1500.5390
Chain,4017.6350,1365.0610,1476.6760,4015.6940,1397.5390,1500.5390,4021.3410,1365.1590,1484.3100
Chain,4021.3410,1365.1590,1484.3100,4015.6940,1397.5390,1500.5390,4008.9540,1392.5000,1501.6300
Chain,4021.3410,1365.1590,1484.3100,4008.9540,1392.5000,1501.6300,4013.6940,1365.2730,1488.0040
Chain,4008.9540,1392.5000,1501.6300,4004.3450,1397.5390,1496.5910,4009.9920,1365.1590,1480.3610
Chain,4008.9540,1392.5000,1501.6300,4009.9920,1365.1590,1480.3610,4013.6940,1365.2730,1488.0040
Chain,4004.3450,1397.5390,1496.5910,4011.0890,1402.5630,1495.4930,4017.6350,1365.0610,1476.6760
Chain,4004.3450,1397.5390,1496.5910,4017.6350,1365.0610,1476.6760,4009.9920,1365.1590,1480.3610
Chain,4012.5170,1339.3970,1491.3880,4017.6350,1365.0610,1476.6760,4021.3410,1365.1590,1484.3100
Chain,4012.5170,1339.3970,1491.3880,4021.3410,1365.1590,1484.3100,4017.2400,1344.6620,1496.0970
Chain,4017.2400,1344.6620,1496.0970,4021.3410,1365.1590,1484.3100,4013.6940,1365.2730,1488.0040
Chain,4017.2400,1344.6620,1496.0970,4013.6940,1365.2730,1488.0040,4010.6140,1349.9260,1496.8570
Chain,4013.6940,1365.2730,1488.0040,4009.9920,1365.1590,1480.3610,4005.8910,1344.6620,1492.1480
Chain,4013.6940,1365.2730,1488.0040,4005.8910,1344.6620,1492.1480,4010.6140,1349.9260,1496.8570
Chain,4009.9920,1365.1590,1480.3610,4017.6350,1365.0610,1476.6760,4012.5170,1339.3970,1491.3880
Chain,4009.9920,1365.1590,1480.3610,4012.5170,1339.3970,1491.3880,4005.8910,1344.6620,1492.1480
Chain,4002.6420,1340.0550,1519.7720,4012.5170,1339.3970,1491.3880,4017.2400,1344.6620,1496.0970
Chain,4002.6420,1340.0550,1519.7720,4017.2400,1344.6620,1496.0970,4009.3340,1345.2220,1518.8220
Chain,4009.3340,1345.2220,1518.8220,4017.2400,1344.6620,1496.0970,4010.6140,1349.9260,1496.8570
Chain,4009.3340,1345.2220,1518.8220,4010.6140,1349.9260,1496.8570,4004.6800,1350.3720,1513.9140
Chain,4010.6140,1349.9260,1496.8570,4005.8910,1344.6620,1492.1480,3997.9850,1345.2220,1514.8730
Chain,4010.6140,1349.9260,1496.8570,3997.9850,1345.2220,1514.8730,4004.6800,1350.3720,1513.9140
Chain,4005.8910,1344.6620,1492.1480,4012.5170,1339.3970,1491.3880,4002.6420,1340.0550,1519.7720
Chain,4005.8910,1344.6620,1492.1480,4002.6420,1340.0550,1519.7720,3997.9850,1345.2220,1514.8730
Chain,3995.8990,1378.6790,1539.1530,4002.6420,1340.0550,1519.7720,4009.3340,1345.2220,1518.8220
Chain,3995.8990,1378.6790,1539.1530,4009.3340,1345.2220,1518.8220,4003.5530,1378.3720,1535.4380
Chain,4003.5530,1378.3720,1535.4380,4009.3340,1345.2220,1518.8220,4004.6800,1350.3720,1513.9140
Chain,4003.5530,1378.3720,1535.4380,4004.6800,1350.3720,1513.9140,3999.8550,1378.0800,1527.7820
Chain,4004.6800,1350.3720,1513.9140,3997.9850,1345.2220,1514.8730,3992.2040,1378.3720,1531.4900
Chain,4004.6800,1350.3720,1513.9140,3992.2040,1378.3720,1531.4900,3999.8550,1378.0800,1527.7820
Chain,3997.9850,1345.2220,1514.8730,4002.6420,1340.0550,1519.7720,3995.8990,1378.6790,1539.1530
Chain,3997.9850,1345.2220,1514.8730,3995.8990,1378.6790,1539.1530,3992.2040,1378.3720,1531.4900
Chain,3995.8990,1378.6790,1539.1530,4003.5530,1378.3720,1535.4380,4007.8020,1398.6170,1523.2240
Chain,3995.8990,1378.6790,1539.1530,4007.8020,1398.6170,1523.2240,4001.2200,1403.9520,1523.8580
Chain,4003.5530,1378.3720,1535.4380,3999.8550,1378.0800,1527.7820,4003.0380,1393.2860,1518.6320
Chain,4003.5530,1378.3720,1535.4380,4003.0380,1393.2860,1518.6320,4007.8020,1398.6170,1523.2240
Chain,4003.0380,1393.2860,1518.6320,3999.8550,1378.0800,1527.7820,3992.2040,1378.3720,1531.4900
Chain,4003.0380,1393.2860,1518.6320,3992.2040,1378.3720,1531.4900,3996.4530,1398.6170,1519.2750
Chain,3996.4530,1398.6170,1519.2750,3992.2040,1378.3720,1531.4900,3995.8990,1378.6790,1539.1530
Chain,3996.4530,1398.6170,1519.2750,3995.8990,1378.6790,1539.1530,4001.2200,1403.9520,1523.8580
Chain,3980.4130,1538.8010,1583.6650,3979.4230,1530.8890,1586.5110,4000.7090,1519.9430,1588.6690
Chain,3980.4130,1538.8010,1583.6650,4000.7090,1519.9430,1588.6690,4007.0200,1525.1180,1586.3630
Chain,4000.7090,1519.9430,1588.6690,3979.4230,1530.8890,1586.5110,3982.0420,1527.8550,1578.9840
Chain,4000.7090,1519.9430,1588.6690,3982.0420,1527.8550,1578.9840,3998.0060,1519.6450,1580.6030
Chain,3998.0060,1519.6450,1580.6030,3982.0420,1527.8550,1578.9840,3983.0320,1535.7670,1576.1390
Chain,3998.0060,1519.6450,1580.6030,3983.0320,1535.7670,1576.1390,4004.3170,1524.8200,1578.2970
Chain,3983.0320,1535.7670,1576.1390,3980.4130,1538.8010,1583.6650,4007.0200,1525.1180,1586.3630
Chain,3983.0320,1535.7670,1576.1390,4007.0200,1525.1180,1586.3630,4004.3170,1524.8200,1578.2970
Chain,4007.0200,1525.1180,1586.3630,4000.7090,1519.9430,1588.6690,4005.7450,1486.0850,1574.1920
Chain,4007.0200,1525.1180,1586.3630,4005.7450,1486.0850,1574.1920,4012.8620,1485.8510,1569.5730
Chain,4005.7450,1486.0850,1574.1920,4000.7090,1519.9430,1588.6690,3998.0060,1519.6450,1580.6030
Chain,4005.7450,1486.0850,1574.1920,3998.0060,1519.6450,1580.6030,4002.2190,1491.3250,1568.4940
Chain,4002.2190,1491.3250,1568.4940,3998.0060,1519.6450,1580.6030,4004.3170,1524.8200,1578.2970
Chain,4002.2190,1491.3250,1568.4940,4004.3170,1524.8200,1578.2970,4009.3350,1491.0910,1563.8750
Chain,4004.3170,1524.8200,1578.2970,4007.0200,1525.1180,1586.3630,4012.8620,1485.8510,1569.5730
Chain,4004.3170,1524.8200,1578.2970,4012.8620,1485.8510,1569.5730,4009.3350,1491.0910,1563.8750
Chain,3990.3650,1472.2230,1555.0610,4012.8620,1485.8510,1569.5730,4005.7450,1486.0850,1574.1920
Chain,3990.3650,1472.2230,1555.0610,4005.7450,1486.0850,1574.1920,3987.7310,1475.1310,1562.6300
Chain,4005.7450,1486.0850,1574.1920,4002.2190,1491.3250,1568.4940,3988.6970,1483.1150,1559.8540
Chain,4005.7450,1486.0850,1574.1920,3988.6970,1483.1150,1559.8540,3987.7310,1475.1310,1562.6300
Chain,4002.2190,1491.3250,1568.4940,4009.3350,1491.0910,1563.8750,3991.3140,1480.1830,1552.3330
Chain,4002.2190,1491.3250,1568.4940,3991.3140,1480.1830,1552.3330,3988.6970,1483.1150,1559.8540
Chain,3991.3140,1480.1830,1552.3330,4009.3350,1491.0910,1563.8750,4012.8620,1485.8510,1569.5730
Chain,3991.3140,1480.1830,1552.3330,4012.8620,1485.8510,1569.5730,3990.3650,1472.2230,1555.0610
Chain,3990.3650,1472.2230,1555.0610,3987.7310,1475.1310,1562.6300,3966.4310,1486.0850,1560.5140
Chain,3990.3650,1472.2230,1555.0610,3966.4310,1486.0850,1560.5140,3963.7190,1485.8510,1552.4760
Chain,3966.4310,1486.0850,1560.5140,3987.7310,1475.1310,1562.6300,3988.6970,1483.1150,1559.8540
Chain,3966.4310,1486.0850,1560.5140,3988.6970,1483.1150,1559.8540,3972.7330,1491.3250,1558.2360
Chain,3972.7330,1491.3250,1558.2360,3988.6970,1483.1150,1559.8540,3991.3140,1480.1830,1552.3330
Chain,3972.7330,1491.3250,1558.2360,3991.3140,1480.1830,1552.3330,3970.0210,1491.0910,1550.1970
Chain,3991.3140,1480.1830,1552.3330,3990.3650,1472.2230,1555.0610,3963.7190,1485.8510,1552.4760
Chain,3991.3140,1480.1830,1552.3330,3963.7190,1485.8510,1552.4760,3970.0210,1491.0910,1550.1970
Chain,3957.8770,1525.1180,1569.2660,3963.7190,1485.8510,1552.4760,3966.4310,1486.0850,1560.5140
Chain,3957.8770,1525.1180,1569.2660,3966.4310,1486.0850,1560.5140,3961.3950,1519.9430,1574.9910
Chain,3966.4310,1486.0850,1560.5140,3972.7330,1491.3250,1558.2360,3968.5200,1519.6450,1570.3450
Chain,3966.4310,1486.0850,1560.5140,3968.5200,1519.6450,1570.3450,3961.3950,1519.9430,1574.9910
Chain,3972.7330,1491.3250,1558.2360,3970.0210,1491.0910,1550.1970,3965.0030,1524.8200,1564.6190
Chain,3972.7330,1491.3250,1558.2360,3965.0030,1524.8200,1564.6190,3968.5200,1519.6450,1570.3450
Chain,3965.0030,1524.8200,1564.6190,3970.0210,1491.0910,1550.1970,3963.7190,1485.8510,1552.4760
Chain,3965.0030,1524.8200,1564.6190,3963.7190,1485.8510,1552.4760,3957.8770,1525.1180,1569.2660
Chain,3980.4130,1538.8010,1583.6650,3957.8770,1525.1180,1569.2660,3961.3950,1519.9430,1574.9910
Chain,3980.4130,1538.8010,1583.6650,3961.3950,1519.9430,1574.9910,3979.4230,1530.8890,1586.5110
Chain,3961.3950,1519.9430,1574.9910,3968.5200,1519.6450,1570.3450,3982.0420,1527.8550,1578.9840
Chain,3961.3950,1519.9430,1574.9910,3982.0420,1527.8550,1578.9840,3979.4230,1530.8890,1586.5110
Chain,3968.5200,1519.6450,1570.3450,3965.0030,1524.8200,1564.6190,3983.0320,1535.7670,1576.1390
Chain,3968.5200,1519.6450,1570.3450,3983.0320,1535.7670,1576.1390,3982.0420,1527.8550,1578.9840
Chain,3983.0320,1535.7670,1576.1390,3965.0030,1524.8200,1564.6190,3957.8770,1525.1180,1569.2660
Chain,3983.0320,1535.7670,1576.1390,3957.8770,1525.1180,1569.2660,3980.4130,1538.8010,1583.6650
Chain,3987.2250,1493.0110,1564.0860,3993.7140,1487.5380,1563.7200,4001.5630,1485.3730,1541.1600
Chain,3987.2250,1493.0110,1564.0860,4001.5630,1485.3730,1541.1600,3997.0220,1490.2520,1535.9260
Chain,3993.7140,1487.5380,1563.7200,3988.8540,1482.0640,1559.4050,3994.7560,1480.4830,1542.4400
Chain,3993.7140,1487.5380,1563.7200,3994.7560,1480.4830,1542.4400,4001.5630,1485.3730,1541.1600
Chain,3994.7560,1480.4830,1542.4400,3988.8540,1482.0640,1559.4050,3982.3650,1487.5380,1559.7710
Chain,3994.7560,1480.4830,1542.4400,3982.3650,1487.5380,1559.7710,3990.2130,1485.3730,1537.2110
Chain,3990.2130,1485.3730,1537.2110,3982.3650,1487.5380,1559.7710,3987.2250,1493.0110,1564.0860
Chain,3990.2130,1485.3730,1537.2110,3987.2250,1493.0110,1564.0860,3997.0220,1490.2520,1535.9260
Chain,4003.0080,1451.6770,1518.7210,3997.0220,1490.2520,1535.9260,4001.5630,1485.3730,1541.1600
Chain,4003.0080,1451.6770,1518.7210,4001.5630,1485.3730,1541.1600,4006.7200,1452.0990,1526.3340
Chain,4006.7200,1452.0990,1526.3340,4001.5630,1485.3730,1541.1600,3994.7560,1480.4830,1542.4400
Chain,4006.7200,1452.0990,1526.3340,3994.7560,1480.4830,1542.4400,3999.0870,1452.5410,1529.9900
Chain,3994.7560,1480.4830,1542.4400,3990.2130,1485.3730,1537.2110,3995.3720,1452.0990,1522.3850
Chain,3994.7560,1480.4830,1542.4400,3995.3720,1452.0990,1522.3850,3999.0870,1452.5410,1529.9900
Chain,3990.2130,1485.3730,1537.2110,3997.0220,1490.2520,1535.9260,4003.0080,1451.6770,1518.7210
Chain,3990.2130,1485.3730,1537.2110,4003.0080,1451.6770,1518.7210,3995.3720,1452.0990,1522.3850
Chain,3997.4970,1426.8890,1534.5600,4003.0080,1451.6770,1518.7210,4006.7200,1452.0990,1526.3340
Chain,3997.4970,1426.8890,1534.5600,4006.7200,1452.0990,1526.3340,4002.2970,1432.2750,1539.0480
Chain,4002.2970,1432.2750,1539.0480,4006.7200,1452.0990,1526.3340,3999.0870,1452.5410,1529.9900
Chain,4002.2970,1432.2750,1539.0480,3999.0870,1452.5410,1529.9900,3995.7480,1437.6620,1539.5870
Chain,3999.0870,1452.5410,1529.9900,3995.3720,1452.0990,1522.3850,3990.9480,1432.2750,1535.0990
Chain,3999.0870,1452.5410,1529.9900,3990.9480,1432.2750,1535.0990,3995.7480,1437.6620,1539.5870
Chain,3995.3720,1452.0990,1522.3850,4003.0080,1451.6770,1518.7210,3997.4970,1426.8890,1534.5600
Chain,3995.3720,1452.0990,1522.3850,3997.4970,1426.8890,1534.5600,3990.9480,1432.2750,1535.0990
Chain,3987.6150,1429.0330,1562.9660,3997.4970,1426.8890,1534.5600,4002.2970,1432.2750,1539.0480
Chain,3987.6150,1429.0330,1562.9660,4002.2970,1432.2750,1539.0480,3994.3980,1434.0310,1561.7510
Chain,3994.3980,1434.0310,1561.7510,4002.2970,1432.2750,1539.0480,3995.7480,1437.6620,1539.5870
Chain,3994.3980,1434.0310,1561.7510,3995.7480,1437.6620,1539.5870,3989.8400,1439.0230,1556.5680
Chain,3995.7480,1437.6620,1539.5870,3990.9480,1432.2750,1535.0990,3983.0490,1434.0310,1557.8030
Chain,3995.7480,1437.6620,1539.5870,3983.0490,1434.0310,1557.8030,3989.8400,1439.0230,1556.5680
Chain,3990.9480,1432.2750,1535.0990,3997.4970,1426.8890,1534.5600,3987.6150,1429.0330,1562.9660
Chain,3990.9480,1432.2750,1535.0990,3987.6150,1429.0330,1562.9660,3983.0490,1434.0310,1557.8030
Chain,3981.5040,1468.4110,1580.5300,3987.6150,1429.0330,1562.9660,3994.3980,1434.0310,1561.7510
Chain,3981.5040,1468.4110,1580.5300,3994.3980,1434.0310,1561.7510,3989.1550,1467.8550,1576.8230
Chain,3989.1550,1467.8550,1576.8230,3994.3980,1434.0310,1561.7510,3989.8400,1439.0230,1556.5680
Chain,3989.1550,1467.8550,1576.8230,3989.8400,1439.0230,1556.5680,3985.4550,1467.3120,1569.1730
Chain,3989.8400,1439.0230,1556.5680,3983.0490,1434.0310,1557.8030,3977.8060,1467.8550,1572.8750
Chain,3989.8400,1439.0230,1556.5680,3977.8060,1467.8550,1572.8750,3985.4550,1467.3120,1569.1730
Chain,3983.0490,1434.0310,1557.8030,3987.6150,1429.0330,1562.9660,3981.5040,1468.4110,1580.5300
Chain,3983.0490,1434.0310,1557.8030,3981.5040,1468.4110,1580.5300,3977.8060,1467.8550,1572.8750
Chain,3981.5040,1468.4110,1580.5300,3989.1550,1467.8550,1576.8230,3993.7140,1487.5380,1563.7200
Chain,3981.5040,1468.4110,1580.5300,3993.7140,1487.5380,1563.7200,3987.2250,1493.0110,1564.0860
Chain,3989.1550,1467.8550,1576.8230,3985.4550,1467.3120,1569.1730,3988.8540,1482.0640,1559.4050
Chain,3989.1550,1467.8550,1576.8230,3988.8540,1482.0640,1559.4050,3993.7140,1487.5380,1563.7200
Chain,3988.8540,1482.0640,1559.4050,3985.4550,1467.3120,1569.1730,3977.8060,1467.8550,1572.8750
Chain,3988.8540,1482.0640,1559.4050,3977.8060,1467.8550,1572.8750,3982.3650,1487.5380,1559.7710
Chain,3982.3650,1487.5380,1559.7710,3977.8060,1467.8550,1572.8750,3981.5040,1468.4110,1580.5300
Chain,3982.3650,1487.5380,1559.7710,3981.5040,1468.4110,1580.5300,3987.2250,1493.0110,1564.0860
Chain,3729.6320,1236.4640,-258.0388,3725.2330,1233.8130,-254.5653,3747.4240,1225.4410,-269.5073
Chain,3729.6320,1236.4640,-258.0388,3747.4240,1225.4410,-269.5073,3747.2400,1229.8540,-270.1138
Chain,4278.4680,1146.0410,184.0828,4287.6700,1140.0090,158.8127,4292.5540,1138.8590,162.7244
Chain,4278.4680,1146.0410,184.0828,4292.5540,1138.8590,162.7244,4285.2260,1143.7040,182.9641
Chain,4292.5540,1138.8590,162.7244,4293.0270,1143.1120,162.6440,4287.5010,1146.7360,177.8020
Chain,4292.5540,1138.8590,162.7244,4287.5010,1146.7360,177.8020,4285.2260,1143.7040,182.9641
Chain,4293.0270,1143.1120,162.6440,4288.1430,1144.2620,158.7323,4280.7490,1149.0680,178.9247
Chain,4293.0270,1143.1120,162.6440,4280.7490,1149.0680,178.9247,4287.5010,1146.7360,177.8020
Chain,4280.7490,1149.0680,178.9247,4288.1430,1144.2620,158.7323,4287.6700,1140.0090,158.8127
Chain,4280.7490,1149.0680,178.9247,4287.6700,1140.0090,158.8127,4278.4680,1146.0410,184.0828
Chain,4278.4680,1146.0410,184.0828,4285.2260,1143.7040,182.9641,4301.3020,1153.9950,194.3605
Chain,4278.4680,1146.0410,184.0828,4301.3020,1153.9950,194.3605,4297.0840,1157.8820,197.2869
Chain,4301.3020,1153.9950,194.3605,4285.2260,1143.7040,182.9641,4287.5010,1146.7360,177.8020
Chain,4301.3020,1153.9950,194.3605,4287.5010,1146.7360,177.8020,4300.8610,1155.3550,187.2655
Chain,4300.8610,1155.3550,187.2655,4287.5010,1146.7360,177.8020,4280.7490,1149.0680,178.9247
Chain,4300.8610,1155.3550,187.2655,4280.7490,1149.0680,178.9247,4296.6430,1159.2430,190.1919
Chain,4280.7490,1149.0680,178.9247,4278.4680,1146.0410,184.0828,4297.0840,1157.8820,197.2869
Chain,4280.7490,1149.0680,178.9247,4297.0840,1157.8820,197.2869,4296.6430,1159.2430,190.1919
Chain,4319.3090,1160.0340,181.2650,4297.0840,1157.8820,197.2869,4301.3020,1153.9950,194.3605
Chain,4319.3090,1160.0340,181.2650,4301.3020,1153.9950,194.3605,4319.1810,1155.6580,181.6253
Chain,4301.3020,1153.9950,194.3605,4300.8610,1155.3550,187.2655,4314.2720,1156.5620,177.7204
Chain,4301.3020,1153.9950,194.3605,4314.2720,1156.5620,177.7204,4319.1810,1155.6580,181.6253
Chain,4300.8610,1155.3550,187.2655,4296.6430,1159.2430,190.1919,4314.4640,1160.8680,177.4168
Chain,4300.8610,1155.3550,187.2655,4314.4640,1160.8680,177.4168,4314.2720,1156.5620,177.7204
Chain,4314.4640,1160.8680,177.4168,4296.6430,1159.2430,190.1919,4297.0840,1157.8820,197.2869
Chain,4314.4640,1160.8680,177.4168,4297.0840,1157.8820,197.2869,4319.3090,1160.0340,181.2650
Chain,4319.3090,1160.0340,181.2650,4319.1810,1155.6580,181.6253,4326.7380,1150.5490,161.5909
Chain,4319.3090,1160.0340,181.2650,4326.7380,1150.5490,161.5909,4328.8780,1153.5750,156.3249
Chain,4326.7380,1150.5490,161.5909,4319.1810,1155.6580,181.6253,4314.2720,1156.5620,177.7204
Chain,4326.7380,1150.5490,161.5909,4314.2720,1156.5620,177.7204,4319.9380,1152.7710,162.6883
Chain,4319.9380,1152.7710,162.6883,4314.2720,1156.5620,177.7204,4314.4640,1160.8680,177.4168
Chain,4319.9380,1152.7710,162.6883,4314.4640,1160.8680,177.4168,4322.0780,1155.7970,157.4222
Chain,4314.4640,1160.8680,177.4168,4319.3090,1160.0340,181.2650,4328.8780,1153.5750,156.3249
Chain,4314.4640,1160.8680,177.4168,4328.8780,1153.5750,156.3249,4322.0780,1155.7970,157.4222
Chain,4310.2630,1141.7330,143.1208,4328.8780,1153.5750,156.3249,4326.7380,1150.5490,161.5909
Chain,4310.2630,1141.7330,143.1208,4326.7380,1150.5490,161.5909,4310.6610,1140.2580,150.1945
Chain,4326.7380,1150.5490,161.5909,4319.9380,1152.7710,162.6883,4306.5780,1144.1510,153.2248
Chain,4326.7380,1150.5490,161.5909,4306.5780,1144.1510,153.2248,4310.6610,1140.2580,150.1945
Chain,4319.9380,1152.7710,162.6883,4322.0780,1155.7970,157.4222,4306.1840,1145.6210,146.1551
Chain,4319.9380,1152.7710,162.6883,4306.1840,1145.6210,146.1551,4306.5780,1144.1510,153.2248
Chain,4306.1840,1145.6210,146.1551,4322.0780,1155.7970,157.4222,4328.8780,1153.5750,156.3249
Chain,4306.1840,1145.6210,146.1551,4328.8780,1153.5750,156.3249,4310.2630,1141.7330,143.1208
Chain,4310.2630,1141.7330,143.1208,4310.6610,1140.2580,150.1945,4292.5540,1138.8590,162.7244
Chain,4310.2630,1141.7330,143.1208,4292.5540,1138.8590,162.7244,4287.6700,1140.0090,158.8127
Chain,4292.5540,1138.8590,162.7244,4310.6610,1140.2580,150.1945,4306.5780,1144.1510,153.2248
Chain,4292.5540,1138.8590,162.7244,4306.5780,1144.1510,153.2248,4293.0270,1143.1120,162.6440
Chain,4293.0270,1143.1120,162.6440,4306.5780,1144.1510,153.2248,4306.1840,1145.6210,146.1551
Chain,4293.0270,1143.1120,162.6440,4306.1840,1145.6210,146.1551,4288.1430,1144.2620,158.7323
Chain,4306.1840,1145.6210,146.1551,4310.2630,1141.7330,143.1208,4287.6700,1140.0090,158.8127
Chain,4306.1840,1145.6210,146.1551,4287.6700,1140.0090,158.8127,4288.1430,1144.2620,158.7323
Chain,4309.6040,1153.5500,174.4133,4308.5150,1155.7130,180.9722,4305.4520,1168.1180,177.2904
Chain,4309.6040,1153.5500,174.4133,4305.4520,1168.1180,177.2904,4305.8630,1169.0080,169.8842
Chain,4308.5150,1155.7130,180.9722,4314.7680,1156.8810,178.0713,4312.3940,1166.2400,175.2446
Chain,4308.5150,1155.7130,180.9722,4312.3940,1166.2400,175.2446,4305.4520,1168.1180,177.2904
Chain,4312.3940,1166.2400,175.2446,4314.7680,1156.8810,178.0713,4315.8570,1154.7180,171.5124
Chain,4312.3940,1166.2400,175.2446,4315.8570,1154.7180,171.5124,4312.7940,1167.1230,167.8306
Chain,4312.7940,1167.1230,167.8306,4315.8570,1154.7180,171.5124,4309.6040,1153.5500,174.4133
Chain,4312.7940,1167.1230,167.8306,4309.6040,1153.5500,174.4133,4305.8630,1169.0080,169.8842
Chain,4305.8630,1169.0080,169.8842,4305.4520,1168.1180,177.2904,4320.5360,1178.8640,187.8688
Chain,4305.8630,1169.0080,169.8842,4320.5360,1178.8640,187.8688,4323.3130,1181.4400,182.1211
Chain,4305.4520,1168.1180,177.2904,4312.3940,1166.2400,175.2446,4325.0920,1175.2860,184.1491
Chain,4305.4520,1168.1180,177.2904,4325.0920,1175.2860,184.1491,4320.5360,1178.8640,187.8688
Chain,4325.0920,1175.2860,184.1491,4312.3940,1166.2400,175.2446,4312.7940,1167.1230,167.8306
Chain,4325.0920,1175.2860,184.1491,4312.7940,1167.1230,167.8306,4327.8780,1177.8700,178.4090
Chain,4327.8780,1177.8700,178.4090,4312.7940,1167.1230,167.8306,4305.8630,1169.0080,169.8842
Chain,4327.8780,1177.8700,178.4090,4305.8630,1169.0080,169.8842,4323.3130,1181.4400,182.1211
Chain,4339.9350,1175.0390,195.6964,4323.3130,1181.4400,182.1211,4320.5360,1178.8640,187.8688
Chain,4339.9350,1175.0390,195.6964,4320.5360,1178.8640,187.8688,4333.8700,1173.6680,198.7651
Chain,4333.8700,1173.6680,198.7651,4320.5360,1178.8640,187.8688,4325.0920,1175.2860,184.1491
Chain,4333.8700,1173.6680,198.7651,4325.0920,1175.2860,184.1491,4335.1400,1171.3110,192.3667
Chain,4325.0920,1175.2860,184.1491,4327.8780,1177.8700,178.4090,4341.2130,1172.6730,189.3054
Chain,4325.0920,1175.2860,184.1491,4341.2130,1172.6730,189.3054,4335.1400,1171.3110,192.3667
Chain,4327.8780,1177.8700,178.4090,4323.3130,1181.4400,182.1211,4339.9350,1175.0390,195.6964
Chain,4327.8780,1177.8700,178.4090,4339.9350,1175.0390,195.6964,4341.2130,1172.6730,189.3054
Chain,4344.4800,1159.4110,200.8683,4339.9350,1175.0390,195.6964,4333.8700,1173.6680,198.7651
Chain,4344.4800,1159.4110,200.8683,4333.8700,1173.6680,198.7651,4337.4280,1161.2090,202.8365
Chain,4337.4280,1161.2090,202.8365,4333.8700,1173.6680,198.7651,4335.1400,1171.3110,192.3667
Chain,4337.4280,1161.2090,202.8365,4335.1400,1171.3110,192.3667,4337.7280,1162.0210,195.3525
Chain,4335.1400,1171.3110,192.3667,4341.2130,1172.6730,189.3054,4344.7710,1160.2150,193.3767
Chain,4335.1400,1171.3110,192.3667,4344.7710,1160.2150,193.3767,4337.7280,1162.0210,195.3525
Chain,4341.2130,1172.6730,189.3054,4339.9350,1175.0390,195.6964,4344.4800,1159.4110,200.8683
Chain,4341.2130,1172.6730,189.3054,4344.4800,1159.4110,200.8683,4344.7710,1160.2150,193.3767
Chain,4344.4800,1159.4110,200.8683,4337.4280,1161.2090,202.8365,4321.8050,1150.0820,191.8808
Chain,4344.4800,1159.4110,200.8683,4321.8050,1150.0820,191.8808,4326.2500,1146.4250,188.0832
Chain,4337.4280,1161.2090,202.8365,4337.7280,1162.0210,195.3525,4324.6920,1152.7360,186.2107
Chain,4337.4280,1161.2090,202.8365,4324.6920,1152.7360,186.2107,4321.8050,1150.0820,191.8808
Chain,4324.6920,1152.7360,186.2107,4337.7280,1162.0210,195.3525,4344.7710,1160.2150,193.3767
Chain,4324.6920,1152.7360,186.2107,4344.7710,1160.2150,193.3767,4329.1480,1149.0870,182.4210
Chain,4329.1480,1149.0870,182.4210,4344.7710,1160.2150,193.3767,4344.4800,1159.4110,200.8683
Chain,4329.1480,1149.0870,182.4210,4344.4800,1159.4110,200.8683,4326.2500,1146.4250,188.0832
Chain,4326.2500,1146.4250,188.0832,4321.8050,1150.0820,191.8808,4308.5150,1155.7130,180.9722
Chain,4326.2500,1146.4250,188.0832,4308.5150,1155.7130,180.9722,4309.6040,1153.5500,174.4133
Chain,4321.8050,1150.0820,191.8808,4324.6920,1152.7360,186.2107,4314.7680,1156.8810,178.0713
Chain,4321.8050,1150.0820,191.8808,4314.7680,1156.8810,178.0713,4308.5150,1155.7130,180.9722
Chain,4314.7680,1156.8810,178.0713,4324.6920,1152.7360,186.2107,4329.1480,1149.0870,182.4210
Chain,4314.7680,1156.8810,178.0713,4329.1480,1149.0870,182.4210,4315.8570,1154.7180,171.5124
Chain,4315.8570,1154.7180,171.5124,4329.1480,1149.0870,182.4210,4326.2500,1146.4250,188.0832
Chain,4315.8570,1154.7180,171.5124,4326.2500,1146.4250,188.0832,4309.6040,1153.5500,174.4133
Chain,4241.8550,1116.9160,125.6793,4246.6130,1115.3520,129.5375,4239.6730,1119.6870,150.1320
Chain,4241.8550,1116.9160,125.6793,4239.6730,1119.6870,150.1320,4233.1250,1122.3110,151.3834
Chain,4239.6730,1119.6870,150.1320,4246.6130,1115.3520,129.5375,4247.5890,1119.5090,129.8577
Chain,4239.6730,1119.6870,150.1320,4247.5890,1119.5090,129.8577,4242.3520,1122.7460,145.2802
Chain,4242.3520,1122.7460,145.2802,4247.5890,1119.5090,129.8577,4242.8310,1121.0730,125.9995
Chain,4242.3520,1122.7460,145.2802,4242.8310,1121.0730,125.9995,4235.8040,1125.3710,146.5315
Chain,4242.8310,1121.0730,125.9995,4241.8550,1116.9160,125.6793,4233.1250,1122.3110,151.3834
Chain,4242.8310,1121.0730,125.9995,4233.1250,1122.3110,151.3834,4235.8040,1125.3710,146.5315
Chain,4233.1250,1122.3110,151.3834,4239.6730,1119.6870,150.1320,4257.2210,1128.1460,162.8629
Chain,4233.1250,1122.3110,151.3834,4257.2210,1128.1460,162.8629,4253.3690,1132.0730,166.0697
Chain,4257.2210,1128.1460,162.8629,4239.6730,1119.6870,150.1320,4242.3520,1122.7460,145.2802
Chain,4257.2210,1128.1460,162.8629,4242.3520,1122.7460,145.2802,4256.9540,1129.7830,155.8745
Chain,4256.9540,1129.7830,155.8745,4242.3520,1122.7460,145.2802,4235.8040,1125.3710,146.5315
Chain,4256.9540,1129.7830,155.8745,4235.8040,1125.3710,146.5315,4253.1030,1133.7100,159.0814
Chain,4235.8040,1125.3710,146.5315,4233.1250,1122.3110,151.3834,4253.3690,1132.0730,166.0697
Chain,4235.8040,1125.3710,146.5315,4253.3690,1132.0730,166.0697,4253.1030,1133.7100,159.0814
Chain,4253.3690,1132.0730,166.0697,4257.2210,1128.1460,162.8629,4275.5240,1129.2990,150.5110
Chain,4253.3690,1132.0730,166.0697,4275.5240,1129.2990,150.5110,4276.2010,1133.4890,150.5956
Chain,4257.2210,1128.1460,162.8629,4256.9540,1129.7830,155.8745,4270.6530,1130.6330,146.5901
Chain,4257.2210,1128.1460,162.8629,4270.6530,1130.6330,146.5901,4275.5240,1129.2990,150.5110
Chain,4256.9540,1129.7830,155.8745,4253.1030,1133.7100,159.0814,4271.3300,1134.8230,146.6748
Chain,4256.9540,1129.7830,155.8745,4271.3300,1134.8230,146.6748,4270.6530,1130.6330,146.5901
Chain,4253.1030,1133.7100,159.0814,4253.3690,1132.0730,166.0697,4276.2010,1133.4890,150.5956
Chain,4253.1030,1133.7100,159.0814,4276.2010,1133.4890,150.5956,4271.3300,1134.8230,146.6748
Chain,4285.1640,1127.7650,125.1077,4276.2010,1133.4890,150.5956,4275.5240,1129.2990,150.5110
Chain,4285.1640,1127.7650,125.1077,4275.5240,1129.2990,150.5110,4282.6560,1124.7000,130.0933
Chain,4282.6560,1124.7000,130.0933,4275.5240,1129.2990,150.5110,4270.6530,1130.6330,146.5901
Chain,4282.6560,1124.7000,130.0933,4270.6530,1130.6330,146.5901,4276.0310,1127.1990,131.2973
Chain,4276.0310,1127.1990,131.2973,4270.6530,1130.6330,146.5901,4271.3300,1134.8230,146.6748
Chain,4276.0310,1127.1990,131.2973,4271.3300,1134.8230,146.6748,4278.5380,1130.2640,126.3118
Chain,4278.5380,1130.2640,126.3118,4271.3300,1134.8230,146.6748,4276.2010,1133.4890,150.5956
Chain,4278.5380,1130.2640,126.3118,4276.2010,1133.4890,150.5956,4285.1640,1127.7650,125.1077
Chain,4264.9200,1118.0040,110.4213,4285.1640,1127.7650,125.1077,4282.6560,1124.7000,130.0933
Chain,4264.9200,1118.0040,110.4213,4282.6560,1124.7000,130.0933,4265.1080,1116.2410,117.3624
Chain,4282.6560,1124.7000,130.0933,4276.0310,1127.1990,131.2973,4261.4280,1120.1620,120.7030
Chain,4282.6560,1124.7000,130.0933,4261.4280,1120.1620,120.7030,4265.1080,1116.2410,117.3624
Chain,4276.0310,1127.1990,131.2973,4278.5380,1130.2640,126.3118,4261.2400,1121.9250,113.7619
Chain,4276.0310,1127.1990,131.2973,4261.2400,1121.9250,113.7619,4261.4280,1120.1620,120.7030
Chain,4261.2400,1121.9250,113.7619,4278.5380,1130.2640,126.3118,4285.1640,1127.7650,125.1077
Chain,4261.2400,1121.9250,113.7619,4285.1640,1127.7650,125.1077,4264.9200,1118.0040,110.4213
Chain,4241.8550,1116.9160,125.6793,4264.9200,1118.0040,110.4213,4265.1080,1116.2410,117.3624
Chain,4241.8550,1116.9160,125.6793,4265.1080,1116.2410,117.3624,4246.6130,1115.3520,129.5375
Chain,4265.1080,1116.2410,117.3624,4261.4280,1120.1620,120.7030,4247.5890,1119.5090,129.8577
Chain,4265.1080,1116.2410,117.3624,4247.5890,1119.5090,129.8577,4246.6130,1115.3520,129.5375
Chain,4261.4280,1120.1620,120.7030,4261.2400,1121.9250,113.7619,4242.8310,1121.0730,125.9995
Chain,4261.4280,1120.1620,120.7030,4242.8310,1121.0730,125.9995,4247.5890,1119.5090,129.8577
Chain,4242.8310,1121.0730,125.9995,4261.2400,1121.9250,113.7619,4264.9200,1118.0040,110.4213
Chain,4242.8310,1121.0730,125.9995,4264.9200,1118.0040,110.4213,4241.8550,1116.9160,125.6793
Chain,4265.6380,1128.0510,142.9688,4264.7400,1129.9760,149.7015,4263.0110,1142.3940,147.0535
Chain,4265.6380,1128.0510,142.9688,4263.0110,1142.3940,147.0535,4263.5180,1143.5950,139.6882
Chain,4264.7400,1129.9760,149.7015,4271.1860,1130.9070,146.9744,4269.8640,1140.2070,144.9708
Chain,4264.7400,1129.9760,149.7015,4269.8640,1140.2070,144.9708,4263.0110,1142.3940,147.0535
Chain,4269.8640,1140.2070,144.9708,4271.1860,1130.9070,146.9744,4272.0830,1128.9820,140.2417
Chain,4269.8640,1140.2070,144.9708,4272.0830,1128.9820,140.2417,4270.3540,1141.4000,137.5938
Chain,4270.3540,1141.4000,137.5938,4272.0830,1128.9820,140.2417,4265.6380,1128.0510,142.9688
Chain,4270.3540,1141.4000,137.5938,4265.6380,1128.0510,142.9688,4263.5180,1143.5950,139.6882
Chain,4263.5180,1143.5950,139.6882,4263.0110,1142.3940,147.0535,4279.3200,1151.5800,158.7462
Chain,4263.5180,1143.5950,139.6882,4279.3200,1151.5800,158.7462,4282.3830,1154.1750,153.2187
Chain,4263.0110,1142.3940,147.0535,4269.8640,1140.2070,144.9708,4283.5850,1147.9810,154.8037
Chain,4263.0110,1142.3940,147.0535,4283.5850,1147.9810,154.8037,4279.3200,1151.5800,158.7462
Chain,4283.5850,1147.9810,154.8037,4269.8640,1140.2070,144.9708,4270.3540,1141.4000,137.5938
Chain,4283.5850,1147.9810,154.8037,4270.3540,1141.4000,137.5938,4286.6620,1150.5850,149.2864
Chain,4286.6620,1150.5850,149.2864,4270.3540,1141.4000,137.5938,4263.5180,1143.5950,139.6882
Chain,4286.6620,1150.5850,149.2864,4263.5180,1143.5950,139.6882,4282.3830,1154.1750,153.2187
Chain,4298.6090,1146.4570,166.6255,4282.3830,1154.1750,153.2187,4279.3200,1151.5800,158.7462
Chain,4298.6090,1146.4570,166.6255,4279.3200,1151.5800,158.7462,4292.3230,1145.3280,169.4965
Chain,4292.3230,1145.3280,169.4965,4279.3200,1151.5800,158.7462,4283.5850,1147.9810,154.8037
Chain,4292.3230,1145.3280,169.4965,4283.5850,1147.9810,154.8037,4293.3160,1143.2790,162.8509
Chain,4283.5850,1147.9810,154.8037,4286.6620,1150.5850,149.2864,4299.6660,1144.3330,160.0367
Chain,4283.5850,1147.9810,154.8037,4299.6660,1144.3330,160.0367,4293.3160,1143.2790,162.8509
Chain,4286.6620,1150.5850,149.2864,4282.3830,1154.1750,153.2187,4298.6090,1146.4570,166.6255
Chain,4286.6620,1150.5850,149.2864,4298.6090,1146.4570,166.6255,4299.6660,1144.3330,160.0367
Chain,4301.5710,1130.8310,170.5676,4298.6090,1146.4570,166.6255,4292.3230,1145.3280,169.4965
Chain,4301.5710,1130.8310,170.5676,4292.3230,1145.3280,169.4965,4294.6130,1132.8710,172.5842
Chain,4294.6130,1132.8710,172.5842,4292.3230,1145.3280,169.4965,4293.3160,1143.2790,162.8509
Chain,4294.6130,1132.8710,172.5842,4293.3160,1143.2790,162.8509,4295.0120,1133.9230,165.1513
Chain,4293.3160,1143.2790,162.8509,4299.6660,1144.3330,160.0367,4301.9560,1131.8760,163.1244
Chain,4293.3160,1143.2790,162.8509,4301.9560,1131.8760,163.1244,4295.0120,1133.9230,165.1513
Chain,4299.6660,1144.3330,160.0367,4298.6090,1146.4570,166.6255,4301.5710,1130.8310,170.5676
Chain,4299.6660,1144.3330,160.0367,4301.5710,1130.8310,170.5676,4301.9560,1131.8760,163.1244
Chain,4301.5710,1130.8310,170.5676,4294.6130,1132.8710,172.5842,4277.5640,1123.2700,160.3606
Chain,4301.5710,1130.8310,170.5676,4277.5640,1123.2700,160.3606,4281.6270,1119.6470,156.2633
Chain,4294.6130,1132.8710,172.5842,4295.0120,1133.9230,165.1513,4280.8280,1125.8910,154.9863
Chain,4294.6130,1132.8710,172.5842,4280.8280,1125.8910,154.9863,4277.5640,1123.2700,160.3606
Chain,4280.8280,1125.8910,154.9863,4295.0120,1133.9230,165.1513,4301.9560,1131.8760,163.1244
Chain,4280.8280,1125.8910,154.9863,4301.9560,1131.8760,163.1244,4284.9070,1122.2760,150.9009
Chain,4284.9070,1122.2760,150.9009,4301.9560,1131.8760,163.1244,4301.5710,1130.8310,170.5676
Chain,4284.9070,1122.2760,150.9009,4301.5710,1130.8310,170.5676,4281.6270,1119.6470,156.2633
Chain,4281.6270,1119.6470,156.2633,4277.5640,1123.2700,160.3606,4264.7400,1129.9760,149.7015
Chain,4281.6270,1119.6470,156.2633,4264.7400,1129.9760,149.7015,4265.6380,1128.0510,142.9688
Chain,4277.5640,1123.2700,160.3606,4280.8280,1125.8910,154.9863,4271.1860,1130.9070,146.9744
Chain,4277.5640,1123.2700,160.3606,4271.1860,1130.9070,146.9744,4264.7400,1129.9760,149.7015
Chain,4271.1860,1130.9070,146.9744,4280.8280,1125.8910,154.9863,4284.9070,1122.2760,150.9009
Chain,4271.1860,1130.9070,146.9744,4284.9070,1122.2760,150.9009,4272.0830,1128.9820,140.2417
Chain,4272.0830,1128.9820,140.2417,4284.9070,1122.2760,150.9009,4281.6270,1119.6470,156.2633
Chain,4272.0830,1128.9820,140.2417,4281.6270,1119.6470,156.2633,4265.6380,1128.0510,142.9688
Chain,4183.9960,1104.2580,115.1479,4192.0940,1099.9380,88.8406,4196.6970,1097.8010,92.6385
Chain,4183.9960,1104.2580,115.1479,4196.6970,1097.8010,92.6385,4190.2730,1101.2720,113.7249
Chain,4196.6970,1097.8010,92.6385,4198.3330,1101.6710,93.5016,4193.4750,1104.2620,109.2860
Chain,4196.6970,1097.8010,92.6385,4193.4750,1104.2620,109.2860,4190.2730,1101.2720,113.7249
Chain,4198.3330,1101.6710,93.5016,4193.7300,1103.8080,89.7037,4187.1970,1107.2480,110.7090
Chain,4198.3330,1101.6710,93.5016,4187.1970,1107.2480,110.7090,4193.4750,1104.2620,109.2860
Chain,4187.1970,1107.2480,110.7090,4193.7300,1103.8080,89.7037,4192.0940,1099.9380,88.8406
Chain,4187.1970,1107.2480,110.7090,4192.0940,1099.9380,88.8406,4183.9960,1104.2580,115.1479
Chain,4183.9960,1104.2580,115.1479,4190.2730,1101.2720,113.7249,4209.3110,1107.4020,127.8566
Chain,4183.9960,1104.2580,115.1479,4209.3110,1107.4020,127.8566,4205.9550,1111.2770,131.4534
Chain,4209.3110,1107.4020,127.8566,4190.2730,1101.2720,113.7249,4193.4750,1104.2620,109.2860
Chain,4209.3110,1107.4020,127.8566,4193.4750,1104.2620,109.2860,4209.2710,1109.4020,121.0065
Chain,4209.2710,1109.4020,121.0065,4193.4750,1104.2620,109.2860,4187.1970,1107.2480,110.7090
Chain,4209.2710,1109.4020,121.0065,4187.1970,1107.2480,110.7090,4205.9150,1113.2760,124.6034
Chain,4187.1970,1107.2480,110.7090,4183.9960,1104.2580,115.1479,4205.9550,1111.2770,131.4534
Chain,4187.1970,1107.2480,110.7090,4205.9550,1111.2770,131.4534,4205.9150,1113.2760,124.6034
Chain,4205.9550,1111.2770,131.4534,4209.3110,1107.4020,127.8566,4228.0710,1107.8790,115.9307
Chain,4205.9550,1111.2770,131.4534,4228.0710,1107.8790,115.9307,4229.2810,1111.9560,116.4416
Chain,4209.3110,1107.4020,127.8566,4209.2710,1109.4020,121.0065,4223.3670,1109.6400,112.0944
Chain,4209.3110,1107.4020,127.8566,4223.3670,1109.6400,112.0944,4228.0710,1107.8790,115.9307
Chain,4209.2710,1109.4020,121.0065,4205.9150,1113.2760,124.6034,4224.5770,1113.7170,112.6052
Chain,4209.2710,1109.4020,121.0065,4224.5770,1113.7170,112.6052,4223.3670,1109.6400,112.0944
Chain,4205.9150,1113.2760,124.6034,4205.9550,1111.2770,131.4534,4229.2810,1111.9560,116.4416
Chain,4205.9150,1113.2760,124.6034,4229.2810,1111.9560,116.4416,4224.5770,1113.7170,112.6052
Chain,4237.7490,1106.9700,90.4913,4229.2810,1111.9560,116.4416,4228.0710,1107.8790,115.9307
Chain,4237.7490,1106.9700,90.4913,4228.0710,1107.8790,115.9307,4234.7460,1103.9570,95.0869
Chain,4234.7460,1103.9570,95.0869,4228.0710,1107.8790,115.9307,4223.3670,1109.6400,112.0944
Chain,4234.7460,1103.9570,95.0869,4223.3670,1109.6400,112.0944,4228.3480,1106.8170,96.4293
Chain,4228.3480,1106.8170,96.4293,4223.3670,1109.6400,112.0944,4224.5770,1113.7170,112.6052
Chain,4228.3480,1106.8170,96.4293,4224.5770,1113.7170,112.6052,4231.3510,1109.8300,91.8337
Chain,4231.3510,1109.8300,91.8337,4224.5770,1113.7170,112.6052,4229.2810,1111.9560,116.4416
Chain,4231.3510,1109.8300,91.8337,4229.2810,1111.9560,116.4416,4237.7490,1106.9700,90.4913
Chain,4215.7910,1099.9500,74.1858,4237.7490,1106.9700,90.4913,4234.7460,1103.9570,95.0869
Chain,4215.7910,1099.9500,74.1858,4234.7460,1103.9570,95.0869,4215.7090,1097.8260,80.9552
Chain,4234.7460,1103.9570,95.0869,4228.3480,1106.8170,96.4293,4212.5510,1101.6780,84.7088
Chain,4234.7460,1103.9570,95.0869,4212.5510,1101.6780,84.7088,4215.7090,1097.8260,80.9552
Chain,4228.3480,1106.8170,96.4293,4231.3510,1109.8300,91.8337,4212.6330,1103.8020,77.9393
Chain,4228.3480,1106.8170,96.4293,4212.6330,1103.8020,77.9393,4212.5510,1101.6780,84.7088
Chain,4212.6330,1103.8020,77.9393,4231.3510,1109.8300,91.8337,4237.7490,1106.9700,90.4913
Chain,4212.6330,1103.8020,77.9393,4237.7490,1106.9700,90.4913,4215.7910,1099.9500,74.1858
Chain,4215.7910,1099.9500,74.1858,4215.7090,1097.8260,80.9552,4196.6970,1097.8010,92.6385
Chain,4215.7910,1099.9500,74.1858,4196.6970,1097.8010,92.6385,4192.0940,1099.9380,88.8406
Chain,4196.6970,1097.8010,92.6385,4215.7090,1097.8260,80.9552,4212.5510,1101.6780,84.7088
Chain,4196.6970,1097.8010,92.6385,4212.5510,1101.6780,84.7088,4198.3330,1101.6710,93.5016
Chain,4198.3330,1101.6710,93.5016,4212.5510,1101.6780,84.7088,4212.6330,1103.8020,77.9393
Chain,4198.3330,1101.6710,93.5016,4212.6330,1103.8020,77.9393,4193.7300,1103.8080,89.7037
Chain,4212.6330,1103.8020,77.9393,4215.7910,1099.9500,74.1858,4192.0940,1099.9380,88.8406
Chain,4212.6330,1103.8020,77.9393,4192.0940,1099.9380,88.8406,4193.7300,1103.8080,89.7037
Chain,4217.8720,1107.7970,108.0232,4217.2430,1109.3080,115.0076,4217.1530,1121.6240,113.6433
Chain,4217.8720,1107.7970,108.0232,4217.1530,1121.6240,113.6433,4217.8810,1123.0930,106.4217
Chain,4217.2430,1109.3080,115.0076,4223.9340,1109.8620,112.5114,4223.7890,1119.1670,111.4204
Chain,4217.2430,1109.3080,115.0076,4223.7890,1119.1670,111.4204,4217.1530,1121.6240,113.6433
Chain,4223.7890,1119.1670,111.4204,4223.9340,1109.8620,112.5114,4224.5850,1108.3140,105.5478
Chain,4223.7890,1119.1670,111.4204,4224.5850,1108.3140,105.5478,4224.4960,1120.6290,104.1835
Chain,4224.4960,1120.6290,104.1835,4224.5850,1108.3140,105.5478,4217.8720,1107.7970,108.0232
Chain,4224.4960,1120.6290,104.1835,4217.8720,1107.7970,108.0232,4217.8810,1123.0930,106.4217
Chain,4217.8810,1123.0930,106.4217,4217.1530,1121.6240,113.6433,4234.8000,1128.7570,126.5904
Chain,4217.8810,1123.0930,106.4217,4234.8000,1128.7570,126.5904,4238.2190,1131.3650,121.3376
Chain,4234.8000,1128.7570,126.5904,4217.1530,1121.6240,113.6433,4223.7890,1119.1670,111.4204
Chain,4234.8000,1128.7570,126.5904,4223.7890,1119.1670,111.4204,4238.7060,1125.1470,122.3698
Chain,4223.7890,1119.1670,111.4204,4224.4960,1120.6290,104.1835,4242.1430,1127.7620,117.1306
Chain,4223.7890,1119.1670,111.4204,4242.1430,1127.7620,117.1306,4238.7060,1125.1470,122.3698
Chain,4242.1430,1127.7620,117.1306,4224.4960,1120.6290,104.1835,4217.8810,1123.0930,106.4217
Chain,4242.1430,1127.7620,117.1306,4217.8810,1123.0930,106.4217,4238.2190,1131.3650,121.3376
Chain,4253.6330,1122.2430,134.2619,4238.2190,1131.3650,121.3376,4234.8000,1128.7570,126.5904
Chain,4253.6330,1122.2430,134.2619,4234.8000,1128.7570,126.5904,4247.0950,1121.4430,136.9026
Chain,4247.0950,1121.4430,136.9026,4234.8000,1128.7570,126.5904,4238.7060,1125.1470,122.3698
Chain,4247.0950,1121.4430,136.9026,4238.7060,1125.1470,122.3698,4247.8990,1119.6490,130.0835
Chain,4238.7060,1125.1470,122.3698,4242.1430,1127.7620,117.1306,4254.4380,1120.4490,127.4428
Chain,4238.7060,1125.1470,122.3698,4254.4380,1120.4490,127.4428,4247.8990,1119.6490,130.0835
Chain,4242.1430,1127.7620,117.1306,4238.2190,1131.3650,121.3376,4253.6330,1122.2430,134.2619
Chain,4242.1430,1127.7620,117.1306,4253.6330,1122.2430,134.2619,4254.4380,1120.4490,127.4428
Chain,4254.7120,1106.6380,136.7401,4253.6330,1122.2430,134.2619,4247.0950,1121.4430,136.9026
Chain,4254.7120,1106.6380,136.7401,4247.0950,1121.4430,136.9026,4247.9200,1108.9430,138.8580
Chain,4247.9200,1108.9430,138.8580,4247.0950,1121.4430,136.9026,4247.8990,1119.6490,130.0835
Chain,4247.9200,1108.9430,138.8580,4247.8990,1119.6490,130.0835,4248.4900,1110.2620,131.5295
Chain,4247.8990,1119.6490,130.0835,4254.4380,1120.4490,127.4428,4255.2630,1107.9480,129.3982
Chain,4247.8990,1119.6490,130.0835,4255.2630,1107.9480,129.3982,4248.4900,1110.2620,131.5295
Chain,4254.4380,1120.4490,127.4428,4253.6330,1122.2430,134.2619,4254.7120,1106.6380,136.7401
Chain,4254.4380,1120.4490,127.4428,4254.7120,1106.6380,136.7401,4255.2630,1107.9480,129.3982
Chain,4254.7120,1106.6380,136.7401,4247.9200,1108.9430,138.8580,4229.2870,1101.4110,125.1865
Chain,4254.7120,1106.6380,136.7401,4229.2870,1101.4110,125.1865,4232.9450,1097.7890,120.7748
Chain,4229.2870,1101.4110,125.1865,4247.9200,1108.9430,138.8580,4248.4900,1110.2620,131.5295
Chain,4229.2870,1101.4110,125.1865,4248.4900,1110.2620,131.5295,4232.9510,1104.0310,120.1232
Chain,4248.4900,1110.2620,131.5295,4255.2630,1107.9480,129.3982,4236.6290,1100.4170,115.7267
Chain,4248.4900,1110.2620,131.5295,4236.6290,1100.4170,115.7267,4232.9510,1104.0310,120.1232
Chain,4236.6290,1100.4170,115.7267,4255.2630,1107.9480,129.3982,4254.7120,1106.6380,136.7401
Chain,4236.6290,1100.4170,115.7267,4254.7120,1106.6380,136.7401,4232.9450,1097.7890,120.7748
Chain,4232.9450,1097.7890,120.7748,4229.2870,1101.4110,125.1865,4217.2430,1109.3080,115.0076
Chain,4232.9450,1097.7890,120.7748,4217.2430,1109.3080,115.0076,4217.8720,1107.7970,108.0232
Chain,4229.2870,1101.4110,125.1865,4232.9510,1104.0310,120.1232,4223.9340,1109.8620,112.5114
Chain,4229.2870,1101.4110,125.1865,4223.9340,1109.8620,112.5114,4217.2430,1109.3080,115.0076
Chain,4223.9340,1109.8620,112.5114,4232.9510,1104.0310,120.1232,4236.6290,1100.4170,115.7267
Chain,4223.9340,1109.8620,112.5114,4236.6290,1100.4170,115.7267,4224.5850,1108.3140,105.5478
Chain,4224.5850,1108.3140,105.5478,4236.6290,1100.4170,115.7267,4232.9450,1097.7890,120.7748
Chain,4224.5850,1108.3140,105.5478,4232.9450,1097.7890,120.7748,4217.8720,1107.7970,108.0232
Chain,4138.9840,1089.9460,48.6679,4143.1680,1087.2590,52.1978,4137.1990,1089.8460,73.7305
Chain,4138.9840,1089.9460,48.6679,4137.1990,1089.8460,73.7305,4131.3440,1093.1600,75.4465
Chain,4137.1990,1089.8460,73.7305,4143.1680,1087.2590,52.1978,4145.5900,1090.7940,53.7060
Chain,4137.1990,1089.8460,73.7305,4145.5900,1090.7940,53.7060,4141.0060,1092.7220,69.7731
Chain,4141.0060,1092.7220,69.7731,4145.5900,1090.7940,53.7060,4141.4060,1093.4800,50.1761
Chain,4141.0060,1092.7220,69.7731,4141.4060,1093.4800,50.1761,4135.1500,1096.0360,71.4891
Chain,4141.4060,1093.4800,50.1761,4138.9840,1089.9460,48.6679,4131.3440,1093.1600,75.4465
Chain,4141.4060,1093.4800,50.1761,4131.3440,1093.1600,75.4465,4135.1500,1096.0360,71.4891
Chain,4131.3440,1093.1600,75.4465,4137.1990,1089.8460,73.7305,4157.5570,1093.2300,89.1765
Chain,4131.3440,1093.1600,75.4465,4157.5570,1093.2300,89.1765,4154.7410,1097.0310,93.1999
Chain,4157.5570,1093.2300,89.1765,4137.1990,1089.8460,73.7305,4141.0060,1092.7220,69.7731
Chain,4157.5570,1093.2300,89.1765,4141.0060,1092.7220,69.7731,4157.8600,1095.5730,82.5556
Chain,4157.8600,1095.5730,82.5556,4141.0060,1092.7220,69.7731,4135.1500,1096.0360,71.4891
Chain,4157.8600,1095.5730,82.5556,4135.1500,1096.0360,71.4891,4155.0550,1099.3460,86.5906
Chain,4135.1500,1096.0360,71.4891,4131.3440,1093.1600,75.4465,4154.7410,1097.0310,93.1999
Chain,4135.1500,1096.0360,71.4891,4154.7410,1097.0310,93.1999,4155.0550,1099.3460,86.5906
Chain,4154.7410,1097.0310,93.1999,4157.5570,1093.2300,89.1765,4176.7310,1092.9060,77.6558
Chain,4154.7410,1097.0310,93.1999,4176.7310,1092.9060,77.6558,4178.6120,1096.6690,78.7202
Chain,4157.5570,1093.2300,89.1765,4157.8600,1095.5730,82.5556,4172.2330,1095.2350,73.9191
Chain,4157.5570,1093.2300,89.1765,4172.2330,1095.2350,73.9191,4176.7310,1092.9060,77.6558
Chain,4157.8600,1095.5730,82.5556,4155.0550,1099.3460,86.5906,4174.1140,1098.9990,74.9835
Chain,4157.8600,1095.5730,82.5556,4174.1140,1098.9990,74.9835,4172.2330,1095.2350,73.9191
Chain,4155.0550,1099.3460,86.5906,4154.7410,1097.0310,93.1999,4178.6120,1096.6690,78.7202
Chain,4155.0550,1099.3460,86.5906,4178.6120,1096.6690,78.7202,4174.1140,1098.9990,74.9835
Chain,4186.5350,1092.7230,52.2378,4178.6120,1096.6690,78.7202,4176.7310,1092.9060,77.6558
Chain,4186.5350,1092.7230,52.2378,4176.7310,1092.9060,77.6558,4182.9930,1089.7840,56.4069
Chain,4182.9930,1089.7840,56.4069,4176.7310,1092.9060,77.6558,4172.2330,1095.2350,73.9191
Chain,4182.9930,1089.7840,56.4069,4172.2330,1095.2350,73.9191,4176.9370,1092.9880,57.9783
Chain,4176.9370,1092.9880,57.9783,4172.2330,1095.2350,73.9191,4174.1140,1098.9990,74.9835
Chain,4176.9370,1092.9880,57.9783,4174.1140,1098.9990,74.9835,4180.4900,1095.9000,53.8210
Chain,4180.4900,1095.9000,53.8210,4174.1140,1098.9990,74.9835,4178.6120,1096.6690,78.7202
Chain,4180.4900,1095.9000,53.8210,4178.6120,1096.6690,78.7202,4186.5350,1092.7230,52.2378
Chain,4163.1380,1088.8520,34.4844,4186.5350,1092.7230,52.2378,4182.9930,1089.7840,56.4069
Chain,4163.1380,1088.8520,34.4844,4182.9930,1089.7840,56.4069,4162.6350,1086.4000,40.9609
Chain,4182.9930,1089.7840,56.4069,4176.9370,1092.9880,57.9783,4160.0820,1090.1380,45.1959
Chain,4182.9930,1089.7840,56.4069,4160.0820,1090.1380,45.1959,4162.6350,1086.4000,40.9609
Chain,4176.9370,1092.9880,57.9783,4180.4900,1095.9000,53.8210,4160.5860,1092.5900,38.7195
Chain,4176.9370,1092.9880,57.9783,4160.5860,1092.5900,38.7195,4160.0820,1090.1380,45.1959
Chain,4160.5860,1092.5900,38.7195,4180.4900,1095.9000,53.8210,4186.5350,1092.7230,52.2378
Chain,4160.5860,1092.5900,38.7195,4186.5350,1092.7230,52.2378,4163.1380,1088.8520,34.4844
Chain,4138.9840,1089.9460,48.6679,4163.1380,1088.8520,34.4844,4162.6350,1086.4000,40.9609
Chain,4138.9840,1089.9460,48.6679,4162.6350,1086.4000,40.9609,4143.1680,1087.2590,52.1978
Chain,4162.6350,1086.4000,40.9609,4160.0820,1090.1380,45.1959,4145.5900,1090.7940,53.7060
Chain,4162.6350,1086.4000,40.9609,4145.5900,1090.7940,53.7060,4143.1680,1087.2590,52.1978
Chain,4160.0820,1090.1380,45.1959,4160.5860,1092.5900,38.7195,4141.4060,1093.4800,50.1761
Chain,4160.0820,1090.1380,45.1959,4141.4060,1093.4800,50.1761,4145.5900,1090.7940,53.7060
Chain,4141.4060,1093.4800,50.1761,4160.5860,1092.5900,38.7195,4163.1380,1088.8520,34.4844
Chain,4141.4060,1093.4800,50.1761,4163.1380,1088.8520,34.4844,4138.9840,1089.9460,48.6679
Chain,4166.3960,1094.1050,69.5079,4165.9770,1095.1720,76.7013,4167.8110,1107.1370,76.8675
Chain,4166.3960,1094.1050,69.5079,4167.8110,1107.1370,76.8675,4168.8120,1108.9310,69.8231
Chain,4165.9770,1095.1720,76.7013,4172.8450,1095.3730,74.3797,4174.1780,1104.3520,74.4706
Chain,4165.9770,1095.1720,76.7013,4174.1780,1104.3520,74.4706,4167.8110,1107.1370,76.8675
Chain,4174.1780,1104.3520,74.4706,4172.8450,1095.3730,74.3797,4173.3190,1094.1770,67.2416
Chain,4174.1780,1104.3520,74.4706,4173.3190,1094.1770,67.2416,4175.1540,1106.1420,67.4077
Chain,4175.1540,1106.1420,67.4077,4173.3190,1094.1770,67.2416,4166.3960,1094.1050,69.5079
Chain,4175.1540,1106.1420,67.4077,4166.3960,1094.1050,69.5079,4168.8120,1108.9310,69.8231
Chain,4168.8120,1108.9310,69.8231,4167.8110,1107.1370,76.8675,4186.7300,1111.7980,91.0619
Chain,4168.8120,1108.9310,69.8231,4186.7300,1111.7980,91.0619,4190.6150,1114.3180,86.1805
Chain,4186.7300,1111.7980,91.0619,4167.8110,1107.1370,76.8675,4174.1780,1104.3520,74.4706
Chain,4186.7300,1111.7980,91.0619,4174.1780,1104.3520,74.4706,4190.1640,1108.2770,86.4659
Chain,4174.1780,1104.3520,74.4706,4175.1540,1106.1420,67.4077,4194.0730,1110.8030,81.6021
Chain,4174.1780,1104.3520,74.4706,4194.0730,1110.8030,81.6021,4190.1640,1108.2770,86.4659
Chain,4194.0730,1110.8030,81.6021,4175.1540,1106.1420,67.4077,4168.8120,1108.9310,69.8231
Chain,4194.0730,1110.8030,81.6021,4168.8120,1108.9310,69.8231,4190.6150,1114.3180,86.1805
Chain,4204.9100,1103.4970,98.4145,4190.6150,1114.3180,86.1805,4186.7300,1111.7980,91.0619
Chain,4204.9100,1103.4970,98.4145,4186.7300,1111.7980,91.0619,4198.1190,1103.1280,100.8138
Chain,4198.1190,1103.1280,100.8138,4186.7300,1111.7980,91.0619,4190.1640,1108.2770,86.4659
Chain,4198.1190,1103.1280,100.8138,4190.1640,1108.2770,86.4659,4198.6700,1101.7640,93.7534
Chain,4190.1640,1108.2770,86.4659,4194.0730,1110.8030,81.6021,4205.4620,1102.1330,91.3541
Chain,4190.1640,1108.2770,86.4659,4205.4620,1102.1330,91.3541,4198.6700,1101.7640,93.7534
Chain,4194.0730,1110.8030,81.6021,4190.6150,1114.3180,86.1805,4204.9100,1103.4970,98.4145
Chain,4194.0730,1110.8030,81.6021,4204.9100,1103.4970,98.4145,4205.4620,1102.1330,91.3541
Chain,4203.6060,1088.3440,98.9958,4204.9100,1103.4970,98.4145,4198.1190,1103.1280,100.8138
Chain,4203.6060,1088.3440,98.9958,4198.1190,1103.1280,100.8138,4197.0290,1090.9930,101.2437
Chain,4197.0290,1090.9930,101.2437,4198.1190,1103.1280,100.8138,4198.6700,1101.7640,93.7534
Chain,4197.0290,1090.9930,101.2437,4198.6700,1101.7640,93.7534,4197.8170,1092.6530,94.0493
Chain,4198.6700,1101.7640,93.7534,4205.4620,1102.1330,91.3541,4204.3710,1089.9980,91.7839
Chain,4198.6700,1101.7640,93.7534,4204.3710,1089.9980,91.7839,4197.8170,1092.6530,94.0493
Chain,4205.4620,1102.1330,91.3541,4204.9100,1103.4970,98.4145,4203.6060,1088.3440,98.9958
Chain,4205.4620,1102.1330,91.3541,4203.6060,1088.3440,98.9958,4204.3710,1089.9980,91.7839
Chain,4203.6060,1088.3440,98.9958,4197.0290,1090.9930,101.2437,4176.9160,1086.0380,86.1529
Chain,4203.6060,1088.3440,98.9958,4176.9160,1086.0380,86.1529,4180.0680,1082.5310,81.3368
Chain,4176.9160,1086.0380,86.1529,4197.0290,1090.9930,101.2437,4197.8170,1092.6530,94.0493
Chain,4176.9160,1086.0380,86.1529,4197.8170,1092.6530,94.0493,4181.0810,1088.5440,81.4904
Chain,4197.8170,1092.6530,94.0493,4204.3710,1089.9980,91.7839,4184.2580,1085.0430,76.6931
Chain,4197.8170,1092.6530,94.0493,4184.2580,1085.0430,76.6931,4181.0810,1088.5440,81.4904
Chain,4184.2580,1085.0430,76.6931,4204.3710,1089.9980,91.7839,4203.6060,1088.3440,98.9958
Chain,4184.2580,1085.0430,76.6931,4203.6060,1088.3440,98.9958,4180.0680,1082.5310,81.3368
Chain,4180.0680,1082.5310,81.3368,4176.9160,1086.0380,86.1529,4165.9770,1095.1720,76.7013
Chain,4180.0680,1082.5310,81.3368,4165.9770,1095.1720,76.7013,4166.3960,1094.1050,69.5079
Chain,4176.9160,1086.0380,86.1529,4181.0810,1088.5440,81.4904,4172.8450,1095.3730,74.3797
Chain,4176.9160,1086.0380,86.1529,4172.8450,1095.3730,74.3797,4165.9770,1095.1720,76.7013
Chain,4172.8450,1095.3730,74.3797,4181.0810,1088.5440,81.4904,4184.2580,1085.0430,76.6931
Chain,4172.8450,1095.3730,74.3797,4184.2580,1085.0430,76.6931,4173.3190,1094.1770,67.2416
Chain,4173.3190,1094.1770,67.2416,4184.2580,1085.0430,76.6931,4180.0680,1082.5310,81.3368
Chain,4173.3190,1094.1770,67.2416,4180.0680,1082.5310,81.3368,4166.3960,1094.1050,69.5079
Chain,4082.6000,1092.5010,4.6338,4086.3130,1089.0820,7.8758,4080.5170,1090.3070,29.6858
Chain,4082.6000,1092.5010,4.6338,4080.5170,1090.3070,29.6858,4075.3230,1093.9750,31.8778
Chain,4080.5170,1090.3070,29.6858,4086.3130,1089.0820,7.8758,4089.4970,1091.9450,10.0462
Chain,4080.5170,1090.3070,29.6858,4089.4970,1091.9450,10.0462,4085.1280,1092.8660,26.3865
Chain,4085.1280,1092.8660,26.3865,4089.4970,1091.9450,10.0462,4085.7890,1095.3040,6.8146
Chain,4085.1280,1092.8660,26.3865,4085.7890,1095.3040,6.8146,4079.9340,1096.5340,28.5785
Chain,4085.7890,1095.3040,6.8146,4082.6000,1092.5010,4.6338,4075.3230,1093.9750,31.8778
Chain,4085.7890,1095.3040,6.8146,4075.3230,1093.9750,31.8778,4079.9340,1096.5340,28.5785
Chain,4075.3230,1093.9750,31.8778,4080.5170,1090.3070,29.6858,4101.8580,1088.9820,46.3902
Chain,4075.3230,1093.9750,31.8778,4101.8580,1088.9820,46.3902,4100.0220,1092.4370,51.2109
Chain,4101.8580,1088.9820,46.3902,4080.5170,1090.3070,29.6858,4085.1280,1092.8660,26.3865
Chain,4101.8580,1088.9820,46.3902,4085.1280,1092.8660,26.3865,4102.9410,1091.7630,40.3287
Chain,4102.9410,1091.7630,40.3287,4085.1280,1092.8660,26.3865,4079.9340,1096.5340,28.5785
Chain,4102.9410,1091.7630,40.3287,4079.9340,1096.5340,28.5785,4101.1050,1095.2190,45.1495
Chain,4079.9340,1096.5340,28.5785,4075.3230,1093.9750,31.8778,4100.0220,1092.4370,51.2109
Chain,4079.9340,1096.5340,28.5785,4100.0220,1092.4370,51.2109,4101.1050,1095.2190,45.1495
Chain,4124.5080,1089.9050,37.4360,4100.0220,1092.4370,51.2109,4101.8580,1088.9820,46.3902
Chain,4124.5080,1089.9050,37.4360,4101.8580,1088.9820,46.3902,4121.5150,1086.9170,35.4269
Chain,4101.8580,1088.9820,46.3902,4102.9410,1091.7630,40.3287,4117.6400,1090.1900,32.0747
Chain,4101.8580,1088.9820,46.3902,4117.6400,1090.1900,32.0747,4121.5150,1086.9170,35.4269
Chain,4102.9410,1091.7630,40.3287,4101.1050,1095.2190,45.1495,4120.6350,1093.1590,34.0877
Chain,4102.9410,1091.7630,40.3287,4120.6350,1093.1590,34.0877,4117.6400,1090.1900,32.0747
Chain,4101.1050,1095.2190,45.1495,4100.0220,1092.4370,51.2109,4124.5080,1089.9050,37.4360
Chain,4101.1050,1095.2190,45.1495,4124.5080,1089.9050,37.4360,4120.6350,1093.1590,34.0877
Chain,4124.5080,1089.9050,37.4360,4121.5150,1086.9170,35.4269,4127.2940,1085.5360,13.6205
Chain,4124.5080,1089.9050,37.4360,4127.2940,1085.5360,13.6205,4131.8170,1088.1300,10.2488
Chain,4127.2940,1085.5360,13.6205,4121.5150,1086.9170,35.4269,4117.6400,1090.1900,32.0747
Chain,4127.2940,1085.5360,13.6205,4117.6400,1090.1900,32.0747,4122.0180,1089.1780,15.7515
Chain,4122.0180,1089.1780,15.7515,4117.6400,1090.1900,32.0747,4120.6350,1093.1590,34.0877
Chain,4122.0180,1089.1780,15.7515,4120.6350,1093.1590,34.0877,4126.5410,1091.7730,12.3799
Chain,4126.5410,1091.7730,12.3799,4120.6350,1093.1590,34.0877,4124.5080,1089.9050,37.4360
Chain,4126.5410,1091.7730,12.3799,4124.5080,1089.9050,37.4360,4131.8170,1088.1300,10.2488
Chain,4107.1180,1089.6680,-9.0842,4131.8170,1088.1300,10.2488,4127.2940,1085.5360,13.6205
Chain,4107.1180,1089.6680,-9.0842,4127.2940,1085.5360,13.6205,4105.9530,1086.8610,-3.0839
Chain,4127.2940,1085.5360,13.6205,4122.0180,1089.1780,15.7515,4104.2050,1090.2810,1.8093
Chain,4127.2940,1085.5360,13.6205,4104.2050,1090.2810,1.8093,4105.9530,1086.8610,-3.0839
Chain,4122.0180,1089.1780,15.7515,4126.5410,1091.7730,12.3799,4105.3700,1093.0880,-4.1911
Chain,4122.0180,1089.1780,15.7515,4105.3700,1093.0880,-4.1911,4104.2050,1090.2810,1.8093
Chain,4105.3700,1093.0880,-4.1911,4126.5410,1091.7730,12.3799,4131.8170,1088.1300,10.2488
Chain,4105.3700,1093.0880,-4.1911,4131.8170,1088.1300,10.2488,4107.1180,1089.6680,-9.0842
Chain,4082.6000,1092.5010,4.6338,4107.1180,1089.6680,-9.0842,4105.9530,1086.8610,-3.0839
Chain,4082.6000,1092.5010,4.6338,4105.9530,1086.8610,-3.0839,4086.3130,1089.0820,7.8758
Chain,4105.9530,1086.8610,-3.0839,4104.2050,1090.2810,1.8093,4089.4970,1091.9450,10.0462
Chain,4105.9530,1086.8610,-3.0839,4089.4970,1091.9450,10.0462,4086.3130,1089.0820,7.8758
Chain,4104.2050,1090.2810,1.8093,4105.3700,1093.0880,-4.1911,4085.7890,1095.3040,6.8146
Chain,4104.2050,1090.2810,1.8093,4085.7890,1095.3040,6.8146,4089.4970,1091.9450,10.0462
Chain,4085.7890,1095.3040,6.8146,4105.3700,1093.0880,-4.1911,4107.1180,1089.6680,-9.0842
Chain,4085.7890,1095.3040,6.8146,4107.1180,1089.6680,-9.0842,4082.6000,1092.5010,4.6338
Chain,4111.4200,1090.5280,27.2114,4111.1880,1090.8380,34.6310,4116.4920,1101.3230,37.6453
Chain,4111.4200,1090.5280,27.2114,4116.4920,1101.3230,37.6453,4118.2060,1103.5900,31.1051
Chain,4111.1880,1090.8380,34.6310,4118.2990,1090.1540,32.5908,4122.1820,1098.0580,34.7731
Chain,4111.1880,1090.8380,34.6310,4122.1820,1098.0580,34.7731,4116.4920,1101.3230,37.6453
Chain,4122.1820,1098.0580,34.7731,4118.2990,1090.1540,32.5908,4118.5310,1089.8440,25.1712
Chain,4122.1820,1098.0580,34.7731,4118.5310,1089.8440,25.1712,4123.8350,1100.3280,28.1855
Chain,4123.8350,1100.3280,28.1855,4118.5310,1089.8440,25.1712,4111.4200,1090.5280,27.2114
Chain,4123.8350,1100.3280,28.1855,4111.4200,1090.5280,27.2114,4118.2060,1103.5900,31.1051
Chain,4140.2910,1104.0780,48.1960,4118.2060,1103.5900,31.1051,4116.4920,1101.3230,37.6453
Chain,4140.2910,1104.0780,48.1960,4116.4920,1101.3230,37.6453,4135.8940,1101.6850,52.6666
Chain,4135.8940,1101.6850,52.6666,4116.4920,1101.3230,37.6453,4122.1820,1098.0580,34.7731
Chain,4135.8940,1101.6850,52.6666,4122.1820,1098.0580,34.7731,4138.7770,1098.2900,47.6298
Chain,4122.1820,1098.0580,34.7731,4123.8350,1100.3280,28.1855,4143.2360,1100.6900,43.2068
Chain,4122.1820,1098.0580,34.7731,4143.2360,1100.6900,43.2068,4138.7770,1098.2900,47.6298
Chain,4123.8350,1100.3280,28.1855,4118.2060,1103.5900,31.1051,4140.2910,1104.0780,48.1960
Chain,4123.8350,1100.3280,28.1855,4140.2910,1104.0780,48.1960,4143.2360,1100.6900,43.2068
Chain,4152.5520,1091.6880,59.0162,4140.2910,1104.0780,48.1960,4135.8940,1101.6850,52.6666
Chain,4152.5520,1091.6880,59.0162,4135.8940,1101.6850,52.6666,4145.5780,1091.7610,61.2271
Chain,4145.5780,1091.7610,61.2271,4135.8940,1101.6850,52.6666,4138.7770,1098.2900,47.6298
Chain,4145.5780,1091.7610,61.2271,4138.7770,1098.2900,47.6298,4145.9460,1090.8400,53.9782
Chain,4138.7770,1098.2900,47.6298,4143.2360,1100.6900,43.2068,4152.9200,1090.7660,51.7673
Chain,4138.7770,1098.2900,47.6298,4152.9200,1090.7660,51.7673,4145.9460,1090.8400,53.9782
Chain,4143.2360,1100.6900,43.2068,4140.2910,1104.0780,48.1960,4152.5520,1091.6880,59.0162
Chain,4143.2360,1100.6900,43.2068,4152.5520,1091.6880,59.0162,4152.9200,1090.7660,51.7673
Chain,4148.2990,1077.1770,57.2413,4152.5520,1091.6880,59.0162,4145.5780,1091.7610,61.2271
Chain,4148.2990,1077.1770,57.2413,4145.5780,1091.7610,61.2271,4142.0510,1080.1410,59.7114
Chain,4142.0510,1080.1410,59.7114,4145.5780,1091.7610,61.2271,4145.9460,1090.8400,53.9782
Chain,4142.0510,1080.1410,59.7114,4145.9460,1090.8400,53.9782,4143.2080,1082.1170,52.7694
Chain,4145.9460,1090.8400,53.9782,4152.9200,1090.7660,51.7673,4149.3940,1079.1460,50.2517
Chain,4145.9460,1090.8400,53.9782,4149.3940,1079.1460,50.2517,4143.2080,1082.1170,52.7694
Chain,4152.9200,1090.7660,51.7673,4152.5520,1091.6880,59.0162,4148.2990,1077.1770,57.2413
Chain,4152.9200,1090.7660,51.7673,4148.2990,1077.1770,57.2413,4149.3940,1079.1460,50.2517
Chain,4121.8290,1076.5670,36.7587,4148.2990,1077.1770,57.2413,4142.0510,1080.1410,59.7114
Chain,4121.8290,1076.5670,36.7587,4142.0510,1080.1410,59.7114,4119.6330,1079.6960,42.3570
Chain,4119.6330,1079.6960,42.3570,4142.0510,1080.1410,59.7114,4143.2080,1082.1170,52.7694
Chain,4119.6330,1079.6960,42.3570,4143.2080,1082.1170,52.7694,4124.7180,1081.8330,38.4481
Chain,4143.2080,1082.1170,52.7694,4149.3940,1079.1460,50.2517,4126.9750,1078.7010,32.8973
Chain,4143.2080,1082.1170,52.7694,4126.9750,1078.7010,32.8973,4124.7180,1081.8330,38.4481
Chain,4149.3940,1079.1460,50.2517,4148.2990,1077.1770,57.2413,4121.8290,1076.5670,36.7587
Chain,4149.3940,1079.1460,50.2517,4121.8290,1076.5670,36.7587,4126.9750,1078.7010,32.8973
Chain,4121.8290,1076.5670,36.7587,4119.6330,1079.6960,42.3570,4111.1880,1090.8380,34.6310
Chain,4121.8290,1076.5670,36.7587,4111.1880,1090.8380,34.6310,4111.4200,1090.5280,27.2114
Chain,4119.6330,1079.6960,42.3570,4124.7180,1081.8330,38.4481,4118.2990,1090.1540,32.5908
Chain,4119.6330,1079.6960,42.3570,4118.2990,1090.1540,32.5908,4111.1880,1090.8380,34.6310
Chain,4118.2990,1090.1540,32.5908,4124.7180,1081.8330,38.4481,4126.9750,1078.7010,32.8973
Chain,4118.2990,1090.1540,32.5908,4126.9750,1078.7010,32.8973,4118.5310,1089.8440,25.1712
Chain,4118.5310,1089.8440,25.1712,4126.9750,1078.7010,32.8973,4121.8290,1076.5670,36.7587
Chain,4118.5310,1089.8440,25.1712,4121.8290,1076.5670,36.7587,4111.4200,1090.5280,27.2114
Chain,4018.5530,1100.2280,-12.8445,4025.8030,1099.4550,-40.1827,4029.2260,1095.8280,-37.1444
Chain,4018.5530,1100.2280,-12.8445,4029.2260,1095.8280,-37.1444,4023.4680,1096.4400,-15.2406
Chain,4023.4680,1096.4400,-15.2406,4029.2260,1095.8280,-37.1444,4032.7200,1098.3500,-34.6970
Chain,4023.4680,1096.4400,-15.2406,4032.7200,1098.3500,-34.6970,4028.3710,1098.8580,-18.2987
Chain,4028.3710,1098.8580,-18.2987,4032.7200,1098.3500,-34.6970,4029.2980,1101.9780,-37.7353
Chain,4028.3710,1098.8580,-18.2987,4029.2980,1101.9780,-37.7353,4023.4560,1102.6030,-15.8981
Chain,4023.4560,1102.6030,-15.8981,4029.2980,1101.9780,-37.7353,4025.8030,1099.4550,-40.1827
Chain,4023.4560,1102.6030,-15.8981,4025.8030,1099.4550,-40.1827,4018.5530,1100.2280,-12.8445
Chain,4018.5530,1100.2280,-12.8445,4023.4680,1096.4400,-15.2406,4044.9360,1093.6550,1.7162
Chain,4018.5530,1100.2280,-12.8445,4044.9360,1093.6550,1.7162,4043.3620,1096.9890,6.7527
Chain,4044.9360,1093.6550,1.7162,4023.4680,1096.4400,-15.2406,4028.3710,1098.8580,-18.2987
Chain,4044.9360,1093.6550,1.7162,4028.3710,1098.8580,-18.2987,4046.2650,1096.5150,-4.1632
Chain,4046.2650,1096.5150,-4.1632,4028.3710,1098.8580,-18.2987,4023.4560,1102.6030,-15.8981
Chain,4046.2650,1096.5150,-4.1632,4023.4560,1102.6030,-15.8981,4044.6890,1099.8490,0.8732
Chain,4023.4560,1102.6030,-15.8981,4018.5530,1100.2280,-12.8445,4043.3620,1096.9890,6.7527
Chain,4023.4560,1102.6030,-15.8981,4043.3620,1096.9890,6.7527,4044.6890,1099.8490,0.8732
Chain,4043.3620,1096.9890,6.7527,4044.9360,1093.6550,1.7162,4064.6020,1091.1530,-9.1938
Chain,4043.3620,1096.9890,6.7527,4064.6020,1091.1530,-9.1938,4067.9000,1093.8670,-6.9198
Chain,4064.6020,1091.1530,-9.1938,4044.9360,1093.6550,1.7162,4046.2650,1096.5150,-4.1632
Chain,4064.6020,1091.1530,-9.1938,4046.2650,1096.5150,-4.1632,4060.9870,1094.6420,-12.3666
Chain,4060.9870,1094.6420,-12.3666,4046.2650,1096.5150,-4.1632,4044.6890,1099.8490,0.8732
Chain,4060.9870,1094.6420,-12.3666,4044.6890,1099.8490,0.8732,4064.2840,1097.3560,-10.0927
Chain,4044.6890,1099.8490,0.8732,4043.3620,1096.9890,6.7527,4067.9000,1093.8670,-6.9198
Chain,4044.6890,1099.8490,0.8732,4067.9000,1093.8670,-6.9198,4064.2840,1097.3560,-10.0927
Chain,4075.1560,1092.6820,-34.2094,4067.9000,1093.8670,-6.9198,4064.6020,1091.1530,-9.1938
Chain,4075.1560,1092.6820,-34.2094,4064.6020,1091.1530,-9.1938,4070.3720,1090.2090,-31.0535
Chain,4064.6020,1091.1530,-9.1938,4060.9870,1094.6420,-12.3666,4065.3410,1093.9310,-28.7404
Chain,4064.6020,1091.1530,-9.1938,4065.3410,1093.9310,-28.7404,4070.3720,1090.2090,-31.0535
Chain,4060.9870,1094.6420,-12.3666,4064.2840,1097.3560,-10.0927,4070.1250,1096.4030,-31.8964
Chain,4060.9870,1094.6420,-12.3666,4070.1250,1096.4030,-31.8964,4065.3410,1093.9310,-28.7404
Chain,4070.1250,1096.4030,-31.8964,4064.2840,1097.3560,-10.0927,4067.9000,1093.8670,-6.9198
Chain,4070.1250,1096.4030,-31.8964,4067.9000,1093.8670,-6.9198,4075.1560,1092.6820,-34.2094
Chain,4050.3470,1095.9200,-53.8065,4075.1560,1092.6820,-34.2094,4070.3720,1090.2090,-31.0535
Chain,4050.3470,1095.9200,-53.8065,4070.3720,1090.2090,-31.0535,4048.9030,1092.9940,-48.0103
Chain,4070.3720,1090.2090,-31.0535,4065.3410,1093.9310,-28.7404,4047.4470,1096.2730,-42.8759
Chain,4070.3720,1090.2090,-31.0535,4047.4470,1096.2730,-42.8759,4048.9030,1092.9940,-48.0103
Chain,4065.3410,1093.9310,-28.7404,4070.1250,1096.4030,-31.8964,4048.8910,1099.1570,-48.6678
Chain,4065.3410,1093.9310,-28.7404,4048.8910,1099.1570,-48.6678,4047.4470,1096.2730,-42.8759
Chain,4048.8910,1099.1570,-48.6678,4070.1250,1096.4030,-31.8964,4075.1560,1092.6820,-34.2094
Chain,4048.8910,1099.1570,-48.6678,4075.1560,1092.6820,-34.2094,4050.3470,1095.9200,-53.8065
Chain,4050.3470,1095.9200,-53.8065,4048.9030,1092.9940,-48.0103,4029.2260,1095.8280,-37.1444
Chain,4050.3470,1095.9200,-53.8065,4029.2260,1095.8280,-37.1444,4025.8030,1099.4550,-40.1827
Chain,4048.9030,1092.9940,-48.0103,4047.4470,1096.2730,-42.8759,4032.7200,1098.3500,-34.6970
Chain,4048.9030,1092.9940,-48.0103,4032.7200,1098.3500,-34.6970,4029.2260,1095.8280,-37.1444
Chain,4047.4470,1096.2730,-42.8759,4048.8910,1099.1570,-48.6678,4029.2980,1101.9780,-37.7353
Chain,4047.4470,1096.2730,-42.8759,4029.2980,1101.9780,-37.7353,4032.7200,1098.3500,-34.6970
Chain,4048.8910,1099.1570,-48.6678,4050.3470,1095.9200,-53.8065,4025.8030,1099.4550,-40.1827
Chain,4048.8910,1099.1570,-48.6678,4025.8030,1099.4550,-40.1827,4029.2980,1101.9780,-37.7353
Chain,4054.7380,1095.3420,-17.2910,4054.5230,1095.4520,-9.8376,4060.8730,1105.4210,-5.9570
Chain,4054.7380,1095.3420,-17.2910,4060.8730,1105.4210,-5.9570,4062.7140,1107.7990,-12.4099
Chain,4054.5230,1095.4520,-9.8376,4061.6500,1094.5680,-11.8441,4066.3900,1102.0470,-8.9518
Chain,4054.5230,1095.4520,-9.8376,4066.3900,1102.0470,-8.9518,4060.8730,1105.4210,-5.9570
Chain,4066.3900,1102.0470,-8.9518,4061.6500,1094.5680,-11.8441,4061.8660,1094.4570,-19.2974
Chain,4066.3900,1102.0470,-8.9518,4061.8660,1094.4570,-19.2974,4068.2160,1104.4270,-15.4168
Chain,4068.2160,1104.4270,-15.4168,4061.8660,1094.4570,-19.2974,4054.7380,1095.3420,-17.2910
Chain,4068.2160,1104.4270,-15.4168,4054.7380,1095.3420,-17.2910,4062.7140,1107.7990,-12.4099
Chain,4062.7140,1107.7990,-12.4099,4060.8730,1105.4210,-5.9570,4081.8380,1103.4400,10.5245
Chain,4062.7140,1107.7990,-12.4099,4081.8380,1103.4400,10.5245,4086.9730,1105.5160,6.6597
Chain,4060.8730,1105.4210,-5.9570,4066.3900,1102.0470,-8.9518,4084.0340,1100.3910,4.9171
Chain,4060.8730,1105.4210,-5.9570,4084.0340,1100.3910,4.9171,4081.8380,1103.4400,10.5245
Chain,4084.0340,1100.3910,4.9171,4066.3900,1102.0470,-8.9518,4068.2160,1104.4270,-15.4168
Chain,4084.0340,1100.3910,4.9171,4068.2160,1104.4270,-15.4168,4089.1810,1102.4460,1.0647
Chain,4089.1810,1102.4460,1.0647,4068.2160,1104.4270,-15.4168,4062.7140,1107.7990,-12.4099
Chain,4089.1810,1102.4460,1.0647,4062.7140,1107.7990,-12.4099,4086.9730,1105.5160,6.6597
Chain,4096.7630,1091.4230,15.7403,4086.9730,1105.5160,6.6597,4081.8380,1103.4400,10.5245
Chain,4096.7630,1091.4230,15.7403,4081.8380,1103.4400,10.5245,4089.6450,1092.1680,17.7691
Chain,4089.6450,1092.1680,17.7691,4081.8380,1103.4400,10.5245,4084.0340,1100.3910,4.9171
Chain,4089.6450,1092.1680,17.7691,4084.0340,1100.3910,4.9171,4089.8700,1091.9180,10.3381
Chain,4084.0340,1100.3910,4.9171,4089.1810,1102.4460,1.0647,4096.9870,1091.1730,8.3093
Chain,4084.0340,1100.3910,4.9171,4096.9870,1091.1730,8.3093,4089.8700,1091.9180,10.3381
Chain,4089.1810,1102.4460,1.0647,4086.9730,1105.5160,6.6597,4096.7630,1091.4230,15.7403
Chain,4089.1810,1102.4460,1.0647,4096.7630,1091.4230,15.7403,4096.9870,1091.1730,8.3093
Chain,4089.3200,1078.5690,11.3155,4096.7630,1091.4230,15.7403,4089.6450,1092.1680,17.7691
Chain,4089.3200,1078.5690,11.3155,4089.6450,1092.1680,17.7691,4083.6660,1081.8870,14.2094
Chain,4083.6660,1081.8870,14.2094,4089.6450,1092.1680,17.7691,4089.8700,1091.9180,10.3381
Chain,4083.6660,1081.8870,14.2094,4089.8700,1091.9180,10.3381,4085.3630,1084.2290,7.6491
Chain,4089.8700,1091.9180,10.3381,4096.9870,1091.1730,8.3093,4091.0080,1080.8920,4.7496
Chain,4089.8700,1091.9180,10.3381,4091.0080,1080.8920,4.7496,4085.3630,1084.2290,7.6491
Chain,4096.9870,1091.1730,8.3093,4096.7630,1091.4230,15.7403,4089.3200,1078.5690,11.3155
Chain,4096.9870,1091.1730,8.3093,4089.3200,1078.5690,11.3155,4091.0080,1080.8920,4.7496
Chain,4089.3200,1078.5690,11.3155,4083.6660,1081.8870,14.2094,4061.9980,1083.9340,-2.8245
Chain,4089.3200,1078.5690,11.3155,4061.9980,1083.9340,-2.8245,4064.0430,1080.9480,-8.5549
Chain,4083.6660,1081.8870,14.2094,4085.3630,1084.2290,7.6491,4067.2800,1085.9260,-6.5661
Chain,4083.6660,1081.8870,14.2094,4067.2800,1085.9260,-6.5661,4061.9980,1083.9340,-2.8245
Chain,4067.2800,1085.9260,-6.5661,4085.3630,1084.2290,7.6491,4091.0080,1080.8920,4.7496
Chain,4067.2800,1085.9260,-6.5661,4091.0080,1080.8920,4.7496,4069.3400,1082.9390,-12.2843
Chain,4069.3400,1082.9390,-12.2843,4091.0080,1080.8920,4.7496,4089.3200,1078.5690,11.3155
Chain,4069.3400,1082.9390,-12.2843,4089.3200,1078.5690,11.3155,4064.0430,1080.9480,-8.5549
Chain,4064.0430,1080.9480,-8.5549,4061.9980,1083.9340,-2.8245,4054.5230,1095.4520,-9.8376
Chain,4064.0430,1080.9480,-8.5549,4054.5230,1095.4520,-9.8376,4054.7380,1095.3420,-17.2910
Chain,4061.9980,1083.9340,-2.8245,4067.2800,1085.9260,-6.5661,4061.6500,1094.5680,-11.8441
Chain,4061.9980,1083.9340,-2.8245,4061.6500,1094.5680,-11.8441,4054.5230,1095.4520,-9.8376
Chain,4061.6500,1094.5680,-11.8441,4067.2800,1085.9260,-6.5661,4069.3400,1082.9390,-12.2843
Chain,4061.6500,1094.5680,-11.8441,4069.3400,1082.9390,-12.2843,4061.8660,1094.4570,-19.2974
Chain,4061.8660,1094.4570,-19.2974,4069.3400,1082.9390,-12.2843,4064.0430,1080.9480,-8.5549
Chain,4061.8660,1094.4570,-19.2974,4064.0430,1080.9480,-8.5549,4054.7380,1095.3420,-17.2910
Chain,3969.1350,1111.4440,-85.4287,3972.1420,1107.5530,-82.6859,3966.3530,1107.5700,-60.7433
Chain,3969.1350,1111.4440,-85.4287,3966.3530,1107.5700,-60.7433,3961.8270,1111.4310,-58.0528
Chain,3966.3530,1107.5700,-60.7433,3972.1420,1107.5530,-82.6859,3976.0050,1109.7010,-79.9129
Chain,3966.3530,1107.5700,-60.7433,3976.0050,1109.7010,-79.9129,3971.6250,1109.7230,-63.4871
Chain,3971.6250,1109.7230,-63.4871,3976.0050,1109.7010,-79.9129,3972.9910,1113.5420,-82.6561
Chain,3971.6250,1109.7230,-63.4871,3972.9910,1113.5420,-82.6561,3967.0990,1113.5840,-60.7966
Chain,3972.9910,1113.5420,-82.6561,3969.1350,1111.4440,-85.4287,3961.8270,1111.4310,-58.0528
Chain,3972.9910,1113.5420,-82.6561,3961.8270,1111.4310,-58.0528,3967.0990,1113.5840,-60.7966
Chain,3986.5460,1105.8250,-38.2767,3961.8270,1111.4310,-58.0528,3966.3530,1107.5700,-60.7433
Chain,3986.5460,1105.8250,-38.2767,3966.3530,1107.5700,-60.7433,3987.7810,1102.7240,-43.6014
Chain,3987.7810,1102.7240,-43.6014,3966.3530,1107.5700,-60.7433,3971.6250,1109.7230,-63.4871
Chain,3987.7810,1102.7240,-43.6014,3971.6250,1109.7230,-63.4871,3989.4550,1105.7060,-49.2248
Chain,3989.4550,1105.7060,-49.2248,3971.6250,1109.7230,-63.4871,3967.0990,1113.5840,-60.7966
Chain,3989.4550,1105.7060,-49.2248,3967.0990,1113.5840,-60.7966,3988.2200,1108.8070,-43.9000
Chain,3988.2200,1108.8070,-43.9000,3967.0990,1113.5840,-60.7966,3961.8270,1111.4310,-58.0528
Chain,3988.2200,1108.8070,-43.9000,3961.8270,1111.4310,-58.0528,3986.5460,1105.8250,-38.2767
Chain,3986.5460,1105.8250,-38.2767,3987.7810,1102.7240,-43.6014,4007.4520,1099.6300,-54.4445
Chain,3986.5460,1105.8250,-38.2767,4007.4520,1099.6300,-54.4445,4011.0820,1102.0360,-51.8806
Chain,3987.7810,1102.7240,-43.6014,3989.4550,1105.7060,-49.2248,4004.1690,1103.3250,-57.3813
Chain,3987.7810,1102.7240,-43.6014,4004.1690,1103.3250,-57.3813,4007.4520,1099.6300,-54.4445
Chain,3989.4550,1105.7060,-49.2248,3988.2200,1108.8070,-43.9000,4007.7990,1105.7320,-54.8173
Chain,3989.4550,1105.7060,-49.2248,4007.7990,1105.7320,-54.8173,4004.1690,1103.3250,-57.3813
Chain,3988.2200,1108.8070,-43.9000,3986.5460,1105.8250,-38.2767,4011.0820,1102.0360,-51.8806
Chain,3988.2200,1108.8070,-43.9000,4011.0820,1102.0360,-51.8806,4007.7990,1105.7320,-54.8173
Chain,4018.3400,1101.5180,-79.2388,4011.0820,1102.0360,-51.8806,4007.4520,1099.6300,-54.4445
Chain,4018.3400,1101.5180,-79.2388,4007.4520,1099.6300,-54.4445,4013.2160,1099.2780,-76.3711
Chain,4013.2160,1099.2780,-76.3711,4007.4520,1099.6300,-54.4445,4004.1690,1103.3250,-57.3813
Chain,4013.2160,1099.2780,-76.3711,4004.1690,1103.3250,-57.3813,4008.5320,1103.1220,-73.8020
Chain,4008.5320,1103.1220,-73.8020,4004.1690,1103.3250,-57.3813,4007.7990,1105.7320,-54.8173
Chain,4008.5320,1103.1220,-73.8020,4007.7990,1105.7320,-54.8173,4013.6560,1105.3610,-76.6697
Chain,4013.6560,1105.3610,-76.6697,4007.7990,1105.7320,-54.8173,4011.0820,1102.0360,-51.8806
Chain,4013.6560,1105.3610,-76.6697,4011.0820,1102.0360,-51.8806,4018.3400,1101.5180,-79.2388
Chain,4018.3400,1101.5180,-79.2388,4013.2160,1099.2780,-76.3711,3991.7890,1104.1240,-93.5130
Chain,4018.3400,1101.5180,-79.2388,3991.7890,1104.1240,-93.5130,3993.6220,1107.1240,-99.0148
Chain,4013.2160,1099.2780,-76.3711,4008.5320,1103.1220,-73.8020,3990.7010,1107.1390,-88.0643
Chain,4013.2160,1099.2780,-76.3711,3990.7010,1107.1390,-88.0643,3991.7890,1104.1240,-93.5130
Chain,4008.5320,1103.1220,-73.8020,4013.6560,1105.3610,-76.6697,3992.5350,1110.1390,-93.5662
Chain,4008.5320,1103.1220,-73.8020,3992.5350,1110.1390,-93.5662,3990.7010,1107.1390,-88.0643
Chain,4013.6560,1105.3610,-76.6697,4018.3400,1101.5180,-79.2388,3993.6220,1107.1240,-99.0148
Chain,4013.6560,1105.3610,-76.6697,3993.6220,1107.1240,-99.0148,3992.5350,1110.1390,-93.5662
Chain,3969.1350,1111.4440,-85.4287,3993.6220,1107.1240,-99.0148,3991.7890,1104.1240,-93.5130
Chain,3969.1350,1111.4440,-85.4287,3991.7890,1104.1240,-93.5130,3972.1420,1107.5530,-82.6859
Chain,3991.7890,1104.1240,-93.5130,3990.7010,1107.1390,-88.0643,3976.0050,1109.7010,-79.9129
Chain,3991.7890,1104.1240,-93.5130,3976.0050,1109.7010,-79.9129,3972.1420,1107.5530,-82.6859
Chain,3990.7010,1107.1390,-88.0643,3992.5350,1110.1390,-93.5662,3972.9910,1113.5420,-82.6561
Chain,3990.7010,1107.1390,-88.0643,3972.9910,1113.5420,-82.6561,3976.0050,1109.7010,-79.9129
Chain,3972.9910,1113.5420,-82.6561,3992.5350,1110.1390,-93.5662,3993.6220,1107.1240,-99.0148
Chain,3972.9910,1113.5420,-82.6561,3993.6220,1107.1240,-99.0148,3969.1350,1111.4440,-85.4287
Chain,3997.9300,1104.6430,-62.3625,3997.7090,1104.3980,-54.8769,4005.2020,1113.6270,-50.0310
Chain,3997.9300,1104.6430,-62.3625,4005.2020,1113.6270,-50.0310,4007.3410,1116.0850,-56.2614
Chain,3997.7090,1104.3980,-54.8769,4004.8330,1103.2020,-56.8536,4010.4260,1110.1700,-53.2447
Chain,3997.7090,1104.3980,-54.8769,4010.4260,1110.1700,-53.2447,4005.2020,1113.6270,-50.0310
Chain,4010.4260,1110.1700,-53.2447,4004.8330,1103.2020,-56.8536,4005.0520,1103.4030,-64.3367
Chain,4010.4260,1110.1700,-53.2447,4005.0520,1103.4030,-64.3367,4012.5450,1112.6320,-59.4908
Chain,4012.5450,1112.6320,-59.4908,4005.0520,1103.4030,-64.3367,3997.9300,1104.6430,-62.3625
Chain,4012.5450,1112.6320,-59.4908,3997.9300,1104.6430,-62.3625,4007.3410,1116.0850,-56.2614
Chain,4007.3410,1116.0850,-56.2614,4005.2020,1113.6270,-50.0310,4026.0810,1109.9950,-33.4433
Chain,4007.3410,1116.0850,-56.2614,4026.0810,1109.9950,-33.4433,4031.4650,1111.8920,-37.0953
Chain,4005.2020,1113.6270,-50.0310,4010.4260,1110.1700,-53.2447,4028.0210,1107.1050,-39.2656
Chain,4005.2020,1113.6270,-50.0310,4028.0210,1107.1050,-39.2656,4026.0810,1109.9950,-33.4433
Chain,4028.0210,1107.1050,-39.2656,4010.4260,1110.1700,-53.2447,4012.5450,1112.6320,-59.4908
Chain,4028.0210,1107.1050,-39.2656,4012.5450,1112.6320,-59.4908,4033.4240,1109.0000,-42.9031
Chain,4033.4240,1109.0000,-42.9031,4012.5450,1112.6320,-59.4908,4007.3410,1116.0850,-56.2614
Chain,4033.4240,1109.0000,-42.9031,4007.3410,1116.0850,-56.2614,4031.4650,1111.8920,-37.0953
Chain,4040.0120,1097.2810,-28.9250,4031.4650,1111.8920,-37.0953,4026.0810,1109.9950,-33.4433
Chain,4040.0120,1097.2810,-28.9250,4026.0810,1109.9950,-33.4433,4032.8820,1098.2460,-26.9289
Chain,4032.8820,1098.2460,-26.9289,4026.0810,1109.9950,-33.4433,4028.0210,1107.1050,-39.2656
Chain,4032.8820,1098.2460,-26.9289,4028.0210,1107.1050,-39.2656,4033.0940,1098.2910,-34.4006
Chain,4028.0210,1107.1050,-39.2656,4033.4240,1109.0000,-42.9031,4040.2240,1097.2510,-36.3887
Chain,4028.0210,1107.1050,-39.2656,4040.2240,1097.2510,-36.3887,4033.0940,1098.2910,-34.4006
Chain,4033.4240,1109.0000,-42.9031,4031.4650,1111.8920,-37.0953,4040.0120,1097.2810,-28.9250
Chain,4033.4240,1109.0000,-42.9031,4040.0120,1097.2810,-28.9250,4040.2240,1097.2510,-36.3887
Chain,4031.2640,1085.2420,-34.4488,4040.0120,1097.2810,-28.9250,4032.8820,1098.2460,-26.9289
Chain,4031.2640,1085.2420,-34.4488,4032.8820,1098.2460,-26.9289,4025.8470,1088.6860,-31.3838
Chain,4025.8470,1088.6860,-31.3838,4032.8820,1098.2460,-26.9289,4033.0940,1098.2910,-34.4006
Chain,4025.8470,1088.6860,-31.3838,4033.0940,1098.2910,-34.4006,4027.7910,1091.1330,-37.7642
Chain,4033.0940,1098.2910,-34.4006,4040.2240,1097.2510,-36.3887,4033.1900,1087.6920,-40.8436
Chain,4033.0940,1098.2910,-34.4006,4033.1900,1087.6920,-40.8436,4027.7910,1091.1330,-37.7642
Chain,4040.2240,1097.2510,-36.3887,4040.0120,1097.2810,-28.9250,4031.2640,1085.2420,-34.4488
Chain,4040.2240,1097.2510,-36.3887,4031.2640,1085.2420,-34.4488,4033.1900,1087.6920,-40.8436
Chain,4031.2640,1085.2420,-34.4488,4025.8470,1088.6860,-31.3838,4004.0320,1092.4820,-48.7156
Chain,4031.2640,1085.2420,-34.4488,4004.0320,1092.4820,-48.7156,4005.7810,1089.6740,-54.6953
Chain,4025.8470,1088.6860,-31.3838,4027.7910,1091.1330,-37.7642,4009.6080,1094.3000,-52.2113
Chain,4025.8470,1088.6860,-31.3838,4009.6080,1094.3000,-52.2113,4004.0320,1092.4820,-48.7156
Chain,4009.6080,1094.3000,-52.2113,4027.7910,1091.1330,-37.7642,4033.1900,1087.6920,-40.8436
Chain,4009.6080,1094.3000,-52.2113,4033.1900,1087.6920,-40.8436,4011.3750,1091.4880,-58.1754
Chain,4011.3750,1091.4880,-58.1754,4033.1900,1087.6920,-40.8436,4031.2640,1085.2420,-34.4488
Chain,4011.3750,1091.4880,-58.1754,4031.2640,1085.2420,-34.4488,4005.7810,1089.6740,-54.6953
Chain,4005.7810,1089.6740,-54.6953,4004.0320,1092.4820,-48.7156,3997.7090,1104.3980,-54.8769
Chain,4005.7810,1089.6740,-54.6953,3997.7090,1104.3980,-54.8769,3997.9300,1104.6430,-62.3625
Chain,4004.0320,1092.4820,-48.7156,4009.6080,1094.3000,-52.2113,4004.8330,1103.2020,-56.8536
Chain,4004.0320,1092.4820,-48.7156,4004.8330,1103.2020,-56.8536,3997.7090,1104.3980,-54.8769
Chain,4004.8330,1103.2020,-56.8536,4009.6080,1094.3000,-52.2113,4011.3750,1091.4880,-58.1754
Chain,4004.8330,1103.2020,-56.8536,4011.3750,1091.4880,-58.1754,4005.0520,1103.4030,-64.3367
Chain,4005.0520,1103.4030,-64.3367,4011.3750,1091.4880,-58.1754,4005.7810,1089.6740,-54.6953
Chain,4005.0520,1103.4030,-64.3367,4005.7810,1089.6740,-54.6953,3997.9300,1104.6430,-62.3625
Chain,3905.9150,1128.6380,-103.2608,3913.4670,1129.7450,-130.5625,3915.9180,1125.5950,-128.2231
Chain,3905.9150,1128.6380,-103.2608,3915.9180,1125.5950,-128.2231,3909.9430,1124.7220,-106.3324
Chain,3909.9430,1124.7220,-106.3324,3915.9180,1125.5950,-128.2231,3920.1440,1127.1360,-125.1059
Chain,3909.9430,1124.7220,-106.3324,3920.1440,1127.1360,-125.1059,3915.6390,1126.5630,-108.7137
Chain,3915.6390,1126.5630,-108.7137,3920.1440,1127.1360,-125.1059,3917.6920,1131.2860,-127.4453
Chain,3915.6390,1126.5630,-108.7137,3917.6920,1131.2860,-127.4453,3911.6050,1130.4550,-105.6449
Chain,3911.6050,1130.4550,-105.6449,3917.6920,1131.2860,-127.4453,3913.4670,1129.7450,-130.5625
Chain,3911.6050,1130.4550,-105.6449,3913.4670,1129.7450,-130.5625,3905.9150,1128.6380,-103.2608
Chain,3905.9150,1128.6380,-103.2608,3909.9430,1124.7220,-106.3324,3930.9880,1117.5220,-89.2397
Chain,3905.9150,1128.6380,-103.2608,3930.9880,1117.5220,-89.2397,3930.1630,1120.3450,-83.5679
Chain,3930.9880,1117.5220,-89.2397,3909.9430,1124.7220,-106.3324,3915.6390,1126.5630,-108.7137
Chain,3930.9880,1117.5220,-89.2397,3915.6390,1126.5630,-108.7137,3933.1210,1120.5540,-94.5124
Chain,3933.1210,1120.5540,-94.5124,3915.6390,1126.5630,-108.7137,3911.6050,1130.4550,-105.6449
Chain,3933.1210,1120.5540,-94.5124,3911.6050,1130.4550,-105.6449,3932.2960,1123.3780,-88.8406
Chain,3911.6050,1130.4550,-105.6449,3905.9150,1128.6380,-103.2608,3930.1630,1120.3450,-83.5679
Chain,3911.6050,1130.4550,-105.6449,3930.1630,1120.3450,-83.5679,3932.2960,1123.3780,-88.8406
Chain,3930.1630,1120.3450,-83.5679,3930.9880,1117.5220,-89.2397,3950.5640,1113.6390,-100.0739
Chain,3930.1630,1120.3450,-83.5679,3950.5640,1113.6390,-100.0739,3954.5620,1115.5150,-97.1686
Chain,3930.9880,1117.5220,-89.2397,3933.1210,1120.5540,-94.5124,3947.7600,1117.6560,-102.6729
Chain,3930.9880,1117.5220,-89.2397,3947.7600,1117.6560,-102.6729,3950.5640,1113.6390,-100.0739
Chain,3933.1210,1120.5540,-94.5124,3932.2960,1123.3780,-88.8406,3951.7570,1119.5310,-99.7676
Chain,3933.1210,1120.5540,-94.5124,3951.7570,1119.5310,-99.7676,3947.7600,1117.6560,-102.6729
Chain,3932.2960,1123.3780,-88.8406,3930.1630,1120.3450,-83.5679,3954.5620,1115.5150,-97.1686
Chain,3932.2960,1123.3780,-88.8406,3954.5620,1115.5150,-97.1686,3951.7570,1119.5310,-99.7676
Chain,3961.9570,1116.0370,-124.5299,3954.5620,1115.5150,-97.1686,3950.5640,1113.6390,-100.0739
Chain,3961.9570,1116.0370,-124.5299,3950.5640,1113.6390,-100.0739,3956.4240,1114.0760,-122.0093
Chain,3956.4240,1114.0760,-122.0093,3950.5640,1113.6390,-100.0739,3947.7600,1117.6560,-102.6729
Chain,3956.4240,1114.0760,-122.0093,3947.7600,1117.6560,-102.6729,3952.1980,1117.9700,-119.0896
Chain,3952.1980,1117.9700,-119.0896,3947.7600,1117.6560,-102.6729,3951.7570,1119.5310,-99.7676
Chain,3952.1980,1117.9700,-119.0896,3951.7570,1119.5310,-99.7676,3957.7310,1119.9320,-121.6102
Chain,3957.7310,1119.9320,-121.6102,3951.7570,1119.5310,-99.7676,3954.5620,1115.5150,-97.1686
Chain,3957.7310,1119.9320,-121.6102,3954.5620,1115.5150,-97.1686,3961.9570,1116.0370,-124.5299
Chain,3937.7100,1124.3300,-144.2228,3961.9570,1116.0370,-124.5299,3956.4240,1114.0760,-122.0093
Chain,3937.7100,1124.3300,-144.2228,3956.4240,1114.0760,-122.0093,3935.3780,1121.2760,-139.1020
Chain,3956.4240,1114.0760,-122.0093,3952.1980,1117.9700,-119.0896,3934.7160,1123.9790,-133.2909
Chain,3956.4240,1114.0760,-122.0093,3934.7160,1123.9790,-133.2909,3935.3780,1121.2760,-139.1020
Chain,3952.1980,1117.9700,-119.0896,3957.7310,1119.9320,-121.6102,3937.0410,1127.0100,-138.4145
Chain,3952.1980,1117.9700,-119.0896,3937.0410,1127.0100,-138.4145,3934.7160,1123.9790,-133.2909
Chain,3937.0410,1127.0100,-138.4145,3957.7310,1119.9320,-121.6102,3961.9570,1116.0370,-124.5299
Chain,3937.0410,1127.0100,-138.4145,3961.9570,1116.0370,-124.5299,3937.7100,1124.3300,-144.2228
Chain,3937.7100,1124.3300,-144.2228,3935.3780,1121.2760,-139.1020,3915.9180,1125.5950,-128.2231
Chain,3937.7100,1124.3300,-144.2228,3915.9180,1125.5950,-128.2231,3913.4670,1129.7450,-130.5625
Chain,3935.3780,1121.2760,-139.1020,3934.7160,1123.9790,-133.2909,3920.1440,1127.1360,-125.1059
Chain,3935.3780,1121.2760,-139.1020,3920.1440,1127.1360,-125.1059,3915.9180,1125.5950,-128.2231
Chain,3934.7160,1123.9790,-133.2909,3937.0410,1127.0100,-138.4145,3917.6920,1131.2860,-127.4453
Chain,3934.7160,1123.9790,-133.2909,3917.6920,1131.2860,-127.4453,3920.1440,1127.1360,-125.1059
Chain,3937.0410,1127.0100,-138.4145,3937.7100,1124.3300,-144.2228,3913.4670,1129.7450,-130.5625
Chain,3937.0410,1127.0100,-138.4145,3913.4670,1129.7450,-130.5625,3917.6920,1131.2860,-127.4453
Chain,3941.6120,1119.5920,-107.6490,3941.3410,1119.0190,-100.1670,3950.1890,1127.0870,-94.1477
Chain,3941.6120,1119.5920,-107.6490,3950.1890,1127.0870,-94.1477,3952.7340,1129.6590,-100.0746
Chain,3941.3410,1119.0190,-100.1670,3948.4130,1117.4500,-102.1448,3955.0110,1123.5130,-97.6605
Chain,3941.3410,1119.0190,-100.1670,3955.0110,1123.5130,-97.6605,3950.1890,1127.0870,-94.1477
Chain,3955.0110,1123.5130,-97.6605,3948.4130,1117.4500,-102.1448,3948.6840,1118.0240,-109.6268
Chain,3955.0110,1123.5130,-97.6605,3948.6840,1118.0240,-109.6268,3957.5320,1126.0920,-103.6075
Chain,3957.5320,1126.0920,-103.6075,3948.6840,1118.0240,-109.6268,3941.6120,1119.5920,-107.6490
Chain,3957.5320,1126.0920,-103.6075,3941.6120,1119.5920,-107.6490,3952.7340,1129.6590,-100.0746
Chain,3952.7340,1129.6590,-100.0746,3950.1890,1127.0870,-94.1477,3970.7290,1121.3280,-77.5993
Chain,3952.7340,1129.6590,-100.0746,3970.7290,1121.3280,-77.5993,3976.4290,1123.0150,-80.9841
Chain,3950.1890,1127.0870,-94.1477,3955.0110,1123.5130,-97.6605,3972.3490,1118.6510,-83.6922
Chain,3950.1890,1127.0870,-94.1477,3972.3490,1118.6510,-83.6922,3970.7290,1121.3280,-77.5993
Chain,3972.3490,1118.6510,-83.6922,3955.0110,1123.5130,-97.6605,3957.5320,1126.0920,-103.6075
Chain,3972.3490,1118.6510,-83.6922,3957.5320,1126.0920,-103.6075,3978.0710,1120.3330,-87.0591
Chain,3978.0710,1120.3330,-87.0591,3957.5320,1126.0920,-103.6075,3952.7340,1129.6590,-100.0746
Chain,3978.0710,1120.3330,-87.0591,3952.7340,1129.6590,-100.0746,3976.4290,1123.0150,-80.9841
Chain,3983.2540,1107.9160,-74.0986,3976.4290,1123.0150,-80.9841,3970.7290,1121.3280,-77.5993
Chain,3983.2540,1107.9160,-74.0986,3970.7290,1121.3280,-77.5993,3976.1440,1109.2600,-72.1269
Chain,3976.1440,1109.2600,-72.1269,3970.7290,1121.3280,-77.5993,3972.3490,1118.6510,-83.6922
Chain,3976.1440,1109.2600,-72.1269,3972.3490,1118.6510,-83.6922,3976.3770,1109.6090,-79.6149
Chain,3972.3490,1118.6510,-83.6922,3978.0710,1120.3330,-87.0591,3983.4870,1108.2660,-81.5867
Chain,3972.3490,1118.6510,-83.6922,3983.4870,1108.2660,-81.5867,3976.3770,1109.6090,-79.6149
Chain,3978.0710,1120.3330,-87.0591,3976.4290,1123.0150,-80.9841,3983.2540,1107.9160,-74.0986
Chain,3978.0710,1120.3330,-87.0591,3983.2540,1107.9160,-74.0986,3983.4870,1108.2660,-81.5867
Chain,3972.8860,1097.0500,-81.0037,3983.2540,1107.9160,-74.0986,3976.1440,1109.2600,-72.1269
Chain,3972.8860,1097.0500,-81.0037,3976.1440,1109.2600,-72.1269,3967.8050,1100.5790,-77.6868
Chain,3967.8050,1100.5790,-77.6868,3976.1440,1109.2600,-72.1269,3976.3770,1109.6090,-79.6149
Chain,3967.8050,1100.5790,-77.6868,3976.3770,1109.6090,-79.6149,3970.0890,1103.1070,-83.8118
Chain,3976.3770,1109.6090,-79.6149,3983.4870,1108.2660,-81.5867,3975.1470,1099.5840,-87.1466
Chain,3976.3770,1109.6090,-79.6149,3975.1470,1099.5840,-87.1466,3970.0890,1103.1070,-83.8118
Chain,3983.4870,1108.2660,-81.5867,3983.2540,1107.9160,-74.0986,3972.8860,1097.0500,-81.0037
Chain,3983.4870,1108.2660,-81.5867,3972.8860,1097.0500,-81.0037,3975.1470,1099.5840,-87.1466
Chain,3972.8860,1097.0500,-81.0037,3967.8050,1100.5790,-77.6868,3946.0950,1106.6660,-95.1780
Chain,3972.8860,1097.0500,-81.0037,3946.0950,1106.6660,-95.1780,3947.4920,1104.1710,-101.4630
Chain,3967.8050,1100.5790,-77.6868,3970.0890,1103.1070,-83.8118,3952.0160,1108.1750,-98.3729
Chain,3967.8050,1100.5790,-77.6868,3952.0160,1108.1750,-98.3729,3946.0950,1106.6660,-95.1780
Chain,3952.0160,1108.1750,-98.3729,3970.0890,1103.1070,-83.8118,3975.1470,1099.5840,-87.1466
Chain,3952.0160,1108.1750,-98.3729,3975.1470,1099.5840,-87.1466,3953.4380,1105.6720,-104.6378
Chain,3953.4380,1105.6720,-104.6378,3975.1470,1099.5840,-87.1466,3972.8860,1097.0500,-81.0037
Chain,3953.4380,1105.6720,-104.6378,3972.8860,1097.0500,-81.0037,3947.4920,1104.1710,-101.4630
Chain,3947.4920,1104.1710,-101.4630,3946.0950,1106.6660,-95.1780,3941.3410,1119.0190,-100.1670
Chain,3947.4920,1104.1710,-101.4630,3941.3410,1119.0190,-100.1670,3941.6120,1119.5920,-107.6490
Chain,3946.0950,1106.6660,-95.1780,3952.0160,1108.1750,-98.3729,3948.4130,1117.4500,-102.1448
Chain,3946.0950,1106.6660,-95.1780,3948.4130,1117.4500,-102.1448,3941.3410,1119.0190,-100.1670
Chain,3948.4130,1117.4500,-102.1448,3952.0160,1108.1750,-98.3729,3953.4380,1105.6720,-104.6378
Chain,3948.4130,1117.4500,-102.1448,3953.4380,1105.6720,-104.6378,3948.6840,1118.0240,-109.6268
Chain,3948.6840,1118.0240,-109.6268,3953.4380,1105.6720,-104.6378,3947.4920,1104.1710,-101.4630
Chain,3948.6840,1118.0240,-109.6268,3947.4920,1104.1710,-101.4630,3941.6120,1119.5920,-107.6490
Chain,3851.8690,1152.2510,-147.6942,3859.7120,1154.1010,-174.8477,3861.6460,1149.8290,-172.8980
Chain,3851.8690,1152.2510,-147.6942,3861.6460,1149.8290,-172.8980,3855.4160,1148.3310,-151.1383
Chain,3855.4160,1148.3310,-151.1383,3861.6460,1149.8290,-172.8980,3866.1550,1150.8970,-169.5100
Chain,3855.4160,1148.3310,-151.1383,3866.1550,1150.8970,-169.5100,3861.4510,1149.7910,-153.2171
Chain,3861.4510,1149.7910,-153.2171,3866.1550,1150.8970,-169.5100,3864.2200,1155.1650,-171.4610
Chain,3861.4510,1149.7910,-153.2171,3864.2200,1155.1650,-171.4610,3857.9040,1153.7110,-149.7730
Chain,3857.9040,1153.7110,-149.7730,3864.2200,1155.1650,-171.4610,3859.7120,1154.1010,-174.8477
Chain,3857.9040,1153.7110,-149.7730,3859.7120,1154.1010,-174.8477,3851.8690,1152.2510,-147.6942
Chain,3875.1830,1141.2160,-128.4376,3851.8690,1152.2510,-147.6942,3855.4160,1148.3310,-151.1383
Chain,3875.1830,1141.2160,-128.4376,3855.4160,1148.3310,-151.1383,3875.6280,1138.7790,-134.4455
Chain,3855.4160,1148.3310,-151.1383,3861.4510,1149.7910,-153.2171,3878.2780,1141.8590,-139.3219
Chain,3855.4160,1148.3310,-151.1383,3878.2780,1141.8590,-139.3219,3875.6280,1138.7790,-134.4455
Chain,3861.4510,1149.7910,-153.2171,3857.9040,1153.7110,-149.7730,3877.8320,1144.2920,-133.3147
Chain,3861.4510,1149.7910,-153.2171,3877.8320,1144.2920,-133.3147,3878.2780,1141.8590,-139.3219
Chain,3877.8320,1144.2920,-133.3147,3857.9040,1153.7110,-149.7730,3851.8690,1152.2510,-147.6942
Chain,3877.8320,1144.2920,-133.3147,3851.8690,1152.2510,-147.6942,3875.1830,1141.2160,-128.4376
Chain,3875.1830,1141.2160,-128.4376,3875.6280,1138.7790,-134.4455,3894.9810,1134.1670,-145.3764
Chain,3875.1830,1141.2160,-128.4376,3894.9810,1134.1670,-145.3764,3899.3340,1135.5350,-142.1411
Chain,3875.6280,1138.7790,-134.4455,3878.2780,1141.8590,-139.3219,3892.7310,1138.3560,-147.5631
Chain,3875.6280,1138.7790,-134.4455,3892.7310,1138.3560,-147.5631,3894.9810,1134.1670,-145.3764
Chain,3878.2780,1141.8590,-139.3219,3877.8320,1144.2920,-133.3147,3897.0840,1139.7240,-144.3278
Chain,3878.2780,1141.8590,-139.3219,3897.0840,1139.7240,-144.3278,3892.7310,1138.3560,-147.5631
Chain,3877.8320,1144.2920,-133.3147,3875.1830,1141.2160,-128.4376,3899.3340,1135.5350,-142.1411
Chain,3877.8320,1144.2920,-133.3147,3899.3340,1135.5350,-142.1411,3897.0840,1139.7240,-144.3278
Chain,3906.9780,1136.9080,-169.3996,3899.3340,1135.5350,-142.1411,3894.9810,1134.1670,-145.3764
Chain,3906.9780,1136.9080,-169.3996,3894.9810,1134.1670,-145.3764,3901.0630,1135.3330,-167.2152
Chain,3901.0630,1135.3330,-167.2152,3894.9810,1134.1670,-145.3764,3892.7310,1138.3560,-147.5631
Chain,3901.0630,1135.3330,-167.2152,3892.7310,1138.3560,-147.5631,3897.3540,1139.2750,-163.8992
Chain,3897.3540,1139.2750,-163.8992,3892.7310,1138.3560,-147.5631,3897.0840,1139.7240,-144.3278
Chain,3897.3540,1139.2750,-163.8992,3897.0840,1139.7240,-144.3278,3903.2670,1140.8460,-166.0843
Chain,3903.2670,1140.8460,-166.0843,3897.0840,1139.7240,-144.3278,3899.3340,1135.5350,-142.1411
Chain,3903.2670,1140.8460,-166.0843,3899.3340,1135.5350,-142.1411,3906.9780,1136.9080,-169.3996
Chain,3906.9780,1136.9080,-169.3996,3901.0630,1135.3330,-167.2152,3880.8520,1144.8850,-183.9079
Chain,3906.9780,1136.9080,-169.3996,3880.8520,1144.8850,-183.9079,3883.6640,1147.9440,-188.6563
Chain,3880.8520,1144.8850,-183.9079,3901.0630,1135.3330,-167.2152,3897.3540,1139.2750,-163.8992
Chain,3880.8520,1144.8850,-183.9079,3897.3540,1139.2750,-163.8992,3880.5270,1147.2060,-177.7943
Chain,3880.5270,1147.2060,-177.7943,3897.3540,1139.2750,-163.8992,3903.2670,1140.8460,-166.0843
Chain,3880.5270,1147.2060,-177.7943,3903.2670,1140.8460,-166.0843,3883.3390,1150.2650,-182.5426
Chain,3903.2670,1140.8460,-166.0843,3906.9780,1136.9080,-169.3996,3883.6640,1147.9440,-188.6563
Chain,3903.2670,1140.8460,-166.0843,3883.6640,1147.9440,-188.6563,3883.3390,1150.2650,-182.5426
Chain,3883.6640,1147.9440,-188.6563,3880.8520,1144.8850,-183.9079,3861.6460,1149.8290,-172.8980
Chain,3883.6640,1147.9440,-188.6563,3861.6460,1149.8290,-172.8980,3859.7120,1154.1010,-174.8477
Chain,3880.8520,1144.8850,-183.9079,3880.5270,1147.2060,-177.7943,3866.1550,1150.8970,-169.5100
Chain,3880.8520,1144.8850,-183.9079,3866.1550,1150.8970,-169.5100,3861.6460,1149.8290,-172.8980
Chain,3880.5270,1147.2060,-177.7943,3883.3390,1150.2650,-182.5426,3864.2200,1155.1650,-171.4610
Chain,3880.5270,1147.2060,-177.7943,3864.2200,1155.1650,-171.4610,3866.1550,1150.8970,-169.5100
Chain,3883.3390,1150.2650,-182.5426,3883.6640,1147.9440,-188.6563,3859.7120,1154.1010,-174.8477
Chain,3883.3390,1150.2650,-182.5426,3859.7120,1154.1010,-174.8477,3864.2200,1155.1650,-171.4610
Chain,3886.8110,1141.0320,-152.4397,3886.4020,1140.0210,-145.0186,3896.6220,1146.8040,-137.7997
Chain,3886.8110,1141.0320,-152.4397,3896.6220,1146.8040,-137.7997,3899.6040,1149.3960,-143.3892
Chain,3886.4020,1140.0210,-145.0186,3893.3640,1138.0860,-147.0429,3901.0040,1143.2070,-141.6518
Chain,3886.4020,1140.0210,-145.0186,3901.0040,1143.2070,-141.6518,3896.6220,1146.8040,-137.7997
Chain,3901.0040,1143.2070,-141.6518,3893.3640,1138.0860,-147.0429,3893.7450,1139.0260,-154.4784
Chain,3901.0040,1143.2070,-141.6518,3893.7450,1139.0260,-154.4784,3903.9640,1145.8090,-147.2594
Chain,3903.9640,1145.8090,-147.2594,3893.7450,1139.0260,-154.4784,3886.8110,1141.0320,-152.4397
Chain,3903.9640,1145.8090,-147.2594,3886.8110,1141.0320,-152.4397,3899.6040,1149.3960,-143.3892
Chain,3922.6020,1139.9980,-124.5504,3899.6040,1149.3960,-143.3892,3896.6220,1146.8040,-137.7997
Chain,3922.6020,1139.9980,-124.5504,3896.6220,1146.8040,-137.7997,3916.5550,1138.6590,-121.4708
Chain,3916.5550,1138.6590,-121.4708,3896.6220,1146.8040,-137.7997,3901.0040,1143.2070,-141.6518
Chain,3916.5550,1138.6590,-121.4708,3901.0040,1143.2070,-141.6518,3917.8280,1136.3350,-127.8703
Chain,3901.0040,1143.2070,-141.6518,3903.9640,1145.8090,-147.2594,3923.8980,1137.6650,-130.9305
Chain,3901.0040,1143.2070,-141.6518,3923.8980,1137.6650,-130.9305,3917.8280,1136.3350,-127.8703
Chain,3903.9640,1145.8090,-147.2594,3899.6040,1149.3960,-143.3892,3922.6020,1139.9980,-124.5504
Chain,3903.9640,1145.8090,-147.2594,3922.6020,1139.9980,-124.5504,3923.8980,1137.6650,-130.9305
Chain,3927.2280,1124.5470,-119.3349,3922.6020,1139.9980,-124.5504,3916.5550,1138.6590,-121.4708
Chain,3927.2280,1124.5470,-119.3349,3916.5550,1138.6590,-121.4708,3920.1840,1126.2350,-117.3473
Chain,3920.1840,1126.2350,-117.3473,3916.5550,1138.6590,-121.4708,3917.8280,1136.3350,-127.8703
Chain,3920.1840,1126.2350,-117.3473,3917.8280,1136.3350,-127.8703,3920.5040,1126.9950,-124.8111
Chain,3917.8280,1136.3350,-127.8703,3923.8980,1137.6650,-130.9305,3927.5270,1125.2400,-126.8071
Chain,3917.8280,1136.3350,-127.8703,3927.5270,1125.2400,-126.8071,3920.5040,1126.9950,-124.8111
Chain,3923.8980,1137.6650,-130.9305,3922.6020,1139.9980,-124.5504,3927.2280,1124.5470,-119.3349
Chain,3923.8980,1137.6650,-130.9305,3927.2280,1124.5470,-119.3349,3927.5270,1125.2400,-126.8071
Chain,3915.0680,1115.2970,-127.8002,3927.2280,1124.5470,-119.3349,3920.1840,1126.2350,-117.3473
Chain,3915.0680,1115.2970,-127.8002,3920.1840,1126.2350,-117.3473,3910.4340,1118.9350,-124.1483
Chain,3910.4340,1118.9350,-124.1483,3920.1840,1126.2350,-117.3473,3920.5040,1126.9950,-124.8111
Chain,3910.4340,1118.9350,-124.1483,3920.5040,1126.9950,-124.8111,3913.1650,1121.5690,-129.9367
Chain,3920.5040,1126.9950,-124.8111,3927.5270,1125.2400,-126.8071,3917.7760,1117.9400,-133.6080
Chain,3920.5040,1126.9950,-124.8111,3917.7760,1117.9400,-133.6080,3913.1650,1121.5690,-129.9367
Chain,3927.5270,1125.2400,-126.8071,3927.2280,1124.5470,-119.3349,3915.0680,1115.2970,-127.8002
Chain,3927.5270,1125.2400,-126.8071,3915.0680,1115.2970,-127.8002,3917.7760,1117.9400,-133.6080
Chain,3890.4260,1125.3650,-147.9857,3915.0680,1115.2970,-127.8002,3910.4340,1118.9350,-124.1483
Chain,3890.4260,1125.3650,-147.9857,3910.4340,1118.9350,-124.1483,3889.3680,1127.5410,-141.4045
Chain,3889.3680,1127.5410,-141.4045,3910.4340,1118.9350,-124.1483,3913.1650,1121.5690,-129.9367
Chain,3889.3680,1127.5410,-141.4045,3913.1650,1121.5690,-129.9367,3895.6290,1128.7320,-144.3011
Chain,3913.1650,1121.5690,-129.9367,3917.7760,1117.9400,-133.6080,3896.7100,1126.5460,-150.8643
Chain,3913.1650,1121.5690,-129.9367,3896.7100,1126.5460,-150.8643,3895.6290,1128.7320,-144.3011
Chain,3917.7760,1117.9400,-133.6080,3915.0680,1115.2970,-127.8002,3890.4260,1125.3650,-147.9857
Chain,3917.7760,1117.9400,-133.6080,3890.4260,1125.3650,-147.9857,3896.7100,1126.5460,-150.8643
Chain,3890.4260,1125.3650,-147.9857,3889.3680,1127.5410,-141.4045,3886.4020,1140.0210,-145.0186
Chain,3890.4260,1125.3650,-147.9857,3886.4020,1140.0210,-145.0186,3886.8110,1141.0320,-152.4397
Chain,3889.3680,1127.5410,-141.4045,3895.6290,1128.7320,-144.3011,3893.3640,1138.0860,-147.0429
Chain,3889.3680,1127.5410,-141.4045,3893.3640,1138.0860,-147.0429,3886.4020,1140.0210,-145.0186
Chain,3893.3640,1138.0860,-147.0429,3895.6290,1128.7320,-144.3011,3896.7100,1126.5460,-150.8643
Chain,3893.3640,1138.0860,-147.0429,3896.7100,1126.5460,-150.8643,3893.7450,1139.0260,-154.4784
Chain,3893.7450,1139.0260,-154.4784,3896.7100,1126.5460,-150.8643,3890.4260,1125.3650,-147.9857
Chain,3893.7450,1139.0260,-154.4784,3890.4260,1125.3650,-147.9857,3886.8110,1141.0320,-152.4397
Chain,3800.0270,1180.6750,-190.9224,3808.2440,1183.2030,-217.8571,3809.7240,1178.8120,-216.2469
Chain,3800.0270,1180.6750,-190.9224,3809.7240,1178.8120,-216.2469,3803.2060,1176.8090,-194.6585
Chain,3803.2060,1176.8090,-194.6585,3809.7240,1178.8120,-216.2469,3814.3740,1179.4340,-212.7031
Chain,3803.2060,1176.8090,-194.6585,3814.3740,1179.4340,-212.7031,3809.4880,1177.9870,-196.5154
Chain,3809.4880,1177.9870,-196.5154,3814.3740,1179.4340,-212.7031,3812.8910,1183.8190,-214.3156
Chain,3809.4880,1177.9870,-196.5154,3812.8910,1183.8190,-214.3156,3806.3100,1181.8530,-192.7794
Chain,3806.3100,1181.8530,-192.7794,3812.8910,1183.8190,-214.3156,3808.2440,1183.2030,-217.8571
Chain,3806.3100,1181.8530,-192.7794,3808.2440,1183.2030,-217.8571,3800.0270,1180.6750,-190.9224
Chain,3822.3920,1167.7720,-172.2059,3800.0270,1180.6750,-190.9224,3803.2060,1176.8090,-194.6585
Chain,3822.3920,1167.7720,-172.2059,3803.2060,1176.8090,-194.6585,3822.5540,1165.6380,-178.4659
Chain,3803.2060,1176.8090,-194.6585,3809.4880,1177.9870,-196.5154,3825.6100,1168.6680,-183.0214
Chain,3803.2060,1176.8090,-194.6585,3825.6100,1168.6680,-183.0214,3822.5540,1165.6380,-178.4659
Chain,3809.4880,1177.9870,-196.5154,3806.3100,1181.8530,-192.7794,3825.4490,1170.8030,-176.7616
Chain,3809.4880,1177.9870,-196.5154,3825.4490,1170.8030,-176.7616,3825.6100,1168.6680,-183.0214
Chain,3825.4490,1170.8030,-176.7616,3806.3100,1181.8530,-192.7794,3800.0270,1180.6750,-190.9224
Chain,3825.4490,1170.8030,-176.7616,3800.0270,1180.6750,-190.9224,3822.3920,1167.7720,-172.2059
Chain,3846.1640,1161.2640,-186.1171,3822.3920,1167.7720,-172.2059,3822.5540,1165.6380,-178.4659
Chain,3846.1640,1161.2640,-186.1171,3822.5540,1165.6380,-178.4659,3841.5900,1160.3800,-189.5744
Chain,3822.5540,1165.6380,-178.4659,3825.6100,1168.6680,-183.0214,3839.8610,1164.7400,-191.3754
Chain,3822.5540,1165.6380,-178.4659,3839.8610,1164.7400,-191.3754,3841.5900,1160.3800,-189.5744
Chain,3825.6100,1168.6680,-183.0214,3825.4490,1170.8030,-176.7616,3844.4130,1165.5850,-187.9303
Chain,3825.6100,1168.6680,-183.0214,3844.4130,1165.5850,-187.9303,3839.8610,1164.7400,-191.3754
Chain,3844.4130,1165.5850,-187.9303,3825.4490,1170.8030,-176.7616,3822.3920,1167.7720,-172.2059
Chain,3844.4130,1165.5850,-187.9303,3822.3920,1167.7720,-172.2059,3846.1640,1161.2640,-186.1171
Chain,3846.1640,1161.2640,-186.1171,3841.5900,1160.3800,-189.5744,3847.9890,1162.1920,-211.2355
Chain,3846.1640,1161.2640,-186.1171,3847.9890,1162.1920,-211.2355,3854.1870,1163.4650,-213.1680
Chain,3847.9890,1162.1920,-211.2355,3841.5900,1160.3800,-189.5744,3839.8610,1164.7400,-191.3754
Chain,3847.9890,1162.1920,-211.2355,3839.8610,1164.7400,-191.3754,3844.6870,1166.0840,-207.5986
Chain,3844.6870,1166.0840,-207.5986,3839.8610,1164.7400,-191.3754,3844.4130,1165.5850,-187.9303
Chain,3844.6870,1166.0840,-207.5986,3844.4130,1165.5850,-187.9303,3850.8850,1167.3570,-209.5312
Chain,3844.4130,1165.5850,-187.9303,3846.1640,1161.2640,-186.1171,3854.1870,1163.4650,-213.1680
Chain,3844.4130,1165.5850,-187.9303,3854.1870,1163.4650,-213.1680,3850.8850,1167.3570,-209.5312
Chain,3854.1870,1163.4650,-213.1680,3847.9890,1162.1920,-211.2355,3828.6410,1173.3630,-227.4281
Chain,3854.1870,1163.4650,-213.1680,3828.6410,1173.3630,-227.4281,3831.8220,1176.3670,-231.8844
Chain,3828.6410,1173.3630,-227.4281,3847.9890,1162.1920,-211.2355,3844.6870,1166.0840,-207.5986
Chain,3828.6410,1173.3630,-227.4281,3844.6870,1166.0840,-207.5986,3828.5640,1175.4030,-221.0927
Chain,3828.5640,1175.4030,-221.0927,3844.6870,1166.0840,-207.5986,3850.8850,1167.3570,-209.5312
Chain,3828.5640,1175.4030,-221.0927,3850.8850,1167.3570,-209.5312,3831.7450,1178.4070,-225.5490
Chain,3850.8850,1167.3570,-209.5312,3854.1870,1163.4650,-213.1680,3831.8220,1176.3670,-231.8844
Chain,3850.8850,1167.3570,-209.5312,3831.8220,1176.3670,-231.8844,3831.7450,1178.4070,-225.5490
Chain,3831.8220,1176.3670,-231.8844,3828.6410,1173.3630,-227.4281,3809.7240,1178.8120,-216.2469
Chain,3831.8220,1176.3670,-231.8844,3809.7240,1178.8120,-216.2469,3808.2440,1183.2030,-217.8571
Chain,3828.6410,1173.3630,-227.4281,3828.5640,1175.4030,-221.0927,3814.3740,1179.4340,-212.7031
Chain,3828.6410,1173.3630,-227.4281,3814.3740,1179.4340,-212.7031,3809.7240,1178.8120,-216.2469
Chain,3828.5640,1175.4030,-221.0927,3831.7450,1178.4070,-225.5490,3812.8910,1183.8190,-214.3156
Chain,3828.5640,1175.4030,-221.0927,3812.8910,1183.8190,-214.3156,3814.3740,1179.4340,-212.7031
Chain,3831.7450,1178.4070,-225.5490,3831.8220,1176.3670,-231.8844,3808.2440,1183.2030,-217.8571
Chain,3831.7450,1178.4070,-225.5490,3808.2440,1183.2030,-217.8571,3812.8910,1183.8190,-214.3156
Chain,3834.1800,1167.9180,-196.1182,3833.6510,1166.6570,-188.7653,3844.8110,1172.1640,-180.6815
Chain,3834.1800,1167.9180,-196.1182,3844.8110,1172.1640,-180.6815,3848.1700,1174.7790,-185.9809
Chain,3833.6510,1166.6570,-188.7653,3840.4630,1164.4030,-190.8721,3848.8180,1168.5610,-184.8246
Chain,3833.6510,1166.6570,-188.7653,3848.8180,1168.5610,-184.8246,3844.8110,1172.1640,-180.6815
Chain,3848.8180,1168.5610,-184.8246,3840.4630,1164.4030,-190.8721,3840.9930,1165.6630,-198.2251
Chain,3848.8180,1168.5610,-184.8246,3840.9930,1165.6630,-198.2251,3852.1540,1171.1690,-190.1413
Chain,3852.1540,1171.1690,-190.1413,3840.9930,1165.6630,-198.2251,3834.1800,1167.9180,-196.1182
Chain,3852.1540,1171.1690,-190.1413,3834.1800,1167.9180,-196.1182,3848.1700,1174.7790,-185.9809
Chain,3870.4090,1163.1060,-167.4923,3848.1700,1174.7790,-185.9809,3844.8110,1172.1640,-180.6815
Chain,3870.4090,1163.1060,-167.4923,3844.8110,1172.1640,-180.6815,3864.0600,1162.0680,-164.6790
Chain,3864.0600,1162.0680,-164.6790,3844.8110,1172.1640,-180.6815,3848.8180,1168.5610,-184.8246
Chain,3864.0600,1162.0680,-164.6790,3848.8180,1168.5610,-184.8246,3865.0350,1160.0440,-171.3410
Chain,3848.8180,1168.5610,-184.8246,3852.1540,1171.1690,-190.1413,3871.4030,1161.0730,-174.1388
Chain,3848.8180,1168.5610,-184.8246,3871.4030,1161.0730,-174.1388,3865.0350,1160.0440,-171.3410
Chain,3852.1540,1171.1690,-190.1413,3848.1700,1174.7790,-185.9809,3870.4090,1163.1060,-167.4923
Chain,3852.1540,1171.1690,-190.1413,3870.4090,1163.1060,-167.4923,3871.4030,1161.0730,-174.1388
Chain,3872.9480,1147.5260,-163.8825,3870.4090,1163.1060,-167.4923,3864.0600,1162.0680,-164.6790
Chain,3872.9480,1147.5260,-163.8825,3864.0600,1162.0680,-164.6790,3866.0540,1149.6230,-161.8222
Chain,3866.0540,1149.6230,-161.8222,3864.0600,1162.0680,-164.6790,3865.0350,1160.0440,-171.3410
Chain,3866.0540,1149.6230,-161.8222,3865.0350,1160.0440,-171.3410,3866.5030,1150.7250,-169.2215
Chain,3865.0350,1160.0440,-171.3410,3871.4030,1161.0730,-174.1388,3873.3970,1148.6280,-171.2819
Chain,3865.0350,1160.0440,-171.3410,3873.3970,1148.6280,-171.2819,3866.5030,1150.7250,-169.2215
Chain,3871.4030,1161.0730,-174.1388,3870.4090,1163.1060,-167.4923,3872.9480,1147.5260,-163.8825
Chain,3871.4030,1161.0730,-174.1388,3872.9480,1147.5260,-163.8825,3873.3970,1148.6280,-171.2819
Chain,3859.3750,1139.9430,-173.6203,3872.9480,1147.5260,-163.8825,3866.0540,1149.6230,-161.8222
Chain,3859.3750,1139.9430,-173.6203,3866.0540,1149.6230,-161.8222,3855.1590,1143.5750,-169.6433
Chain,3855.1590,1143.5750,-169.6433,3866.0540,1149.6230,-161.8222,3866.5030,1150.7250,-169.2215
Chain,3855.1590,1143.5750,-169.6433,3866.5030,1150.7250,-169.2215,3858.3030,1146.2030,-175.1107
Chain,3866.5030,1150.7250,-169.2215,3873.3970,1148.6280,-171.2819,3862.5010,1142.5810,-179.1031
Chain,3866.5030,1150.7250,-169.2215,3862.5010,1142.5810,-179.1031,3858.3030,1146.2030,-175.1107
Chain,3873.3970,1148.6280,-171.2819,3872.9480,1147.5260,-163.8825,3859.3750,1139.9430,-173.6203
Chain,3873.3970,1148.6280,-171.2819,3859.3750,1139.9430,-173.6203,3862.5010,1142.5810,-179.1031
Chain,3835.8970,1152.2680,-193.1403,3859.3750,1139.9430,-173.6203,3855.1590,1143.5750,-169.6433
Chain,3835.8970,1152.2680,-193.1403,3855.1590,1143.5750,-169.6433,3835.0550,1154.1210,-186.3569
Chain,3835.0550,1154.1210,-186.3569,3855.1590,1143.5750,-169.6433,3858.3030,1146.2030,-175.1107
Chain,3835.0550,1154.1210,-186.3569,3858.3030,1146.2030,-175.1107,3841.5490,1155.0030,-189.0405
Chain,3858.3030,1146.2030,-175.1107,3862.5010,1142.5810,-179.1031,3842.3980,1153.1260,-195.8166
Chain,3858.3030,1146.2030,-175.1107,3842.3980,1153.1260,-195.8166,3841.5490,1155.0030,-189.0405
Chain,3862.5010,1142.5810,-179.1031,3859.3750,1139.9430,-173.6203,3835.8970,1152.2680,-193.1403
Chain,3862.5010,1142.5810,-179.1031,3835.8970,1152.2680,-193.1403,3842.3980,1153.1260,-195.8166
Chain,3835.8970,1152.2680,-193.1403,3835.0550,1154.1210,-186.3569,3833.6510,1166.6570,-188.7653
Chain,3835.8970,1152.2680,-193.1403,3833.6510,1166.6570,-188.7653,3834.1800,1167.9180,-196.1182
Chain,3835.0550,1154.1210,-186.3569,3841.5490,1155.0030,-189.0405,3840.4630,1164.4030,-190.8721
Chain,3835.0550,1154.1210,-186.3569,3840.4630,1164.4030,-190.8721,3833.6510,1166.6570,-188.7653
Chain,3840.4630,1164.4030,-190.8721,3841.5490,1155.0030,-189.0405,3842.3980,1153.1260,-195.8166
Chain,3840.4630,1164.4030,-190.8721,3842.3980,1153.1260,-195.8166,3840.9930,1165.6630,-198.2251
Chain,3840.9930,1165.6630,-198.2251,3842.3980,1153.1260,-195.8166,3835.8970,1152.2680,-193.1403
Chain,3840.9930,1165.6630,-198.2251,3835.8970,1152.2680,-193.1403,3834.1800,1167.9180,-196.1182
Chain,3758.8200,1215.5400,-259.6207,3759.8470,1211.2350,-258.3706,3753.1790,1208.7880,-236.8514
Chain,3758.8200,1215.5400,-259.6207,3753.1790,1208.7880,-236.8514,3750.3180,1212.6010,-232.8637
Chain,3753.1790,1208.7880,-236.8514,3759.8470,1211.2350,-258.3706,3764.7360,1211.4660,-254.5999
Chain,3753.1790,1208.7880,-236.8514,3764.7360,1211.4660,-254.5999,3759.6360,1209.7040,-238.5452
Chain,3759.6360,1209.7040,-238.5452,3764.7360,1211.4660,-254.5999,3763.7090,1215.7720,-255.8499
Chain,3759.6360,1209.7040,-238.5452,3763.7090,1215.7720,-255.8499,3756.7740,1213.5160,-234.5579
Chain,3763.7090,1215.7720,-255.8499,3758.8200,1215.5400,-259.6207,3750.3180,1212.6010,-232.8637
Chain,3763.7090,1215.7720,-255.8499,3750.3180,1212.6010,-232.8637,3756.7740,1213.5160,-234.5579
Chain,3750.3180,1212.6010,-232.8637,3753.1790,1208.7880,-236.8514,3771.7550,1196.4310,-221.1334
Chain,3750.3180,1212.6010,-232.8637,3771.7550,1196.4310,-221.1334,3771.7870,1198.3220,-214.6985
Chain,3771.7550,1196.4310,-221.1334,3753.1790,1208.7880,-236.8514,3759.6360,1209.7040,-238.5452
Chain,3771.7550,1196.4310,-221.1334,3759.6360,1209.7040,-238.5452,3775.1190,1199.4030,-225.4440
Chain,3775.1190,1199.4030,-225.4440,3759.6360,1209.7040,-238.5452,3756.7740,1213.5160,-234.5579
Chain,3775.1190,1199.4030,-225.4440,3756.7740,1213.5160,-234.5579,3775.1510,1201.2940,-219.0092
Chain,3756.7740,1213.5160,-234.5579,3750.3180,1212.6010,-232.8637,3771.7870,1198.3220,-214.6985
Chain,3756.7740,1213.5160,-234.5579,3771.7870,1198.3220,-214.6985,3775.1510,1201.2940,-219.0092
Chain,3771.7870,1198.3220,-214.6985,3771.7550,1196.4310,-221.1334,3790.5510,1190.8050,-232.3900
Chain,3771.7870,1198.3220,-214.6985,3790.5510,1190.8050,-232.3900,3795.2490,1191.3100,-228.7970
Chain,3790.5510,1190.8050,-232.3900,3771.7550,1196.4310,-221.1334,3775.1190,1199.4030,-225.4440
Chain,3790.5510,1190.8050,-232.3900,3775.1190,1199.4030,-225.4440,3789.1970,1195.1960,-233.9030
Chain,3789.1970,1195.1960,-233.9030,3775.1190,1199.4030,-225.4440,3775.1510,1201.2940,-219.0092
Chain,3789.1970,1195.1960,-233.9030,3775.1510,1201.2940,-219.0092,3793.8940,1195.7010,-230.3101
Chain,3775.1510,1201.2940,-219.0092,3771.7870,1198.3220,-214.6985,3795.2490,1191.3100,-228.7970
Chain,3775.1510,1201.2940,-219.0092,3795.2490,1191.3100,-228.7970,3793.8940,1195.7010,-230.3101
Chain,3803.5810,1194.0140,-255.6606,3795.2490,1191.3100,-228.7970,3790.5510,1190.8050,-232.3900
Chain,3803.5810,1194.0140,-255.6606,3790.5510,1190.8050,-232.3900,3797.1910,1192.9850,-253.9031
Chain,3790.5510,1190.8050,-232.3900,3789.1970,1195.1960,-233.9030,3794.1960,1196.8190,-250.0212
Chain,3790.5510,1190.8050,-232.3900,3794.1960,1196.8190,-250.0212,3797.1910,1192.9850,-253.9031
Chain,3789.1970,1195.1960,-233.9030,3793.8940,1195.7010,-230.3101,3800.5860,1197.8480,-251.7788
Chain,3789.1970,1195.1960,-233.9030,3800.5860,1197.8480,-251.7788,3794.1960,1196.8190,-250.0212
Chain,3800.5860,1197.8480,-251.7788,3793.8940,1195.7010,-230.3101,3795.2490,1191.3100,-228.7970
Chain,3800.5860,1197.8480,-251.7788,3795.2490,1191.3100,-228.7970,3803.5810,1194.0140,-255.6606
Chain,3782.1130,1208.2940,-273.8257,3803.5810,1194.0140,-255.6606,3797.1910,1192.9850,-253.9031
Chain,3782.1130,1208.2940,-273.8257,3797.1910,1192.9850,-253.9031,3778.6150,1205.3420,-269.6211
Chain,3797.1910,1192.9850,-253.9031,3794.1960,1196.8190,-250.0212,3778.7130,1207.1190,-263.1224
Chain,3797.1910,1192.9850,-253.9031,3778.7130,1207.1190,-263.1224,3778.6150,1205.3420,-269.6211
Chain,3794.1960,1196.8190,-250.0212,3800.5860,1197.8480,-251.7788,3782.2100,1210.0710,-267.3275
Chain,3794.1960,1196.8190,-250.0212,3782.2100,1210.0710,-267.3275,3778.7130,1207.1190,-263.1224
Chain,3782.2100,1210.0710,-267.3275,3800.5860,1197.8480,-251.7788,3803.5810,1194.0140,-255.6606
Chain,3782.2100,1210.0710,-267.3275,3803.5810,1194.0140,-255.6606,3782.1130,1208.2940,-273.8257
Chain,3758.8200,1215.5400,-259.6207,3782.1130,1208.2940,-273.8257,3778.6150,1205.3420,-269.6211
Chain,3758.8200,1215.5400,-259.6207,3778.6150,1205.3420,-269.6211,3759.8470,1211.2350,-258.3706
Chain,3778.6150,1205.3420,-269.6211,3778.7130,1207.1190,-263.1224,3764.7360,1211.4660,-254.5999
Chain,3778.6150,1205.3420,-269.6211,3764.7360,1211.4660,-254.5999,3759.8470,1211.2350,-258.3706
Chain,3778.7130,1207.1190,-263.1224,3782.2100,1210.0710,-267.3275,3763.7090,1215.7720,-255.8499
Chain,3778.7130,1207.1190,-263.1224,3763.7090,1215.7720,-255.8499,3764.7360,1211.4660,-254.5999
Chain,3763.7090,1215.7720,-255.8499,3782.2100,1210.0710,-267.3275,3782.1130,1208.2940,-273.8257
Chain,3763.7090,1215.7720,-255.8499,3782.1130,1208.2940,-273.8257,3758.8200,1215.5400,-259.6207
Chain,3783.7290,1198.7140,-238.5172,3783.0800,1197.2640,-231.2364,3794.9140,1201.8650,-222.5350
Chain,3783.7290,1198.7140,-238.5172,3794.9140,1201.8650,-222.5350,3798.5460,1204.4420,-227.6187
Chain,3783.0800,1197.2640,-231.2364,3789.7770,1194.8230,-233.4132,3798.6350,1198.2850,-226.9016
Chain,3783.0800,1197.2640,-231.2364,3798.6350,1198.2850,-226.9016,3794.9140,1201.8650,-222.5350
Chain,3798.6350,1198.2850,-226.9016,3789.7770,1194.8230,-233.4132,3790.4220,1196.2690,-240.6961
Chain,3798.6350,1198.2850,-226.9016,3790.4220,1196.2690,-240.6961,3802.2560,1200.8700,-231.9948
Chain,3802.2560,1200.8700,-231.9948,3790.4220,1196.2690,-240.6961,3783.7290,1198.7140,-238.5172
Chain,3802.2560,1200.8700,-231.9948,3783.7290,1198.7140,-238.5172,3798.5460,1204.4420,-227.6187
Chain,3819.9860,1191.0320,-209.5662,3798.5460,1204.4420,-227.6187,3794.9140,1201.8650,-222.5350
Chain,3819.9860,1191.0320,-209.5662,3794.9140,1201.8650,-222.5350,3813.4460,1190.2850,-206.9326
Chain,3813.4460,1190.2850,-206.9326,3794.9140,1201.8650,-222.5350,3798.6350,1198.2850,-226.9016
Chain,3813.4460,1190.2850,-206.9326,3798.6350,1198.2850,-226.9016,3814.2350,1188.5510,-213.7695
Chain,3798.6350,1198.2850,-226.9016,3802.2560,1200.8700,-231.9948,3820.7890,1189.2900,-216.3924
Chain,3798.6350,1198.2850,-226.9016,3820.7890,1189.2900,-216.3924,3814.2350,1188.5510,-213.7695
Chain,3802.2560,1200.8700,-231.9948,3798.5460,1204.4420,-227.6187,3819.9860,1191.0320,-209.5662
Chain,3802.2560,1200.8700,-231.9948,3819.9860,1191.0320,-209.5662,3820.7890,1189.2900,-216.3924
Chain,3820.9120,1175.5850,-207.2235,3819.9860,1191.0320,-209.5662,3813.4460,1190.2850,-206.9326
Chain,3820.9120,1175.5850,-207.2235,3813.4460,1190.2850,-206.9326,3814.1390,1177.9080,-205.0930
Chain,3814.1390,1177.9080,-205.0930,3813.4460,1190.2850,-206.9326,3814.2350,1188.5510,-213.7695
Chain,3814.1390,1177.9080,-205.0930,3814.2350,1188.5510,-213.7695,3814.7090,1179.2370,-212.4223
Chain,3814.2350,1188.5510,-213.7695,3820.7890,1189.2900,-216.3924,3821.4820,1176.9130,-214.5528
Chain,3814.2350,1188.5510,-213.7695,3821.4820,1176.9130,-214.5528,3814.7090,1179.2370,-212.4223
Chain,3820.7890,1189.2900,-216.3924,3819.9860,1191.0320,-209.5662,3820.9120,1175.5850,-207.2235
Chain,3820.7890,1189.2900,-216.3924,3820.9120,1175.5850,-207.2235,3821.4820,1176.9130,-214.5528
Chain,3806.3530,1169.3040,-217.8637,3820.9120,1175.5850,-207.2235,3814.1390,1177.9080,-205.0930
Chain,3806.3530,1169.3040,-217.8637,3814.1390,1177.9080,-205.0930,3802.4880,1172.9340,-213.6135
Chain,3802.4880,1172.9340,-213.6135,3814.1390,1177.9080,-205.0930,3814.7090,1179.2370,-212.4223
Chain,3802.4880,1172.9340,-213.6135,3814.7090,1179.2370,-212.4223,3805.9790,1175.5610,-218.8122
Chain,3814.7090,1179.2370,-212.4223,3821.4820,1176.9130,-214.5528,3809.8310,1171.9390,-223.0732
Chain,3814.7090,1179.2370,-212.4223,3809.8310,1171.9390,-223.0732,3805.9790,1175.5610,-218.8122
Chain,3821.4820,1176.9130,-214.5528,3820.9120,1175.5850,-207.2235,3806.3530,1169.3040,-217.8637
Chain,3821.4820,1176.9130,-214.5528,3806.3530,1169.3040,-217.8637,3809.8310,1171.9390,-223.0732
Chain,3784.0350,1183.2610,-236.6547,3806.3530,1169.3040,-217.8637,3802.4880,1172.9340,-213.6135
Chain,3784.0350,1183.2610,-236.6547,3802.4880,1172.9340,-213.6135,3783.3500,1184.8910,-229.7255
Chain,3783.3500,1184.8910,-229.7255,3802.4880,1172.9340,-213.6135,3805.9790,1175.5610,-218.8122
Chain,3783.3500,1184.8910,-229.7255,3805.9790,1175.5610,-218.8122,3789.9970,1185.5320,-232.2656
Chain,3805.9790,1175.5610,-218.8122,3809.8310,1171.9390,-223.0732,3790.6930,1183.8960,-239.1853
Chain,3805.9790,1175.5610,-218.8122,3790.6930,1183.8960,-239.1853,3789.9970,1185.5320,-232.2656
Chain,3809.8310,1171.9390,-223.0732,3806.3530,1169.3040,-217.8637,3784.0350,1183.2610,-236.6547
Chain,3809.8310,1171.9390,-223.0732,3784.0350,1183.2610,-236.6547,3790.6930,1183.8960,-239.1853
Chain,3784.0350,1183.2610,-236.6547,3783.3500,1184.8910,-229.7255,3783.0800,1197.2640,-231.2364
Chain,3784.0350,1183.2610,-236.6547,3783.0800,1197.2640,-231.2364,3783.7290,1198.7140,-238.5172
Chain,3783.3500,1184.8910,-229.7255,3789.9970,1185.5320,-232.2656,3789.7770,1194.8230,-233.4132
Chain,3783.3500,1184.8910,-229.7255,3789.7770,1194.8230,-233.4132,3783.0800,1197.2640,-231.2364
Chain,3789.7770,1194.8230,-233.4132,3789.9970,1185.5320,-232.2656,3790.6930,1183.8960,-239.1853
Chain,3789.7770,1194.8230,-233.4132,3790.6930,1183.8960,-239.1853,3790.4220,1196.2690,-240.6961
Chain,3790.4220,1196.2690,-240.6961,3790.6930,1183.8960,-239.1853,3784.0350,1183.2610,-236.6547
Chain,3790.4220,1196.2690,-240.6961,3784.0350,1183.2610,-236.6547,3783.7290,1198.7140,-238.5172
Chain,3708.2640,1252.4590,-269.6970,3718.5220,1256.9830,-295.2579,3718.1620,1252.6860,-295.0854
Chain,3708.2640,1252.4590,-269.6970,3718.1620,1252.6860,-295.0854,3709.9920,1249.0240,-274.6041
Chain,3718.1620,1252.6860,-295.0854,3723.0330,1251.6410,-291.1940,3716.8790,1248.9260,-275.8575
Chain,3718.1620,1252.6860,-295.0854,3716.8790,1248.9260,-275.8575,3709.9920,1249.0240,-274.6041
Chain,3723.0330,1251.6410,-291.1940,3723.3940,1255.9380,-291.3665,3715.1520,1252.3610,-270.9503
Chain,3723.0330,1251.6410,-291.1940,3715.1520,1252.3610,-270.9503,3716.8790,1248.9260,-275.8575
Chain,3715.1520,1252.3610,-270.9503,3723.3940,1255.9380,-291.3665,3718.5220,1256.9830,-295.2579
Chain,3715.1520,1252.3610,-270.9503,3718.5220,1256.9830,-295.2579,3708.2640,1252.4590,-269.6970
Chain,3725.2330,1233.8130,-254.5653,3708.2640,1252.4590,-269.6970,3709.9920,1249.0240,-274.6041
Chain,3725.2330,1233.8130,-254.5653,3709.9920,1249.0240,-274.6041,3724.7390,1232.8360,-261.4554
Chain,3724.7390,1232.8360,-261.4554,3709.9920,1249.0240,-274.6041,3716.8790,1248.9260,-275.8575
Chain,3724.7390,1232.8360,-261.4554,3716.8790,1248.9260,-275.8575,3729.1740,1235.5130,-264.9038
Chain,3729.1740,1235.5130,-264.9038,3716.8790,1248.9260,-275.8575,3715.1520,1252.3610,-270.9503
Chain,3729.1740,1235.5130,-264.9038,3715.1520,1252.3610,-270.9503,3729.6320,1236.4640,-258.0388
Chain,3729.6320,1236.4640,-258.0388,3715.1520,1252.3610,-270.9503,3708.2640,1252.4590,-269.6970
Chain,3729.6320,1236.4640,-258.0388,3708.2640,1252.4590,-269.6970,3725.2330,1233.8130,-254.5653
Chain,3725.2330,1233.8130,-254.5653,3724.7390,1232.8360,-261.4554,3742.5720,1226.0020,-273.3322
Chain,3725.2330,1233.8130,-254.5653,3742.5720,1226.0020,-273.3322,3747.4240,1225.4410,-269.5073
Chain,3724.7390,1232.8360,-261.4554,3729.1740,1235.5130,-264.9038,3742.3890,1230.4160,-273.9385
Chain,3724.7390,1232.8360,-261.4554,3742.3890,1230.4160,-273.9385,3742.5720,1226.0020,-273.3322
Chain,3729.1740,1235.5130,-264.9038,3729.6320,1236.4640,-258.0388,3747.2400,1229.8540,-270.1138
Chain,3729.1740,1235.5130,-264.9038,3747.2400,1229.8540,-270.1138,3742.3890,1230.4160,-273.9385
Chain,3757.0270,1229.5060,-295.5274,3747.4240,1225.4410,-269.5073,3742.5720,1226.0020,-273.3322
Chain,3757.0270,1229.5060,-295.5274,3742.5720,1226.0020,-273.3322,3750.1750,1229.3900,-294.2250
Chain,3750.1750,1229.3900,-294.2250,3742.5720,1226.0020,-273.3322,3742.3890,1230.4160,-273.9385
Chain,3750.1750,1229.3900,-294.2250,3742.3890,1230.4160,-273.9385,3748.2500,1232.9290,-289.4811
Chain,3748.2500,1232.9290,-289.4811,3742.3890,1230.4160,-273.9385,3747.2400,1229.8540,-270.1138
Chain,3748.2500,1232.9290,-289.4811,3747.2400,1229.8540,-270.1138,3755.0680,1233.0180,-290.8084
Chain,3755.0680,1233.0180,-290.8084,3747.2400,1229.8540,-270.1138,3747.4240,1225.4410,-269.5073
Chain,3755.0680,1233.0180,-290.8084,3747.4240,1225.4410,-269.5073,3757.0270,1229.5060,-295.5274
Chain,3757.0270,1229.5060,-295.5274,3750.1750,1229.3900,-294.2250,3735.4280,1245.5780,-307.3737
Chain,3757.0270,1229.5060,-295.5274,3735.4280,1245.5780,-307.3737,3740.0590,1248.1510,-310.6591
Chain,3750.1750,1229.3900,-294.2250,3748.2500,1232.9290,-289.4811,3735.9560,1246.3420,-300.4347
Chain,3750.1750,1229.3900,-294.2250,3735.9560,1246.3420,-300.4347,3735.4280,1245.5780,-307.3737
Chain,3748.2500,1232.9290,-289.4811,3755.0680,1233.0180,-290.8084,3740.5870,1248.9150,-303.7200
Chain,3748.2500,1232.9290,-289.4811,3740.5870,1248.9150,-303.7200,3735.9560,1246.3420,-300.4347
Chain,3755.0680,1233.0180,-290.8084,3757.0270,1229.5060,-295.5274,3740.0590,1248.1510,-310.6591
Chain,3755.0680,1233.0180,-290.8084,3740.0590,1248.1510,-310.6591,3740.5870,1248.9150,-303.7200
Chain,3740.0590,1248.1510,-310.6591,3735.4280,1245.5780,-307.3737,3718.1620,1252.6860,-295.0854
Chain,3740.0590,1248.1510,-310.6591,3718.1620,1252.6860,-295.0854,3718.5220,1256.9830,-295.2579
Chain,3718.1620,1252.6860,-295.0854,3735.4280,1245.5780,-307.3737,3735.9560,1246.3420,-300.4347
Chain,3718.1620,1252.6860,-295.0854,3735.9560,1246.3420,-300.4347,3723.0330,1251.6410,-291.1940
Chain,3723.0330,1251.6410,-291.1940,3735.9560,1246.3420,-300.4347,3740.5870,1248.9150,-303.7200
Chain,3723.0330,1251.6410,-291.1940,3740.5870,1248.9150,-303.7200,3723.3940,1255.9380,-291.3665
Chain,3740.5870,1248.9150,-303.7200,3740.0590,1248.1510,-310.6591,3718.5220,1256.9830,-295.2579
Chain,3740.5870,1248.9150,-303.7200,3718.5220,1256.9830,-295.2579,3723.3940,1255.9380,-291.3665
Chain,3737.9780,1235.0190,-277.8460,3736.6890,1232.9280,-270.9950,3749.7630,1234.6610,-261.0297
Chain,3737.9780,1235.0190,-277.8460,3749.7630,1234.6610,-261.0297,3754.3200,1236.9560,-265.3653
Chain,3736.6890,1232.9280,-270.9950,3742.8720,1229.9380,-273.5134,3752.6000,1231.3180,-266.1075
Chain,3736.6890,1232.9280,-270.9950,3752.6000,1231.3180,-266.1075,3749.7630,1234.6610,-261.0297
Chain,3752.6000,1231.3180,-266.1075,3742.8720,1229.9380,-273.5134,3744.0320,1231.9330,-280.4547
Chain,3752.6000,1231.3180,-266.1075,3744.0320,1231.9330,-280.4547,3757.1050,1233.6660,-270.4895
Chain,3757.1050,1233.6660,-270.4895,3744.0320,1231.9330,-280.4547,3737.9780,1235.0190,-277.8460
Chain,3757.1050,1233.6660,-270.4895,3737.9780,1235.0190,-277.8460,3754.3200,1236.9560,-265.3653
Chain,3771.7650,1222.2160,-250.2747,3754.3200,1236.9560,-265.3653,3749.7630,1234.6610,-261.0297
Chain,3771.7650,1222.2160,-250.2747,3749.7630,1234.6610,-261.0297,3765.0910,1221.6570,-247.7641
Chain,3765.0910,1221.6570,-247.7641,3749.7630,1234.6610,-261.0297,3752.6000,1231.3180,-266.1075
Chain,3765.0910,1221.6570,-247.7641,3752.6000,1231.3180,-266.1075,3765.7020,1220.1450,-254.7626
Chain,3752.6000,1231.3180,-266.1075,3757.1050,1233.6660,-270.4895,3772.4340,1220.6630,-257.2239
Chain,3752.6000,1231.3180,-266.1075,3772.4340,1220.6630,-257.2239,3765.7020,1220.1450,-254.7626
Chain,3757.1050,1233.6660,-270.4895,3754.3200,1236.9560,-265.3653,3771.7650,1222.2160,-250.2747
Chain,3757.1050,1233.6660,-270.4895,3771.7650,1222.2160,-250.2747,3772.4340,1220.6630,-257.2239
Chain,3770.9930,1207.2000,-249.2948,3771.7650,1222.2160,-250.2747,3765.0910,1221.6570,-247.7641
Chain,3770.9930,1207.2000,-249.2948,3765.0910,1221.6570,-247.7641,3764.3430,1209.7070,-247.0884
Chain,3764.3430,1209.7070,-247.0884,3765.0910,1221.6570,-247.7641,3765.7020,1220.1450,-254.7626
Chain,3764.3430,1209.7070,-247.0884,3765.7020,1220.1450,-254.7626,3765.0560,1211.2460,-254.3287
Chain,3765.7020,1220.1450,-254.7626,3772.4340,1220.6630,-257.2239,3771.6850,1208.7120,-256.5482
Chain,3765.7020,1220.1450,-254.7626,3771.6850,1208.7120,-256.5482,3765.0560,1211.2460,-254.3287
Chain,3772.4340,1220.6630,-257.2239,3771.7650,1222.2160,-250.2747,3770.9930,1207.2000,-249.2948
Chain,3772.4340,1220.6630,-257.2239,3770.9930,1207.2000,-249.2948,3771.6850,1208.7120,-256.5482
Chain,3755.3890,1202.3130,-260.8930,3770.9930,1207.2000,-249.2948,3764.3430,1209.7070,-247.0884
Chain,3755.3890,1202.3130,-260.8930,3764.3430,1209.7070,-247.0884,3751.7620,1205.9040,-256.4542
Chain,3751.7620,1205.9040,-256.4542,3764.3430,1209.7070,-247.0884,3765.0560,1211.2460,-254.3287
Chain,3751.7620,1205.9040,-256.4542,3765.0560,1211.2460,-254.3287,3755.5350,1208.4580,-261.4258
Chain,3765.0560,1211.2460,-254.3287,3771.6850,1208.7120,-256.5482,3759.1040,1204.9090,-265.9139
Chain,3765.0560,1211.2460,-254.3287,3759.1040,1204.9090,-265.9139,3755.5350,1208.4580,-261.4258
Chain,3771.6850,1208.7120,-256.5482,3770.9930,1207.2000,-249.2948,3755.3890,1202.3130,-260.8930
Chain,3771.6850,1208.7120,-256.5482,3755.3890,1202.3130,-260.8930,3759.1040,1204.9090,-265.9139
Chain,3733.9410,1220.4340,-279.4459,3755.3890,1202.3130,-260.8930,3751.7620,1205.9040,-256.4542
Chain,3733.9410,1220.4340,-279.4459,3751.7620,1205.9040,-256.4542,3733.6740,1221.2360,-272.1061
Chain,3733.6740,1221.2360,-272.1061,3751.7620,1205.9040,-256.4542,3755.5350,1208.4580,-261.4258
Chain,3733.6740,1221.2360,-272.1061,3755.5350,1208.4580,-261.4258,3740.6960,1221.0960,-274.2724
Chain,3755.5350,1208.4580,-261.4258,3759.1040,1204.9090,-265.9139,3741.0160,1220.2410,-281.5659
Chain,3755.5350,1208.4580,-261.4258,3741.0160,1220.2410,-281.5659,3740.6960,1221.0960,-274.2724
Chain,3759.1040,1204.9090,-265.9139,3755.3890,1202.3130,-260.8930,3733.9410,1220.4340,-279.4459
Chain,3759.1040,1204.9090,-265.9139,3733.9410,1220.4340,-279.4459,3741.0160,1220.2410,-281.5659
Chain,3733.9410,1220.4340,-279.4459,3733.6740,1221.2360,-272.1061,3736.6890,1232.9280,-270.9950
Chain,3733.9410,1220.4340,-279.4459,3736.6890,1232.9280,-270.9950,3737.9780,1235.0190,-277.8460
Chain,3733.6740,1221.2360,-272.1061,3740.6960,1221.0960,-274.2724,3742.8720,1229.9380,-273.5134
Chain,3733.6740,1221.2360,-272.1061,3742.8720,1229.9380,-273.5134,3736.6890,1232.9280,-270.9950
Chain,3742.8720,1229.9380,-273.5134,3740.6960,1221.0960,-274.2724,3741.0160,1220.2410,-281.5659
Chain,3742.8720,1229.9380,-273.5134,3741.0160,1220.2410,-281.5659,3744.0320,1231.9330,-280.4547
Chain,3744.0320,1231.9330,-280.4547,3741.0160,1220.2410,-281.5659,3733.9410,1220.4340,-279.4459
Chain,3744.0320,1231.9330,-280.4547,3733.9410,1220.4340,-279.4459,3737.9780,1235.0190,-277.8460
Chain,3673.1860,1297.4790,-301.6591,3684.2010,1302.4080,-326.6745,3683.2940,1298.2360,-326.9394
Chain,3673.1860,1297.4790,-301.6591,3683.2940,1298.2360,-326.9394,3674.5600,1294.2890,-306.8664
Chain,3674.5600,1294.2890,-306.8664,3683.2940,1298.2360,-326.9394,3688.0740,1296.7270,-323.0703
Chain,3674.5600,1294.2890,-306.8664,3688.0740,1296.7270,-323.0703,3681.5780,1293.8230,-307.9793
Chain,3681.5780,1293.8230,-307.9793,3688.0740,1296.7270,-323.0703,3688.9810,1300.8990,-322.8053
Chain,3681.5780,1293.8230,-307.9793,3688.9810,1300.8990,-322.8053,3680.2040,1297.0130,-302.7719
Chain,3680.2040,1297.0130,-302.7719,3688.9810,1300.8990,-322.8053,3684.2010,1302.4080,-326.6745
Chain,3680.2040,1297.0130,-302.7719,3684.2010,1302.4080,-326.6745,3673.1860,1297.4790,-301.6591
Chain,3687.9200,1277.5050,-288.1220,3673.1860,1297.4790,-301.6591,3674.5600,1294.2890,-306.8664
Chain,3687.9200,1277.5050,-288.1220,3674.5600,1294.2890,-306.8664,3687.2830,1276.9790,-295.1703
Chain,3674.5600,1294.2890,-306.8664,3681.5780,1293.8230,-307.9793,3692.1390,1279.3820,-298.2633
Chain,3674.5600,1294.2890,-306.8664,3692.1390,1279.3820,-298.2633,3687.2830,1276.9790,-295.1703
Chain,3681.5780,1293.8230,-307.9793,3680.2040,1297.0130,-302.7719,3692.7760,1279.9080,-291.2150
Chain,3681.5780,1293.8230,-307.9793,3692.7760,1279.9080,-291.2150,3692.1390,1279.3820,-298.2633
Chain,3692.7760,1279.9080,-291.2150,3680.2040,1297.0130,-302.7719,3673.1860,1297.4790,-301.6591
Chain,3692.7760,1279.9080,-291.2150,3673.1860,1297.4790,-301.6591,3687.9200,1277.5050,-288.1220
Chain,3687.9200,1277.5050,-288.1220,3687.2830,1276.9790,-295.1703,3704.3090,1269.7410,-307.6311
Chain,3687.9200,1277.5050,-288.1220,3704.3090,1269.7410,-307.6311,3709.1660,1268.5030,-303.7310
Chain,3704.3090,1269.7410,-307.6311,3687.2830,1276.9790,-295.1703,3692.1390,1279.3820,-298.2633
Chain,3704.3090,1269.7410,-307.6311,3692.1390,1279.3820,-298.2633,3704.8870,1273.9820,-307.6286
Chain,3704.8870,1273.9820,-307.6286,3692.1390,1279.3820,-298.2633,3692.7760,1279.9080,-291.2150
Chain,3704.8870,1273.9820,-307.6286,3692.7760,1279.9080,-291.2150,3709.7440,1272.7440,-303.7285
Chain,3692.7760,1279.9080,-291.2150,3687.9200,1277.5050,-288.1220,3709.1660,1268.5030,-303.7310
Chain,3692.7760,1279.9080,-291.2150,3709.1660,1268.5030,-303.7310,3709.7440,1272.7440,-303.7285
Chain,3719.7140,1273.1970,-329.0841,3709.1660,1268.5030,-303.7310,3704.3090,1269.7410,-307.6311
Chain,3719.7140,1273.1970,-329.0841,3704.3090,1269.7410,-307.6311,3712.7190,1273.5330,-327.9399
Chain,3704.3090,1269.7410,-307.6311,3704.8870,1273.9820,-307.6286,3711.2160,1276.7980,-322.8405
Chain,3704.3090,1269.7410,-307.6311,3711.2160,1276.7980,-322.8405,3712.7190,1273.5330,-327.9399
Chain,3704.8870,1273.9820,-307.6286,3709.7440,1272.7440,-303.7285,3718.2110,1276.4620,-323.9847
Chain,3704.8870,1273.9820,-307.6286,3718.2110,1276.4620,-323.9847,3711.2160,1276.7980,-322.8405
Chain,3718.2110,1276.4620,-323.9847,3709.7440,1272.7440,-303.7285,3709.1660,1268.5030,-303.7310
Chain,3718.2110,1276.4620,-323.9847,3709.1660,1268.5030,-303.7310,3719.7140,1273.1970,-329.0841
Chain,3719.7140,1273.1970,-329.0841,3712.7190,1273.5330,-327.9399,3699.9950,1290.8430,-339.6360
Chain,3719.7140,1273.1970,-329.0841,3699.9950,1290.8430,-339.6360,3704.9800,1293.1720,-342.6211
Chain,3699.9950,1290.8430,-339.6360,3712.7190,1273.5330,-327.9399,3711.2160,1276.7980,-322.8405
Chain,3699.9950,1290.8430,-339.6360,3711.2160,1276.7980,-322.8405,3700.6550,1291.2380,-332.5565
Chain,3700.6550,1291.2380,-332.5565,3711.2160,1276.7980,-322.8405,3718.2110,1276.4620,-323.9847
Chain,3700.6550,1291.2380,-332.5565,3718.2110,1276.4620,-323.9847,3705.6400,1293.5670,-335.5416
Chain,3718.2110,1276.4620,-323.9847,3719.7140,1273.1970,-329.0841,3704.9800,1293.1720,-342.6211
Chain,3718.2110,1276.4620,-323.9847,3704.9800,1293.1720,-342.6211,3705.6400,1293.5670,-335.5416
Chain,3704.9800,1293.1720,-342.6211,3699.9950,1290.8430,-339.6360,3683.2940,1298.2360,-326.9394
Chain,3704.9800,1293.1720,-342.6211,3683.2940,1298.2360,-326.9394,3684.2010,1302.4080,-326.6745
Chain,3699.9950,1290.8430,-339.6360,3700.6550,1291.2380,-332.5565,3688.0740,1296.7270,-323.0703
Chain,3699.9950,1290.8430,-339.6360,3688.0740,1296.7270,-323.0703,3683.2940,1298.2360,-326.9394
Chain,3700.6550,1291.2380,-332.5565,3705.6400,1293.5670,-335.5416,3688.9810,1300.8990,-322.8053
Chain,3700.6550,1291.2380,-332.5565,3688.9810,1300.8990,-322.8053,3688.0740,1296.7270,-323.0703
Chain,3705.6400,1293.5670,-335.5416,3704.9800,1293.1720,-342.6211,3684.2010,1302.4080,-326.6745
Chain,3705.6400,1293.5670,-335.5416,3684.2010,1302.4080,-326.6745,3688.9810,1300.8990,-322.8053
Chain,3701.0180,1278.9340,-311.1524,3699.4870,1276.6930,-304.4737,3713.1690,1276.4290,-293.8254
Chain,3701.0180,1278.9340,-311.1524,3713.1690,1276.4290,-293.8254,3718.1530,1278.5650,-297.8134
Chain,3699.4870,1276.6930,-304.4737,3705.2970,1273.4560,-307.2547,3715.5410,1273.2830,-299.2859
Chain,3699.4870,1276.6930,-304.4737,3715.5410,1273.2830,-299.2859,3713.1690,1276.4290,-293.8254
Chain,3715.5410,1273.2830,-299.2859,3705.2970,1273.4560,-307.2547,3706.8290,1275.6980,-313.9334
Chain,3715.5410,1273.2830,-299.2859,3706.8290,1275.6980,-313.9334,3720.5120,1275.4350,-303.2852
Chain,3720.5120,1275.4350,-303.2852,3706.8290,1275.6980,-313.9334,3701.0180,1278.9340,-311.1524
Chain,3720.5120,1275.4350,-303.2852,3701.0180,1278.9340,-311.1524,3718.1530,1278.5650,-297.8134
Chain,3733.4290,1259.7860,-283.9815,3718.1530,1278.5650,-297.8134,3713.1690,1276.4290,-293.8254
Chain,3733.4290,1259.7860,-283.9815,3713.1690,1276.4290,-293.8254,3726.4050,1260.1630,-281.8413
Chain,3726.4050,1260.1630,-281.8413,3713.1690,1276.4290,-293.8254,3715.5410,1273.2830,-299.2859
Chain,3726.4050,1260.1630,-281.8413,3715.5410,1273.2830,-299.2859,3726.7080,1259.5630,-289.1751
Chain,3715.5410,1273.2830,-299.2859,3720.5120,1275.4350,-303.2852,3733.7480,1259.1680,-291.3011
Chain,3715.5410,1273.2830,-299.2859,3733.7480,1259.1680,-291.3011,3726.7080,1259.5630,-289.1751
Chain,3720.5120,1275.4350,-303.2852,3718.1530,1278.5650,-297.8134,3733.4290,1259.7860,-283.9815
Chain,3720.5120,1275.4350,-303.2852,3733.4290,1259.7860,-283.9815,3733.7480,1259.1680,-291.3011
Chain,3727.8350,1246.0400,-286.8781,3733.4290,1259.7860,-283.9815,3726.4050,1260.1630,-281.8413
Chain,3727.8350,1246.0400,-286.8781,3726.4050,1260.1630,-281.8413,3721.8620,1249.1780,-284.2126
Chain,3721.8620,1249.1780,-284.2126,3726.4050,1260.1630,-281.8413,3726.7080,1259.5630,-289.1751
Chain,3721.8620,1249.1780,-284.2126,3726.7080,1259.5630,-289.1751,3723.2770,1251.3520,-290.9745
Chain,3726.7080,1259.5630,-289.1751,3733.7480,1259.1680,-291.3011,3729.2050,1248.1840,-293.6724
Chain,3726.7080,1259.5630,-289.1751,3729.2050,1248.1840,-293.6724,3723.2770,1251.3520,-290.9745
Chain,3733.7480,1259.1680,-291.3011,3733.4290,1259.7860,-283.9815,3727.8350,1246.0400,-286.8781
Chain,3733.7480,1259.1680,-291.3011,3727.8350,1246.0400,-286.8781,3729.2050,1248.1840,-293.6724
Chain,3710.8700,1245.5900,-299.9994,3727.8350,1246.0400,-286.8781,3721.8620,1249.1780,-284.2126
Chain,3710.8700,1245.5900,-299.9994,3721.8620,1249.1780,-284.2126,3708.2950,1248.8790,-294.7117
Chain,3708.2950,1248.8790,-294.7117,3721.8620,1249.1780,-284.2126,3723.2770,1251.3520,-290.9745
Chain,3708.2950,1248.8790,-294.7117,3723.2770,1251.3520,-290.9745,3713.0790,1251.1550,-298.8698
Chain,3723.2770,1251.3520,-290.9745,3729.2050,1248.1840,-293.6724,3715.6380,1247.8840,-304.1715
Chain,3723.2770,1251.3520,-290.9745,3715.6380,1247.8840,-304.1715,3713.0790,1251.1550,-298.8698
Chain,3729.2050,1248.1840,-293.6724,3727.8350,1246.0400,-286.8781,3710.8700,1245.5900,-299.9994
Chain,3729.2050,1248.1840,-293.6724,3710.8700,1245.5900,-299.9994,3715.6380,1247.8840,-304.1715
Chain,3694.5820,1265.6080,-314.7472,3710.8700,1245.5900,-299.9994,3708.2950,1248.8790,-294.7117
Chain,3694.5820,1265.6080,-314.7472,3708.2950,1248.8790,-294.7117,3694.3620,1265.9990,-307.3265
Chain,3694.3620,1265.9990,-307.3265,3708.2950,1248.8790,-294.7117,3713.0790,1251.1550,-298.8698
Chain,3694.3620,1265.9990,-307.3265,3713.0790,1251.1550,-298.8698,3701.4730,1265.4120,-309.3771
Chain,3713.0790,1251.1550,-298.8698,3715.6380,1247.8840,-304.1715,3701.7050,1265.0040,-316.7863
Chain,3713.0790,1251.1550,-298.8698,3701.7050,1265.0040,-316.7863,3701.4730,1265.4120,-309.3771
Chain,3715.6380,1247.8840,-304.1715,3710.8700,1245.5900,-299.9994,3694.5820,1265.6080,-314.7472
Chain,3715.6380,1247.8840,-304.1715,3694.5820,1265.6080,-314.7472,3701.7050,1265.0040,-316.7863
Chain,3694.5820,1265.6080,-314.7472,3694.3620,1265.9990,-307.3265,3699.4870,1276.6930,-304.4737
Chain,3694.5820,1265.6080,-314.7472,3699.4870,1276.6930,-304.4737,3701.0180,1278.9340,-311.1524
Chain,3694.3620,1265.9990,-307.3265,3701.4730,1265.4120,-309.3771,3705.2970,1273.4560,-307.2547
Chain,3694.3620,1265.9990,-307.3265,3705.2970,1273.4560,-307.2547,3699.4870,1276.6930,-304.4737
Chain,3705.2970,1273.4560,-307.2547,3701.4730,1265.4120,-309.3771,3701.7050,1265.0040,-316.7863
Chain,3705.2970,1273.4560,-307.2547,3701.7050,1265.0040,-316.7863,3706.8290,1275.6980,-313.9334
Chain,3706.8290,1275.6980,-313.9334,3701.7050,1265.0040,-316.7863,3694.5820,1265.6080,-314.7472
Chain,3706.8290,1275.6980,-313.9334,3694.5820,1265.6080,-314.7472,3701.0180,1278.9340,-311.1524
Chain,3642.3980,1344.6000,-330.5111,3653.8670,1349.7200,-355.1947,3652.6610,1345.6860,-355.7067
Chain,3642.3980,1344.6000,-330.5111,3652.6610,1345.6860,-355.7067,3643.4990,1341.5680,-335.9474
Chain,3643.4990,1341.5680,-335.9474,3652.6610,1345.6860,-355.7067,3657.4100,1343.9010,-351.8326
Chain,3643.4990,1341.5680,-335.9474,3657.4100,1343.9010,-351.8326,3650.5290,1340.8290,-337.0225
Chain,3650.5290,1340.8290,-337.0225,3657.4100,1343.9010,-351.8326,3658.6160,1347.9350,-351.3206
Chain,3650.5290,1340.8290,-337.0225,3658.6160,1347.9350,-351.3206,3649.4280,1343.8600,-331.5863
Chain,3649.4280,1343.8600,-331.5863,3658.6160,1347.9350,-351.3206,3653.8670,1349.7200,-355.1947
Chain,3649.4280,1343.8600,-331.5863,3653.8670,1349.7200,-355.1947,3642.3980,1344.6000,-330.5111
Chain,3655.4280,1323.8530,-318.2159,3642.3980,1344.6000,-330.5111,3643.4990,1341.5680,-335.9474
Chain,3655.4280,1323.8530,-318.2159,3643.4990,1341.5680,-335.9474,3654.7640,1323.6420,-325.3188
Chain,3643.4990,1341.5680,-335.9474,3650.5290,1340.8290,-337.0225,3659.9370,1325.8700,-328.1468
Chain,3643.4990,1341.5680,-335.9474,3659.9370,1325.8700,-328.1468,3654.7640,1323.6420,-325.3188
Chain,3650.5290,1340.8290,-337.0225,3649.4280,1343.8600,-331.5863,3660.6010,1326.0800,-321.0440
Chain,3650.5290,1340.8290,-337.0225,3660.6010,1326.0800,-321.0440,3659.9370,1325.8700,-328.1468
Chain,3660.6010,1326.0800,-321.0440,3649.4280,1343.8600,-331.5863,3642.3980,1344.6000,-330.5111
Chain,3660.6010,1326.0800,-321.0440,3642.3980,1344.6000,-330.5111,3655.4280,1323.8530,-318.2159
Chain,3675.9540,1314.5040,-334.3480,3655.4280,1323.8530,-318.2159,3654.7640,1323.6420,-325.3188
Chain,3675.9540,1314.5040,-334.3480,3654.7640,1323.6420,-325.3188,3671.1980,1316.1370,-338.2115
Chain,3654.7640,1323.6420,-325.3188,3659.9370,1325.8700,-328.1468,3672.2500,1320.2600,-337.8277
Chain,3654.7640,1323.6420,-325.3188,3672.2500,1320.2600,-337.8277,3671.1980,1316.1370,-338.2115
Chain,3659.9370,1325.8700,-328.1468,3660.6010,1326.0800,-321.0440,3677.0030,1318.6250,-333.9669
Chain,3659.9370,1325.8700,-328.1468,3677.0030,1318.6250,-333.9669,3672.2500,1320.2600,-337.8277
Chain,3677.0030,1318.6250,-333.9669,3660.6010,1326.0800,-321.0440,3655.4280,1323.8530,-318.2159
Chain,3677.0030,1318.6250,-333.9669,3655.4280,1323.8530,-318.2159,3675.9540,1314.5040,-334.3480
Chain,3675.9540,1314.5040,-334.3480,3671.1980,1316.1370,-338.2115,3680.1990,1320.1960,-358.0884
Chain,3675.9540,1314.5040,-334.3480,3680.1990,1320.1960,-358.0884,3687.2230,1319.5450,-359.1780
Chain,3680.1990,1320.1960,-358.0884,3671.1980,1316.1370,-338.2115,3672.2500,1320.2600,-337.8277
Chain,3680.1990,1320.1960,-358.0884,3672.2500,1320.2600,-337.8277,3679.0140,1323.2850,-352.7241
Chain,3679.0140,1323.2850,-352.7241,3672.2500,1320.2600,-337.8277,3677.0030,1318.6250,-333.9669
Chain,3679.0140,1323.2850,-352.7241,3677.0030,1318.6250,-333.9669,3686.0370,1322.6340,-353.8136
Chain,3677.0030,1318.6250,-333.9669,3675.9540,1314.5040,-334.3480,3687.2230,1319.5450,-359.1780
Chain,3677.0030,1318.6250,-333.9669,3687.2230,1319.5450,-359.1780,3686.0370,1322.6340,-353.8136
Chain,3687.2230,1319.5450,-359.1780,3680.1990,1320.1960,-358.0884,3668.9350,1338.1220,-368.7170
Chain,3687.2230,1319.5450,-359.1780,3668.9350,1338.1220,-368.7170,3674.1930,1340.2920,-371.4731
Chain,3668.9350,1338.1220,-368.7170,3680.1990,1320.1960,-358.0884,3679.0140,1323.2850,-352.7241
Chain,3668.9350,1338.1220,-368.7170,3679.0140,1323.2850,-352.7241,3669.6060,1338.2440,-361.5998
Chain,3669.6060,1338.2440,-361.5998,3679.0140,1323.2850,-352.7241,3686.0370,1322.6340,-353.8136
Chain,3669.6060,1338.2440,-361.5998,3686.0370,1322.6340,-353.8136,3674.8640,1340.4150,-364.3558
Chain,3686.0370,1322.6340,-353.8136,3687.2230,1319.5450,-359.1780,3674.1930,1340.2920,-371.4731
Chain,3686.0370,1322.6340,-353.8136,3674.1930,1340.2920,-371.4731,3674.8640,1340.4150,-364.3558
Chain,3674.1930,1340.2920,-371.4731,3668.9350,1338.1220,-368.7170,3652.6610,1345.6860,-355.7067
Chain,3674.1930,1340.2920,-371.4731,3652.6610,1345.6860,-355.7067,3653.8670,1349.7200,-355.1947
Chain,3668.9350,1338.1220,-368.7170,3669.6060,1338.2440,-361.5998,3657.4100,1343.9010,-351.8326
Chain,3668.9350,1338.1220,-368.7170,3657.4100,1343.9010,-351.8326,3652.6610,1345.6860,-355.7067
Chain,3669.6060,1338.2440,-361.5998,3674.8640,1340.4150,-364.3558,3658.6160,1347.9350,-351.3206
Chain,3669.6060,1338.2440,-361.5998,3658.6160,1347.9350,-351.3206,3657.4100,1343.9010,-351.8326
Chain,3674.8640,1340.4150,-364.3558,3674.1930,1340.2920,-371.4731,3653.8670,1349.7200,-355.1947
Chain,3674.8640,1340.4150,-364.3558,3653.8670,1349.7200,-355.1947,3658.6160,1347.9350,-351.3206
Chain,3668.9060,1325.4640,-340.9711,3667.0840,1323.0830,-334.5027,3680.8330,1321.6430,-323.6790
Chain,3668.9060,1325.4640,-340.9711,3680.8330,1321.6430,-323.6790,3686.1100,1323.6370,-327.4250
Chain,3667.0840,1323.0830,-334.5027,3672.6050,1319.7070,-337.4942,3682.9070,1318.6430,-329.3863
Chain,3667.0840,1323.0830,-334.5027,3682.9070,1318.6430,-329.3863,3680.8330,1321.6430,-323.6790
Chain,3682.9070,1318.6430,-329.3863,3672.6050,1319.7070,-337.4942,3674.4270,1322.0890,-343.9625
Chain,3682.9070,1318.6430,-329.3863,3674.4270,1322.0890,-343.9625,3688.1760,1320.6480,-333.1388
Chain,3688.1760,1320.6480,-333.1388,3674.4270,1322.0890,-343.9625,3668.9060,1325.4640,-340.9711
Chain,3688.1760,1320.6480,-333.1388,3668.9060,1325.4640,-340.9711,3686.1100,1323.6370,-327.4250
Chain,3699.6020,1303.6420,-314.8501,3686.1100,1323.6370,-327.4250,3680.8330,1321.6430,-323.6790
Chain,3699.6020,1303.6420,-314.8501,3680.8330,1321.6430,-323.6790,3692.5220,1304.3750,-312.7906
Chain,3680.8330,1321.6430,-323.6790,3682.9070,1318.6430,-329.3863,3692.7760,1304.1250,-320.1990
Chain,3680.8330,1321.6430,-323.6790,3692.7760,1304.1250,-320.1990,3692.5220,1304.3750,-312.7906
Chain,3692.7760,1304.1250,-320.1990,3682.9070,1318.6430,-329.3863,3688.1760,1320.6480,-333.1388
Chain,3692.7760,1304.1250,-320.1990,3688.1760,1320.6480,-333.1388,3699.8650,1303.3800,-322.2504
Chain,3688.1760,1320.6480,-333.1388,3686.1100,1323.6370,-327.4250,3699.6020,1303.6420,-314.8501
Chain,3688.1760,1320.6480,-333.1388,3699.6020,1303.6420,-314.8501,3699.8650,1303.3800,-322.2504
Chain,3692.3530,1290.8310,-319.1295,3699.6020,1303.6420,-314.8501,3692.5220,1304.3750,-312.7906
Chain,3692.3530,1290.8310,-319.1295,3692.5220,1304.3750,-312.7906,3686.6480,1294.1230,-316.2718
Chain,3686.6480,1294.1230,-316.2718,3692.5220,1304.3750,-312.7906,3692.7760,1304.1250,-320.1990
Chain,3686.6480,1294.1230,-316.2718,3692.7760,1304.1250,-320.1990,3688.2860,1296.4210,-322.8739
Chain,3692.7760,1304.1250,-320.1990,3699.8650,1303.3800,-322.2504,3693.9910,1293.1290,-325.7316
Chain,3692.7760,1304.1250,-320.1990,3693.9910,1293.1290,-325.7316,3688.2860,1296.4210,-322.8739
Chain,3699.8650,1303.3800,-322.2504,3699.6020,1303.6420,-314.8501,3692.3530,1290.8310,-319.1295
Chain,3699.8650,1303.3800,-322.2504,3692.3530,1290.8310,-319.1295,3693.9910,1293.1290,-325.7316
Chain,3675.0290,1292.0390,-332.7031,3692.3530,1290.8310,-319.1295,3686.6480,1294.1230,-316.2718
Chain,3675.0290,1292.0390,-332.7031,3686.6480,1294.1230,-316.2718,3672.8290,1295.1410,-327.1049
Chain,3672.8290,1295.1410,-327.1049,3686.6480,1294.1230,-316.2718,3688.2860,1296.4210,-322.8739
Chain,3672.8290,1295.1410,-327.1049,3688.2860,1296.4210,-322.8739,3677.9810,1297.2370,-330.9585
Chain,3688.2860,1296.4210,-322.8739,3693.9910,1293.1290,-325.7316,3680.1720,1294.1460,-336.5647
Chain,3688.2860,1296.4210,-322.8739,3680.1720,1294.1460,-336.5647,3677.9810,1297.2370,-330.9585
Chain,3693.9910,1293.1290,-325.7316,3692.3530,1290.8310,-319.1295,3675.0290,1292.0390,-332.7031
Chain,3693.9910,1293.1290,-325.7316,3675.0290,1292.0390,-332.7031,3680.1720,1294.1460,-336.5647
Chain,3660.9500,1312.8990,-345.8247,3675.0290,1292.0390,-332.7031,3672.8290,1295.1410,-327.1049
Chain,3660.9500,1312.8990,-345.8247,3672.8290,1295.1410,-327.1049,3660.7340,1313.0100,-338.3724
Chain,3672.8290,1295.1410,-327.1049,3677.9810,1297.2370,-330.9585,3667.8530,1312.1360,-340.3865
Chain,3672.8290,1295.1410,-327.1049,3667.8530,1312.1360,-340.3865,3660.7340,1313.0100,-338.3724
Chain,3667.8530,1312.1360,-340.3865,3677.9810,1297.2370,-330.9585,3680.1720,1294.1460,-336.5647
Chain,3667.8530,1312.1360,-340.3865,3680.1720,1294.1460,-336.5647,3668.0760,1312.0150,-347.8322
Chain,3680.1720,1294.1460,-336.5647,3675.0290,1292.0390,-332.7031,3660.9500,1312.8990,-345.8247
Chain,3680.1720,1294.1460,-336.5647,3660.9500,1312.8990,-345.8247,3668.0760,1312.0150,-347.8322
Chain,3660.9500,1312.8990,-345.8247,3660.7340,1313.0100,-338.3724,3667.0840,1323.0830,-334.5027
Chain,3660.9500,1312.8990,-345.8247,3667.0840,1323.0830,-334.5027,3668.9060,1325.4640,-340.9711
Chain,3660.7340,1313.0100,-338.3724,3667.8530,1312.1360,-340.3865,3672.6050,1319.7070,-337.4942
Chain,3660.7340,1313.0100,-338.3724,3672.6050,1319.7070,-337.4942,3667.0840,1323.0830,-334.5027
Chain,3672.6050,1319.7070,-337.4942,3667.8530,1312.1360,-340.3865,3668.0760,1312.0150,-347.8322
Chain,3672.6050,1319.7070,-337.4942,3668.0760,1312.0150,-347.8322,3674.4270,1322.0890,-343.9625
Chain,3674.4270,1322.0890,-343.9625,3668.0760,1312.0150,-347.8322,3660.9500,1312.8990,-345.8247
Chain,3674.4270,1322.0890,-343.9625,3660.9500,1312.8990,-345.8247,3668.9060,1325.4640,-340.9711
Chain,3626.4360,1398.1340,-381.5777,3624.9570,1394.1830,-382.3099,3615.5010,1389.9680,-362.7690
Chain,3626.4360,1398.1340,-381.5777,3615.5010,1389.9680,-362.7690,3614.5560,1392.8700,-357.1983
Chain,3615.5010,1389.9680,-362.7690,3624.9570,1394.1830,-382.3099,3629.6340,1392.1950,-378.4710
Chain,3615.5010,1389.9680,-362.7690,3629.6340,1392.1950,-378.4710,3622.5540,1389.0520,-363.8075
Chain,3622.5540,1389.0520,-363.8075,3629.6340,1392.1950,-378.4710,3631.0820,1396.1360,-377.7610
Chain,3622.5540,1389.0520,-363.8075,3631.0820,1396.1360,-377.7610,3621.6090,1391.9530,-358.2368
Chain,3631.0820,1396.1360,-377.7610,3626.4360,1398.1340,-381.5777,3614.5560,1392.8700,-357.1983
Chain,3631.0820,1396.1360,-377.7610,3614.5560,1392.8700,-357.1983,3621.6090,1391.9530,-358.2368
Chain,3626.3920,1371.6830,-345.7832,3614.5560,1392.8700,-357.1983,3615.5010,1389.9680,-362.7690
Chain,3626.3920,1371.6830,-345.7832,3615.5010,1389.9680,-362.7690,3625.6960,1371.6770,-352.9326
Chain,3615.5010,1389.9680,-362.7690,3622.5540,1389.0520,-363.8075,3631.0490,1373.7570,-355.6051
Chain,3615.5010,1389.9680,-362.7690,3631.0490,1373.7570,-355.6051,3625.6960,1371.6770,-352.9326
Chain,3622.5540,1389.0520,-363.8075,3621.6090,1391.9530,-358.2368,3631.7460,1373.7640,-348.4558
Chain,3622.5540,1389.0520,-363.8075,3631.7460,1373.7640,-348.4558,3631.0490,1373.7570,-355.6051
Chain,3631.7460,1373.7640,-348.4558,3621.6090,1391.9530,-358.2368,3614.5560,1392.8700,-357.1983
Chain,3631.7460,1373.7640,-348.4558,3614.5560,1392.8700,-357.1983,3626.3920,1371.6830,-345.7832
Chain,3626.3920,1371.6830,-345.7832,3625.6960,1371.6770,-352.9326,3641.8270,1364.0640,-366.0483
Chain,3626.3920,1371.6830,-345.7832,3641.8270,1364.0640,-366.0483,3646.5430,1362.1910,-362.1909
Chain,3641.8270,1364.0640,-366.0483,3625.6960,1371.6770,-352.9326,3631.0490,1373.7570,-355.6051
Chain,3641.8270,1364.0640,-366.0483,3631.0490,1373.7570,-355.6051,3643.1400,1368.0620,-365.4496
Chain,3643.1400,1368.0620,-365.4496,3631.0490,1373.7570,-355.6051,3631.7460,1373.7640,-348.4558
Chain,3643.1400,1368.0620,-365.4496,3631.7460,1373.7640,-348.4558,3647.8560,1366.1890,-361.5923
Chain,3631.7460,1373.7640,-348.4558,3626.3920,1371.6830,-345.7832,3646.5430,1362.1910,-362.1909
Chain,3631.7460,1373.7640,-348.4558,3646.5430,1362.1910,-362.1909,3647.8560,1366.1890,-361.5923
Chain,3658.1870,1367.3760,-386.7453,3646.5430,1362.1910,-362.1909,3641.8270,1364.0640,-366.0483
Chain,3658.1870,1367.3760,-386.7453,3641.8270,1364.0640,-366.0483,3651.1310,1368.2310,-385.7022
Chain,3641.8270,1364.0640,-366.0483,3643.1400,1368.0620,-365.4496,3650.1260,1371.1730,-380.1823
Chain,3641.8270,1364.0640,-366.0483,3650.1260,1371.1730,-380.1823,3651.1310,1368.2310,-385.7022
Chain,3643.1400,1368.0620,-365.4496,3647.8560,1366.1890,-361.5923,3657.1820,1370.3180,-381.2255
Chain,3643.1400,1368.0620,-365.4496,3657.1820,1370.3180,-381.2255,3650.1260,1371.1730,-380.1823
Chain,3657.1820,1370.3180,-381.2255,3647.8560,1366.1890,-361.5923,3646.5430,1362.1910,-362.1909
Chain,3657.1820,1370.3180,-381.2255,3646.5430,1362.1910,-362.1909,3658.1870,1367.3760,-386.7453
Chain,3658.1870,1367.3760,-386.7453,3651.1310,1368.2310,-385.7022,3640.9370,1386.5220,-395.5387
Chain,3658.1870,1367.3760,-386.7453,3640.9370,1386.5220,-395.5387,3646.3510,1388.5620,-398.1603
Chain,3640.9370,1386.5220,-395.5387,3651.1310,1368.2310,-385.7022,3650.1260,1371.1730,-380.1823
Chain,3640.9370,1386.5220,-395.5387,3650.1260,1371.1730,-380.1823,3641.6310,1386.4670,-388.3847
Chain,3641.6310,1386.4670,-388.3847,3650.1260,1371.1730,-380.1823,3657.1820,1370.3180,-381.2255
Chain,3641.6310,1386.4670,-388.3847,3657.1820,1370.3180,-381.2255,3647.0440,1388.5070,-391.0065
Chain,3657.1820,1370.3180,-381.2255,3658.1870,1367.3760,-386.7453,3646.3510,1388.5620,-398.1603
Chain,3657.1820,1370.3180,-381.2255,3646.3510,1388.5620,-398.1603,3647.0440,1388.5070,-391.0065
Chain,3626.4360,1398.1340,-381.5777,3646.3510,1388.5620,-398.1603,3640.9370,1386.5220,-395.5387
Chain,3626.4360,1398.1340,-381.5777,3640.9370,1386.5220,-395.5387,3624.9570,1394.1830,-382.3099
Chain,3640.9370,1386.5220,-395.5387,3641.6310,1386.4670,-388.3847,3629.6340,1392.1950,-378.4710
Chain,3640.9370,1386.5220,-395.5387,3629.6340,1392.1950,-378.4710,3624.9570,1394.1830,-382.3099
Chain,3641.6310,1386.4670,-388.3847,3647.0440,1388.5070,-391.0065,3631.0820,1396.1360,-377.7610
Chain,3641.6310,1386.4670,-388.3847,3631.0820,1396.1360,-377.7610,3629.6340,1392.1950,-378.4710
Chain,3631.0820,1396.1360,-377.7610,3647.0440,1388.5070,-391.0065,3646.3510,1388.5620,-398.1603
Chain,3631.0820,1396.1360,-377.7610,3646.3510,1388.5620,-398.1603,3626.4360,1398.1340,-381.5777
Chain,3640.0690,1373.3710,-368.3920,3638.0940,1370.9310,-362.0365,3651.9350,1368.7470,-351.0631
Chain,3640.0690,1373.3710,-368.3920,3651.9350,1368.7470,-351.0631,3657.3770,1370.6190,-354.6678
Chain,3638.0940,1370.9310,-362.0365,3643.4670,1367.4990,-365.1370,3653.8410,1365.8730,-356.9137
Chain,3638.0940,1370.9310,-362.0365,3653.8410,1365.8730,-356.9137,3651.9350,1368.7470,-351.0631
Chain,3653.8410,1365.8730,-356.9137,3643.4670,1367.4990,-365.1370,3645.4370,1369.9370,-371.4962
Chain,3653.8410,1365.8730,-356.9137,3645.4370,1369.9370,-371.4962,3659.2780,1367.7530,-360.5229
Chain,3659.2780,1367.7530,-360.5229,3645.4370,1369.9370,-371.4962,3640.0690,1373.3710,-368.3920
Chain,3659.2780,1367.7530,-360.5229,3640.0690,1373.3710,-368.3920,3657.3770,1370.6190,-354.6678
Chain,3669.5930,1349.9390,-343.0116,3657.3770,1370.6190,-354.6678,3651.9350,1368.7470,-351.0631
Chain,3669.5930,1349.9390,-343.0116,3651.9350,1368.7470,-351.0631,3662.4720,1350.8930,-341.0073
Chain,3662.4720,1350.8930,-341.0073,3651.9350,1368.7470,-351.0631,3653.8410,1365.8730,-356.9137
Chain,3662.4720,1350.8930,-341.0073,3653.8410,1365.8730,-356.9137,3662.6870,1350.8620,-348.4684
Chain,3653.8410,1365.8730,-356.9137,3659.2780,1367.7530,-360.5229,3669.8140,1349.8980,-350.4671
Chain,3653.8410,1365.8730,-356.9137,3669.8140,1349.8980,-350.4671,3662.6870,1350.8620,-348.4684
Chain,3659.2780,1367.7530,-360.5229,3657.3770,1370.6190,-354.6678,3669.5930,1349.9390,-343.0116
Chain,3659.2780,1367.7530,-360.5229,3669.5930,1349.9390,-343.0116,3669.8140,1349.8980,-350.4671
Chain,3661.1440,1337.7670,-348.2890,3669.5930,1349.9390,-343.0116,3662.4720,1350.8930,-341.0073
Chain,3661.1440,1337.7670,-348.2890,3662.4720,1350.8930,-341.0073,3655.7020,1341.1740,-345.2401
Chain,3655.7020,1341.1740,-345.2401,3662.4720,1350.8930,-341.0073,3662.6870,1350.8620,-348.4684
Chain,3655.7020,1341.1740,-345.2401,3662.6870,1350.8620,-348.4684,3657.6020,1343.5870,-351.6511
Chain,3662.6870,1350.8620,-348.4684,3669.8140,1349.8980,-350.4671,3663.0440,1340.1800,-354.6999
Chain,3662.6870,1350.8620,-348.4684,3663.0440,1340.1800,-354.6999,3657.6020,1343.5870,-351.6511
Chain,3669.8140,1349.8980,-350.4671,3669.5930,1349.9390,-343.0116,3661.1440,1337.7670,-348.2890
Chain,3669.8140,1349.8980,-350.4671,3661.1440,1337.7670,-348.2890,3663.0440,1340.1800,-354.6999
Chain,3643.8390,1340.1440,-361.9715,3661.1440,1337.7670,-348.2890,3655.7020,1341.1740,-345.2401
Chain,3643.8390,1340.1440,-361.9715,3655.7020,1341.1740,-345.2401,3641.8460,1343.0940,-356.1970
Chain,3641.8460,1343.0940,-356.1970,3655.7020,1341.1740,-345.2401,3657.6020,1343.5870,-351.6511
Chain,3641.8460,1343.0940,-356.1970,3657.6020,1343.5870,-351.6511,3647.2010,1345.0410,-359.8767
Chain,3657.6020,1343.5870,-351.6511,3663.0440,1340.1800,-354.6999,3649.1880,1342.1000,-365.6567
Chain,3657.6020,1343.5870,-351.6511,3649.1880,1342.1000,-365.6567,3647.2010,1345.0410,-359.8767
Chain,3663.0440,1340.1800,-354.6999,3661.1440,1337.7670,-348.2890,3643.8390,1340.1440,-361.9715
Chain,3663.0440,1340.1800,-354.6999,3643.8390,1340.1440,-361.9715,3649.1880,1342.1000,-365.6567
Chain,3631.2570,1361.4420,-373.9769,3643.8390,1340.1440,-361.9715,3641.8460,1343.0940,-356.1970
Chain,3631.2570,1361.4420,-373.9769,3641.8460,1343.0940,-356.1970,3631.0580,1361.3730,-366.4923
Chain,3631.0580,1361.3730,-366.4923,3641.8460,1343.0940,-356.1970,3647.2010,1345.0410,-359.8767
Chain,3631.0580,1361.3730,-366.4923,3647.2010,1345.0410,-359.8767,3638.1970,1360.3180,-368.4721
Chain,3647.2010,1345.0410,-359.8767,3649.1880,1342.1000,-365.6567,3638.4010,1360.3790,-375.9521
Chain,3647.2010,1345.0410,-359.8767,3638.4010,1360.3790,-375.9521,3638.1970,1360.3180,-368.4721
Chain,3649.1880,1342.1000,-365.6567,3643.8390,1340.1440,-361.9715,3631.2570,1361.4420,-373.9769
Chain,3649.1880,1342.1000,-365.6567,3631.2570,1361.4420,-373.9769,3638.4010,1360.3790,-375.9521
Chain,3631.2570,1361.4420,-373.9769,3631.0580,1361.3730,-366.4923,3638.0940,1370.9310,-362.0365
Chain,3631.2570,1361.4420,-373.9769,3638.0940,1370.9310,-362.0365,3640.0690,1373.3710,-368.3920
Chain,3631.0580,1361.3730,-366.4923,3638.1970,1360.3180,-368.4721,3643.4670,1367.4990,-365.1370
Chain,3631.0580,1361.3730,-366.4923,3643.4670,1367.4990,-365.1370,3638.0940,1370.9310,-362.0365
Chain,3643.4670,1367.4990,-365.1370,3638.1970,1360.3180,-368.4721,3638.4010,1360.3790,-375.9521
Chain,3643.4670,1367.4990,-365.1370,3638.4010,1360.3790,-375.9521,3645.4370,1369.9370,-371.4962
Chain,3645.4370,1369.9370,-371.4962,3638.4010,1360.3790,-375.9521,3631.2570,1361.4420,-373.9769
Chain,3645.4370,1369.9370,-371.4962,3631.2570,1361.4420,-373.9769,3640.0690,1373.3710,-368.3920
Chain,3600.9300,1447.1690,-406.5315,3599.3550,1443.2950,-407.3467,3589.7080,1439.0400,-387.9496
Chain,3600.9300,1447.1690,-406.5315,3589.7080,1439.0400,-387.9496,3588.8720,1441.8500,-382.2851
Chain,3589.7080,1439.0400,-387.9496,3599.3550,1443.2950,-407.3467,3604.0010,1441.1910,-403.5193
Chain,3589.7080,1439.0400,-387.9496,3604.0010,1441.1910,-403.5193,3596.7660,1437.9990,-388.9714
Chain,3596.7660,1437.9990,-388.9714,3604.0010,1441.1910,-403.5193,3605.5760,1445.0650,-402.7040
Chain,3596.7660,1437.9990,-388.9714,3605.5760,1445.0650,-402.7040,3595.9290,1440.8090,-383.3069
Chain,3605.5760,1445.0650,-402.7040,3600.9300,1447.1690,-406.5315,3588.8720,1441.8500,-382.2851
Chain,3605.5760,1445.0650,-402.7040,3588.8720,1441.8500,-382.2851,3595.9290,1440.8090,-383.3069
Chain,3588.8720,1441.8500,-382.2851,3589.7080,1439.0400,-387.9496,3599.2070,1420.5500,-378.6327
Chain,3588.8720,1441.8500,-382.2851,3599.2070,1420.5500,-378.6327,3599.8870,1420.4060,-371.4795
Chain,3599.2070,1420.5500,-378.6327,3589.7080,1439.0400,-387.9496,3596.7660,1437.9990,-388.9714
Chain,3599.2070,1420.5500,-378.6327,3596.7660,1437.9990,-388.9714,3604.7110,1422.5330,-381.1781
Chain,3604.7110,1422.5330,-381.1781,3596.7660,1437.9990,-388.9714,3595.9290,1440.8090,-383.3069
Chain,3604.7110,1422.5330,-381.1781,3595.9290,1440.8090,-383.3069,3605.3920,1422.3890,-374.0250
Chain,3595.9290,1440.8090,-383.3069,3588.8720,1441.8500,-382.2851,3599.8870,1420.4060,-371.4795
Chain,3595.9290,1440.8090,-383.3069,3599.8870,1420.4060,-371.4795,3605.3920,1422.3890,-374.0250
Chain,3619.6910,1410.7990,-388.1447,3599.8870,1420.4060,-371.4795,3599.2070,1420.5500,-378.6327
Chain,3619.6910,1410.7990,-388.1447,3599.2070,1420.5500,-378.6327,3615.0210,1412.8420,-391.9843
Chain,3599.2070,1420.5500,-378.6327,3604.7110,1422.5330,-381.1781,3616.5520,1416.7570,-391.2075
Chain,3599.2070,1420.5500,-378.6327,3616.5520,1416.7570,-391.2075,3615.0210,1412.8420,-391.9843
Chain,3604.7110,1422.5330,-381.1781,3605.3920,1422.3890,-374.0250,3621.1930,1414.7060,-387.3896
Chain,3604.7110,1422.5330,-381.1781,3621.1930,1414.7060,-387.3896,3616.5520,1416.7570,-391.2075
Chain,3621.1930,1414.7060,-387.3896,3605.3920,1422.3890,-374.0250,3599.8870,1420.4060,-371.4795
Chain,3621.1930,1414.7060,-387.3896,3599.8870,1420.4060,-371.4795,3619.6910,1410.7990,-388.1447
Chain,3619.6910,1410.7990,-388.1447,3615.0210,1412.8420,-391.9843,3624.6420,1417.1040,-411.4023
Chain,3619.6910,1410.7990,-388.1447,3624.6420,1417.1040,-411.4023,3631.6820,1416.0980,-412.4416
Chain,3624.6420,1417.1040,-411.4023,3615.0210,1412.8420,-391.9843,3616.5520,1416.7570,-391.2075
Chain,3624.6420,1417.1040,-411.4023,3616.5520,1416.7570,-391.2075,3623.7880,1419.9490,-405.7554
Chain,3623.7880,1419.9490,-405.7554,3616.5520,1416.7570,-391.2075,3621.1930,1414.7060,-387.3896
Chain,3623.7880,1419.9490,-405.7554,3621.1930,1414.7060,-387.3896,3630.8280,1418.9430,-406.7946
Chain,3621.1930,1414.7060,-387.3896,3619.6910,1410.7990,-388.1447,3631.6820,1416.0980,-412.4416
Chain,3621.1930,1414.7060,-387.3896,3631.6820,1416.0980,-412.4416,3630.8280,1418.9430,-406.7946
Chain,3620.6660,1437.5420,-423.2471,3631.6820,1416.0980,-412.4416,3624.6420,1417.1040,-411.4023
Chain,3620.6660,1437.5420,-423.2471,3624.6420,1417.1040,-411.4023,3615.1440,1435.5940,-420.7192
Chain,3624.6420,1417.1040,-411.4023,3623.7880,1419.9490,-405.7554,3615.8430,1435.4150,-413.5486
Chain,3624.6420,1417.1040,-411.4023,3615.8430,1435.4150,-413.5486,3615.1440,1435.5940,-420.7192
Chain,3623.7880,1419.9490,-405.7554,3630.8280,1418.9430,-406.7946,3621.3650,1437.3630,-416.0765
Chain,3623.7880,1419.9490,-405.7554,3621.3650,1437.3630,-416.0765,3615.8430,1435.4150,-413.5486
Chain,3621.3650,1437.3630,-416.0765,3630.8280,1418.9430,-406.7946,3631.6820,1416.0980,-412.4416
Chain,3621.3650,1437.3630,-416.0765,3631.6820,1416.0980,-412.4416,3620.6660,1437.5420,-423.2471
Chain,3600.9300,1447.1690,-406.5315,3620.6660,1437.5420,-423.2471,3615.1440,1435.5940,-420.7192
Chain,3600.9300,1447.1690,-406.5315,3615.1440,1435.5940,-420.7192,3599.3550,1443.2950,-407.3467
Chain,3615.1440,1435.5940,-420.7192,3615.8430,1435.4150,-413.5486,3604.0010,1441.1910,-403.5193
Chain,3615.1440,1435.5940,-420.7192,3604.0010,1441.1910,-403.5193,3599.3550,1443.2950,-407.3467
Chain,3615.8430,1435.4150,-413.5486,3621.3650,1437.3630,-416.0765,3605.5760,1445.0650,-402.7040
Chain,3615.8430,1435.4150,-413.5486,3605.5760,1445.0650,-402.7040,3604.0010,1441.1910,-403.5193
Chain,3605.5760,1445.0650,-402.7040,3621.3650,1437.3630,-416.0765,3620.6660,1437.5420,-423.2471
Chain,3605.5760,1445.0650,-402.7040,3620.6660,1437.5420,-423.2471,3600.9300,1447.1690,-406.5315
Chain,3613.7760,1422.1620,-393.9308,3611.6400,1419.6700,-387.6947,3625.4280,1416.9350,-376.7054
Chain,3613.7760,1422.1620,-393.9308,3625.4280,1416.9350,-376.7054,3630.9870,1418.7180,-380.2096
Chain,3611.6400,1419.6700,-387.6947,3616.8470,1416.1840,-390.9185,3627.2140,1414.1510,-382.6578
Chain,3611.6400,1419.6700,-387.6947,3627.2140,1414.1510,-382.6578,3625.4280,1416.9350,-376.7054
Chain,3627.2140,1414.1510,-382.6578,3616.8470,1416.1840,-390.9185,3618.9830,1418.6750,-397.1545
Chain,3627.2140,1414.1510,-382.6578,3618.9830,1418.6750,-397.1545,3632.7710,1415.9400,-386.1652
Chain,3632.7710,1415.9400,-386.1652,3618.9830,1418.6750,-397.1545,3613.7760,1422.1620,-393.9308
Chain,3632.7710,1415.9400,-386.1652,3613.7760,1422.1620,-393.9308,3630.9870,1418.7180,-380.2096
Chain,3642.2420,1397.6010,-369.2531,3630.9870,1418.7180,-380.2096,3625.4280,1416.9350,-376.7054
Chain,3642.2420,1397.6010,-369.2531,3625.4280,1416.9350,-376.7054,3635.1270,1398.7210,-367.2614
Chain,3635.1270,1398.7210,-367.2614,3625.4280,1416.9350,-376.7054,3627.2140,1414.1510,-382.6578
Chain,3635.1270,1398.7210,-367.2614,3627.2140,1414.1510,-382.6578,3635.3600,1398.8550,-374.7271
Chain,3627.2140,1414.1510,-382.6578,3632.7710,1415.9400,-386.1652,3642.4700,1397.7260,-376.7213
Chain,3627.2140,1414.1510,-382.6578,3642.4700,1397.7260,-376.7213,3635.3600,1398.8550,-374.7271
Chain,3632.7710,1415.9400,-386.1652,3630.9870,1418.7180,-380.2096,3642.2420,1397.6010,-369.2531
Chain,3632.7710,1415.9400,-386.1652,3642.2420,1397.6010,-369.2531,3642.4700,1397.7260,-376.7213
Chain,3633.0890,1385.9610,-375.1334,3642.2420,1397.6010,-369.2531,3635.1270,1398.7210,-367.2614
Chain,3633.0890,1385.9610,-375.1334,3635.1270,1398.7210,-367.2614,3627.7790,1389.4160,-371.9868
Chain,3627.7790,1389.4160,-371.9868,3635.1270,1398.7210,-367.2614,3635.3600,1398.8550,-374.7271
Chain,3627.7790,1389.4160,-371.9868,3635.3600,1398.8550,-374.7271,3629.8110,1391.8750,-378.2999
Chain,3635.3600,1398.8550,-374.7271,3642.4700,1397.7260,-376.7213,3635.1210,1388.4210,-381.4466
Chain,3635.3600,1398.8550,-374.7271,3635.1210,1388.4210,-381.4466,3629.8110,1391.8750,-378.2999
Chain,3642.4700,1397.7260,-376.7213,3642.2420,1397.6010,-369.2531,3633.0890,1385.9610,-375.1334
Chain,3642.4700,1397.7260,-376.7213,3633.0890,1385.9610,-375.1334,3635.1210,1388.4210,-381.4466
Chain,3615.7400,1389.1060,-388.9300,3633.0890,1385.9610,-375.1334,3627.7790,1389.4160,-371.9868
Chain,3615.7400,1389.1060,-388.9300,3627.7790,1389.4160,-371.9868,3613.9120,1391.9500,-383.0164
Chain,3613.9120,1391.9500,-383.0164,3627.7790,1389.4160,-371.9868,3629.8110,1391.8750,-378.2999
Chain,3613.9120,1391.9500,-383.0164,3629.8110,1391.8750,-378.2999,3619.4380,1393.7950,-386.5529
Chain,3629.8110,1391.8750,-378.2999,3635.1210,1388.4210,-381.4466,3621.2550,1390.9550,-392.4762
Chain,3629.8110,1391.8750,-378.2999,3621.2550,1390.9550,-392.4762,3619.4380,1393.7950,-386.5529
Chain,3635.1210,1388.4210,-381.4466,3633.0890,1385.9610,-375.1334,3615.7400,1389.1060,-388.9300
Chain,3635.1210,1388.4210,-381.4466,3615.7400,1389.1060,-388.9300,3621.2550,1390.9550,-392.4762
Chain,3604.2510,1410.6620,-400.1149,3615.7400,1389.1060,-388.9300,3613.9120,1391.9500,-383.0164
Chain,3604.2510,1410.6620,-400.1149,3613.9120,1391.9500,-383.0164,3604.0520,1410.4660,-392.6171
Chain,3604.0520,1410.4660,-392.6171,3613.9120,1391.9500,-383.0164,3619.4380,1393.7950,-386.5529
Chain,3604.0520,1410.4660,-392.6171,3619.4380,1393.7950,-386.5529,3611.1920,1409.2810,-394.5821
Chain,3619.4380,1393.7950,-386.5529,3621.2550,1390.9550,-392.4762,3611.3950,1409.4710,-402.0768
Chain,3619.4380,1393.7950,-386.5529,3611.3950,1409.4710,-402.0768,3611.1920,1409.2810,-394.5821
Chain,3621.2550,1390.9550,-392.4762,3615.7400,1389.1060,-388.9300,3604.2510,1410.6620,-400.1149
Chain,3621.2550,1390.9550,-392.4762,3604.2510,1410.6620,-400.1149,3611.3950,1409.4710,-402.0768
Chain,3604.2510,1410.6620,-400.1149,3604.0520,1410.4660,-392.6171,3611.6400,1419.6700,-387.6947
Chain,3604.2510,1410.6620,-400.1149,3611.6400,1419.6700,-387.6947,3613.7760,1422.1620,-393.9308
Chain,3604.0520,1410.4660,-392.6171,3611.1920,1409.2810,-394.5821,3616.8470,1416.1840,-390.9185
Chain,3604.0520,1410.4660,-392.6171,3616.8470,1416.1840,-390.9185,3611.6400,1419.6700,-387.6947
Chain,3616.8470,1416.1840,-390.9185,3611.1920,1409.2810,-394.5821,3611.3950,1409.4710,-402.0768
Chain,3616.8470,1416.1840,-390.9185,3611.3950,1409.4710,-402.0768,3618.9830,1418.6750,-397.1545
Chain,3618.9830,1418.6750,-397.1545,3611.3950,1409.4710,-402.0768,3604.2510,1410.6620,-400.1149
Chain,3618.9830,1418.6750,-397.1545,3604.2510,1410.6620,-400.1149,3613.7760,1422.1620,-393.9308
Plane,-618.0002,99.2483,906.7032,-1018.0000,139.3986,849.3625,-1018.0000,99.2483,906.7032
Plane,-618.0002,99.2483,906.7032,-618.0002,139.3986,849.3625,-1018.0000,139.3986,849.3625
Plane,-218.0000,99.2483,906.7032,-618.0002,139.3986,849.3625,-618.0002,99.2483,906.7032
Plane,-618.0002,139.3986,849.3625,-1018.0000,179.5490,792.0220,-1018.0000,139.3986,849.3625
Plane,-218.0000,99.2483,906.7032,-218.0000,139.3986,849.3625,-618.0002,139.3986,849.3625
Plane,182.0000,99.2483,906.7032,-218.0000,139.3986,849.3625,-218.0000,99.2483,906.7032
Plane,-618.0002,139.3986,849.3625,-618.0002,179.5490,792.0220,-1018.0000,179.5490,792.0220
Plane,-218.0000,139.3986,849.3625,-618.0002,179.5490,792.0220,-618.0002,139.3986,849.3625
Plane,-618.0002,179.5490,792.0220,-1018.0000,219.6993,734.6813,-1018.0000,179.5490,792.0220
Plane,182.0000,99.2483,906.7032,182.0000,139.3986,849.3625,-218.0000,139.3986,849.3625
Plane,581.9999,99.2483,906.7032,182.0000,139.3986,849.3625,182.0000,99.2483,906.7032
Plane,-218.0000,139.3986,849.3625,-218.0000,179.5490,792.0220,-618.0002,179.5490,792.0220
Plane,182.0000,139.3986,849.3625,-218.0000,179.5490,792.0220,-218.0000,139.3986,849.3625
Plane,-618.0002,179.5490,792.0220,-618.0002,219.6993,734.6813,-1018.0000,219.6993,734.6813
Plane,-218.0000,179.5490,792.0220,-618.0002,219.6993,734.6813,-618.0002,179.5490,792.0220
Plane,-618.0002,219.6993,734.6813,-1018.0000,259.8496,677.3406,-1018.0000,219.6993,734.6813
Plane,581.9999,99.2483,906.7032,581.9999,139.3986,849.3625,182.0000,139.3986,849.3625
Plane,982.0000,99.2483,906.7032,581.9999,139.3986,849.3625,581.9999,99.2483,906.7032
Plane,182.0000,139.3986,849.3625,182.0000,179.5490,792.0220,-218.0000,179.5490,792.0220
Plane,581.9999,139.3986,849.3625,182.0000,179.5490,792.0220,182.0000,139.3986,849.3625
Plane,-218.0000,179.5490,792.0220,-218.0000,219.6993,734.6813,-618.0002,219.6993,734.6813
Plane,182.0000,179.5490,792.0220,-218.0000,219.6993,734.6813,-218.0000,179.5490,792.0220
Plane,-618.0002,219.6993,734.6813,-618.0002,259.8496,677.3406,-1018.0000,259.8496,677.3406
Plane,-218.0000,219.6993,734.6813,-618.0002,259.8496,677.3406,-618.0002,219.6993,734.6813
Plane,-618.0002,259.8496,677.3406,-1018.0000,300.0000,620.0000,-1018.0000,259.8496,677.3406
Plane,982.0000,99.2483,906.7032,982.0000,139.3986,849.3625,581.9999,139.3986,849.3625
Plane,1382.0000,99.2483,906.7032,982.0000,139.3986,849.3625,982.0000,99.2483,906.7032
Plane,581.9999,139.3986,849.3625,581.9999,179.5490,792.0220,182.0000,179.5490,792.0220
Plane,982.0000,139.3986,849.3625,581.9999,179.5490,792.0220,581.9999,139.3986,849.3625
Plane,182.0000,179.5490,792.0220,182.0000,219.6993,734.6813,-218.0000,219.6993,734.6813
Plane,581.9999,179.5490,792.0220,182.0000,219.6993,734.6813,182.0000,179.5490,792.0220
Plane,-218.0000,219.6993,734.6813,-218.0000,259.8496,677.3406,-618.0002,259.8496,677.3406
Plane,182.0000,219.6993,734.6813,-218.0000,259.8496,677.3406,-218.0000,219.6993,734.6813
Plane,-618.0002,259.8496,677.3406,-618.0002,300.0000,620.0000,-1018.0000,300.0000,620.0000
Plane,-218.0000,259.8496,677.3406,-618.0002,300.0000,620.0000,-618.0002,259.8496,677.3406
Plane,-618.0002,300.0000,620.0000,-1018.0000,340.1504,562.6593,-1018.0000,300.0000,620.0000
Plane,1382.0000,99.2483,906.7032,1382.0000,139.3986,849.3625,982.0000,139.3986,849.3625
Plane,1782.0000,99.2483,906.7032,1382.0000,139.3986,849.3625,1382.0000,99.2483,906.7032
Plane,982.0000,139.3986,849.3625,982.0000,179.5490,792.0220,581.9999,179.5490,792.0220
Plane,1382.0000,139.3986,849.3625,982.0000,179.5490,792.0220,982.0000,139.3986,849.3625
Plane,581.9999,179.5490,792.0220,581.9999,219.6993,734.6813,182.0000,219.6993,734.6813
Plane,982.0000,179.5490,792.0220,581.9999,219.6993,734.6813,581.9999,179.5490,792.0220
Plane,182.0000,219.6993,734.6813,182.0000,259.8496,677.3406,-218.0000,259.8496,677.3406
Plane,581.9999,219.6993,734.6813,182.0000,259.8496,677.3406,182.0000,219.6993,734.6813
Plane,-218.0000,259.8496,677.3406,-218.0000,300.0000,620.0000,-618.0002,300.0000,620.0000
Plane,182.0000,259.8496,677.3406,-218.0000,300.0000,620.0000,-218.0000,259.8496,677.3406
Plane,-618.0002,300.0000,620.0000,-618.0002,340.1504,562.6593,-1018.0000,340.1504,562.6593
Plane,-218.0000,300.0000,620.0000,-618.0002,340.1504,562.6593,-618.0002,300.0000,620.0000
Plane,-618.0002,340.1504,562.6593,-1018.0000,380.3007,505.3187,-1018.0000,340.1504,562.6593
Plane,1782.0000,99.2483,906.7032,1782.0000,139.3986,849.3625,1382.0000,139.3986,849.3625
Plane,2182.0000,99.2483,906.7032,1782.0000,139.3986,849.3625,1782.0000,99.2483,906.7032
Plane,1382.0000,139.3986,849.3625,1382.0000,179.5490,792.0220,982.0000,179.5490,792.0220
Plane,1782.0000,139.3986,849.3625,1382.0000,179.5490,792.0220,1382.0000,139.3986,849.3625
Plane,982.0000,179.5490,792.0220,982.0000,219.6993,734.6813,581.9999,219.6993,734.6813
Plane,1382.0000,179.5490,792.0220,982.0000,219.6993,734.6813,982.0000,179.5490,792.0220
Plane,581.9999,219.6993,734.6813,581.9999,259.8496,677.3406,182.0000,259.8496,677.3406
Plane,982.0000,219.6993,734.6813,581.9999,259.8496,677.3406,581.9999,219.6993,734.6813
Plane,182.0000,259.8496,677.3406,182.0000,300.0000,620.0000,-218.0000,300.0000,620.0000
Plane,581.9999,259.8496,677.3406,182.0000,300.0000,620.0000,182.0000,259.8496,677.3406
Plane,-218.0000,300.0000,620.0000,-218.0000,340.1504,562.6593,-618.0002,340.1504,562.6593
Plane,182.0000,300.0000,620.0000,-218.0000,340.1504,562.6593,-218.0000,300.0000,620.0000
Plane,-618.0002,340.1504,562.6593,-618.0002,380.3007,505.3187,-1018.0000,380.3007,505.3187
Plane,-218.0000,340.1504,562.6593,-618.0002,380.3007,505.3187,-618.0002,340.1504,562.6593
Plane,-618.0002,380.3007,505.3187,-1018.0000,420.4510,447.9780,-1018.0000,380.3007,505.3187
Plane,-618.0002,380.3007,505.3187,-618.0002,420.4510,447.9780,-1018.0000,420.4510,447.9780
Plane,-618.0002,420.4510,447.9780,-1018.0000,460.6014,390.6374,-1018.0000,420.4510,447.9780
Plane,-218.0000,340.1504,562.6593,-218.0000,380.3007,505.3187,-618.0002,380.3007,505.3187
Plane,-218.0000,380.3007,505.3187,-618.0002,420.4510,447.9780,-618.0002,380.3007,505.3187
Plane,182.0000,300.0000,620.0000,182.0000,340.1504,562.6593,-218.0000,340.1504,562.6593
Plane,182.0000,340.1504,562.6593,-218.0000,380.3007,505.3187,-218.0000,340.1504,562.6593
Plane,581.9999,259.8496,677.3406,581.9999,300.0000,620.0000,182.0000,300.0000,620.0000
Plane,581.9999,300.0000,620.0000,182.0000,340.1504,562.6593,182.0000,300.0000,620.0000
Plane,982.0000,219.6993,734.6813,982.0000,259.8496,677.3406,581.9999,259.8496,677.3406
Plane,982.0000,259.8496,677.3406,581.9999,300.0000,620.0000,581.9999,259.8496,677.3406
Plane,-618.0002,420.4510,447.9780,-618.0002,460.6014,390.6374,-1018.0000,460.6014,390.6374
Plane,-618.0002,460.6014,390.6374,-1018.0000,500.7517,333.2968,-1018.0000,460.6014,390.6374
Plane,-618.0002,460.6014,390.6374,-618.0002,500.7517,333.2968,-1018.0000,500.7517,333.2968
Plane,-218.0000,380.3007,505.3187,-218.0000,420.4510,447.9780,-618.0002,420.4510,447.9780
Plane,-218.0000,420.4510,447.9780,-618.0002,460.6014,390.6374,-618.0002,420.4510,447.9780
Plane,-218.0000,460.6014,390.6374,-618.0002,500.7517,333.2968,-618.0002,460.6014,390.6374
Plane,-218.0000,420.4510,447.9780,-218.0000,460.6014,390.6374,-618.0002,460.6014,390.6374
Plane,-218.0000,460.6014,390.6374,-218.0000,500.7517,333.2968,-618.0002,500.7517,333.2968
Plane,182.0000,340.1504,562.6593,182.0000,380.3007,505.3187,-218.0000,380.3007,505.3187
Plane,182.0000,380.3007,505.3187,-218.0000,420.4510,447.9780,-218.0000,380.3007,505.3187
Plane,581.9999,300.0000,620.0000,581.9999,340.1504,562.6593,182.0000,340.1504,562.6593
Plane,581.9999,340.1504,562.6593,182.0000,380.3007,505.3187,182.0000,340.1504,562.6593
Plane,182.0000,420.4510,447.9780,-218.0000,460.6014,390.6374,-218.0000,420.4510,447.9780
Plane,182.0000,380.3007,505.3187,182.0000,420.4510,447.9780,-218.0000,420.4510,447.9780
Plane,182.0000,460.6014,390.6374,-218.0000,500.7517,333.2968,-218.0000,460.6014,390.6374
Plane,182.0000,420.4510,447.9780,182.0000,460.6014,390.6374,-218.0000,460.6014,390.6374
Plane,182.0000,460.6014,390.6374,182.0000,500.7517,333.2968,-218.0000,500.7517,333.2968
Plane,581.9999,380.3007,505.3187,182.0000,420.4510,447.9780,182.0000,380.3007,505.3187
Plane,581.9999,340.1504,562.6593,581.9999,380.3007,505.3187,182.0000,380.3007,505.3187
Plane,982.0000,300.0000,620.0000,581.9999,340.1504,562.6593,581.9999,300.0000,620.0000
Plane,982.0000,259.8496,677.3406,982.0000,300.0000,620.0000,581.9999,300.0000,620.0000
Plane,581.9999,420.4510,447.9780,182.0000,460.6014,390.6374,182.0000,420.4510,447.9780
Plane,581.9999,380.3007,505.3187,581.9999,420.4510,447.9780,182.0000,420.4510,447.9780
Plane,581.9999,460.6014,390.6374,182.0000,500.7517,333.2968,182.0000,460.6014,390.6374
Plane,581.9999,420.4510,447.9780,581.9999,460.6014,390.6374,182.0000,460.6014,390.6374
Plane,581.9999,460.6014,390.6374,581.9999,500.7517,333.2968,182.0000,500.7517,333.2968
Plane,982.0000,340.1504,562.6593,581.9999,380.3007,505.3187,581.9999,340.1504,562.6593
Plane,982.0000,300.0000,620.0000,982.0000,340.1504,562.6593,581.9999,340.1504,562.6593
Plane,982.0000,380.3007,505.3187,581.9999,420.4510,447.9780,581.9999,380.3007,505.3187
Plane,982.0000,340.1504,562.6593,982.0000,380.3007,505.3187,581.9999,380.3007,505.3187
Plane,982.0000,420.4510,447.9780,581.9999,460.6014,390.6374,581.9999,420.4510,447.9780
Plane,982.0000,380.3007,505.3187,982.0000,420.4510,447.9780,581.9999,420.4510,447.9780
Plane,982.0000,460.6014,390.6374,581.9999,500.7517,333.2968,581.9999,460.6014,390.6374
Plane,982.0000,420.4510,447.9780,982.0000,460.6014,390.6374,581.9999,460.6014,390.6374
Plane,982.0000,460.6014,390.6374,982.0000,500.7517,333.2968,581.9999,500.7517,333.2968
Plane,1382.0000,460.6014,390.6374,982.0000,500.7517,333.2968,982.0000,460.6014,390.6374
Plane,1382.0000,460.6014,390.6374,1382.0000,500.7517,333.2968,982.0000,500.7517,333.2968
Plane,1382.0000,420.4510,447.9780,982.0000,460.6014,390.6374,982.0000,420.4510,447.9780
Plane,1382.0000,420.4510,447.9780,1382.0000,460.6014,390.6374,982.0000,460.6014,390.6374
Plane,1382.0000,380.3007,505.3187,982.0000,420.4510,447.9780,982.0000,380.3007,505.3187
Plane,1382.0000,380.3007,505.3187,1382.0000,420.4510,447.9780,982.0000,420.4510,447.9780
Plane,1382.0000,340.1504,562.6593,982.0000,380.3007,505.3187,982.0000,340.1504,562.6593
Plane,1382.0000,340.1504,562.6593,1382.0000,380.3007,505.3187,982.0000,380.3007,505.3187
Plane,1382.0000,300.0000,620.0000,982.0000,340.1504,562.6593,982.0000,300.0000,620.0000
Plane,1382.0000,300.0000,620.0000,1382.0000,340.1504,562.6593,982.0000,340.1504,562.6593
Plane,1782.0000,460.6014,390.6374,1382.0000,500.7517,333.2968,1382.0000,460.6014,390.6374
Plane,1782.0000,460.6014,390.6374,1782.0000,500.7517,333.2968,1382.0000,500.7517,333.2968
Plane,1782.0000,420.4510,447.9780,1382.0000,460.6014,390.6374,1382.0000,420.4510,447.9780
Plane,1782.0000,420.4510,447.9780,1782.0000,460.6014,390.6374,1382.0000,460.6014,390.6374
Plane,1782.0000,380.3007,505.3187,1382.0000,420.4510,447.9780,1382.0000,380.3007,505.3187
Plane,1782.0000,380.3007,505.3187,1782.0000,420.4510,447.9780,1382.0000,420.4510,447.9780
Plane,1782.0000,340.1504,562.6593,1382.0000,380.3007,505.3187,1382.0000,340.1504,562.6593
Plane,1782.0000,340.1504,562.6593,1782.0000,380.3007,505.3187,1382.0000,380.3007,505.3187
Plane,2182.0000,460.6014,390.6374,1782.0000,500.7517,333.2968,1782.0000,460.6014,390.6374
Plane,2182.0000,460.6014,390.6374,2182.0000,500.7517,333.2968,1782.0000,500.7517,333.2968
Plane,2182.0000,420.4510,447.9780,1782.0000,460.6014,390.6374,1782.0000,420.4510,447.9780
Plane,2182.0000,420.4510,447.9780,2182.0000,460.6014,390.6374,1782.0000,460.6014,390.6374
Plane,2182.0000,380.3007,505.3187,1782.0000,420.4510,447.9780,1782.0000,380.3007,505.3187
Plane,2182.0000,380.3007,505.3187,2182.0000,420.4510,447.9780,1782.0000,420.4510,447.9780
Plane,2582.0000,460.6014,390.6374,2182.0000,500.7517,333.2968,2182.0000,460.6014,390.6374
Plane,2582.0000,460.6014,390.6374,2582.0000,500.7517,333.2968,2182.0000,500.7517,333.2968
Plane,2582.0000,420.4510,447.9780,2182.0000,460.6014,390.6374,2182.0000,420.4510,447.9780
Plane,2582.0000,420.4510,447.9780,2582.0000,460.6014,390.6374,2182.0000,460.6014,390.6374
Plane,2982.0000,460.6014,390.6374,2582.0000,500.7517,333.2968,2582.0000,460.6014,390.6374
Plane,2982.0000,460.6014,390.6374,2982.0000,500.7517,333.2968,2582.0000,500.7517,333.2968
Plane,2982.0000,420.4510,447.9780,2982.0000,460.6014,390.6374,2582.0000,460.6014,390.6374
Plane,2982.0000,420.4510,447.9780,2582.0000,460.6014,390.6374,2582.0000,420.4510,447.9780
Plane,2982.0000,380.3007,505.3187,2982.0000,420.4510,447.9780,2582.0000,420.4510,447.9780
Plane,2582.0000,380.3007,505.3187,2582.0000,420.4510,447.9780,2182.0000,420.4510,447.9780
Plane,2982.0000,380.3007,505.3187,2582.0000,420.4510,447.9780,2582.0000,380.3007,505.3187
Plane,2582.0000,380.3007,505.3187,2182.0000,420.4510,447.9780,2182.0000,380.3007,505.3187
Plane,2982.0000,340.1504,562.6593,2982.0000,380.3007,505.3187,2582.0000,380.3007,505.3187
Plane,2982.0000,340.1504,562.6593,2582.0000,380.3007,505.3187,2582.0000,340.1504,562.6593
Plane,2582.0000,340.1504,562.6593,2582.0000,380.3007,505.3187,2182.0000,380.3007,505.3187
Plane,2982.0000,300.0000,620.0000,2982.0000,340.1504,562.6593,2582.0000,340.1504,562.6593
Plane,2582.0000,340.1504,562.6593,2182.0000,380.3007,505.3187,2182.0000,340.1504,562.6593
Plane,2182.0000,340.1504,562.6593,2182.0000,380.3007,505.3187,1782.0000,380.3007,505.3187
Plane,2182.0000,340.1504,562.6593,1782.0000,380.3007,505.3187,1782.0000,340.1504,562.6593
Plane,2982.0000,300.0000,620.0000,2582.0000,340.1504,562.6593,2582.0000,300.0000,620.0000
Plane,2582.0000,300.0000,620.0000,2582.0000,340.1504,562.6593,2182.0000,340.1504,562.6593
Plane,2982.0000,259.8496,677.3406,2982.0000,300.0000,620.0000,2582.0000,300.0000,620.0000
Plane,2182.0000,300.0000,620.0000,2182.0000,340.1504,562.6593,1782.0000,340.1504,562.6593
Plane,2582.0000,300.0000,620.0000,2182.0000,340.1504,562.6593,2182.0000,300.0000,620.0000
Plane,2982.0000,259.8496,677.3406,2582.0000,300.0000,620.0000,2582.0000,259.8496,677.3406
Plane,2582.0000,259.8496,677.3406,2582.0000,300.0000,620.0000,2182.0000,300.0000,620.0000
Plane,2982.0000,219.6993,734.6813,2982.0000,259.8496,677.3406,2582.0000,259.8496,677.3406
Plane,2182.0000,300.0000,620.0000,1782.0000,340.1504,562.6593,1782.0000,300.0000,620.0000
Plane,1782.0000,300.0000,620.0000,1782.0000,340.1504,562.6593,1382.0000,340.1504,562.6593
Plane,1782.0000,300.0000,620.0000,1382.0000,340.1504,562.6593,1382.0000,300.0000,620.0000
Plane,2982.0000,219.6993,734.6813,2582.0000,259.8496,677.3406,2582.0000,219.6993,734.6813
Plane,2982.0000,179.5490,792.0220,2982.0000,219.6993,734.6813,2582.0000,219.6993,734.6813
Plane,2582.0000,259.8496,677.3406,2182.0000,300.0000,620.0000,2182.0000,259.8496,677.3406
Plane,2182.0000,259.8496,677.3406,2182.0000,300.0000,620.0000,1782.0000,300.0000,620.0000
Plane,2582.0000,219.6993,734.6813,2582.0000,259.8496,677.3406,2182.0000,259.8496,677.3406
Plane,1782.0000,259.8496,677.3406,1782.0000,300.0000,620.0000,1382.0000,300.0000,620.0000
Plane,2182.0000,259.8496,677.3406,1782.0000,300.0000,620.0000,1782.0000,259.8496,677.3406
Plane,2982.0000,179.5490,792.0220,2582.0000,219.6993,734.6813,2582.0000,179.5490,792.0220
Plane,2982.0000,139.3986,849.3625,2982.0000,179.5490,792.0220,2582.0000,179.5490,792.0220
Plane,2582.0000,219.6993,734.6813,2182.0000,259.8496,677.3406,2182.0000,219.6993,734.6813
Plane,2182.0000,219.6993,734.6813,2182.0000,259.8496,677.3406,1782.0000,259.8496,677.3406
Plane,2582.0000,179.5490,792.0220,2582.0000,219.6993,734.6813,2182.0000,219.6993,734.6813
Plane,1782.0000,259.8496,677.3406,1382.0000,300.0000,620.0000,1382.0000,259.8496,677.3406
Plane,1382.0000,259.8496,677.3406,1382.0000,300.0000,620.0000,982.0000,300.0000,620.0000
Plane,1382.0000,259.8496,677.3406,982.0000,300.0000,620.0000,982.0000,259.8496,677.3406
Plane,2982.0000,139.3986,849.3625,2582.0000,179.5490,792.0220,2582.0000,139.3986,849.3625
Plane,2982.0000,99.2483,906.7032,2982.0000,139.3986,849.3625,2582.0000,139.3986,849.3625
Plane,2982.0000,99.2483,906.7032,2582.0000,139.3986,849.3625,2582.0000,99.2483,906.7032
Plane,2582.0000,179.5490,792.0220,2182.0000,219.6993,734.6813,2182.0000,179.5490,792.0220
Plane,2582.0000,139.3986,849.3625,2582.0000,179.5490,792.0220,2182.0000,179.5490,792.0220
Plane,2182.0000,219.6993,734.6813,1782.0000,259.8496,677.3406,1782.0000,219.6993,734.6813
Plane,1782.0000,219.6993,734.6813,1782.0000,259.8496,677.3406,1382.0000,259.8496,677.3406
Plane,2182.0000,179.5490,792.0220,2182.0000,219.6993,734.6813,1782.0000,219.6993,734.6813
Plane,1382.0000,219.6993,734.6813,1382.0000,259.8496,677.3406,982.0000,259.8496,677.3406
Plane,1782.0000,219.6993,734.6813,1382.0000,259.8496,677.3406,1382.0000,219.6993,734.6813
Plane,1382.0000,219.6993,734.6813,982.0000,259.8496,677.3406,982.0000,219.6993,734.6813
Plane,1382.0000,179.5490,792.0220,1382.0000,219.6993,734.6813,982.0000,219.6993,734.6813
Plane,2582.0000,99.2483,906.7032,2582.0000,139.3986,849.3625,2182.0000,139.3986,849.3625
Plane,2582.0000,139.3986,849.3625,2182.0000,179.5490,792.0220,2182.0000,139.3986,849.3625
Plane,2582.0000,99.2483,906.7032,2182.0000,139.3986,849.3625,2182.0000,99.2483,906.7032
Plane,2182.0000,99.2483,906.7032,2182.0000,139.3986,849.3625,1782.0000,139.3986,849.3625
Plane,2182.0000,179.5490,792.0220,1782.0000,219.6993,734.6813,1782.0000,179.5490,792.0220
Plane,1782.0000,179.5490,792.0220,1782.0000,219.6993,734.6813,1382.0000,219.6993,734.6813
Plane,1782.0000,179.5490,792.0220,1382.0000,219.6993,734.6813,1382.0000,179.5490,792.0220
Plane,2182.0000,139.3986,849.3625,2182.0000,179.5490,792.0220,1782.0000,179.5490,792.0220
Plane,2182.0000,139.3986,849.3625,1782.0000,179.5490,792.0220,1782.0000,139.3986,849.3625
Plane,1782.0000,139.3986,849.3625,1782.0000,179.5490,792.0220,1382.0000,179.5490,792.0220
Plane,-2218.0000,499.2483,-1283.2970,-3018.0000,539.3986,-1340.6370,-3018.0000,499.2483,-1283.2970
Plane,-2218.0000,499.2483,-1283.2970,-2218.0000,539.3986,-1340.6370,-3018.0000,539.3986,-1340.6370
Plane,-1418.0000,499.2483,-1283.2970,-2218.0000,539.3986,-1340.6370,-2218.0000,499.2483,-1283.2970
Plane,-2218.0000,539.3986,-1340.6370,-3018.0000,579.5490,-1397.9780,-3018.0000,539.3986,-1340.6370
Plane,-1418.0000,499.2483,-1283.2970,-1418.0000,539.3986,-1340.6370,-2218.0000,539.3986,-1340.6370
Plane,-617.9999,499.2483,-1283.2970,-1418.0000,539.3986,-1340.6370,-1418.0000,499.2483,-1283.2970
Plane,-2218.0000,539.3986,-1340.6370,-2218.0000,579.5490,-1397.9780,-3018.0000,579.5490,-1397.9780
Plane,-1418.0000,539.3986,-1340.6370,-2218.0000,579.5490,-1397.9780,-2218.0000,539.3986,-1340.6370
Plane,-2218.0000,579.5490,-1397.9780,-3018.0000,619.6993,-1455.3190,-3018.0000,579.5490,-1397.9780
Plane,-617.9999,499.2483,-1283.2970,-617.9999,539.3986,-1340.6370,-1418.0000,539.3986,-1340.6370
Plane,181.9998,499.2483,-1283.2970,-617.9999,539.3986,-1340.6370,-617.9999,499.2483,-1283.2970
Plane,-1418.0000,539.3986,-1340.6370,-1418.0000,579.5490,-1397.9780,-2218.0000,579.5490,-1397.9780
Plane,-617.9999,539.3986,-1340.6370,-1418.0000,579.5490,-1397.9780,-1418.0000,539.3986,-1340.6370
Plane,-2218.0000,579.5490,-1397.9780,-2218.0000,619.6993,-1455.3190,-3018.0000,619.6993,-1455.3190
Plane,-1418.0000,579.5490,-1397.9780,-2218.0000,619.6993,-1455.3190,-2218.0000,579.5490,-1397.9780
Plane,-2218.0000,619.6993,-1455.3190,-3018.0000,659.8497,-1512.6590,-3018.0000,619.6993,-1455.3190
Plane,181.9998,499.2483,-1283.2970,181.9998,539.3986,-1340.6370,-617.9999,539.3986,-1340.6370
Plane,982.0000,499.2483,-1283.2970,181.9998,539.3986,-1340.6370,181.9998,499.2483,-1283.2970
Plane,-617.9999,539.3986,-1340.6370,-617.9999,579.5490,-1397.9780,-1418.0000,579.5490,-1397.9780
Plane,181.9998,539.3986,-1340.6370,-617.9999,579.5490,-1397.9780,-617.9999,539.3986,-1340.6370
Plane,-1418.0000,579.5490,-1397.9780,-1418.0000,619.6993,-1455.3190,-2218.0000,619.6993,-1455.3190
Plane,-617.9999,579.5490,-1397.9780,-1418.0000,619.6993,-1455.3190,-1418.0000,579.5490,-1397.9780
Plane,-2218.0000,619.6993,-1455.3190,-2218.0000,659.8497,-1512.6590,-3018.0000,659.8497,-1512.6590
Plane,-1418.0000,619.6993,-1455.3190,-2218.0000,659.8497,-1512.6590,-2218.0000,619.6993,-1455.3190
Plane,-2218.0000,659.8497,-1512.6590,-3018.0000,700.0000,-1570.0000,-3018.0000,659.8497,-1512.6590
Plane,982.0000,499.2483,-1283.2970,982.0000,539.3986,-1340.6370,181.9998,539.3986,-1340.6370
Plane,1782.0000,499.2483,-1283.2970,982.0000,539.3986,-1340.6370,982.0000,499.2483,-1283.2970
Plane,181.9998,539.3986,-1340.6370,181.9998,579.5490,-1397.9780,-617.9999,579.5490,-1397.9780
Plane,982.0000,539.3986,-1340.6370,181.9998,579.5490,-1397.9780,181.9998,539.3986,-1340.6370
Plane,-617.9999,579.5490,-1397.9780,-617.9999,619.6993,-1455.3190,-1418.0000,619.6993,-1455.3190
Plane,181.9998,579.5490,-1397.9780,-617.9999,619.6993,-1455.3190,-617.9999,579.5490,-1397.9780
Plane,-1418.0000,619.6993,-1455.3190,-1418.0000,659.8497,-1512.6590,-2218.0000,659.8497,-1512.6590
Plane,-617.9999,619.6993,-1455.3190,-1418.0000,659.8497,-1512.6590,-1418.0000,619.6993,-1455.3190
Plane,-2218.0000,659.8497,-1512.6590,-2218.0000,700.0000,-1570.0000,-3018.0000,700.0000,-1570.0000
Plane,-1418.0000,659.8497,-1512.6590,-2218.0000,700.0000,-1570.0000,-2218.0000,659.8497,-1512.6590
Plane,-2218.0000,700.0000,-1570.0000,-3018.0000,740.1503,-1627.3410,-3018.0000,700.0000,-1570.0000
Plane,1782.0000,499.2483,-1283.2970,1782.0000,539.3986,-1340.6370,982.0000,539.3986,-1340.6370
Plane,2582.0000,499.2483,-1283.2970,1782.0000,539.3986,-1340.6370,1782.0000,499.2483,-1283.2970
Plane,982.0000,539.3986,-1340.6370,982.0000,579.5490,-1397.9780,181.9998,579.5490,-1397.9780
Plane,1782.0000,539.3986,-1340.6370,982.0000,579.5490,-1397.9780,982.0000,539.3986,-1340.6370
Plane,181.9998,579.5490,-1397.9780,181.9998,619.6993,-1455.3190,-617.9999,619.6993,-1455.3190
Plane,982.0000,579.5490,-1397.9780,181.9998,619.6993,-1455.3190,181.9998,579.5490,-1397.9780
Plane,-617.9999,619.6993,-1455.3190,-617.9999,659.8497,-1512.6590,-1418.0000,659.8497,-1512.6590
Plane,181.9998,619.6993,-1455.3190,-617.9999,659.8497,-1512.6590,-617.9999,619.6993,-1455.3190
Plane,-1418.0000,659.8497,-1512.6590,-1418.0000,700.0000,-1570.0000,-2218.0000,700.0000,-1570.0000
Plane,-617.9999,659.8497,-1512.6590,-1418.0000,700.0000,-1570.0000,-1418.0000,659.8497,-1512.6590
Plane,-2218.0000,700.0000,-1570.0000,-2218.0000,740.1503,-1627.3410,-3018.0000,740.1503,-1627.3410
Plane,-1418.0000,700.0000,-1570.0000,-2218.0000,740.1503,-1627.3410,-2218.0000,700.0000,-1570.0000
Plane,-2218.0000,740.1503,-1627.3410,-3018.0000,780.3007,-1684.6810,-3018.0000,740.1503,-1627.3410
Plane,2582.0000,499.2483,-1283.2970,2582.0000,539.3986,-1340.6370,1782.0000,539.3986,-1340.6370
Plane,3382.0000,499.2483,-1283.2970,2582.0000,539.3986,-1340.6370,2582.0000,499.2483,-1283.2970
Plane,1782.0000,539.3986,-1340.6370,1782.0000,579.5490,-1397.9780,982.0000,579.5490,-1397.9780
Plane,2582.0000,539.3986,-1340.6370,1782.0000,579.5490,-1397.9780,1782.0000,539.3986,-1340.6370
Plane,982.0000,579.5490,-1397.9780,982.0000,619.6993,-1455.3190,181.9998,619.6993,-1455.3190
Plane,1782.0000,579.5490,-1397.9780,982.0000,619.6993,-1455.3190,982.0000,579.5490,-1397.9780
Plane,181.9998,619.6993,-1455.3190,181.9998,659.8497,-1512.6590,-617.9999,659.8497,-1512.6590
Plane,982.0000,619.6993,-1455.3190,181.9998,659.8497,-1512.6590,181.9998,619.6993,-1455.3190
Plane,-617.9999,659.8497,-1512.6590,-617.9999,700.0000,-1570.0000,-1418.0000,700.0000,-1570.0000
Plane,181.9998,659.8497,-1512.6590,-617.9999,700.0000,-1570.0000,-617.9999,659.8497,-1512.6590
Plane,-1418.0000,700.0000,-1570.0000,-1418.0000,740.1503,-1627.3410,-2218.0000,740.1503,-1627.3410
Plane,-617.9999,700.0000,-1570.0000,-1418.0000,740.1503,-1627.3410,-1418.0000,700.0000,-1570.0000
Plane,-2218.0000,740.1503,-1627.3410,-2218.0000,780.3007,-1684.6810,-3018.0000,780.3007,-1684.6810
Plane,-1418.0000,740.1503,-1627.3410,-2218.0000,780.3007,-1684.6810,-2218.0000,740.1503,-1627.3410
Plane,-2218.0000,780.3007,-1684.6810,-3018.0000,820.4510,-1742.0220,-3018.0000,780.3007,-1684.6810
Plane,-2218.0000,780.3007,-1684.6810,-2218.0000,820.4510,-1742.0220,-3018.0000,820.4510,-1742.0220
Plane,-2218.0000,820.4510,-1742.0220,-3018.0000,860.6014,-1799.3630,-3018.0000,820.4510,-1742.0220
Plane,-1418.0000,740.1503,-1627.3410,-1418.0000,780.3007,-1684.6810,-2218.0000,780.3007,-1684.6810
Plane,-1418.0000,780.3007,-1684.6810,-2218.0000,820.4510,-1742.0220,-2218.0000,780.3007,-1684.6810
Plane,-617.9999,700.0000,-1570.0000,-617.9999,740.1503,-1627.3410,-1418.0000,740.1503,-1627.3410
Plane,-617.9999,740.1503,-1627.3410,-1418.0000,780.3007,-1684.6810,-1418.0000,740.1503,-1627.3410
Plane,181.9998,659.8497,-1512.6590,181.9998,700.0000,-1570.0000,-617.9999,700.0000,-1570.0000
Plane,181.9998,700.0000,-1570.0000,-617.9999,740.1503,-1627.3410,-617.9999,700.0000,-1570.0000
Plane,982.0000,619.6993,-1455.3190,982.0000,659.8497,-1512.6590,181.9998,659.8497,-1512.6590
Plane,982.0000,659.8497,-1512.6590,181.9998,700.0000,-1570.0000,181.9998,659.8497,-1512.6590
Plane,-2218.0000,820.4510,-1742.0220,-2218.0000,860.6014,-1799.3630,-3018.0000,860.6014,-1799.3630
Plane,-2218.0000,860.6014,-1799.3630,-3018.0000,900.7517,-1856.7030,-3018.0000,860.6014,-1799.3630
Plane,-2218.0000,860.6014,-1799.3630,-2218.0000,900.7517,-1856.7030,-3018.0000,900.7517,-1856.7030
Plane,-1418.0000,780.3007,-1684.6810,-1418.0000,820.4510,-1742.0220,-2218.0000,820.4510,-1742.0220
Plane,-1418.0000,820.4510,-1742.0220,-2218.0000,860.6014,-1799.3630,-2218.0000,820.4510,-1742.0220
Plane,-1418.0000,860.6014,-1799.3630,-2218.0000,900.7517,-1856.7030,-2218.0000,860.6014,-1799.3630
Plane,-1418.0000,820.4510,-1742.0220,-1418.0000,860.6014,-1799.3630,-2218.0000,860.6014,-1799.3630
Plane,-1418.0000,860.6014,-1799.3630,-1418.0000,900.7517,-1856.7030,-2218.0000,900.7517,-1856.7030
Plane,-617.9999,740.1503,-1627.3410,-617.9999,780.3007,-1684.6810,-1418.0000,780.3007,-1684.6810
Plane,-617.9999,780.3007,-1684.6810,-1418.0000,820.4510,-1742.0220,-1418.0000,780.3007,-1684.6810
Plane,181.9998,700.0000,-1570.0000,181.9998,740.1503,-1627.3410,-617.9999,740.1503,-1627.3410
Plane,181.9998,740.1503,-1627.3410,-617.9999,780.3007,-1684.6810,-617.9999,740.1503,-1627.3410
Plane,-617.9999,820.4510,-1742.0220,-1418.0000,860.6014,-1799.3630,-1418.0000,820.4510,-1742.0220
Plane,-617.9999,780.3007,-1684.6810,-617.9999,820.4510,-1742.0220,-1418.0000,820.4510,-1742.0220
Plane,-617.9999,860.6014,-1799.3630,-1418.0000,900.7517,-1856.7030,-1418.0000,860.6014,-1799.3630
Plane,-617.9999,820.4510,-1742.0220,-617.9999,860.6014,-1799.3630,-1418.0000,860.6014,-1799.3630
Plane,-617.9999,860.6014,-1799.3630,-617.9999,900.7517,-1856.7030,-1418.0000,900.7517,-1856.7030
Plane,181.9998,780.3007,-1684.6810,-617.9999,820.4510,-1742.0220,-617.9999,780.3007,-1684.6810
Plane,181.9998,740.1503,-1627.3410,181.9998,780.3007,-1684.6810,-617.9999,780.3007,-1684.6810
Plane,982.0000,700.0000,-1570.0000,181.9998,740.1503,-1627.3410,181.9998,700.0000,-1570.0000
Plane,982.0000,659.8497,-1512.6590,982.0000,700.0000,-1570.0000,181.9998,700.0000,-1570.0000
Plane,181.9998,820.4510,-1742.0220,-617.9999,860.6014,-1799.3630,-617.9999,820.4510,-1742.0220
Plane,181.9998,780.3007,-1684.6810,181.9998,820.4510,-1742.0220,-617.9999,820.4510,-1742.0220
Plane,181.9998,860.6014,-1799.3630,-617.9999,900.7517,-1856.7030,-617.9999,860.6014,-1799.3630
Plane,181.9998,820.4510,-1742.0220,181.9998,860.6014,-1799.3630,-617.9999,860.6014,-1799.3630
Plane,181.9998,860.6014,-1799.3630,181.9998,900.7517,-1856.7030,-617.9999,900.7517,-1856.7030
Plane,982.0000,740.1503,-1627.3410,181.9998,780.3007,-1684.6810,181.9998,740.1503,-1627.3410
Plane,982.0000,700.0000,-1570.0000,982.0000,740.1503,-1627.3410,181.9998,740.1503,-1627.3410
Plane,982.0000,780.3007,-1684.6810,181.9998,820.4510,-1742.0220,181.9998,780.3007,-1684.6810
Plane,982.0000,740.1503,-1627.3410,982.0000,780.3007,-1684.6810,181.9998,780.3007,-1684.6810
Plane,982.0000,820.4510,-1742.0220,181.9998,860.6014,-1799.3630,181.9998,820.4510,-1742.0220
Plane,982.0000,780.3007,-1684.6810,982.0000,820.4510,-1742.0220,181.9998,820.4510,-1742.0220
Plane,982.0000,860.6014,-1799.3630,181.9998,900.7517,-1856.7030,181.9998,860.6014,-1799.3630
Plane,982.0000,820.4510,-1742.0220,982.0000,860.6014,-1799.3630,181.9998,860.6014,-1799.3630
Plane,982.0000,860.6014,-1799.3630,982.0000,900.7517,-1856.7030,181.9998,900.7517,-1856.7030
Plane,1782.0000,860.6014,-1799.3630,982.0000,900.7517,-1856.7030,982.0000,860.6014,-1799.3630
Plane,1782.0000,860.6014,-1799.3630,1782.0000,900.7517,-1856.7030,982.0000,900.7517,-1856.7030
Plane,1782.0000,820.4510,-1742.0220,982.0000,860.6014,-1799.3630,982.0000,820.4510,-1742.0220
Plane,1782.0000,820.4510,-1742.0220,1782.0000,860.6014,-1799.3630,982.0000,860.6014,-1799.3630
Plane,1782.0000,780.3007,-1684.6810,982.0000,820.4510,-1742.0220,982.0000,780.3007,-1684.6810
Plane,1782.0000,780.3007,-1684.6810,1782.0000,820.4510,-1742.0220,982.0000,820.4510,-1742.0220
Plane,1782.0000,740.1503,-1627.3410,982.0000,780.3007,-1684.6810,982.0000,740.1503,-1627.3410
Plane,1782.0000,740.1503,-1627.3410,1782.0000,780.3007,-1684.6810,982.0000,780.3007,-1684.6810
Plane,1782.0000,700.0000,-1570.0000,982.0000,740.1503,-1627.3410,982.0000,700.0000,-1570.0000
Plane,1782.0000,700.0000,-1570.0000,1782.0000,740.1503,-1627.3410,982.0000,740.1503,-1627.3410
Plane,2582.0000,860.6014,-1799.3630,1782.0000,900.7517,-1856.7030,1782.0000,860.6014,-1799.3630
Plane,2582.0000,860.6014,-1799.3630,2582.0000,900.7517,-1856.7030,1782.0000,900.7517,-1856.7030
Plane,2582.0000,820.4510,-1742.0220,1782.0000,860.6014,-1799.3630,1782.0000,820.4510,-1742.0220
Plane,2582.0000,820.4510,-1742.0220,2582.0000,860.6014,-1799.3630,1782.0000,860.6014,-1799.3630
Plane,2582.0000,780.3007,-1684.6810,1782.0000,820.4510,-1742.0220,1782.0000,780.3007,-1684.6810
Plane,2582.0000,780.3007,-1684.6810,2582.0000,820.4510,-1742.0220,1782.0000,820.4510,-1742.0220
Plane,2582.0000,740.1503,-1627.3410,1782.0000,780.3007,-1684.6810,1782.0000,740.1503,-1627.3410
Plane,2582.0000,740.1503,-1627.3410,2582.0000,780.3007,-1684.6810,1782.0000,780.3007,-1684.6810
Plane,3382.0000,860.6014,-1799.3630,2582.0000,900.7517,-1856.7030,2582.0000,860.6014,-1799.3630
Plane,3382.0000,860.6014,-1799.3630,3382.0000,900.7517,-1856.7030,2582.0000,900.7517,-1856.7030
Plane,3382.0000,820.4510,-1742.0220,2582.0000,860.6014,-1799.3630,2582.0000,820.4510,-1742.0220
Plane,3382.0000,820.4510,-1742.0220,3382.0000,860.6014,-1799.3630,2582.0000,860.6014,-1799.3630
Plane,3382.0000,780.3007,-1684.6810,2582.0000,820.4510,-1742.0220,2582.0000,780.3007,-1684.6810
Plane,3382.0000,780.3007,-1684.6810,3382.0000,820.4510,-1742.0220,2582.0000,820.4510,-1742.0220
Plane,4182.0000,860.6014,-1799.3630,3382.0000,900.7517,-1856.7030,3382.0000,860.6014,-1799.3630
Plane,4182.0000,860.6014,-1799.3630,4182.0000,900.7517,-1856.7030,3382.0000,900.7517,-1856.7030
Plane,4182.0000,820.4510,-1742.0220,3382.0000,860.6014,-1799.3630,3382.0000,820.4510,-1742.0220
Plane,4182.0000,820.4510,-1742.0220,4182.0000,860.6014,-1799.3630,3382.0000,860.6014,-1799.3630
Plane,4982.0000,860.6014,-1799.3630,4182.0000,900.7517,-1856.7030,4182.0000,860.6014,-1799.3630
Plane,4982.0000,860.6014,-1799.3630,4982.0000,900.7517,-1856.7030,4182.0000,900.7517,-1856.7030
Plane,4982.0000,820.4510,-1742.0220,4982.0000,860.6014,-1799.3630,4182.0000,860.6014,-1799.3630
Plane,4982.0000,820.4510,-1742.0220,4182.0000,860.6014,-1799.3630,4182.0000,820.4510,-1742.0220
Plane,4982.0000,780.3007,-1684.6810,4982.0000,820.4510,-1742.0220,4182.0000,820.4510,-1742.0220
Plane,4182.0000,780.3007,-1684.6810,4182.0000,820.4510,-1742.0220,3382.0000,820.4510,-1742.0220
Plane,4982.0000,780.3007,-1684.6810,4182.0000,820.4510,-1742.0220,4182.0000,780.3007,-1684.6810
Plane,4182.0000,780.3007,-1684.6810,3382.0000,820.4510,-1742.0220,3382.0000,780.3007,-1684.6810
Plane,4982.0000,740.1503,-1627.3410,4982.0000,780.3007,-1684.6810,4182.0000,780.3007,-1684.6810
Plane,4982.0000,740.1503,-1627.3410,4182.0000,780.3007,-1684.6810,4182.0000,740.1503,-1627.3410
Plane,4182.0000,740.1503,-1627.3410,4182.0000,780.3007,-1684.6810,3382.0000,780.3007,-1684.6810
Plane,4982.0000,700.0000,-1570.0000,4982.0000,740.1503,-1627.3410,4182.0000,740.1503,-1627.3410
Plane,4182.0000,740.1503,-1627.3410,3382.0000,780.3007,-1684.6810,3382.0000,740.1503,-1627.3410
Plane,3382.0000,740.1503,-1627.3410,3382.0000,780.3007,-1684.6810,2582.0000,780.3007,-1684.6810
Plane,3382.0000,740.1503,-1627.3410,2582.0000,780.3007,-1684.6810,2582.0000,740.1503,-1627.3410
Plane,4982.0000,700.0000,-1570.0000,4182.0000,740.1503,-1627.3410,4182.0000,700.0000,-1570.0000
Plane,4182.0000,700.0000,-1570.0000,4182.0000,740.1503,-1627.3410,3382.0000,740.1503,-1627.3410
Plane,4982.0000,659.8497,-1512.6590,4982.0000,700.0000,-1570.0000,4182.0000,700.0000,-1570.0000
Plane,3382.0000,700.0000,-1570.0000,3382.0000,740.1503,-1627.3410,2582.0000,740.1503,-1627.3410
Plane,4182.0000,700.0000,-1570.0000,3382.0000,740.1503,-1627.3410,3382.0000,700.0000,-1570.0000
Plane,4982.0000,659.8497,-1512.6590,4182.0000,700.0000,-1570.0000,4182.0000,659.8497,-1512.6590
Plane,4182.0000,659.8497,-1512.6590,4182.0000,700.0000,-1570.0000,3382.0000,700.0000,-1570.0000
Plane,4982.0000,619.6993,-1455.3190,4982.0000,659.8497,-1512.6590,4182.0000,659.8497,-1512.6590
Plane,3382.0000,700.0000,-1570.0000,2582.0000,740.1503,-1627.3410,2582.0000,700.0000,-1570.0000
Plane,2582.0000,700.0000,-1570.0000,2582.0000,740.1503,-1627.3410,1782.0000,740.1503,-1627.3410
Plane,2582.0000,700.0000,-1570.0000,1782.0000,740.1503,-1627.3410,1782.0000,700.0000,-1570.0000
Plane,4982.0000,619.6993,-1455.3190,4182.0000,659.8497,-1512.6590,4182.0000,619.6993,-1455.3190
Plane,4982.0000,579.5490,-1397.9780,4982.0000,619.6993,-1455.3190,4182.0000,619.6993,-1455.3190
Plane,4182.0000,659.8497,-1512.6590,3382.0000,700.0000,-1570.0000,3382.0000,659.8497,-1512.6590
Plane,3382.0000,659.8497,-1512.6590,3382.0000,700.0000,-1570.0000,2582.0000,700.0000,-1570.0000
Plane,4182.0000,619.6993,-1455.3190,4182.0000,659.8497,-1512.6590,3382.0000,659.8497,-1512.6590
Plane,2582.0000,659.8497,-1512.6590,2582.0000,700.0000,-1570.0000,1782.0000,700.0000,-1570.0000
Plane,3382.0000,659.8497,-1512.6590,2582.0000,700.0000,-1570.0000,2582.0000,659.8497,-1512.6590
Plane,4982.0000,579.5490,-1397.9780,4182.0000,619.6993,-1455.3190,4182.0000,579.5490,-1397.9780
Plane,4982.0000,539.3986,-1340.6370,4982.0000,579.5490,-1397.9780,4182.0000,579.5490,-1397.9780
Plane,4182.0000,619.6993,-1455.3190,3382.0000,659.8497,-1512.6590,3382.0000,619.6993,-1455.3190
Plane,3382.0000,619.6993,-1455.3190,3382.0000,659.8497,-1512.6590,2582.0000,659.8497,-1512.6590
Plane,4182.0000,579.5490,-1397.9780,4182.0000,619.6993,-1455.3190,3382.0000,619.6993,-1455.3190
Plane,2582.0000,659.8497,-1512.6590,1782.0000,700.0000,-1570.0000,1782.0000,659.8497,-1512.6590
Plane,1782.0000,659.8497,-1512.6590,1782.0000,700.0000,-1570.0000,982.0000,700.0000,-1570.0000
Plane,1782.0000,659.8497,-1512.6590,982.0000,700.0000,-1570.0000,982.0000,659.8497,-1512.6590
Plane,4982.0000,539.3986,-1340.6370,4182.0000,579.5490,-1397.9780,4182.0000,539.3986,-1340.6370
Plane,4982.0000,499.2483,-1283.2970,4982.0000,539.3986,-1340.6370,4182.0000,539.3986,-1340.6370
Plane,4982.0000,499.2483,-1283.2970,4182.0000,539.3986,-1340.6370,4182.0000,499.2483,-1283.2970
Plane,4182.0000,579.5490,-1397.9780,3382.0000,619.6993,-1455.3190,3382.0000,579.5490,-1397.9780
Plane,4182.0000,539.3986,-1340.6370,4182.0000,579.5490,-1397.9780,3382.0000,579.5490,-1397.9780
Plane,3382.0000,619.6993,-1455.3190,2582.0000,659.8497,-1512.6590,2582.0000,619.6993,-1455.3190
Plane,2582.0000,619.6993,-1455.3190,2582.0000,659.8497,-1512.6590,1782.0000,659.8497,-1512.6590
Plane,3382.0000,579.5490,-1397.9780,3382.0000,619.6993,-1455.3190,2582.0000,619.6993,-1455.3190
Plane,1782.0000,619.6993,-1455.3190,1782.0000,659.8497,-1512.6590,982.0000,659.8497,-1512.6590
Plane,2582.0000,619.6993,-1455.3190,1782.0000,659.8497,-1512.6590,1782.0000,619.6993,-1455.3190
Plane,1782.0000,619.6993,-1455.3190,982.0000,659.8497,-1512.6590,982.0000,619.6993,-1455.3190
Plane,1782.0000,579.5490,-1397.9780,1782.0000,619.6993,-1455.3190,982.0000,619.6993,-1455.3190
Plane,4182.0000,499.2483,-1283.2970,4182.0000,539.3986,-1340.6370,3382.0000,539.3986,-1340.6370
Plane,4182.0000,539.3986,-1340.6370,3382.0000,579.5490,-1397.9780,3382.0000,539.3986,-1340.6370
Plane,4182.0000,499.2483,-1283.2970,3382.0000,539.3986,-1340.6370,3382.0000,499.2483,-1283.2970
Plane,3382.0000,499.2483,-1283.2970,3382.0000,539.3986,-1340.6370,2582.0000,539.3986,-1340.6370
Plane,3382.0000,579.5490,-1397.9780,2582.0000,619.6993,-1455.3190,2582.0000,579.5490,-1397.9780
Plane,2582.0000,579.5490,-1397.9780,2582.0000,619.6993,-1455.3190,1782.0000,619.6993,-1455.3190
Plane,2582.0000,579.5490,-1397.9780,1782.0000,619.6993,-1455.3190,1782.0000,579.5490,-1397.9780
Plane,3382.0000,539.3986,-1340.6370,3382.0000,579.5490,-1397.9780,2582.0000,579.5490,-1397.9780
Plane,3382.0000,539.3986,-1340.6370,2582.0000,579.5490,-1397.9780,2582.0000,539.3986,-1340.6370
Plane,2582.0000,539.3986,-1340.6370,2582.0000,579.5490,-1397.9780,1782.0000,579.5490,-1397.9780
Plane,-2218.0000,900.7517,8458.7030,-3018.0000,860.6014,8401.3620,-3018.0000,900.7517,8458.7030
Plane,-2218.0000,900.7517,8458.7030,-2218.0000,860.6014,8401.3620,-3018.0000,860.6014,8401.3620
Plane,-1418.0000,900.7517,8458.7030,-2218.0000,860.6014,8401.3620,-2218.0000,900.7517,8458.7030
Plane,-2218.0000,860.6014,8401.3620,-3018.0000,820.4510,8344.0220,-3018.0000,860.6014,8401.3620
Plane,-1418.0000,900.7517,8458.7030,-1418.0000,860.6014,8401.3620,-2218.0000,860.6014,8401.3620
Plane,-617.9999,900.7517,8458.7030,-1418.0000,860.6014,8401.3620,-1418.0000,900.7517,8458.7030
Plane,-2218.0000,860.6014,8401.3620,-2218.0000,820.4510,8344.0220,-3018.0000,820.4510,8344.0220
Plane,-1418.0000,860.6014,8401.3620,-2218.0000,820.4510,8344.0220,-2218.0000,860.6014,8401.3620
Plane,-2218.0000,820.4510,8344.0220,-3018.0000,780.3007,8286.6820,-3018.0000,820.4510,8344.0220
Plane,-617.9999,900.7517,8458.7030,-617.9999,860.6014,8401.3620,-1418.0000,860.6014,8401.3620
Plane,181.9998,900.7517,8458.7030,-617.9999,860.6014,8401.3620,-617.9999,900.7517,8458.7030
Plane,-1418.0000,860.6014,8401.3620,-1418.0000,820.4510,8344.0220,-2218.0000,820.4510,8344.0220
Plane,-617.9999,860.6014,8401.3620,-1418.0000,820.4510,8344.0220,-1418.0000,860.6014,8401.3620
Plane,-2218.0000,820.4510,8344.0220,-2218.0000,780.3007,8286.6820,-3018.0000,780.3007,8286.6820
Plane,-1418.0000,820.4510,8344.0220,-2218.0000,780.3007,8286.6820,-2218.0000,820.4510,8344.0220
Plane,-2218.0000,780.3007,8286.6820,-3018.0000,740.1503,8229.3410,-3018.0000,780.3007,8286.6820
Plane,181.9998,900.7517,8458.7030,181.9998,860.6014,8401.3620,-617.9999,860.6014,8401.3620
Plane,982.0000,900.7517,8458.7030,181.9998,860.6014,8401.3620,181.9998,900.7517,8458.7030
Plane,-617.9999,860.6014,8401.3620,-617.9999,820.4510,8344.0220,-1418.0000,820.4510,8344.0220
Plane,181.9998,860.6014,8401.3620,-617.9999,820.4510,8344.0220,-617.9999,860.6014,8401.3620
Plane,-1418.0000,820.4510,8344.0220,-1418.0000,780.3007,8286.6820,-2218.0000,780.3007,8286.6820
Plane,-617.9999,820.4510,8344.0220,-1418.0000,780.3007,8286.6820,-1418.0000,820.4510,8344.0220
Plane,-2218.0000,780.3007,8286.6820,-2218.0000,740.1503,8229.3410,-3018.0000,740.1503,8229.3410
Plane,-1418.0000,780.3007,8286.6820,-2218.0000,740.1503,8229.3410,-2218.0000,780.3007,8286.6820
Plane,-2218.0000,740.1503,8229.3410,-3018.0000,700.0000,8172.0000,-3018.0000,740.1503,8229.3410
Plane,982.0000,900.7517,8458.7030,982.0000,860.6014,8401.3620,181.9998,860.6014,8401.3620
Plane,1782.0000,900.7517,8458.7030,982.0000,860.6014,8401.3620,982.0000,900.7517,8458.7030
Plane,181.9998,860.6014,8401.3620,181.9998,820.4510,8344.0220,-617.9999,820.4510,8344.0220
Plane,982.0000,860.6014,8401.3620,181.9998,820.4510,8344.0220,181.9998,860.6014,8401.3620
Plane,-617.9999,820.4510,8344.0220,-617.9999,780.3007,8286.6820,-1418.0000,780.3007,8286.6820
Plane,181.9998,820.4510,8344.0220,-617.9999,780.3007,8286.6820,-617.9999,820.4510,8344.0220
Plane,-1418.0000,780.3007,8286.6820,-1418.0000,740.1503,8229.3410,-2218.0000,740.1503,8229.3410
Plane,-617.9999,780.3007,8286.6820,-1418.0000,740.1503,8229.3410,-1418.0000,780.3007,8286.6820
Plane,-2218.0000,740.1503,8229.3410,-2218.0000,700.0000,8172.0000,-3018.0000,700.0000,8172.0000
Plane,-1418.0000,740.1503,8229.3410,-2218.0000,700.0000,8172.0000,-2218.0000,740.1503,8229.3410
Plane,-2218.0000,700.0000,8172.0000,-3018.0000,659.8497,8114.6590,-3018.0000,700.0000,8172.0000
Plane,1782.0000,900.7517,8458.7030,1782.0000,860.6014,8401.3620,982.0000,860.6014,8401.3620
Plane,2582.0000,900.7517,8458.7030,1782.0000,860.6014,8401.3620,1782.0000,900.7517,8458.7030
Plane,982.0000,860.6014,8401.3620,982.0000,820.4510,8344.0220,181.9998,820.4510,8344.0220
Plane,1782.0000,860.6014,8401.3620,982.0000,820.4510,8344.0220,982.0000,860.6014,8401.3620
Plane,181.9998,820.4510,8344.0220,181.9998,780.3007,8286.6820,-617.9999,780.3007,8286.6820
Plane,982.0000,820.4510,8344.0220,181.9998,780.3007,8286.6820,181.9998,820.4510,8344.0220
Plane,-617.9999,780.3007,8286.6820,-617.9999,740.1503,8229.3410,-1418.0000,740.1503,8229.3410
Plane,181.9998,780.3007,8286.6820,-617.9999,740.1503,8229.3410,-617.9999,780.3007,8286.6820
Plane,-1418.0000,740.1503,8229.3410,-1418.0000,700.0000,8172.0000,-2218.0000,700.0000,8172.0000
Plane,-617.9999,740.1503,8229.3410,-1418.0000,700.0000,8172.0000,-1418.0000,740.1503,8229.3410
Plane,-2218.0000,700.0000,8172.0000,-2218.0000,659.8497,8114.6590,-3018.0000,659.8497,8114.6590
Plane,-1418.0000,700.0000,8172.0000,-2218.0000,659.8497,8114.6590,-2218.0000,700.0000,8172.0000
Plane,-2218.0000,659.8497,8114.6590,-3018.0000,619.6993,8057.3190,-3018.0000,659.8497,8114.6590
Plane,2582.0000,900.7517,8458.7030,2582.0000,860.6014,8401.3620,1782.0000,860.6014,8401.3620
Plane,3382.0000,900.7517,8458.7030,2582.0000,860.6014,8401.3620,2582.0000,900.7517,8458.7030
Plane,1782.0000,860.6014,8401.3620,1782.0000,820.4510,8344.0220,982.0000,820.4510,8344.0220
Plane,2582.0000,860.6014,8401.3620,1782.0000,820.4510,8344.0220,1782.0000,860.6014,8401.3620
Plane,982.0000,820.4510,8344.0220,982.0000,780.3007,8286.6820,181.9998,780.3007,8286.6820
Plane,1782.0000,820.4510,8344.0220,982.0000,780.3007,8286.6820,982.0000,820.4510,8344.0220
Plane,181.9998,780.3007,8286.6820,181.9998,740.1503,8229.3410,-617.9999,740.1503,8229.3410
Plane,982.0000,780.3007,8286.6820,181.9998,740.1503,8229.3410,181.9998,780.3007,8286.6820
Plane,-617.9999,740.1503,8229.3410,-617.9999,700.0000,8172.0000,-1418.0000,700.0000,8172.0000
Plane,181.9998,740.1503,8229.3410,-617.9999,700.0000,8172.0000,-617.9999,740.1503,8229.3410
Plane,-1418.0000,700.0000,8172.0000,-1418.0000,659.8497,8114.6590,-2218.0000,659.8497,8114.6590
Plane,-617.9999,700.0000,8172.0000,-1418.0000,659.8497,8114.6590,-1418.0000,700.0000,8172.0000
Plane,-2218.0000,659.8497,8114.6590,-2218.0000,619.6993,8057.3190,-3018.0000,619.6993,8057.3190
Plane,-1418.0000,659.8497,8114.6590,-2218.0000,619.6993,8057.3190,-2218.0000,659.8497,8114.6590
Plane,-2218.0000,619.6993,8057.3190,-3018.0000,579.5490,7999.9780,-3018.0000,619.6993,8057.3190
Plane,-2218.0000,619.6993,8057.3190,-2218.0000,579.5490,7999.9780,-3018.0000,579.5490,7999.9780
Plane,-2218.0000,579.5490,7999.9780,-3018.0000,539.3986,7942.6380,-3018.0000,579.5490,7999.9780
Plane,-1418.0000,659.8497,8114.6590,-1418.0000,619.6993,8057.3190,-2218.0000,619.6993,8057.3190
Plane,-1418.0000,619.6993,8057.3190,-2218.0000,579.5490,7999.9780,-2218.0000,619.6993,8057.3190
Plane,-617.9999,700.0000,8172.0000,-617.9999,659.8497,8114.6590,-1418.0000,659.8497,8114.6590
Plane,-617.9999,659.8497,8114.6590,-1418.0000,619.6993,8057.3190,-1418.0000,659.8497,8114.6590
Plane,181.9998,740.1503,8229.3410,181.9998,700.0000,8172.0000,-617.9999,700.0000,8172.0000
Plane,181.9998,700.0000,8172.0000,-617.9999,659.8497,8114.6590,-617.9999,700.0000,8172.0000
Plane,982.0000,780.3007,8286.6820,982.0000,740.1503,8229.3410,181.9998,740.1503,8229.3410
Plane,982.0000,740.1503,8229.3410,181.9998,700.0000,8172.0000,181.9998,740.1503,8229.3410
Plane,-2218.0000,579.5490,7999.9780,-2218.0000,539.3986,7942.6380,-3018.0000,539.3986,7942.6380
Plane,-2218.0000,539.3986,7942.6380,-3018.0000,499.2483,7885.2970,-3018.0000,539.3986,7942.6380
Plane,-2218.0000,539.3986,7942.6380,-2218.0000,499.2483,7885.2970,-3018.0000,499.2483,7885.2970
Plane,-1418.0000,619.6993,8057.3190,-1418.0000,579.5490,7999.9780,-2218.0000,579.5490,7999.9780
Plane,-1418.0000,579.5490,7999.9780,-2218.0000,539.3986,7942.6380,-2218.0000,579.5490,7999.9780
Plane,-1418.0000,539.3986,7942.6380,-2218.0000,499.2483,7885.2970,-2218.0000,539.3986,7942.6380
Plane,-1418.0000,579.5490,7999.9780,-1418.0000,539.3986,7942.6380,-2218.0000,539.3986,7942.6380
Plane,-1418.0000,539.3986,7942.6380,-1418.0000,499.2483,7885.2970,-2218.0000,499.2483,7885.2970
Plane,-617.9999,659.8497,8114.6590,-617.9999,619.6993,8057.3190,-1418.0000,619.6993,8057.3190
Plane,-617.9999,619.6993,8057.3190,-1418.0000,579.5490,7999.9780,-1418.0000,619.6993,8057.3190
Plane,181.9998,700.0000,8172.0000,181.9998,659.8497,8114.6590,-617.9999,659.8497,8114.6590
Plane,181.9998,659.8497,8114.6590,-617.9999,619.6993,8057.3190,-617.9999,659.8497,8114.6590
Plane,-617.9999,579.5490,7999.9780,-1418.0000,539.3986,7942.6380,-1418.0000,579.5490,7999.9780
Plane,-617.9999,619.6993,8057.3190,-617.9999,579.5490,7999.9780,-1418.0000,579.5490,7999.9780
Plane,-617.9999,539.3986,7942.6380,-1418.0000,499.2483,7885.2970,-1418.0000,539.3986,7942.6380
Plane,-617.9999,579.5490,7999.9780,-617.9999,539.3986,7942.6380,-1418.0000,539.3986,7942.6380
Plane,-617.9999,539.3986,7942.6380,-617.9999,499.2483,7885.2970,-1418.0000,499.2483,7885.2970
Plane,181.9998,619.6993,8057.3190,-617.9999,579.5490,7999.9780,-617.9999,619.6993,8057.3190
Plane,181.9998,659.8497,8114.6590,181.9998,619.6993,8057.3190,-617.9999,619.6993,8057.3190
Plane,982.0000,700.0000,8172.0000,181.9998,659.8497,8114.6590,181.9998,700.0000,8172.0000
Plane,982.0000,740.1503,8229.3410,982.0000,700.0000,8172.0000,181.9998,700.0000,8172.0000
Plane,181.9998,579.5490,7999.9780,-617.9999,539.3986,7942.6380,-617.9999,579.5490,7999.9780
Plane,181.9998,619.6993,8057.3190,181.9998,579.5490,7999.9780,-617.9999,579.5490,7999.9780
Plane,181.9998,539.3986,7942.6380,-617.9999,499.2483,7885.2970,-617.9999,539.3986,7942.6380
Plane,181.9998,579.5490,7999.9780,181.9998,539.3986,7942.6380,-617.9999,539.3986,7942.6380
Plane,181.9998,539.3986,7942.6380,181.9998,499.2483,7885.2970,-617.9999,499.2483,7885.2970
Plane,982.0000,659.8497,8114.6590,181.9998,619.6993,8057.3190,181.9998,659.8497,8114.6590
Plane,982.0000,700.0000,8172.0000,982.0000,659.8497,8114.6590,181.9998,659.8497,8114.6590
Plane,982.0000,619.6993,8057.3190,181.9998,579.5490,7999.9780,181.9998,619.6993,8057.3190
Plane,982.0000,659.8497,8114.6590,982.0000,619.6993,8057.3190,181.9998,619.6993,8057.3190
Plane,982.0000,579.5490,7999.9780,181.9998,539.3986,7942.6380,181.9998,579.5490,7999.9780
Plane,982.0000,619.6993,8057.3190,982.0000,579.5490,7999.9780,181.9998,579.5490,7999.9780
Plane,982.0000,539.3986,7942.6380,181.9998,499.2483,7885.2970,181.9998,539.3986,7942.6380
Plane,982.0000,579.5490,7999.9780,982.0000,539.3986,7942.6380,181.9998,539.3986,7942.6380
Plane,982.0000,539.3986,7942.6380,982.0000,499.2483,7885.2970,181.9998,499.2483,7885.2970
Plane,1782.0000,539.3986,7942.6380,982.0000,499.2483,7885.2970,982.0000,539.3986,7942.6380
Plane,1782.0000,539.3986,7942.6380,1782.0000,499.2483,7885.2970,982.0000,499.2483,7885.2970
Plane,1782.0000,579.5490,7999.9780,982.0000,539.3986,7942.6380,982.0000,579.5490,7999.9780
Plane,1782.0000,579.5490,7999.9780,1782.0000,539.3986,7942.6380,982.0000,539.3986,7942.6380
Plane,1782.0000,619.6993,8057.3190,982.0000,579.5490,7999.9780,982.0000,619.6993,8057.3190
Plane,1782.0000,619.6993,8057.3190,1782.0000,579.5490,7999.9780,982.0000,579.5490,7999.9780
Plane,1782.0000,659.8497,8114.6590,982.0000,619.6993,8057.3190,982.0000,659.8497,8114.6590
Plane,1782.0000,659.8497,8114.6590,1782.0000,619.6993,8057.3190,982.0000,619.6993,8057.3190
Plane,1782.0000,700.0000,8172.0000,982.0000,659.8497,8114.6590,982.0000,700.0000,8172.0000
Plane,1782.0000,700.0000,8172.0000,1782.0000,659.8497,8114.6590,982.0000,659.8497,8114.6590
Plane,2582.0000,539.3986,7942.6380,1782.0000,499.2483,7885.2970,1782.0000,539.3986,7942.6380
Plane,2582.0000,539.3986,7942.6380,2582.0000,499.2483,7885.2970,1782.0000,499.2483,7885.2970
Plane,2582.0000,579.5490,7999.9780,1782.0000,539.3986,7942.6380,1782.0000,579.5490,7999.9780
Plane,2582.0000,579.5490,7999.9780,2582.0000,539.3986,7942.6380,1782.0000,539.3986,7942.6380
Plane,2582.0000,619.6993,8057.3190,1782.0000,579.5490,7999.9780,1782.0000,619.6993,8057.3190
Plane,2582.0000,619.6993,8057.3190,2582.0000,579.5490,7999.9780,1782.0000,579.5490,7999.9780
Plane,2582.0000,659.8497,8114.6590,1782.0000,619.6993,8057.3190,1782.0000,659.8497,8114.6590
Plane,2582.0000,659.8497,8114.6590,2582.0000,619.6993,8057.3190,1782.0000,619.6993,8057.3190
Plane,3382.0000,539.3986,7942.6380,2582.0000,499.2483,7885.2970,2582.0000,539.3986,7942.6380
Plane,3382.0000,539.3986,7942.6380,3382.0000,499.2483,7885.2970,2582.0000,499.2483,7885.2970
Plane,3382.0000,579.5490,7999.9780,2582.0000,539.3986,7942.6380,2582.0000,579.5490,7999.9780
Plane,3382.0000,579.5490,7999.9780,3382.0000,539.3986,7942.6380,2582.0000,539.3986,7942.6380
Plane,3382.0000,619.6993,8057.3190,2582.0000,579.5490,7999.9780,2582.0000,619.6993,8057.3190
Plane,3382.0000,619.6993,8057.3190,3382.0000,579.5490,7999.9780,2582.0000,579.5490,7999.9780
Plane,4182.0000,539.3986,7942.6380,3382.0000,499.2483,7885.2970,3382.0000,539.3986,7942.6380
Plane,4182.0000,539.3986,7942.6380,4182.0000,499.2483,7885.2970,3382.0000,499.2483,7885.2970
Plane,4182.0000,579.5490,7999.9780,3382.0000,539.3986,7942.6380,3382.0000,579.5490,7999.9780
Plane,4182.0000,579.5490,7999.9780,4182.0000,539.3986,7942.6380,3382.0000,539.3986,7942.6380
Plane,4982.0000,539.3986,7942.6380,4182.0000,499.2483,7885.2970,4182.0000,539.3986,7942.6380
Plane,4982.0000,539.3986,7942.6380,4982.0000,499.2483,7885.2970,4182.0000,499.2483,7885.2970
Plane,4982.0000,579.5490,7999.9780,4982.0000,539.3986,7942.6380,4182.0000,539.3986,7942.6380
Plane,4982.0000,579.5490,7999.9780,4182.0000,539.3986,7942.6380,4182.0000,579.5490,7999.9780
Plane,4982.0000,619.6993,8057.3190,4982.0000,579.5490,7999.9780,4182.0000,579.5490,7999.9780
Plane,4182.0000,619.6993,8057.3190,4182.0000,579.5490,7999.9780,3382.0000,579.5490,7999.9780
Plane,4982.0000,619.6993,8057.3190,4182.0000,579.5490,7999.9780,4182.0000,619.6993,8057.3190
Plane,4182.0000,619.6993,8057.3190,3382.0000,579.5490,7999.9780,3382.0000,619.6993,8057.3190
Plane,4982.0000,659.8497,8114.6590,4982.0000,619.6993,8057.3190,4182.0000,619.6993,8057.3190
Plane,4982.0000,659.8497,8114.6590,4182.0000,619.6993,8057.3190,4182.0000,659.8497,8114.6590
Plane,4182.0000,659.8497,8114.6590,4182.0000,619.6993,8057.3190,3382.0000,619.6993,8057.3190
Plane,4982.0000,700.0000,8172.0000,4982.0000,659.8497,8114.6590,4182.0000,659.8497,8114.6590
Plane,4182.0000,659.8497,8114.6590,3382.0000,619.6993,8057.3190,3382.0000,659.8497,8114.6590
Plane,3382.0000,659.8497,8114.6590,3382.0000,619.6993,8057.3190,2582.0000,619.6993,8057.3190
Plane,3382.0000,659.8497,8114.6590,2582.0000,619.6993,8057.3190,2582.0000,659.8497,8114.6590
Plane,4982.0000,700.0000,8172.0000,4182.0000,659.8497,8114.6590,4182.0000,700.0000,8172.0000
Plane,4182.0000,700.0000,8172.0000,4182.0000,659.8497,8114.6590,3382.0000,659.8497,8114.6590
Plane,4982.0000,740.1503,8229.3410,4982.0000,700.0000,8172.0000,4182.0000,700.0000,8172.0000
Plane,3382.0000,700.0000,8172.0000,3382.0000,659.8497,8114.6590,2582.0000,659.8497,8114.6590
Plane,4182.0000,700.0000,8172.0000,3382.0000,659.8497,8114.6590,3382.0000,700.0000,8172.0000
Plane,4982.0000,740.1503,8229.3410,4182.0000,700.0000,8172.0000,4182.0000,740.1503,8229.3410
Plane,4182.0000,740.1503,8229.3410,4182.0000,700.0000,8172.0000,3382.0000,700.0000,8172.0000
Plane,4982.0000,780.3007,8286.6820,4982.0000,740.1503,8229.3410,4182.0000,740.1503,8229.3410
Plane,3382.0000,700.0000,8172.0000,2582.0000,659.8497,8114.6590,2582.0000,700.0000,8172.0000
Plane,2582.0000,700.0000,8172.0000,2582.0000,659.8497,8114.6590,1782.0000,659.8497,8114.6590
Plane,2582.0000,700.0000,8172.0000,1782.0000,659.8497,8114.6590,1782.0000,700.0000,8172.0000
Plane,4982.0000,780.3007,8286.6820,4182.0000,740.1503,8229.3410,4182.0000,780.3007,8286.6820
Plane,4982.0000,820.4510,8344.0220,4982.0000,780.3007,8286.6820,4182.0000,780.3007,8286.6820
Plane,4182.0000,740.1503,8229.3410,3382.0000,700.0000,8172.0000,3382.0000,740.1503,8229.3410
Plane,3382.0000,740.1503,8229.3410,3382.0000,700.0000,8172.0000,2582.0000,700.0000,8172.0000
Plane,4182.0000,780.3007,8286.6820,4182.0000,740.1503,8229.3410,3382.0000,740.1503,8229.3410
Plane,2582.0000,740.1503,8229.3410,2582.0000,700.0000,8172.0000,1782.0000,700.0000,8172.0000
Plane,3382.0000,740.1503,8229.3410,2582.0000,700.0000,8172.0000,2582.0000,740.1503,8229.3410
Plane,4982.0000,820.4510,8344.0220,4182.0000,780.3007,8286.6820,4182.0000,820.4510,8344.0220
Plane,4982.0000,860.6014,8401.3620,4982.0000,820.4510,8344.0220,4182.0000,820.4510,8344.0220
Plane,4182.0000,780.3007,8286.6820,3382.0000,740.1503,8229.3410,3382.0000,780.3007,8286.6820
Plane,3382.0000,780.3007,8286.6820,3382.0000,740.1503,8229.3410,2582.0000,740.1503,8229.3410
Plane,4182.0000,820.4510,8344.0220,4182.0000,780.3007,8286.6820,3382.0000,780.3007,8286.6820
Plane,2582.0000,740.1503,8229.3410,1782.0000,700.0000,8172.0000,1782.0000,740.1503,8229.3410
Plane,1782.0000,740.1503,8229.3410,1782.0000,700.0000,8172.0000,982.0000,700.0000,8172.0000
Plane,1782.0000,740.1503,8229.3410,982.0000,700.0000,8172.0000,982.0000,740.1503,8229.3410
Plane,4982.0000,860.6014,8401.3620,4182.0000,820.4510,8344.0220,4182.0000,860.6014,8401.3620
Plane,4982.0000,900.7517,8458.7030,4982.0000,860.6014,8401.3620,4182.0000,860.6014,8401.3620
Plane,4982.0000,900.7517,8458.7030,4182.0000,860.6014,8401.3620,4182.0000,900.7517,8458.7030
Plane,4182.0000,820.4510,8344.0220,3382.0000,780.3007,8286.6820,3382.0000,820.4510,8344.0220
Plane,4182.0000,860.6014,8401.3620,4182.0000,820.4510,8344.0220,3382.0000,820.4510,8344.0220
Plane,3382.0000,780.3007,8286.6820,2582.0000,740.1503,8229.3410,2582.0000,780.3007,8286.6820
Plane,2582.0000,780.3007,8286.6820,2582.0000,740.1503,8229.3410,1782.0000,740.1503,8229.3410
Plane,3382.0000,820.4510,8344.0220,3382.0000,780.3007,8286.6820,2582.0000,780.3007,8286.6820
Plane,1782.0000,780.3007,8286.6820,1782.0000,740.1503,8229.3410,982.0000,740.1503,8229.3410
Plane,2582.0000,780.3007,8286.6820,1782.0000,740.1503,8229.3410,1782.0000,780.3007,8286.6820
Plane,1782.0000,780.3007,8286.6820,982.0000,740.1503,8229.3410,982.0000,780.3007,8286.6820
Plane,1782.0000,820.4510,8344.0220,1782.0000,780.3007,8286.6820,982.0000,780.3007,8286.6820
Plane,4182.0000,900.7517,8458.7030,4182.0000,860.6014,8401.3620,3382.0000,860.6014,8401.3620
Plane,4182.0000,860.6014,8401.3620,3382.0000,820.4510,8344.0220,3382.0000,860.6014,8401.3620
Plane,4182.0000,900.7517,8458.7030,3382.0000,860.6014,8401.3620,3382.0000,900.7517,8458.7030
Plane,3382.0000,900.7517,8458.7030,3382.0000,860.6014,8401.3620,2582.0000,860.6014,8401.3620
Plane,3382.0000,820.4510,8344.0220,2582.0000,780.3007,8286.6820,2582.0000,820.4510,8344.0220
Plane,2582.0000,820.4510,8344.0220,2582.0000,780.3007,8286.6820,1782.0000,780.3007,8286.6820
Plane,2582.0000,820.4510,8344.0220,1782.0000,780.3007,8286.6820,1782.0000,820.4510,8344.0220
Plane,3382.0000,860.6014,8401.3620,3382.0000,820.4510,8344.0220,2582.0000,820.4510,8344.0220
Plane,3382.0000,860.6014,8401.3620,2582.0000,820.4510,8344.0220,2582.0000,860.6014,8401.3620
Plane,2582.0000,860.6014,8401.3620,2582.0000,820.4510,8344.0220,1782.0000,820.4510,8344.0220
Plane,-4540.0010,2009.0000,10017.0000,-5840.0000,1809.0000,10017.0000,-5840.0000,2009.0000,10017.0000
Plane,-4540.0010,2009.0000,10017.0000,-4540.0010,1809.0000,10017.0000,-5840.0000,1809.0000,10017.0000
Plane,-3240.0000,2009.0000,10017.0000,-4540.0010,1809.0000,10017.0000,-4540.0010,2009.0000,10017.0000
Plane,-4540.0010,1809.0000,10017.0000,-5840.0000,1609.0000,10017.0000,-5840.0000,1809.0000,10017.0000
Plane,-3240.0000,2009.0000,10017.0000,-3240.0000,1809.0000,10017.0000,-4540.0010,1809.0000,10017.0000
Plane,-1940.0000,2009.0000,10017.0000,-3240.0000,1809.0000,10017.0000,-3240.0000,2009.0000,10017.0000
Plane,-4540.0010,1809.0000,10017.0000,-4540.0010,1609.0000,10017.0000,-5840.0000,1609.0000,10017.0000
Plane,-3240.0000,1809.0000,10017.0000,-4540.0010,1609.0000,10017.0000,-4540.0010,1809.0000,10017.0000
Plane,-4540.0010,1609.0000,10017.0000,-5840.0000,1409.0000,10017.0000,-5840.0000,1609.0000,10017.0000
Plane,-1940.0000,2009.0000,10017.0000,-1940.0000,1809.0000,10017.0000,-3240.0000,1809.0000,10017.0000
Plane,-640.0003,2009.0000,10017.0000,-1940.0000,1809.0000,10017.0000,-1940.0000,2009.0000,10017.0000
Plane,-3240.0000,1809.0000,10017.0000,-3240.0000,1609.0000,10017.0000,-4540.0010,1609.0000,10017.0000
Plane,-1940.0000,1809.0000,10017.0000,-3240.0000,1609.0000,10017.0000,-3240.0000,1809.0000,10017.0000
Plane,-4540.0010,1609.0000,10017.0000,-4540.0010,1409.0000,10017.0000,-5840.0000,1409.0000,10017.0000
Plane,-3240.0000,1609.0000,10017.0000,-4540.0010,1409.0000,10017.0000,-4540.0010,1609.0000,10017.0000
Plane,-4540.0010,1409.0000,10017.0000,-5840.0000,1209.0000,10017.0000,-5840.0000,1409.0000,10017.0000
Plane,-640.0003,2009.0000,10017.0000,-640.0003,1809.0000,10017.0000,-1940.0000,1809.0000,10017.0000
Plane,660.0000,2009.0000,10017.0000,-640.0003,1809.0000,10017.0000,-640.0003,2009.0000,10017.0000
Plane,-1940.0000,1809.0000,10017.0000,-1940.0000,1609.0000,10017.0000,-3240.0000,1609.0000,10017.0000
Plane,-640.0003,1809.0000,10017.0000,-1940.0000,1609.0000,10017.0000,-1940.0000,1809.0000,10017.0000
Plane,-3240.0000,1609.0000,10017.0000,-3240.0000,1409.0000,10017.0000,-4540.0010,1409.0000,10017.0000
Plane,-1940.0000,1609.0000,10017.0000,-3240.0000,1409.0000,10017.0000,-3240.0000,1609.0000,10017.0000
Plane,-4540.0010,1409.0000,10017.0000,-4540.0010,1209.0000,10017.0000,-5840.0000,1209.0000,10017.0000
Plane,-3240.0000,1409.0000,10017.0000,-4540.0010,1209.0000,10017.0000,-4540.0010,1409.0000,10017.0000
Plane,-4540.0010,1209.0000,10017.0000,-5840.0000,1009.0000,10017.0000,-5840.0000,1209.0000,10017.0000
Plane,660.0000,2009.0000,10017.0000,660.0000,1809.0000,10017.0000,-640.0003,1809.0000,10017.0000
Plane,1960.0000,2009.0000,10017.0000,660.0000,1809.0000,10017.0000,660.0000,2009.0000,10017.0000
Plane,-640.0003,1809.0000,10017.0000,-640.0003,1609.0000,10017.0000,-1940.0000,1609.0000,10017.0000
Plane,660.0000,1809.0000,10017.0000,-640.0003,1609.0000,10017.0000,-640.0003,1809.0000,10017.0000
Plane,-1940.0000,1609.0000,10017.0000,-1940.0000,1409.0000,10017.0000,-3240.0000,1409.0000,10017.0000
Plane,-640.0003,1609.0000,10017.0000,-1940.0000,1409.0000,10017.0000,-1940.0000,1609.0000,10017.0000
Plane,-3240.0000,1409.0000,10017.0000,-3240.0000,1209.0000,10017.0000,-4540.0010,1209.0000,10017.0000
Plane,-1940.0000,1409.0000,10017.0000,-3240.0000,1209.0000,10017.0000,-3240.0000,1409.0000,10017.0000
Plane,-4540.0010,1209.0000,10017.0000,-4540.0010,1009.0000,10017.0000,-5840.0000,1009.0000,10017.0000
Plane,-3240.0000,1209.0000,10017.0000,-4540.0010,1009.0000,10017.0000,-4540.0010,1209.0000,10017.0000
Plane,-4540.0010,1009.0000,10017.0000,-5840.0000,808.9999,10017.0000,-5840.0000,1009.0000,10017.0000
Plane,1960.0000,2009.0000,10017.0000,1960.0000,1809.0000,10017.0000,660.0000,1809.0000,10017.0000
Plane,3260.0000,2009.0000,10017.0000,1960.0000,1809.0000,10017.0000,1960.0000,2009.0000,10017.0000
Plane,660.0000,1809.0000,10017.0000,660.0000,1609.0000,10017.0000,-640.0003,1609.0000,10017.0000
Plane,1960.0000,1809.0000,10017.0000,660.0000,1609.0000,10017.0000,660.0000,1809.0000,10017.0000
Plane,-640.0003,1609.0000,10017.0000,-640.0003,1409.0000,10017.0000,-1940.0000,1409.0000,10017.0000
Plane,660.0000,1609.0000,10017.0000,-640.0003,1409.0000,10017.0000,-640.0003,1609.0000,10017.0000
Plane,-1940.0000,1409.0000,10017.0000,-1940.0000,1209.0000,10017.0000,-3240.0000,1209.0000,10017.0000
Plane,-640.0003,1409.0000,10017.0000,-1940.0000,1209.0000,10017.0000,-1940.0000,1409.0000,10017.0000
Plane,-3240.0000,1209.0000,10017.0000,-3240.0000,1009.0000,10017.0000,-4540.0010,1009.0000,10017.0000
Plane,-1940.0000,1209.0000,10017.0000,-3240.0000,1009.0000,10017.0000,-3240.0000,1209.0000,10017.0000
Plane,-4540.0010,1009.0000,10017.0000,-4540.0010,808.9999,10017.0000,-5840.0000,808.9999,10017.0000
Plane,-3240.0000,1009.0000,10017.0000,-4540.0010,808.9999,10017.0000,-4540.0010,1009.0000,10017.0000
Plane,-4540.0010,808.9999,10017.0000,-5840.0000,609.0000,10017.0000,-5840.0000,808.9999,10017.0000
Plane,3260.0000,2009.0000,10017.0000,3260.0000,1809.0000,10017.0000,1960.0000,1809.0000,10017.0000
Plane,4560.0000,2009.0000,10017.0000,3260.0000,1809.0000,10017.0000,3260.0000,2009.0000,10017.0000
Plane,1960.0000,1809.0000,10017.0000,1960.0000,1609.0000,10017.0000,660.0000,1609.0000,10017.0000
Plane,3260.0000,1809.0000,10017.0000,1960.0000,1609.0000,10017.0000,1960.0000,1809.0000,10017.0000
Plane,660.0000,1609.0000,10017.0000,660.0000,1409.0000,10017.0000,-640.0003,1409.0000,10017.0000
Plane,1960.0000,1609.0000,10017.0000,660.0000,1409.0000,10017.0000,660.0000,1609.0000,10017.0000
Plane,-640.0003,1409.0000,10017.0000,-640.0003,1209.0000,10017.0000,-1940.0000,1209.0000,10017.0000
Plane,660.0000,1409.0000,10017.0000,-640.0003,1209.0000,10017.0000,-640.0003,1409.0000,10017.0000
Plane,-1940.0000,1209.0000,10017.0000,-1940.0000,1009.0000,10017.0000,-3240.0000,1009.0000,10017.0000
Plane,-640.0003,1209.0000,10017.0000,-1940.0000,1009.0000,10017.0000,-1940.0000,1209.0000,10017.0000
Plane,-3240.0000,1009.0000,10017.0000,-3240.0000,808.9999,10017.0000,-4540.0010,808.9999,10017.0000
Plane,-1940.0000,1009.0000,10017.0000,-3240.0000,808.9999,10017.0000,-3240.0000,1009.0000,10017.0000
Plane,-4540.0010,808.9999,10017.0000,-4540.0010,609.0000,10017.0000,-5840.0000,609.0000,10017.0000
Plane,-3240.0000,808.9999,10017.0000,-4540.0010,609.0000,10017.0000,-4540.0010,808.9999,10017.0000
Plane,-4540.0010,609.0000,10017.0000,-5840.0000,408.9999,10017.0000,-5840.0000,609.0000,10017.0000
Plane,-4540.0010,609.0000,10017.0000,-4540.0010,408.9999,10017.0000,-5840.0000,408.9999,10017.0000
Plane,-4540.0010,408.9999,10017.0000,-5840.0000,208.9998,10017.0000,-5840.0000,408.9999,10017.0000
Plane,-3240.0000,808.9999,10017.0000,-3240.0000,609.0000,10017.0000,-4540.0010,609.0000,10017.0000
Plane,-3240.0000,609.0000,10017.0000,-4540.0010,408.9999,10017.0000,-4540.0010,609.0000,10017.0000
Plane,-1940.0000,1009.0000,10017.0000,-1940.0000,808.9999,10017.0000,-3240.0000,808.9999,10017.0000
Plane,-1940.0000,808.9999,10017.0000,-3240.0000,609.0000,10017.0000,-3240.0000,808.9999,10017.0000
Plane,-640.0003,1209.0000,10017.0000,-640.0003,1009.0000,10017.0000,-1940.0000,1009.0000,10017.0000
Plane,-640.0003,1009.0000,10017.0000,-1940.0000,808.9999,10017.0000,-1940.0000,1009.0000,10017.0000
Plane,660.0000,1409.0000,10017.0000,660.0000,1209.0000,10017.0000,-640.0003,1209.0000,10017.0000
Plane,660.0000,1209.0000,10017.0000,-640.0003,1009.0000,10017.0000,-640.0003,1209.0000,10017.0000
Plane,-4540.0010,408.9999,10017.0000,-4540.0010,208.9998,10017.0000,-5840.0000,208.9998,10017.0000
Plane,-4540.0010,208.9998,10017.0000,-5840.0000,8.9999,10017.0000,-5840.0000,208.9998,10017.0000
Plane,-4540.0010,208.9998,10017.0000,-4540.0010,8.9999,10017.0000,-5840.0000,8.9999,10017.0000
Plane,-3240.0000,609.0000,10017.0000,-3240.0000,408.9999,10017.0000,-4540.0010,408.9999,10017.0000
Plane,-3240.0000,408.9999,10017.0000,-4540.0010,208.9998,10017.0000,-4540.0010,408.9999,10017.0000
Plane,-3240.0000,208.9998,10017.0000,-4540.0010,8.9999,10017.0000,-4540.0010,208.9998,10017.0000
Plane,-3240.0000,408.9999,10017.0000,-3240.0000,208.9998,10017.0000,-4540.0010,208.9998,10017.0000
Plane,-3240.0000,208.9998,10017.0000,-3240.0000,8.9999,10017.0000,-4540.0010,8.9999,10017.0000
Plane,-1940.0000,808.9999,10017.0000,-1940.0000,609.0000,10017.0000,-3240.0000,609.0000,10017.0000
Plane,-1940.0000,609.0000,10017.0000,-3240.0000,408.9999,10017.0000,-3240.0000,609.0000,10017.0000
Plane,-640.0003,1009.0000,10017.0000,-640.0003,808.9999,10017.0000,-1940.0000,808.9999,10017.0000
Plane,-640.0003,808.9999,10017.0000,-1940.0000,609.0000,10017.0000,-1940.0000,808.9999,10017.0000
Plane,-1940.0000,408.9999,10017.0000,-3240.0000,208.9998,10017.0000,-3240.0000,408.9999,10017.0000
Plane,-1940.0000,609.0000,10017.0000,-1940.0000,408.9999,10017.0000,-3240.0000,408.9999,10017.0000
Plane,-1940.0000,208.9998,10017.0000,-3240.0000,8.9999,10017.0000,-3240.0000,208.9998,10017.0000
Plane,-1940.0000,408.9999,10017.0000,-1940.0000,208.9998,10017.0000,-3240.0000,208.9998,10017.0000
Plane,-1940.0000,208.9998,10017.0000,-1940.0000,8.9999,10017.0000,-3240.0000,8.9999,10017.0000
Plane,-640.0003,609.0000,10017.0000,-1940.0000,408.9999,10017.0000,-1940.0000,609.0000,10017.0000
Plane,-640.0003,808.9999,10017.0000,-640.0003,609.0000,10017.0000,-1940.0000,609.0000,10017.0000
Plane,660.0000,1009.0000,10017.0000,-640.0003,808.9999,10017.0000,-640.0003,1009.0000,10017.0000
Plane,660.0000,1209.0000,10017.0000,660.0000,1009.0000,10017.0000,-640.0003,1009.0000,10017.0000
Plane,-640.0003,408.9999,10017.0000,-1940.0000,208.9998,10017.0000,-1940.0000,408.9999,10017.0000
Plane,-640.0003,609.0000,10017.0000,-640.0003,408.9999,10017.0000,-1940.0000,408.9999,10017.0000
Plane,-640.0003,208.9998,10017.0000,-1940.0000,8.9999,10017.0000,-1940.0000,208.9998,10017.0000
Plane,-640.0003,408.9999,10017.0000,-640.0003,208.9998,10017.0000,-1940.0000,208.9998,10017.0000
Plane,-640.0003,208.9998,10017.0000,-640.0003,8.9999,10017.0000,-1940.0000,8.9999,10017.0000
Plane,660.0000,808.9999,10017.0000,-640.0003,609.0000,10017.0000,-640.0003,808.9999,10017.0000
Plane,660.0000,1009.0000,10017.0000,660.0000,808.9999,10017.0000,-640.0003,808.9999,10017.0000
Plane,660.0000,609.0000,10017.0000,-640.0003,408.9999,10017.0000,-640.0003,609.0000,10017.0000
Plane,660.0000,808.9999,10017.0000,660.0000,609.0000,10017.0000,-640.0003,609.0000,10017.0000
Plane,660.0000,408.9999,10017.0000,-640.0003,208.9998,10017.0000,-640.0003,408.9999,10017.0000
Plane,660.0000,609.0000,10017.0000,660.0000,408.9999,10017.0000,-640.0003,408.9999,10017.0000
Plane,660.0000,208.9998,10017.0000,-640.0003,8.9999,10017.0000,-640.0003,208.9998,10017.0000
Plane,660.0000,408.9999,10017.0000,660.0000,208.9998,10017.0000,-640.0003,208.9998,10017.0000
Plane,660.0000,208.9998,10017.0000,660.0000,8.9999,10017.0000,-640.0003,8.9999,10017.0000
Plane,1960.0000,208.9998,10017.0000,660.0000,8.9999,10017.0000,660.0000,208.9998,10017.0000
Plane,1960.0000,208.9998,10017.0000,1960.0000,8.9999,10017.0000,660.0000,8.9999,10017.0000
Plane,1960.0000,408.9999,10017.0000,660.0000,208.9998,10017.0000,660.0000,408.9999,10017.0000
Plane,1960.0000,408.9999,10017.0000,1960.0000,208.9998,10017.0000,660.0000,208.9998,10017.0000
Plane,1960.0000,609.0000,10017.0000,660.0000,408.9999,10017.0000,660.0000,609.0000,10017.0000
Plane,1960.0000,609.0000,10017.0000,1960.0000,408.9999,10017.0000,660.0000,408.9999,10017.0000
Plane,1960.0000,808.9999,10017.0000,660.0000,609.0000,10017.0000,660.0000,808.9999,10017.0000
Plane,1960.0000,808.9999,10017.0000,1960.0000,609.0000,10017.0000,660.0000,609.0000,10017.0000
Plane,1960.0000,1009.0000,10017.0000,660.0000,808.9999,10017.0000,660.0000,1009.0000,10017.0000
Plane,1960.0000,1009.0000,10017.0000,1960.0000,808.9999,10017.0000,660.0000,808.9999,10017.0000
Plane,3260.0000,208.9998,10017.0000,1960.0000,8.9999,10017.0000,1960.0000,208.9998,10017.0000
Plane,3260.0000,208.9998,10017.0000,3260.0000,8.9999,10017.0000,1960.0000,8.9999,10017.0000
Plane,3260.0000,408.9999,10017.0000,1960.0000,208.9998,10017.0000,1960.0000,408.9999,10017.0000
Plane,3260.0000,408.9999,10017.0000,3260.0000,208.9998,10017.0000,1960.0000,208.9998,10017.0000
Plane,3260.0000,609.0000,10017.0000,1960.0000,408.9999,10017.0000,1960.0000,609.0000,10017.0000
Plane,3260.0000,609.0000,10017.0000,3260.0000,408.9999,10017.0000,1960.0000,408.9999,10017.0000
Plane,3260.0000,808.9999,10017.0000,1960.0000,609.0000,10017.0000,1960.0000,808.9999,10017.0000
Plane,3260.0000,808.9999,10017.0000,3260.0000,609.0000,10017.0000,1960.0000,609.0000,10017.0000
Plane,4560.0000,208.9998,10017.0000,3260.0000,8.9999,10017.0000,3260.0000,208.9998,10017.0000
Plane,4560.0000,208.9998,10017.0000,4560.0000,8.9999,10017.0000,3260.0000,8.9999,10017.0000
Plane,4560.0000,408.9999,10017.0000,3260.0000,208.9998,10017.0000,3260.0000,408.9999,10017.0000
Plane,4560.0000,408.9999,10017.0000,4560.0000,208.9998,10017.0000,3260.0000,208.9998,10017.0000
Plane,4560.0000,609.0000,10017.0000,3260.0000,408.9999,10017.0000,3260.0000,609.0000,10017.0000
Plane,4560.0000,609.0000,10017.0000,4560.0000,408.9999,10017.0000,3260.0000,408.9999,10017.0000
Plane,5860.0000,208.9998,10017.0000,4560.0000,8.9999,10017.0000,4560.0000,208.9998,10017.0000
Plane,5860.0000,208.9998,10017.0000,5860.0000,8.9999,10017.0000,4560.0000,8.9999,10017.0000
Plane,5860.0000,408.9999,10017.0000,4560.0000,208.9998,10017.0000,4560.0000,408.9999,10017.0000
Plane,5860.0000,408.9999,10017.0000,5860.0000,208.9998,10017.0000,4560.0000,208.9998,10017.0000
Plane,7160.0000,208.9998,10017.0000,5860.0000,8.9999,10017.0000,5860.0000,208.9998,10017.0000
Plane,7160.0000,208.9998,10017.0000,7160.0000,8.9999,10017.0000,5860.0000,8.9999,10017.0000
Plane,7160.0000,408.9999,10017.0000,7160.0000,208.9998,10017.0000,5860.0000,208.9998,10017.0000
Plane,7160.0000,408.9999,10017.0000,5860.0000,208.9998,10017.0000,5860.0000,408.9999,10017.0000
Plane,7160.0000,609.0000,10017.0000,7160.0000,408.9999,10017.0000,5860.0000,408.9999,10017.0000
Plane,5860.0000,609.0000,10017.0000,5860.0000,408.9999,10017.0000,4560.0000,408.9999,10017.0000
Plane,7160.0000,609.0000,10017.0000,5860.0000,408.9999,10017.0000,5860.0000,609.0000,10017.0000
Plane,5860.0000,609.0000,10017.0000,4560.0000,408.9999,10017.0000,4560.0000,609.0000,10017.0000
Plane,7160.0000,808.9999,10017.0000,7160.0000,609.0000,10017.0000,5860.0000,609.0000,10017.0000
Plane,7160.0000,808.9999,10017.0000,5860.0000,609.0000,10017.0000,5860.0000,808.9999,10017.0000
Plane,5860.0000,808.9999,10017.0000,5860.0000,609.0000,10017.0000,4560.0000,609.0000,10017.0000
Plane,7160.0000,1009.0000,10017.0000,7160.0000,808.9999,10017.0000,5860.0000,808.9999,10017.0000
Plane,5860.0000,808.9999,10017.0000,4560.0000,609.0000,10017.0000,4560.0000,808.9999,10017.0000
Plane,4560.0000,808.9999,10017.0000,4560.0000,609.0000,10017.0000,3260.0000,609.0000,10017.0000
Plane,4560.0000,808.9999,10017.0000,3260.0000,609.0000,10017.0000,3260.0000,808.9999,10017.0000
Plane,7160.0000,1009.0000,10017.0000,5860.0000,808.9999,10017.0000,5860.0000,1009.0000,10017.0000
Plane,5860.0000,1009.0000,10017.0000,5860.0000,808.9999,10017.0000,4560.0000,808.9999,10017.0000
Plane,7160.0000,1209.0000,10017.0000,7160.0000,1009.0000,10017.0000,5860.0000,1009.0000,10017.0000
Plane,4560.0000,1009.0000,10017.0000,4560.0000,808.9999,10017.0000,3260.0000,808.9999,10017.0000
Plane,5860.0000,1009.0000,10017.0000,4560.0000,808.9999,10017.0000,4560.0000,1009.0000,10017.0000
Plane,7160.0000,1209.0000,10017.0000,5860.0000,1009.0000,10017.0000,5860.0000,1209.0000,10017.0000
Plane,5860.0000,1209.0000,10017.0000,5860.0000,1009.0000,10017.0000,4560.0000,1009.0000,10017.0000
Plane,7160.0000,1409.0000,10017.0000,7160.0000,1209.0000,10017.0000,5860.0000,1209.0000,10017.0000
Plane,4560.0000,1009.0000,10017.0000,3260.0000,808.9999,10017.0000,3260.0000,1009.0000,10017.0000
Plane,3260.0000,1009.0000,10017.0000,3260.0000,808.9999,10017.0000,1960.0000,808.9999,10017.0000
Plane,3260.0000,1009.0000,10017.0000,1960.0000,808.9999,10017.0000,1960.0000,1009.0000,10017.0000
Plane,7160.0000,1409.0000,10017.0000,5860.0000,1209.0000,10017.0000,5860.0000,1409.0000,10017.0000
Plane,7160.0000,1609.0000,10017.0000,7160.0000,1409.0000,10017.0000,5860.0000,1409.0000,10017.0000
Plane,5860.0000,1209.0000,10017.0000,4560.0000,1009.0000,10017.0000,4560.0000,1209.0000,10017.0000
Plane,4560.0000,1209.0000,10017.0000,4560.0000,1009.0000,10017.0000,3260.0000,1009.0000,10017.0000
Plane,5860.0000,1409.0000,10017.0000,5860.0000,1209.0000,10017.0000,4560.0000,1209.0000,10017.0000
Plane,3260.0000,1209.0000,10017.0000,3260.0000,1009.0000,10017.0000,1960.0000,1009.0000,10017.0000
Plane,4560.0000,1209.0000,10017.0000,3260.0000,1009.0000,10017.0000,3260.0000,1209.0000,10017.0000
Plane,7160.0000,1609.0000,10017.0000,5860.0000,1409.0000,10017.0000,5860.0000,1609.0000,10017.0000
Plane,7160.0000,1809.0000,10017.0000,7160.0000,1609.0000,10017.0000,5860.0000,1609.0000,10017.0000
Plane,5860.0000,1409.0000,10017.0000,4560.0000,1209.0000,10017.0000,4560.0000,1409.0000,10017.0000
Plane,4560.0000,1409.0000,10017.0000,4560.0000,1209.0000,10017.0000,3260.0000,1209.0000,10017.0000
Plane,5860.0000,1609.0000,10017.0000,5860.0000,1409.0000,10017.0000,4560.0000,1409.0000,10017.0000
Plane,3260.0000,1209.0000,10017.0000,1960.0000,1009.0000,10017.0000,1960.0000,1209.0000,10017.0000
Plane,1960.0000,1209.0000,10017.0000,1960.0000,1009.0000,10017.0000,660.0000,1009.0000,10017.0000
Plane,1960.0000,1209.0000,10017.0000,660.0000,1009.0000,10017.0000,660.0000,1209.0000,10017.0000
Plane,7160.0000,1809.0000,10017.0000,5860.0000,1609.0000,10017.0000,5860.0000,1809.0000,10017.0000
Plane,7160.0000,2009.0000,10017.0000,7160.0000,1809.0000,10017.0000,5860.0000,1809.0000,10017.0000
Plane,7160.0000,2009.0000,10017.0000,5860.0000,1809.0000,10017.0000,5860.0000,2009.0000,10017.0000
Plane,5860.0000,1609.0000,10017.0000,4560.0000,1409.0000,10017.0000,4560.0000,1609.0000,10017.0000
Plane,5860.0000,1809.0000,10017.0000,5860.0000,1609.0000,10017.0000,4560.0000,1609.0000,10017.0000
Plane,4560.0000,1409.0000,10017.0000,3260.0000,1209.0000,10017.0000,3260.0000,1409.0000,10017.0000
Plane,3260.0000,1409.0000,10017.0000,3260.0000,1209.0000,10017.0000,1960.0000,1209.0000,10017.0000
Plane,4560.0000,1609.0000,10017.0000,4560.0000,1409.0000,10017.0000,3260.0000,1409.0000,10017.0000
Plane,1960.0000,1409.0000,10017.0000,1960.0000,1209.0000,10017.0000,660.0000,1209.0000,10017.0000
Plane,3260.0000,1409.0000,10017.0000,1960.0000,1209.0000,10017.0000,1960.0000,1409.0000,10017.0000
Plane,1960.0000,1409.0000,10017.0000,660.0000,1209.0000,10017.0000,660.0000,1409.0000,10017.0000
Plane,1960.0000,1609.0000,10017.0000,1960.0000,1409.0000,10017.0000,660.0000,1409.0000,10017.0000
Plane,5860.0000,2009.0000,10017.0000,5860.0000,1809.0000,10017.0000,4560.0000,1809.0000,10017.0000
Plane,5860.0000,1809.0000,10017.0000,4560.0000,1609.0000,10017.0000,4560.0000,1809.0000,10017.0000
Plane,5860.0000,2009.0000,10017.0000,4560.0000,1809.0000,10017.0000,4560.0000,2009.0000,10017.0000
Plane,4560.0000,2009.0000,10017.0000,4560.0000,1809.0000,10017.0000,3260.0000,1809.0000,10017.0000
Plane,4560.0000,1609.0000,10017.0000,3260.0000,1409.0000,10017.0000,3260.0000,1609.0000,10017.0000
Plane,3260.0000,1609.0000,10017.0000,3260.0000,1409.0000,10017.0000,1960.0000,1409.0000,10017.0000
Plane,3260.0000,1609.0000,10017.0000,1960.0000,1409.0000,10017.0000,1960.0000,1609.0000,10017.0000
Plane,4560.0000,1809.0000,10017.0000,4560.0000,1609.0000,10017.0000,3260.0000,1609.0000,10017.0000
Plane,4560.0000,1809.0000,10017.0000,3260.0000,1609.0000,10017.0000,3260.0000,1809.0000,10017.0000
Plane,3260.0000,1809.0000,10017.0000,3260.0000,1609.0000,10017.0000,1960.0000,1609.0000,10017.0000
Plane,-4660.0000,10.0000,9203.0010,-4660.0000,210.0000,10703.0000,-4660.0000,10.0000,10703.0000
Plane,-4660.0000,10.0000,9203.0010,-4660.0000,210.0000,9203.0010,-4660.0000,210.0000,10703.0000
Plane,-4660.0000,10.0000,7703.0000,-4660.0000,210.0000,9203.0010,-4660.0000,10.0000,9203.0010
Plane,-4660.0000,210.0000,9203.0010,-4660.0000,410.0000,10703.0000,-4660.0000,210.0000,10703.0000
Plane,-4660.0000,10.0000,7703.0000,-4660.0000,210.0000,7703.0000,-4660.0000,210.0000,9203.0010
Plane,-4660.0000,10.0000,6203.0000,-4660.0000,210.0000,7703.0000,-4660.0000,10.0000,7703.0000
Plane,-4660.0000,210.0000,9203.0010,-4660.0000,410.0000,9203.0010,-4660.0000,410.0000,10703.0000
Plane,-4660.0000,210.0000,7703.0000,-4660.0000,410.0000,9203.0010,-4660.0000,210.0000,9203.0010
Plane,-4660.0000,410.0000,9203.0010,-4660.0000,610.0001,10703.0000,-4660.0000,410.0000,10703.0000
Plane,-4660.0000,10.0000,6203.0000,-4660.0000,210.0000,6203.0000,-4660.0000,210.0000,7703.0000
Plane,-4660.0000,10.0000,4703.0000,-4660.0000,210.0000,6203.0000,-4660.0000,10.0000,6203.0000
Plane,-4660.0000,210.0000,7703.0000,-4660.0000,410.0000,7703.0000,-4660.0000,410.0000,9203.0010
Plane,-4660.0000,210.0000,6203.0000,-4660.0000,410.0000,7703.0000,-4660.0000,210.0000,7703.0000
Plane,-4660.0000,410.0000,9203.0010,-4660.0000,610.0001,9203.0010,-4660.0000,610.0001,10703.0000
Plane,-4660.0000,410.0000,7703.0000,-4660.0000,610.0001,9203.0010,-4660.0000,410.0000,9203.0010
Plane,-4660.0000,610.0001,9203.0010,-4660.0000,810.0001,10703.0000,-4660.0000,610.0001,10703.0000
Plane,-4660.0000,10.0000,4703.0000,-4660.0000,210.0000,4703.0000,-4660.0000,210.0000,6203.0000
Plane,-4660.0000,10.0000,3203.0000,-4660.0000,210.0000,4703.0000,-4660.0000,10.0000,4703.0000
Plane,-4660.0000,210.0000,6203.0000,-4660.0000,410.0000,6203.0000,-4660.0000,410.0000,7703.0000
Plane,-4660.0000,210.0000,4703.0000,-4660.0000,410.0000,6203.0000,-4660.0000,210.0000,6203.0000
Plane,-4660.0000,410.0000,7703.0000,-4660.0000,610.0001,7703.0000,-4660.0000,610.0001,9203.0010
Plane,-4660.0000,410.0000,6203.0000,-4660.0000,610.0001,7703.0000,-4660.0000,410.0000,7703.0000
Plane,-4660.0000,610.0001,9203.0010,-4660.0000,810.0001,9203.0010,-4660.0000,810.0001,10703.0000
Plane,-4660.0000,610.0001,7703.0000,-4660.0000,810.0001,9203.0010,-4660.0000,610.0001,9203.0010
Plane,-4660.0000,810.0001,9203.0010,-4660.0000,1010.0000,10703.0000,-4660.0000,810.0001,10703.0000
Plane,-4660.0000,10.0000,3203.0000,-4660.0000,210.0000,3203.0000,-4660.0000,210.0000,4703.0000
Plane,-4660.0000,10.0000,1703.0000,-4660.0000,210.0000,3203.0000,-4660.0000,10.0000,3203.0000
Plane,-4660.0000,210.0000,4703.0000,-4660.0000,410.0000,4703.0000,-4660.0000,410.0000,6203.0000
Plane,-4660.0000,210.0000,3203.0000,-4660.0000,410.0000,4703.0000,-4660.0000,210.0000,4703.0000
Plane,-4660.0000,410.0000,6203.0000,-4660.0000,610.0001,6203.0000,-4660.0000,610.0001,7703.0000
Plane,-4660.0000,410.0000,4703.0000,-4660.0000,610.0001,6203.0000,-4660.0000,410.0000,6203.0000
Plane,-4660.0000,610.0001,7703.0000,-4660.0000,810.0001,7703.0000,-4660.0000,810.0001,9203.0010
Plane,-4660.0000,610.0001,6203.0000,-4660.0000,810.0001,7703.0000,-4660.0000,610.0001,7703.0000
Plane,-4660.0000,810.0001,9203.0010,-4660.0000,1010.0000,9203.0010,-4660.0000,1010.0000,10703.0000
Plane,-4660.0000,810.0001,7703.0000,-4660.0000,1010.0000,9203.0010,-4660.0000,810.0001,9203.0010
Plane,-4660.0000,1010.0000,9203.0010,-4660.0000,1210.0000,10703.0000,-4660.0000,1010.0000,10703.0000
Plane,-4660.0000,10.0000,1703.0000,-4660.0000,210.0000,1703.0000,-4660.0000,210.0000,3203.0000
Plane,-4660.0000,10.0000,203.0001,-4660.0000,210.0000,1703.0000,-4660.0000,10.0000,1703.0000
Plane,-4660.0000,210.0000,3203.0000,-4660.0000,410.0000,3203.0000,-4660.0000,410.0000,4703.0000
Plane,-4660.0000,210.0000,1703.0000,-4660.0000,410.0000,3203.0000,-4660.0000,210.0000,3203.0000
Plane,-4660.0000,410.0000,4703.0000,-4660.0000,610.0001,4703.0000,-4660.0000,610.0001,6203.0000
Plane,-4660.0000,410.0000,3203.0000,-4660.0000,610.0001,4703.0000,-4660.0000,410.0000,4703.0000
Plane,-4660.0000,610.0001,6203.0000,-4660.0000,810.0001,6203.0000,-4660.0000,810.0001,7703.0000
Plane,-4660.0000,610.0001,4703.0000,-4660.0000,810.0001,6203.0000,-4660.0000,610.0001,6203.0000
Plane,-4660.0000,810.0001,7703.0000,-4660.0000,1010.0000,7703.0000,-4660.0000,1010.0000,9203.0010
Plane,-4660.0000,810.0001,6203.0000,-4660.0000,1010.0000,7703.0000,-4660.0000,810.0001,7703.0000
Plane,-4660.0000,1010.0000,9203.0010,-4660.0000,1210.0000,9203.0010,-4660.0000,1210.0000,10703.0000
Plane,-4660.0000,1010.0000,7703.0000,-4660.0000,1210.0000,9203.0010,-4660.0000,1010.0000,9203.0010
Plane,-4660.0000,1210.0000,9203.0010,-4660.0000,1410.0000,10703.0000,-4660.0000,1210.0000,10703.0000
Plane,-4660.0000,10.0000,203.0001,-4660.0000,210.0000,203.0001,-4660.0000,210.0000,1703.0000
Plane,-4660.0000,10.0000,-1297.0000,-4660.0000,210.0000,203.0001,-4660.0000,10.0000,203.0001
Plane,-4660.0000,210.0000,1703.0000,-4660.0000,410.0000,1703.0000,-4660.0000,410.0000,3203.0000
Plane,-4660.0000,210.0000,203.0001,-4660.0000,410.0000,1703.0000,-4660.0000,210.0000,1703.0000
Plane,-4660.0000,410.0000,3203.0000,-4660.0000,610.0001,3203.0000,-4660.0000,610.0001,4703.0000
Plane,-4660.0000,410.0000,1703.0000,-4660.0000,610.0001,3203.0000,-4660.0000,410.0000,3203.0000
Plane,-4660.0000,610.0001,4703.0000,-4660.0000,810.0001,4703.0000,-4660.0000,810.0001,6203.0000
Plane,-4660.0000,610.0001,3203.0000,-4660.0000,810.0001,4703.0000,-4660.0000,610.0001,4703.0000
Plane,-4660.0000,810.0001,6203.0000,-4660.0000,1010.0000,6203.0000,-4660.0000,1010.0000,7703.0000
Plane,-4660.0000,810.0001,4703.0000,-4660.0000,1010.0000,6203.0000,-4660.0000,810.0001,6203.0000
Plane,-4660.0000,1010.0000,7703.0000,-4660.0000,1210.0000,7703.0000,-4660.0000,1210.0000,9203.0010
Plane,-4660.0000,1010.0000,6203.0000,-4660.0000,1210.0000,7703.0000,-4660.0000,1010.0000,7703.0000
Plane,-4660.0000,1210.0000,9203.0010,-4660.0000,1410.0000,9203.0010,-4660.0000,1410.0000,10703.0000
Plane,-4660.0000,1210.0000,7703.0000,-4660.0000,1410.0000,9203.0010,-4660.0000,1210.0000,9203.0010
Plane,-4660.0000,1410.0000,9203.0010,-4660.0000,1610.0000,10703.0000,-4660.0000,1410.0000,10703.0000
Plane,-4660.0000,1410.0000,9203.0010,-4660.0000,1610.0000,9203.0010,-4660.0000,1610.0000,10703.0000
Plane,-4660.0000,1610.0000,9203.0010,-4660.0000,1810.0000,10703.0000,-4660.0000,1610.0000,10703.0000
Plane,-4660.0000,1210.0000,7703.0000,-4660.0000,1410.0000,7703.0000,-4660.0000,1410.0000,9203.0010
Plane,-4660.0000,1410.0000,7703.0000,-4660.0000,1610.0000,9203.0010,-4660.0000,1410.0000,9203.0010
Plane,-4660.0000,1010.0000,6203.0000,-4660.0000,1210.0000,6203.0000,-4660.0000,1210.0000,7703.0000
Plane,-4660.0000,1210.0000,6203.0000,-4660.0000,1410.0000,7703.0000,-4660.0000,1210.0000,7703.0000
Plane,-4660.0000,810.0001,4703.0000,-4660.0000,1010.0000,4703.0000,-4660.0000,1010.0000,6203.0000
Plane,-4660.0000,1010.0000,4703.0000,-4660.0000,1210.0000,6203.0000,-4660.0000,1010.0000,6203.0000
Plane,-4660.0000,610.0001,3203.0000,-4660.0000,810.0001,3203.0000,-4660.0000,810.0001,4703.0000
Plane,-4660.0000,810.0001,3203.0000,-4660.0000,1010.0000,4703.0000,-4660.0000,810.0001,4703.0000
Plane,-4660.0000,1610.0000,9203.0010,-4660.0000,1810.0000,9203.0010,-4660.0000,1810.0000,10703.0000
Plane,-4660.0000,1810.0000,9203.0010,-4660.0000,2010.0000,10703.0000,-4660.0000,1810.0000,10703.0000
Plane,-4660.0000,1810.0000,9203.0010,-4660.0000,2010.0000,9203.0010,-4660.0000,2010.0000,10703.0000
Plane,-4660.0000,1410.0000,7703.0000,-4660.0000,1610.0000,7703.0000,-4660.0000,1610.0000,9203.0010
Plane,-4660.0000,1610.0000,7703.0000,-4660.0000,1810.0000,9203.0010,-4660.0000,1610.0000,9203.0010
Plane,-4660.0000,1810.0000,7703.0000,-4660.0000,2010.0000,9203.0010,-4660.0000,1810.0000,9203.0010
Plane,-4660.0000,1610.0000,7703.0000,-4660.0000,1810.0000,7703.0000,-4660.0000,1810.0000,9203.0010
Plane,-4660.0000,1810.0000,7703.0000,-4660.0000,2010.0000,7703.0000,-4660.0000,2010.0000,9203.0010
Plane,-4660.0000,1210.0000,6203.0000,-4660.0000,1410.0000,6203.0000,-4660.0000,1410.0000,7703.0000
Plane,-4660.0000,1410.0000,6203.0000,-4660.0000,1610.0000,7703.0000,-4660.0000,1410.0000,7703.0000
Plane,-4660.0000,1010.0000,4703.0000,-4660.0000,1210.0000,4703.0000,-4660.0000,1210.0000,6203.0000
Plane,-4660.0000,1210.0000,4703.0000,-4660.0000,1410.0000,6203.0000,-4660.0000,1210.0000,6203.0000
Plane,-4660.0000,1610.0000,6203.0000,-4660.0000,1810.0000,7703.0000,-4660.0000,1610.0000,7703.0000
Plane,-4660.0000,1410.0000,6203.0000,-4660.0000,1610.0000,6203.0000,-4660.0000,1610.0000,7703.0000
Plane,-4660.0000,1810.0000,6203.0000,-4660.0000,2010.0000,7703.0000,-4660.0000,1810.0000,7703.0000
Plane,-4660.0000,1610.0000,6203.0000,-4660.0000,1810.0000,6203.0000,-4660.0000,1810.0000,7703.0000
Plane,-4660.0000,1810.0000,6203.0000,-4660.0000,2010.0000,6203.0000,-4660.0000,2010.0000,7703.0000
Plane,-4660.0000,1410.0000,4703.0000,-4660.0000,1610.0000,6203.0000,-4660.0000,1410.0000,6203.0000
Plane,-4660.0000,1210.0000,4703.0000,-4660.0000,1410.0000,4703.0000,-4660.0000,1410.0000,6203.0000
Plane,-4660.0000,1010.0000,3203.0000,-4660.0000,1210.0000,4703.0000,-4660.0000,1010.0000,4703.0000
Plane,-4660.0000,810.0001,3203.0000,-4660.0000,1010.0000,3203.0000,-4660.0000,1010.0000,4703.0000
Plane,-4660.0000,1610.0000,4703.0000,-4660.0000,1810.0000,6203.0000,-4660.0000,1610.0000,6203.0000
Plane,-4660.0000,1410.0000,4703.0000,-4660.0000,1610.0000,4703.0000,-4660.0000,1610.0000,6203.0000
Plane,-4660.0000,1810.0000,4703.0000,-4660.0000,2010.0000,6203.0000,-4660.0000,1810.0000,6203.0000
Plane,-4660.0000,1610.0000,4703.0000,-4660.0000,1810.0000,4703.0000,-4660.0000,1810.0000,6203.0000
Plane,-4660.0000,1810.0000,4703.0000,-4660.0000,2010.0000,4703.0000,-4660.0000,2010.0000,6203.0000
Plane,-4660.0000,1210.0000,3203.0000,-4660.0000,1410.0000,4703.0000,-4660.0000,1210.0000,4703.0000
Plane,-4660.0000,1010.0000,3203.0000,-4660.0000,1210.0000,3203.0000,-4660.0000,1210.0000,4703.0000
Plane,-4660.0000,1410.0000,3203.0000,-4660.0000,1610.0000,4703.0000,-4660.0000,1410.0000,4703.0000
Plane,-4660.0000,1210.0000,3203.0000,-4660.0000,1410.0000,3203.0000,-4660.0000,1410.0000,4703.0000
Plane,-4660.0000,1610.0000,3203.0000,-4660.0000,1810.0000,4703.0000,-4660.0000,1610.0000,4703.0000
Plane,-4660.0000,1410.0000,3203.0000,-4660.0000,1610.0000,3203.0000,-4660.0000,1610.0000,4703.0000
Plane,-4660.0000,1810.0000,3203.0000,-4660.0000,2010.0000,4703.0000,-4660.0000,1810.0000,4703.0000
Plane,-4660.0000,1610.0000,3203.0000,-4660.0000,1810.0000,3203.0000,-4660.0000,1810.0000,4703.0000
Plane,-4660.0000,1810.0000,3203.0000,-4660.0000,2010.0000,3203.0000,-4660.0000,2010.0000,4703.0000
Plane,-4660.0000,1810.0000,1703.0000,-4660.0000,2010.0000,3203.0000,-4660.0000,1810.0000,3203.0000
Plane,-4660.0000,1810.0000,1703.0000,-4660.0000,2010.0000,1703.0000,-4660.0000,2010.0000,3203.0000
Plane,-4660.0000,1610.0000,1703.0000,-4660.0000,1810.0000,3203.0000,-4660.0000,1610.0000,3203.0000
Plane,-4660.0000,1610.0000,1703.0000,-4660.0000,1810.0000,1703.0000,-4660.0000,1810.0000,3203.0000
Plane,-4660.0000,1410.0000,1703.0000,-4660.0000,1610.0000,3203.0000,-4660.0000,1410.0000,3203.0000
Plane,-4660.0000,1410.0000,1703.0000,-4660.0000,1610.0000,1703.0000,-4660.0000,1610.0000,3203.0000
Plane,-4660.0000,1210.0000,1703.0000,-4660.0000,1410.0000,3203.0000,-4660.0000,1210.0000,3203.0000
Plane,-4660.0000,1210.0000,1703.0000,-4660.0000,1410.0000,1703.0000,-4660.0000,1410.0000,3203.0000
Plane,-4660.0000,1010.0000,1703.0000,-4660.0000,1210.0000,3203.0000,-4660.0000,1010.0000,3203.0000
Plane,-4660.0000,1010.0000,1703.0000,-4660.0000,1210.0000,1703.0000,-4660.0000,1210.0000,3203.0000
Plane,-4660.0000,1810.0000,202.9999,-4660.0000,2010.0000,1703.0000,-4660.0000,1810.0000,1703.0000
Plane,-4660.0000,1810.0000,202.9999,-4660.0000,2010.0000,202.9999,-4660.0000,2010.0000,1703.0000
Plane,-4660.0000,1610.0000,202.9999,-4660.0000,1810.0000,1703.0000,-4660.0000,1610.0000,1703.0000
Plane,-4660.0000,1610.0000,202.9999,-4660.0000,1810.0000,202.9999,-4660.0000,1810.0000,1703.0000
Plane,-4660.0000,1410.0000,203.0003,-4660.0000,1610.0000,1703.0000,-4660.0000,1410.0000,1703.0000
Plane,-4660.0000,1410.0000,203.0003,-4660.0000,1610.0000,202.9999,-4660.0000,1610.0000,1703.0000
Plane,-4660.0000,1210.0000,203.0001,-4660.0000,1410.0000,1703.0000,-4660.0000,1210.0000,1703.0000
Plane,-4660.0000,1210.0000,203.0001,-4660.0000,1410.0000,203.0003,-4660.0000,1410.0000,1703.0000
Plane,-4660.0000,1810.0000,-1297.0000,-4660.0000,2010.0000,202.9999,-4660.0000,1810.0000,202.9999
Plane,-4660.0000,1810.0000,-1297.0000,-4660.0000,2010.0000,-1297.0000,-4660.0000,2010.0000,202.9999
Plane,-4660.0000,1610.0000,-1297.0000,-4660.0000,1810.0000,202.9999,-4660.0000,1610.0000,202.9999
Plane,-4660.0000,1610.0000,-1297.0000,-4660.0000,1810.0000,-1297.0000,-4660.0000,1810.0000,202.9999
Plane,-4660.0000,1410.0000,-1297.0000,-4660.0000,1610.0000,202.9999,-4660.0000,1410.0000,203.0003
Plane,-4660.0000,1410.0000,-1297.0000,-4660.0000,1610.0000,-1297.0000,-4660.0000,1610.0000,202.9999
Plane,-4660.0000,1810.0000,-2797.0000,-4660.0000,2010.0000,-1297.0000,-4660.0000,1810.0000,-1297.0000
Plane,-4660.0000,1810.0000,-2797.0000,-4660.0000,2010.0000,-2797.0000,-4660.0000,2010.0000,-1297.0000
Plane,-4660.0000,1610.0000,-2797.0000,-4660.0000,1810.0000,-1297.0000,-4660.0000,1610.0000,-1297.0000
Plane,-4660.0000,1610.0000,-2797.0000,-4660.0000,1810.0000,-2797.0000,-4660.0000,1810.0000,-1297.0000
Plane,-4660.0000,1810.0000,-4297.0000,-4660.0000,2010.0000,-2797.0000,-4660.0000,1810.0000,-2797.0000
Plane,-4660.0000,1810.0000,-4297.0000,-4660.0000,2010.0000,-4297.0000,-4660.0000,2010.0000,-2797.0000
Plane,-4660.0000,1610.0000,-4297.0000,-4660.0000,1810.0000,-4297.0000,-4660.0000,1810.0000,-2797.0000
Plane,-4660.0000,1610.0000,-4297.0000,-4660.0000,1810.0000,-2797.0000,-4660.0000,1610.0000,-2797.0000
Plane,-4660.0000,1410.0000,-4297.0000,-4660.0000,1610.0000,-4297.0000,-4660.0000,1610.0000,-2797.0000
Plane,-4660.0000,1410.0000,-2797.0000,-4660.0000,1610.0000,-2797.0000,-4660.0000,1610.0000,-1297.0000
Plane,-4660.0000,1410.0000,-4297.0000,-4660.0000,1610.0000,-2797.0000,-4660.0000,1410.0000,-2797.0000
Plane,-4660.0000,1410.0000,-2797.0000,-4660.0000,1610.0000,-1297.0000,-4660.0000,1410.0000,-1297.0000
Plane,-4660.0000,1210.0000,-4297.0000,-4660.0000,1410.0000,-4297.0000,-4660.0000,1410.0000,-2797.0000
Plane,-4660.0000,1210.0000,-4297.0000,-4660.0000,1410.0000,-2797.0000,-4660.0000,1210.0000,-2797.0000
Plane,-4660.0000,1210.0000,-2797.0000,-4660.0000,1410.0000,-2797.0000,-4660.0000,1410.0000,-1297.0000
Plane,-4660.0000,1010.0000,-4297.0000,-4660.0000,1210.0000,-4297.0000,-4660.0000,1210.0000,-2797.0000
Plane,-4660.0000,1210.0000,-2797.0000,-4660.0000,1410.0000,-1297.0000,-4660.0000,1210.0000,-1297.0000
Plane,-4660.0000,1210.0000,-1297.0000,-4660.0000,1410.0000,-1297.0000,-4660.0000,1410.0000,203.0003
Plane,-4660.0000,1210.0000,-1297.0000,-4660.0000,1410.0000,203.0003,-4660.0000,1210.0000,203.0001
Plane,-4660.0000,1010.0000,-4297.0000,-4660.0000,1210.0000,-2797.0000,-4660.0000,1010.0000,-2797.0000
Plane,-4660.0000,1010.0000,-2797.0000,-4660.0000,1210.0000,-2797.0000,-4660.0000,1210.0000,-1297.0000
Plane,-4660.0000,810.0001,-4297.0000,-4660.0000,1010.0000,-4297.0000,-4660.0000,1010.0000,-2797.0000
Plane,-4660.0000,1010.0000,-1297.0000,-4660.0000,1210.0000,-1297.0000,-4660.0000,1210.0000,203.0001
Plane,-4660.0000,1010.0000,-2797.0000,-4660.0000,1210.0000,-1297.0000,-4660.0000,1010.0000,-1297.0000
Plane,-4660.0000,810.0001,-4297.0000,-4660.0000,1010.0000,-2797.0000,-4660.0000,810.0001,-2797.0000
Plane,-4660.0000,810.0001,-2797.0000,-4660.0000,1010.0000,-2797.0000,-4660.0000,1010.0000,-1297.0000
Plane,-4660.0000,610.0001,-4297.0000,-4660.0000,810.0001,-4297.0000,-4660.0000,810.0001,-2797.0000
Plane,-4660.0000,1010.0000,-1297.0000,-4660.0000,1210.0000,203.0001,-4660.0000,1010.0000,203.0001
Plane,-4660.0000,1010.0000,203.0001,-4660.0000,1210.0000,203.0001,-4660.0000,1210.0000,1703.0000
Plane,-4660.0000,1010.0000,203.0001,-4660.0000,1210.0000,1703.0000,-4660.0000,1010.0000,1703.0000
Plane,-4660.0000,610.0001,-4297.0000,-4660.0000,810.0001,-2797.0000,-4660.0000,610.0001,-2797.0000
Plane,-4660.0000,410.0000,-4297.0000,-4660.0000,610.0001,-4297.0000,-4660.0000,610.0001,-2797.0000
Plane,-4660.0000,810.0001,-2797.0000,-4660.0000,1010.0000,-1297.0000,-4660.0000,810.0001,-1297.0000
Plane,-4660.0000,810.0001,-1297.0000,-4660.0000,1010.0000,-1297.0000,-4660.0000,1010.0000,203.0001
Plane,-4660.0000,610.0001,-2797.0000,-4660.0000,810.0001,-2797.0000,-4660.0000,810.0001,-1297.0000
Plane,-4660.0000,810.0001,203.0001,-4660.0000,1010.0000,203.0001,-4660.0000,1010.0000,1703.0000
Plane,-4660.0000,810.0001,-1297.0000,-4660.0000,1010.0000,203.0001,-4660.0000,810.0001,203.0001
Plane,-4660.0000,410.0000,-4297.0000,-4660.0000,610.0001,-2797.0000,-4660.0000,410.0000,-2797.0000
Plane,-4660.0000,210.0000,-4297.0000,-4660.0000,410.0000,-4297.0000,-4660.0000,410.0000,-2797.0000
Plane,-4660.0000,610.0001,-2797.0000,-4660.0000,810.0001,-1297.0000,-4660.0000,610.0001,-1297.0000
Plane,-4660.0000,610.0001,-1297.0000,-4660.0000,810.0001,-1297.0000,-4660.0000,810.0001,203.0001
Plane,-4660.0000,410.0000,-2797.0000,-4660.0000,610.0001,-2797.0000,-4660.0000,610.0001,-1297.0000
Plane,-4660.0000,810.0001,203.0001,-4660.0000,1010.0000,1703.0000,-4660.0000,810.0001,1703.0000
Plane,-4660.0000,810.0001,1703.0000,-4660.0000,1010.0000,1703.0000,-4660.0000,1010.0000,3203.0000
Plane,-4660.0000,810.0001,1703.0000,-4660.0000,1010.0000,3203.0000,-4660.0000,810.0001,3203.0000
Plane,-4660.0000,210.0000,-4297.0000,-4660.0000,410.0000,-2797.0000,-4660.0000,210.0000,-2797.0000
Plane,-4660.0000,10.0000,-4297.0000,-4660.0000,210.0000,-4297.0000,-4660.0000,210.0000,-2797.0000
Plane,-4660.0000,10.0000,-4297.0000,-4660.0000,210.0000,-2797.0000,-4660.0000,10.0000,-2797.0000
Plane,-4660.0000,410.0000,-2797.0000,-4660.0000,610.0001,-1297.0000,-4660.0000,410.0000,-1297.0000
Plane,-4660.0000,210.0000,-2797.0000,-4660.0000,410.0000,-2797.0000,-4660.0000,410.0000,-1297.0000
Plane,-4660.0000,610.0001,-1297.0000,-4660.0000,810.0001,203.0001,-4660.0000,610.0001,203.0001
Plane,-4660.0000,610.0001,203.0001,-4660.0000,810.0001,203.0001,-4660.0000,810.0001,1703.0000
Plane,-4660.0000,410.0000,-1297.0000,-4660.0000,610.0001,-1297.0000,-4660.0000,610.0001,203.0001
Plane,-4660.0000,610.0001,1703.0000,-4660.0000,810.0001,1703.0000,-4660.0000,810.0001,3203.0000
Plane,-4660.0000,610.0001,203.0001,-4660.0000,810.0001,1703.0000,-4660.0000,610.0001,1703.0000
Plane,-4660.0000,610.0001,1703.0000,-4660.0000,810.0001,3203.0000,-4660.0000,610.0001,3203.0000
Plane,-4660.0000,410.0000,1703.0000,-4660.0000,610.0001,1703.0000,-4660.0000,610.0001,3203.0000
Plane,-4660.0000,10.0000,-2797.0000,-4660.0000,210.0000,-2797.0000,-4660.0000,210.0000,-1297.0000
Plane,-4660.0000,210.0000,-2797.0000,-4660.0000,410.0000,-1297.0000,-4660.0000,210.0000,-1297.0000
Plane,-4660.0000,10.0000,-2797.0000,-4660.0000,210.0000,-1297.0000,-4660.0000,10.0000,-1297.0000
Plane,-4660.0000,10.0000,-1297.0000,-4660.0000,210.0000,-1297.0000,-4660.0000,210.0000,203.0001
Plane,-4660.0000,410.0000,-1297.0000,-4660.0000,610.0001,203.0001,-4660.0000,410.0000,203.0001
Plane,-4660.0000,410.0000,203.0001,-4660.0000,610.0001,203.0001,-4660.0000,610.0001,1703.0000
Plane,-4660.0000,410.0000,203.0001,-4660.0000,610.0001,1703.0000,-4660.0000,410.0000,1703.0000
Plane,-4660.0000,210.0000,-1297.0000,-4660.0000,410.0000,-1297.0000,-4660.0000,410.0000,203.0001
Plane,-4660.0000,210.0000,-1297.0000,-4660.0000,410.0000,203.0001,-4660.0000,210.0000,203.0001
Plane,-4660.0000,210.0000,203.0001,-4660.0000,410.0000,203.0001,-4660.0000,410.0000,1703.0000
Plane,6520.0000,2010.0000,9203.0010,6520.0000,1810.0000,10703.0000,6520.0000,2010.0000,10703.0000
Plane,6520.0000,2010.0000,9203.0010,6520.0000,1810.0000,9203.0010,6520.0000,1810.0000,10703.0000
Plane,6520.0000,2010.0000,7703.0000,6520.0000,1810.0000,9203.0010,6520.0000,2010.0000,9203.0010
Plane,6520.0000,1810.0000,9203.0010,6520.0000,1610.0000,10703.0000,6520.0000,1810.0000,10703.0000
Plane,6520.0000,2010.0000,7703.0000,6520.0000,1810.0000,7703.0000,6520.0000,1810.0000,9203.0010
Plane,6520.0000,2010.0000,6203.0000,6520.0000,1810.0000,7703.0000,6520.0000,2010.0000,7703.0000
Plane,6520.0000,1810.0000,9203.0010,6520.0000,1610.0000,9203.0010,6520.0000,1610.0000,10703.0000
Plane,6520.0000,1810.0000,7703.0000,6520.0000,1610.0000,9203.0010,6520.0000,1810.0000,9203.0010
Plane,6520.0000,1610.0000,9203.0010,6520.0000,1410.0000,10703.0000,6520.0000,1610.0000,10703.0000
Plane,6520.0000,2010.0000,6203.0000,6520.0000,1810.0000,6203.0000,6520.0000,1810.0000,7703.0000
Plane,6520.0000,2010.0000,4703.0000,6520.0000,1810.0000,6203.0000,6520.0000,2010.0000,6203.0000
Plane,6520.0000,1810.0000,7703.0000,6520.0000,1610.0000,7703.0000,6520.0000,1610.0000,9203.0010
Plane,6520.0000,1810.0000,6203.0000,6520.0000,1610.0000,7703.0000,6520.0000,1810.0000,7703.0000
Plane,6520.0000,1610.0000,9203.0010,6520.0000,1410.0000,9203.0010,6520.0000,1410.0000,10703.0000
Plane,6520.0000,1610.0000,7703.0000,6520.0000,1410.0000,9203.0010,6520.0000,1610.0000,9203.0010
Plane,6520.0000,1410.0000,9203.0010,6520.0000,1210.0000,10703.0000,6520.0000,1410.0000,10703.0000
Plane,6520.0000,2010.0000,4703.0000,6520.0000,1810.0000,4703.0000,6520.0000,1810.0000,6203.0000
Plane,6520.0000,2010.0000,3203.0000,6520.0000,1810.0000,4703.0000,6520.0000,2010.0000,4703.0000
Plane,6520.0000,1810.0000,6203.0000,6520.0000,1610.0000,6203.0000,6520.0000,1610.0000,7703.0000
Plane,6520.0000,1810.0000,4703.0000,6520.0000,1610.0000,6203.0000,6520.0000,1810.0000,6203.0000
Plane,6520.0000,1610.0000,7703.0000,6520.0000,1410.0000,7703.0000,6520.0000,1410.0000,9203.0010
Plane,6520.0000,1610.0000,6203.0000,6520.0000,1410.0000,7703.0000,6520.0000,1610.0000,7703.0000
Plane,6520.0000,1410.0000,9203.0010,6520.0000,1210.0000,9203.0010,6520.0000,1210.0000,10703.0000
Plane,6520.0000,1410.0000,7703.0000,6520.0000,1210.0000,9203.0010,6520.0000,1410.0000,9203.0010
Plane,6520.0000,1210.0000,9203.0010,6520.0000,1010.0000,10703.0000,6520.0000,1210.0000,10703.0000
Plane,6520.0000,2010.0000,3203.0000,6520.0000,1810.0000,3203.0000,6520.0000,1810.0000,4703.0000
Plane,6520.0000,2010.0000,1703.0000,6520.0000,1810.0000,3203.0000,6520.0000,2010.0000,3203.0000
Plane,6520.0000,1810.0000,4703.0000,6520.0000,1610.0000,4703.0000,6520.0000,1610.0000,6203.0000
Plane,6520.0000,1810.0000,3203.0000,6520.0000,1610.0000,4703.0000,6520.0000,1810.0000,4703.0000
Plane,6520.0000,1610.0000,6203.0000,6520.0000,1410.0000,6203.0000,6520.0000,1410.0000,7703.0000
Plane,6520.0000,1610.0000,4703.0000,6520.0000,1410.0000,6203.0000,6520.0000,1610.0000,6203.0000
Plane,6520.0000,1410.0000,7703.0000,6520.0000,1210.0000,7703.0000,6520.0000,1210.0000,9203.0010
Plane,6520.0000,1410.0000,6203.0000,6520.0000,1210.0000,7703.0000,6520.0000,1410.0000,7703.0000
Plane,6520.0000,1210.0000,9203.0010,6520.0000,1010.0000,9203.0010,6520.0000,1010.0000,10703.0000
Plane,6520.0000,1210.0000,7703.0000,6520.0000,1010.0000,9203.0010,6520.0000,1210.0000,9203.0010
Plane,6520.0000,1010.0000,9203.0010,6520.0000,810.0001,10703.0000,6520.0000,1010.0000,10703.0000
Plane,6520.0000,2010.0000,1703.0000,6520.0000,1810.0000,1703.0000,6520.0000,1810.0000,3203.0000
Plane,6520.0000,2010.0000,203.0001,6520.0000,1810.0000,1703.0000,6520.0000,2010.0000,1703.0000
Plane,6520.0000,1810.0000,3203.0000,6520.0000,1610.0000,3203.0000,6520.0000,1610.0000,4703.0000
Plane,6520.0000,1810.0000,1703.0000,6520.0000,1610.0000,3203.0000,6520.0000,1810.0000,3203.0000
Plane,6520.0000,1610.0000,4703.0000,6520.0000,1410.0000,4703.0000,6520.0000,1410.0000,6203.0000
Plane,6520.0000,1610.0000,3203.0000,6520.0000,1410.0000,4703.0000,6520.0000,1610.0000,4703.0000
Plane,6520.0000,1410.0000,6203.0000,6520.0000,1210.0000,6203.0000,6520.0000,1210.0000,7703.0000
Plane,6520.0000,1410.0000,4703.0000,6520.0000,1210.0000,6203.0000,6520.0000,1410.0000,6203.0000
Plane,6520.0000,1210.0000,7703.0000,6520.0000,1010.0000,7703.0000,6520.0000,1010.0000,9203.0010
Plane,6520.0000,1210.0000,6203.0000,6520.0000,1010.0000,7703.0000,6520.0000,1210.0000,7703.0000
Plane,6520.0000,1010.0000,9203.0010,6520.0000,810.0001,9203.0010,6520.0000,810.0001,10703.0000
Plane,6520.0000,1010.0000,7703.0000,6520.0000,810.0001,9203.0010,6520.0000,1010.0000,9203.0010
Plane,6520.0000,810.0001,9203.0010,6520.0000,610.0001,10703.0000,6520.0000,810.0001,10703.0000
Plane,6520.0000,2010.0000,203.0001,6520.0000,1810.0000,203.0001,6520.0000,1810.0000,1703.0000
Plane,6520.0000,2010.0000,-1297.0000,6520.0000,1810.0000,203.0001,6520.0000,2010.0000,203.0001
Plane,6520.0000,1810.0000,1703.0000,6520.0000,1610.0000,1703.0000,6520.0000,1610.0000,3203.0000
Plane,6520.0000,1810.0000,203.0001,6520.0000,1610.0000,1703.0000,6520.0000,1810.0000,1703.0000
Plane,6520.0000,1610.0000,3203.0000,6520.0000,1410.0000,3203.0000,6520.0000,1410.0000,4703.0000
Plane,6520.0000,1610.0000,1703.0000,6520.0000,1410.0000,3203.0000,6520.0000,1610.0000,3203.0000
Plane,6520.0000,1410.0000,4703.0000,6520.0000,1210.0000,4703.0000,6520.0000,1210.0000,6203.0000
Plane,6520.0000,1410.0000,3203.0000,6520.0000,1210.0000,4703.0000,6520.0000,1410.0000,4703.0000
Plane,6520.0000,1210.0000,6203.0000,6520.0000,1010.0000,6203.0000,6520.0000,1010.0000,7703.0000
Plane,6520.0000,1210.0000,4703.0000,6520.0000,1010.0000,6203.0000,6520.0000,1210.0000,6203.0000
Plane,6520.0000,1010.0000,7703.0000,6520.0000,810.0001,7703.0000,6520.0000,810.0001,9203.0010
Plane,6520.0000,1010.0000,6203.0000,6520.0000,810.0001,7703.0000,6520.0000,1010.0000,7703.0000
Plane,6520.0000,810.0001,9203.0010,6520.0000,610.0001,9203.0010,6520.0000,610.0001,10703.0000
Plane,6520.0000,810.0001,7703.0000,6520.0000,610.0001,9203.0010,6520.0000,810.0001,9203.0010
Plane,6520.0000,610.0001,9203.0010,6520.0000,410.0000,10703.0000,6520.0000,610.0001,10703.0000
Plane,6520.0000,610.0001,9203.0010,6520.0000,410.0000,9203.0010,6520.0000,410.0000,10703.0000
Plane,6520.0000,410.0000,9203.0010,6520.0000,209.9999,10703.0000,6520.0000,410.0000,10703.0000
Plane,6520.0000,810.0001,7703.0000,6520.0000,610.0001,7703.0000,6520.0000,610.0001,9203.0010
Plane,6520.0000,610.0001,7703.0000,6520.0000,410.0000,9203.0010,6520.0000,610.0001,9203.0010
Plane,6520.0000,1010.0000,6203.0000,6520.0000,810.0001,6203.0000,6520.0000,810.0001,7703.0000
Plane,6520.0000,810.0001,6203.0000,6520.0000,610.0001,7703.0000,6520.0000,810.0001,7703.0000
Plane,6520.0000,1210.0000,4703.0000,6520.0000,1010.0000,4703.0000,6520.0000,1010.0000,6203.0000
Plane,6520.0000,1010.0000,4703.0000,6520.0000,810.0001,6203.0000,6520.0000,1010.0000,6203.0000
Plane,6520.0000,1410.0000,3203.0000,6520.0000,1210.0000,3203.0000,6520.0000,1210.0000,4703.0000
Plane,6520.0000,1210.0000,3203.0000,6520.0000,1010.0000,4703.0000,6520.0000,1210.0000,4703.0000
Plane,6520.0000,410.0000,9203.0010,6520.0000,209.9999,9203.0010,6520.0000,209.9999,10703.0000
Plane,6520.0000,209.9999,9203.0010,6520.0000,10.0000,10703.0000,6520.0000,209.9999,10703.0000
Plane,6520.0000,209.9999,9203.0010,6520.0000,10.0000,9203.0010,6520.0000,10.0000,10703.0000
Plane,6520.0000,610.0001,7703.0000,6520.0000,410.0000,7703.0000,6520.0000,410.0000,9203.0010
Plane,6520.0000,410.0000,7703.0000,6520.0000,209.9999,9203.0010,6520.0000,410.0000,9203.0010
Plane,6520.0000,209.9999,7703.0000,6520.0000,10.0000,9203.0010,6520.0000,209.9999,9203.0010
Plane,6520.0000,410.0000,7703.0000,6520.0000,209.9999,7703.0000,6520.0000,209.9999,9203.0010
Plane,6520.0000,209.9999,7703.0000,6520.0000,10.0000,7703.0000,6520.0000,10.0000,9203.0010
Plane,6520.0000,810.0001,6203.0000,6520.0000,610.0001,6203.0000,6520.0000,610.0001,7703.0000
Plane,6520.0000,610.0001,6203.0000,6520.0000,410.0000,7703.0000,6520.0000,610.0001,7703.0000
Plane,6520.0000,1010.0000,4703.0000,6520.0000,810.0001,4703.0000,6520.0000,810.0001,6203.0000
Plane,6520.0000,810.0001,4703.0000,6520.0000,610.0001,6203.0000,6520.0000,810.0001,6203.0000
Plane,6520.0000,410.0000,6203.0000,6520.0000,209.9999,7703.0000,6520.0000,410.0000,7703.0000
Plane,6520.0000,610.0001,6203.0000,6520.0000,410.0000,6203.0000,6520.0000,410.0000,7703.0000
Plane,6520.0000,209.9999,6203.0000,6520.0000,10.0000,7703.0000,6520.0000,209.9999,7703.0000
Plane,6520.0000,410.0000,6203.0000,6520.0000,209.9999,6203.0000,6520.0000,209.9999,7703.0000
Plane,6520.0000,209.9999,6203.0000,6520.0000,10.0000,6203.0000,6520.0000,10.0000,7703.0000
Plane,6520.0000,610.0001,4703.0000,6520.0000,410.0000,6203.0000,6520.0000,610.0001,6203.0000
Plane,6520.0000,810.0001,4703.0000,6520.0000,610.0001,4703.0000,6520.0000,610.0001,6203.0000
Plane,6520.0000,1010.0000,3203.0000,6520.0000,810.0001,4703.0000,6520.0000,1010.0000,4703.0000
Plane,6520.0000,1210.0000,3203.0000,6520.0000,1010.0000,3203.0000,6520.0000,1010.0000,4703.0000
Plane,6520.0000,410.0000,4703.0000,6520.0000,209.9999,6203.0000,6520.0000,410.0000,6203.0000
Plane,6520.0000,610.0001,4703.0000,6520.0000,410.0000,4703.0000,6520.0000,410.0000,6203.0000
Plane,6520.0000,209.9999,4703.0000,6520.0000,10.0000,6203.0000,6520.0000,209.9999,6203.0000
Plane,6520.0000,410.0000,4703.0000,6520.0000,209.9999,4703.0000,6520.0000,209.9999,6203.0000
Plane,6520.0000,209.9999,4703.0000,6520.0000,10.0000,4703.0000,6520.0000,10.0000,6203.0000
Plane,6520.0000,810.0001,3203.0000,6520.0000,610.0001,4703.0000,6520.0000,810.0001,4703.0000
Plane,6520.0000,1010.0000,3203.0000,6520.0000,810.0001,3203.0000,6520.0000,810.0001,4703.0000
Plane,6520.0000,610.0001,3203.0000,6520.0000,410.0000,4703.0000,6520.0000,610.0001,4703.0000
Plane,6520.0000,810.0001,3203.0000,6520.0000,610.0001,3203.0000,6520.0000,610.0001,4703.0000
Plane,6520.0000,410.0000,3203.0000,6520.0000,209.9999,4703.0000,6520.0000,410.0000,4703.0000
Plane,6520.0000,610.0001,3203.0000,6520.0000,410.0000,3203.0000,6520.0000,410.0000,4703.0000
Plane,6520.0000,209.9999,3203.0000,6520.0000,10.0000,4703.0000,6520.0000,209.9999,4703.0000
Plane,6520.0000,410.0000,3203.0000,6520.0000,209.9999,3203.0000,6520.0000,209.9999,4703.0000
Plane,6520.0000,209.9999,3203.0000,6520.0000,10.0000,3203.0000,6520.0000,10.0000,4703.0000
Plane,6520.0000,209.9999,1703.0000,6520.0000,10.0000,3203.0000,6520.0000,209.9999,3203.0000
Plane,6520.0000,209.9999,1703.0000,6520.0000,10.0000,1703.0000,6520.0000,10.0000,3203.0000
Plane,6520.0000,410.0000,1703.0000,6520.0000,209.9999,3203.0000,6520.0000,410.0000,3203.0000
Plane,6520.0000,410.0000,1703.0000,6520.0000,209.9999,1703.0000,6520.0000,209.9999,3203.0000
Plane,6520.0000,610.0001,1703.0000,6520.0000,410.0000,3203.0000,6520.0000,610.0001,3203.0000
Plane,6520.0000,610.0001,1703.0000,6520.0000,410.0000,1703.0000,6520.0000,410.0000,3203.0000
Plane,6520.0000,810.0001,1703.0000,6520.0000,610.0001,3203.0000,6520.0000,810.0001,3203.0000
Plane,6520.0000,810.0001,1703.0000,6520.0000,610.0001,1703.0000,6520.0000,610.0001,3203.0000
Plane,6520.0000,1010.0000,1703.0000,6520.0000,810.0001,3203.0000,6520.0000,1010.0000,3203.0000
Plane,6520.0000,1010.0000,1703.0000,6520.0000,810.0001,1703.0000,6520.0000,810.0001,3203.0000
Plane,6520.0000,209.9999,202.9999,6520.0000,10.0000,1703.0000,6520.0000,209.9999,1703.0000
Plane,6520.0000,209.9999,202.9999,6520.0000,10.0000,202.9999,6520.0000,10.0000,1703.0000
Plane,6520.0000,410.0000,202.9999,6520.0000,209.9999,1703.0000,6520.0000,410.0000,1703.0000
Plane,6520.0000,410.0000,202.9999,6520.0000,209.9999,202.9999,6520.0000,209.9999,1703.0000
Plane,6520.0000,610.0001,203.0003,6520.0000,410.0000,1703.0000,6520.0000,610.0001,1703.0000
Plane,6520.0000,610.0001,203.0003,6520.0000,410.0000,202.9999,6520.0000,410.0000,1703.0000
Plane,6520.0000,810.0001,203.0001,6520.0000,610.0001,1703.0000,6520.0000,810.0001,1703.0000
Plane,6520.0000,810.0001,203.0001,6520.0000,610.0001,203.0003,6520.0000,610.0001,1703.0000
Plane,6520.0000,209.9999,-1297.0000,6520.0000,10.0000,202.9999,6520.0000,209.9999,202.9999
Plane,6520.0000,209.9999,-1297.0000,6520.0000,10.0000,-1297.0000,6520.0000,10.0000,202.9999
Plane,6520.0000,410.0000,-1297.0000,6520.0000,209.9999,202.9999,6520.0000,410.0000,202.9999
Plane,6520.0000,410.0000,-1297.0000,6520.0000,209.9999,-1297.0000,6520.0000,209.9999,202.9999
Plane,6520.0000,610.0001,-1297.0000,6520.0000,410.0000,202.9999,6520.0000,610.0001,203.0003
Plane,6520.0000,610.0001,-1297.0000,6520.0000,410.0000,-1297.0000,6520.0000,410.0000,202.9999
Plane,6520.0000,209.9999,-2797.0000,6520.0000,10.0000,-1297.0000,6520.0000,209.9999,-1297.0000
Plane,6520.0000,209.9999,-2797.0000,6520.0000,10.0000,-2797.0000,6520.0000,10.0000,-1297.0000
Plane,6520.0000,410.0000,-2797.0000,6520.0000,209.9999,-1297.0000,6520.0000,410.0000,-1297.0000
Plane,6520.0000,410.0000,-2797.0000,6520.0000,209.9999,-2797.0000,6520.0000,209.9999,-1297.0000
Plane,6520.0000,209.9999,-4297.0000,6520.0000,10.0000,-2797.0000,6520.0000,209.9999,-2797.0000
Plane,6520.0000,209.9999,-4297.0000,6520.0000,10.0000,-4297.0000,6520.0000,10.0000,-2797.0000
Plane,6520.0000,410.0000,-4297.0000,6520.0000,209.9999,-4297.0000,6520.0000,209.9999,-2797.0000
Plane,6520.0000,410.0000,-4297.0000,6520.0000,209.9999,-2797.0000,6520.0000,410.0000,-2797.0000
Plane,6520.0000,610.0001,-4297.0000,6520.0000,410.0000,-4297.0000,6520.0000,410.0000,-2797.0000
Plane,6520.0000,610.0001,-2797.0000,6520.0000,410.0000,-2797.0000,6520.0000,410.0000,-1297.0000
Plane,6520.0000,610.0001,-4297.0000,6520.0000,410.0000,-2797.0000,6520.0000,610.0001,-2797.0000
Plane,6520.0000,610.0001,-2797.0000,6520.0000,410.0000,-1297.0000,6520.0000,610.0001,-1297.0000
Plane,6520.0000,810.0001,-4297.0000,6520.0000,610.0001,-4297.0000,6520.0000,610.0001,-2797.0000
Plane,6520.0000,810.0001,-4297.0000,6520.0000,610.0001,-2797.0000,6520.0000,810.0001,-2797.0000
Plane,6520.0000,810.0001,-2797.0000,6520.0000,610.0001,-2797.0000,6520.0000,610.0001,-1297.0000
Plane,6520.0000,1010.0000,-4297.0000,6520.0000,810.0001,-4297.0000,6520.0000,810.0001,-2797.0000
Plane,6520.0000,810.0001,-2797.0000,6520.0000,610.0001,-1297.0000,6520.0000,810.0001,-1297.0000
Plane,6520.0000,810.0001,-1297.0000,6520.0000,610.0001,-1297.0000,6520.0000,610.0001,203.0003
Plane,6520.0000,810.0001,-1297.0000,6520.0000,610.0001,203.0003,6520.0000,810.0001,203.0001
Plane,6520.0000,1010.0000,-4297.0000,6520.0000,810.0001,-2797.0000,6520.0000,1010.0000,-2797.0000
Plane,6520.0000,1010.0000,-2797.0000,6520.0000,810.0001,-2797.0000,6520.0000,810.0001,-1297.0000
Plane,6520.0000,1210.0000,-4297.0000,6520.0000,1010.0000,-4297.0000,6520.0000,1010.0000,-2797.0000
Plane,6520.0000,1010.0000,-1297.0000,6520.0000,810.0001,-1297.0000,6520.0000,810.0001,203.0001
Plane,6520.0000,1010.0000,-2797.0000,6520.0000,810.0001,-1297.0000,6520.0000,1010.0000,-1297.0000
Plane,6520.0000,1210.0000,-4297.0000,6520.0000,1010.0000,-2797.0000,6520.0000,1210.0000,-2797.0000
Plane,6520.0000,1210.0000,-2797.0000,6520.0000,1010.0000,-2797.0000,6520.0000,1010.0000,-1297.0000
Plane,6520.0000,1410.0000,-4297.0000,6520.0000,1210.0000,-4297.0000,6520.0000,1210.0000,-2797.0000
Plane,6520.0000,1010.0000,-1297.0000,6520.0000,810.0001,203.0001,6520.0000,1010.0000,203.0001
Plane,6520.0000,1010.0000,203.0001,6520.0000,810.0001,203.0001,6520.0000,810.0001,1703.0000
Plane,6520.0000,1010.0000,203.0001,6520.0000,810.0001,1703.0000,6520.0000,1010.0000,1703.0000
Plane,6520.0000,1410.0000,-4297.0000,6520.0000,1210.0000,-2797.0000,6520.0000,1410.0000,-2797.0000
Plane,6520.0000,1610.0000,-4297.0000,6520.0000,1410.0000,-4297.0000,6520.0000,1410.0000,-2797.0000
Plane,6520.0000,1210.0000,-2797.0000,6520.0000,1010.0000,-1297.0000,6520.0000,1210.0000,-1297.0000
Plane,6520.0000,1210.0000,-1297.0000,6520.0000,1010.0000,-1297.0000,6520.0000,1010.0000,203.0001
Plane,6520.0000,1410.0000,-2797.0000,6520.0000,1210.0000,-2797.0000,6520.0000,1210.0000,-1297.0000
Plane,6520.0000,1210.0000,203.0001,6520.0000,1010.0000,203.0001,6520.0000,1010.0000,1703.0000
Plane,6520.0000,1210.0000,-1297.0000,6520.0000,1010.0000,203.0001,6520.0000,1210.0000,203.0001
Plane,6520.0000,1610.0000,-4297.0000,6520.0000,1410.0000,-2797.0000,6520.0000,1610.0000,-2797.0000
Plane,6520.0000,1810.0000,-4297.0000,6520.0000,1610.0000,-4297.0000,6520.0000,1610.0000,-2797.0000
Plane,6520.0000,1410.0000,-2797.0000,6520.0000,1210.0000,-1297.0000,6520.0000,1410.0000,-1297.0000
Plane,6520.0000,1410.0000,-1297.0000,6520.0000,1210.0000,-1297.0000,6520.0000,1210.0000,203.0001
Plane,6520.0000,1610.0000,-2797.0000,6520.0000,1410.0000,-2797.0000,6520.0000,1410.0000,-1297.0000
Plane,6520.0000,1210.0000,203.0001,6520.0000,1010.0000,1703.0000,6520.0000,1210.0000,1703.0000
Plane,6520.0000,1210.0000,1703.0000,6520.0000,1010.0000,1703.0000,6520.0000,1010.0000,3203.0000
Plane,6520.0000,1210.0000,1703.0000,6520.0000,1010.0000,3203.0000,6520.0000,1210.0000,3203.0000
Plane,6520.0000,1810.0000,-4297.0000,6520.0000,1610.0000,-2797.0000,6520.0000,1810.0000,-2797.0000
Plane,6520.0000,2010.0000,-4297.0000,6520.0000,1810.0000,-4297.0000,6520.0000,1810.0000,-2797.0000
Plane,6520.0000,2010.0000,-4297.0000,6520.0000,1810.0000,-2797.0000,6520.0000,2010.0000,-2797.0000
Plane,6520.0000,1610.0000,-2797.0000,6520.0000,1410.0000,-1297.0000,6520.0000,1610.0000,-1297.0000
Plane,6520.0000,1810.0000,-2797.0000,6520.0000,1610.0000,-2797.0000,6520.0000,1610.0000,-1297.0000
Plane,6520.0000,1410.0000,-1297.0000,6520.0000,1210.0000,203.0001,6520.0000,1410.0000,203.0001
Plane,6520.0000,1410.0000,203.0001,6520.0000,1210.0000,203.0001,6520.0000,1210.0000,1703.0000
Plane,6520.0000,1610.0000,-1297.0000,6520.0000,1410.0000,-1297.0000,6520.0000,1410.0000,203.0001
Plane,6520.0000,1410.0000,1703.0000,6520.0000,1210.0000,1703.0000,6520.0000,1210.0000,3203.0000
Plane,6520.0000,1410.0000,203.0001,6520.0000,1210.0000,1703.0000,6520.0000,1410.0000,1703.0000
Plane,6520.0000,1410.0000,1703.0000,6520.0000,1210.0000,3203.0000,6520.0000,1410.0000,3203.0000
Plane,6520.0000,1610.0000,1703.0000,6520.0000,1410.0000,1703.0000,6520.0000,1410.0000,3203.0000
Plane,6520.0000,2010.0000,-2797.0000,6520.0000,1810.0000,-2797.0000,6520.0000,1810.0000,-1297.0000
Plane,6520.0000,1810.0000,-2797.0000,6520.0000,1610.0000,-1297.0000,6520.0000,1810.0000,-1297.0000
Plane,6520.0000,2010.0000,-2797.0000,6520.0000,1810.0000,-1297.0000,6520.0000,2010.0000,-1297.0000
Plane,6520.0000,2010.0000,-1297.0000,6520.0000,1810.0000,-1297.0000,6520.0000,1810.0000,203.0001
Plane,6520.0000,1610.0000,-1297.0000,6520.0000,1410.0000,203.0001,6520.0000,1610.0000,203.0001
Plane,6520.0000,1610.0000,203.0001,6520.0000,1410.0000,203.0001,6520.0000,1410.0000,1703.0000
Plane,6520.0000,1610.0000,203.0001,6520.0000,1410.0000,1703.0000,6520.0000,1610.0000,1703.0000
Plane,6520.0000,1810.0000,-1297.0000,6520.0000,1610.0000,-1297.0000,6520.0000,1610.0000,203.0001
Plane,6520.0000,1810.0000,-1297.0000,6520.0000,1610.0000,203.0001,6520.0000,1810.0000,203.0001
Plane,6520.0000,1810.0000,203.0001,6520.0000,1610.0000,203.0001,6520.0000,1610.0000,1703.0000
Plane,-4540.0010,9.9999,-3058.0000,-5840.0000,209.9999,-3058.0000,-5840.0000,9.9999,-3058.0000
Plane,-4540.0010,9.9999,-3058.0000,-4540.0010,209.9999,-3058.0000,-5840.0000,209.9999,-3058.0000
Plane,-3240.0000,9.9999,-3058.0000,-4540.0010,209.9999,-3058.0000,-4540.0010,9.9999,-3058.0000
Plane,-4540.0010,209.9999,-3058.0000,-5840.0000,409.9999,-3058.0000,-5840.0000,209.9999,-3058.0000
Plane,-3240.0000,9.9999,-3058.0000,-3240.0000,209.9999,-3058.0000,-4540.0010,209.9999,-3058.0000
Plane,-1940.0000,9.9999,-3058.0000,-3240.0000,209.9999,-3058.0000,-3240.0000,9.9999,-3058.0000
Plane,-4540.0010,209.9999,-3058.0000,-4540.0010,409.9999,-3058.0000,-5840.0000,409.9999,-3058.0000
Plane,-3240.0000,209.9999,-3058.0000,-4540.0010,409.9999,-3058.0000,-4540.0010,209.9999,-3058.0000
Plane,-4540.0010,409.9999,-3058.0000,-5840.0000,610.0001,-3058.0000,-5840.0000,409.9999,-3058.0000
Plane,-1940.0000,9.9999,-3058.0000,-1940.0000,209.9999,-3058.0000,-3240.0000,209.9999,-3058.0000
Plane,-640.0003,9.9999,-3058.0000,-1940.0000,209.9999,-3058.0000,-1940.0000,9.9999,-3058.0000
Plane,-3240.0000,209.9999,-3058.0000,-3240.0000,409.9999,-3058.0000,-4540.0010,409.9999,-3058.0000
Plane,-1940.0000,209.9999,-3058.0000,-3240.0000,409.9999,-3058.0000,-3240.0000,209.9999,-3058.0000
Plane,-4540.0010,409.9999,-3058.0000,-4540.0010,610.0001,-3058.0000,-5840.0000,610.0001,-3058.0000
Plane,-3240.0000,409.9999,-3058.0000,-4540.0010,610.0001,-3058.0000,-4540.0010,409.9999,-3058.0000
Plane,-4540.0010,610.0001,-3058.0000,-5840.0000,810.0001,-3058.0000,-5840.0000,610.0001,-3058.0000
Plane,-640.0003,9.9999,-3058.0000,-640.0003,209.9999,-3058.0000,-1940.0000,209.9999,-3058.0000
Plane,660.0000,9.9999,-3058.0000,-640.0003,209.9999,-3058.0000,-640.0003,9.9999,-3058.0000
Plane,-1940.0000,209.9999,-3058.0000,-1940.0000,409.9999,-3058.0000,-3240.0000,409.9999,-3058.0000
Plane,-640.0003,209.9999,-3058.0000,-1940.0000,409.9999,-3058.0000,-1940.0000,209.9999,-3058.0000
Plane,-3240.0000,409.9999,-3058.0000,-3240.0000,610.0001,-3058.0000,-4540.0010,610.0001,-3058.0000
Plane,-1940.0000,409.9999,-3058.0000,-3240.0000,610.0001,-3058.0000,-3240.0000,409.9999,-3058.0000
Plane,-4540.0010,610.0001,-3058.0000,-4540.0010,810.0001,-3058.0000,-5840.0000,810.0001,-3058.0000
Plane,-3240.0000,610.0001,-3058.0000,-4540.0010,810.0001,-3058.0000,-4540.0010,610.0001,-3058.0000
Plane,-4540.0010,810.0001,-3058.0000,-5840.0000,1010.0000,-3058.0000,-5840.0000,810.0001,-3058.0000
Plane,660.0000,9.9999,-3058.0000,660.0000,209.9999,-3058.0000,-640.0003,209.9999,-3058.0000
Plane,1960.0000,9.9999,-3058.0000,660.0000,209.9999,-3058.0000,660.0000,9.9999,-3058.0000
Plane,-640.0003,209.9999,-3058.0000,-640.0003,409.9999,-3058.0000,-1940.0000,409.9999,-3058.0000
Plane,660.0000,209.9999,-3058.0000,-640.0003,409.9999,-3058.0000,-640.0003,209.9999,-3058.0000
Plane,-1940.0000,409.9999,-3058.0000,-1940.0000,610.0001,-3058.0000,-3240.0000,610.0001,-3058.0000
Plane,-640.0003,409.9999,-3058.0000,-1940.0000,610.0001,-3058.0000,-1940.0000,409.9999,-3058.0000
Plane,-3240.0000,610.0001,-3058.0000,-3240.0000,810.0001,-3058.0000,-4540.0010,810.0001,-3058.0000
Plane,-1940.0000,610.0001,-3058.0000,-3240.0000,810.0001,-3058.0000,-3240.0000,610.0001,-3058.0000
Plane,-4540.0010,810.0001,-3058.0000,-4540.0010,1010.0000,-3058.0000,-5840.0000,1010.0000,-3058.0000
Plane,-3240.0000,810.0001,-3058.0000,-4540.0010,1010.0000,-3058.0000,-4540.0010,810.0001,-3058.0000
Plane,-4540.0010,1010.0000,-3058.0000,-5840.0000,1210.0000,-3058.0000,-5840.0000,1010.0000,-3058.0000
Plane,1960.0000,9.9999,-3058.0000,1960.0000,209.9999,-3058.0000,660.0000,209.9999,-3058.0000
Plane,3260.0000,9.9999,-3058.0000,1960.0000,209.9999,-3058.0000,1960.0000,9.9999,-3058.0000
Plane,660.0000,209.9999,-3058.0000,660.0000,409.9999,-3058.0000,-640.0003,409.9999,-3058.0000
Plane,1960.0000,209.9999,-3058.0000,660.0000,409.9999,-3058.0000,660.0000,209.9999,-3058.0000
Plane,-640.0003,409.9999,-3058.0000,-640.0003,610.0001,-3058.0000,-1940.0000,610.0001,-3058.0000
Plane,660.0000,409.9999,-3058.0000,-640.0003,610.0001,-3058.0000,-640.0003,409.9999,-3058.0000
Plane,-1940.0000,610.0001,-3058.0000,-1940.0000,810.0001,-3058.0000,-3240.0000,810.0001,-3058.0000
Plane,-640.0003,610.0001,-3058.0000,-1940.0000,810.0001,-3058.0000,-1940.0000,610.0001,-3058.0000
Plane,-3240.0000,810.0001,-3058.0000,-3240.0000,1010.0000,-3058.0000,-4540.0010,1010.0000,-3058.0000
Plane,-1940.0000,810.0001,-3058.0000,-3240.0000,1010.0000,-3058.0000,-3240.0000,810.0001,-3058.0000
Plane,-4540.0010,1010.0000,-3058.0000,-4540.0010,1210.0000,-3058.0000,-5840.0000,1210.0000,-3058.0000
Plane,-3240.0000,1010.0000,-3058.0000,-4540.0010,1210.0000,-3058.0000,-4540.0010,1010.0000,-3058.0000
Plane,-4540.0010,1210.0000,-3058.0000,-5840.0000,1410.0000,-3058.0000,-5840.0000,1210.0000,-3058.0000
Plane,3260.0000,9.9999,-3058.0000,3260.0000,209.9999,-3058.0000,1960.0000,209.9999,-3058.0000
Plane,4560.0000,9.9999,-3058.0000,3260.0000,209.9999,-3058.0000,3260.0000,9.9999,-3058.0000
Plane,1960.0000,209.9999,-3058.0000,1960.0000,409.9999,-3058.0000,660.0000,409.9999,-3058.0000
Plane,3260.0000,209.9999,-3058.0000,1960.0000,409.9999,-3058.0000,1960.0000,209.9999,-3058.0000
Plane,660.0000,409.9999,-3058.0000,660.0000,610.0001,-3058.0000,-640.0003,610.0001,-3058.0000
Plane,1960.0000,409.9999,-3058.0000,660.0000,610.0001,-3058.0000,660.0000,409.9999,-3058.0000
Plane,-640.0003,610.0001,-3058.0000,-640.0003,810.0001,-3058.0000,-1940.0000,810.0001,-3058.0000
Plane,660.0000,610.0001,-3058.0000,-640.0003,810.0001,-3058.0000,-640.0003,610.0001,-3058.0000
Plane,-1940.0000,810.0001,-3058.0000,-1940.0000,1010.0000,-3058.0000,-3240.0000,1010.0000,-3058.0000
Plane,-640.0003,810.0001,-3058.0000,-1940.0000,1010.0000,-3058.0000,-1940.0000,810.0001,-3058.0000
Plane,-3240.0000,1010.0000,-3058.0000,-3240.0000,1210.0000,-3058.0000,-4540.0010,1210.0000,-3058.0000
Plane,-1940.0000,1010.0000,-3058.0000,-3240.0000,1210.0000,-3058.0000,-3240.0000,1010.0000,-3058.0000
Plane,-4540.0010,1210.0000,-3058.0000,-4540.0010,1410.0000,-3058.0000,-5840.0000,1410.0000,-3058.0000
Plane,-3240.0000,1210.0000,-3058.0000,-4540.0010,1410.0000,-3058.0000,-4540.0010,1210.0000,-3058.0000
Plane,-4540.0010,1410.0000,-3058.0000,-5840.0000,1610.0000,-3058.0000,-5840.0000,1410.0000,-3058.0000
Plane,-4540.0010,1410.0000,-3058.0000,-4540.0010,1610.0000,-3058.0000,-5840.0000,1610.0000,-3058.0000
Plane,-4540.0010,1610.0000,-3058.0000,-5840.0000,1810.0000,-3058.0000,-5840.0000,1610.0000,-3058.0000
Plane,-3240.0000,1210.0000,-3058.0000,-3240.0000,1410.0000,-3058.0000,-4540.0010,1410.0000,-3058.0000
Plane,-3240.0000,1410.0000,-3058.0000,-4540.0010,1610.0000,-3058.0000,-4540.0010,1410.0000,-3058.0000
Plane,-1940.0000,1010.0000,-3058.0000,-1940.0000,1210.0000,-3058.0000,-3240.0000,1210.0000,-3058.0000
Plane,-1940.0000,1210.0000,-3058.0000,-3240.0000,1410.0000,-3058.0000,-3240.0000,1210.0000,-3058.0000
Plane,-640.0003,810.0001,-3058.0000,-640.0003,1010.0000,-3058.0000,-1940.0000,1010.0000,-3058.0000
Plane,-640.0003,1010.0000,-3058.0000,-1940.0000,1210.0000,-3058.0000,-1940.0000,1010.0000,-3058.0000
Plane,660.0000,610.0001,-3058.0000,660.0000,810.0001,-3058.0000,-640.0003,810.0001,-3058.0000
Plane,660.0000,810.0001,-3058.0000,-640.0003,1010.0000,-3058.0000,-640.0003,810.0001,-3058.0000
Plane,-4540.0010,1610.0000,-3058.0000,-4540.0010,1810.0000,-3058.0000,-5840.0000,1810.0000,-3058.0000
Plane,-4540.0010,1810.0000,-3058.0000,-5840.0000,2010.0000,-3058.0000,-5840.0000,1810.0000,-3058.0000
Plane,-4540.0010,1810.0000,-3058.0000,-4540.0010,2010.0000,-3058.0000,-5840.0000,2010.0000,-3058.0000
Plane,-3240.0000,1410.0000,-3058.0000,-3240.0000,1610.0000,-3058.0000,-4540.0010,1610.0000,-3058.0000
Plane,-3240.0000,1610.0000,-3058.0000,-4540.0010,1810.0000,-3058.0000,-4540.0010,1610.0000,-3058.0000
Plane,-3240.0000,1810.0000,-3058.0000,-4540.0010,2010.0000,-3058.0000,-4540.0010,1810.0000,-3058.0000
Plane,-3240.0000,1610.0000,-3058.0000,-3240.0000,1810.0000,-3058.0000,-4540.0010,1810.0000,-3058.0000
Plane,-3240.0000,1810.0000,-3058.0000,-3240.0000,2010.0000,-3058.0000,-4540.0010,2010.0000,-3058.0000
Plane,-1940.0000,1210.0000,-3058.0000,-1940.0000,1410.0000,-3058.0000,-3240.0000,1410.0000,-3058.0000
Plane,-1940.0000,1410.0000,-3058.0000,-3240.0000,1610.0000,-3058.0000,-3240.0000,1410.0000,-3058.0000
Plane,-640.0003,1010.0000,-3058.0000,-640.0003,1210.0000,-3058.0000,-1940.0000,1210.0000,-3058.0000
Plane,-640.0003,1210.0000,-3058.0000,-1940.0000,1410.0000,-3058.0000,-1940.0000,1210.0000,-3058.0000
Plane,-1940.0000,1610.0000,-3058.0000,-3240.0000,1810.0000,-3058.0000,-3240.0000,1610.0000,-3058.0000
Plane,-1940.0000,1410.0000,-3058.0000,-1940.0000,1610.0000,-3058.0000,-3240.0000,1610.0000,-3058.0000
Plane,-1940.0000,1810.0000,-3058.0000,-3240.0000,2010.0000,-3058.0000,-3240.0000,1810.0000,-3058.0000
Plane,-1940.0000,1610.0000,-3058.0000,-1940.0000,1810.0000,-3058.0000,-3240.0000,1810.0000,-3058.0000
Plane,-1940.0000,1810.0000,-3058.0000,-1940.0000,2010.0000,-3058.0000,-3240.0000,2010.0000,-3058.0000
Plane,-640.0003,1410.0000,-3058.0000,-1940.0000,1610.0000,-3058.0000,-1940.0000,1410.0000,-3058.0000
Plane,-640.0003,1210.0000,-3058.0000,-640.0003,1410.0000,-3058.0000,-1940.0000,1410.0000,-3058.0000
Plane,660.0000,1010.0000,-3058.0000,-640.0003,1210.0000,-3058.0000,-640.0003,1010.0000,-3058.0000
Plane,660.0000,810.0001,-3058.0000,660.0000,1010.0000,-3058.0000,-640.0003,1010.0000,-3058.0000
Plane,-640.0003,1610.0000,-3058.0000,-1940.0000,1810.0000,-3058.0000,-1940.0000,1610.0000,-3058.0000
Plane,-640.0003,1410.0000,-3058.0000,-640.0003,1610.0000,-3058.0000,-1940.0000,1610.0000,-3058.0000
Plane,-640.0003,1810.0000,-3058.0000,-1940.0000,2010.0000,-3058.0000,-1940.0000,1810.0000,-3058.0000
Plane,-640.0003,1610.0000,-3058.0000,-640.0003,1810.0000,-3058.0000,-1940.0000,1810.0000,-3058.0000
Plane,-640.0003,1810.0000,-3058.0000,-640.0003,2010.0000,-3058.0000,-1940.0000,2010.0000,-3058.0000
Plane,660.0000,1210.0000,-3058.0000,-640.0003,1410.0000,-3058.0000,-640.0003,1210.0000,-3058.0000
Plane,660.0000,1010.0000,-3058.0000,660.0000,1210.0000,-3058.0000,-640.0003,1210.0000,-3058.0000
Plane,660.0000,1410.0000,-3058.0000,-640.0003,1610.0000,-3058.0000,-640.0003,1410.0000,-3058.0000
Plane,660.0000,1210.0000,-3058.0000,660.0000,1410.0000,-3058.0000,-640.0003,1410.0000,-3058.0000
Plane,660.0000,1610.0000,-3058.0000,-640.0003,1810.0000,-3058.0000,-640.0003,1610.0000,-3058.0000
Plane,660.0000,1410.0000,-3058.0000,660.0000,1610.0000,-3058.0000,-640.0003,1610.0000,-3058.0000
Plane,660.0000,1810.0000,-3058.0000,-640.0003,2010.0000,-3058.0000,-640.0003,1810.0000,-3058.0000
Plane,660.0000,1610.0000,-3058.0000,660.0000,1810.0000,-3058.0000,-640.0003,1810.0000,-3058.0000
Plane,660.0000,1810.0000,-3058.0000,660.0000,2010.0000,-3058.0000,-640.0003,2010.0000,-3058.0000
Plane,1960.0000,1810.0000,-3058.0000,660.0000,2010.0000,-3058.0000,660.0000,1810.0000,-3058.0000
Plane,1960.0000,1810.0000,-3058.0000,1960.0000,2010.0000,-3058.0000,660.0000,2010.0000,-3058.0000
Plane,1960.0000,1610.0000,-3058.0000,660.0000,1810.0000,-3058.0000,660.0000,1610.0000,-3058.0000
Plane,1960.0000,1610.0000,-3058.0000,1960.0000,1810.0000,-3058.0000,660.0000,1810.0000,-3058.0000
Plane,1960.0000,1410.0000,-3058.0000,660.0000,1610.0000,-3058.0000,660.0000,1410.0000,-3058.0000
Plane,1960.0000,1410.0000,-3058.0000,1960.0000,1610.0000,-3058.0000,660.0000,1610.0000,-3058.0000
Plane,1960.0000,1210.0000,-3058.0000,660.0000,1410.0000,-3058.0000,660.0000,1210.0000,-3058.0000
Plane,1960.0000,1210.0000,-3058.0000,1960.0000,1410.0000,-3058.0000,660.0000,1410.0000,-3058.0000
Plane,1960.0000,1010.0000,-3058.0000,660.0000,1210.0000,-3058.0000,660.0000,1010.0000,-3058.0000
Plane,1960.0000,1010.0000,-3058.0000,1960.0000,1210.0000,-3058.0000,660.0000,1210.0000,-3058.0000
Plane,3260.0000,1810.0000,-3058.0000,1960.0000,2010.0000,-3058.0000,1960.0000,1810.0000,-3058.0000
Plane,3260.0000,1810.0000,-3058.0000,3260.0000,2010.0000,-3058.0000,1960.0000,2010.0000,-3058.0000
Plane,3260.0000,1610.0000,-3058.0000,1960.0000,1810.0000,-3058.0000,1960.0000,1610.0000,-3058.0000
Plane,3260.0000,1610.0000,-3058.0000,3260.0000,1810.0000,-3058.0000,1960.0000,1810.0000,-3058.0000
Plane,3260.0000,1410.0000,-3058.0000,1960.0000,1610.0000,-3058.0000,1960.0000,1410.0000,-3058.0000
Plane,3260.0000,1410.0000,-3058.0000,3260.0000,1610.0000,-3058.0000,1960.0000,1610.0000,-3058.0000
Plane,3260.0000,1210.0000,-3058.0000,1960.0000,1410.0000,-3058.0000,1960.0000,1210.0000,-3058.0000
Plane,3260.0000,1210.0000,-3058.0000,3260.0000,1410.0000,-3058.0000,1960.0000,1410.0000,-3058.0000
Plane,4560.0000,1810.0000,-3058.0000,3260.0000,2010.0000,-3058.0000,3260.0000,1810.0000,-3058.0000
Plane,4560.0000,1810.0000,-3058.0000,4560.0000,2010.0000,-3058.0000,3260.0000,2010.0000,-3058.0000
Plane,4560.0000,1610.0000,-3058.0000,3260.0000,1810.0000,-3058.0000,3260.0000,1610.0000,-3058.0000
Plane,4560.0000,1610.0000,-3058.0000,4560.0000,1810.0000,-3058.0000,3260.0000,1810.0000,-3058.0000
Plane,4560.0000,1410.0000,-3058.0000,3260.0000,1610.0000,-3058.0000,3260.0000,1410.0000,-3058.0000
Plane,4560.0000,1410.0000,-3058.0000,4560.0000,1610.0000,-3058.0000,3260.0000,1610.0000,-3058.0000
Plane,5860.0000,1810.0000,-3058.0000,4560.0000,2010.0000,-3058.0000,4560.0000,1810.0000,-3058.0000
Plane,5860.0000,1810.0000,-3058.0000,5860.0000,2010.0000,-3058.0000,4560.0000,2010.0000,-3058.0000
Plane,5860.0000,1610.0000,-3058.0000,4560.0000,1810.0000,-3058.0000,4560.0000,1610.0000,-3058.0000
Plane,5860.0000,1610.0000,-3058.0000,5860.0000,1810.0000,-3058.0000,4560.0000,1810.0000,-3058.0000
Plane,7160.0000,1810.0000,-3058.0000,5860.0000,2010.0000,-3058.0000,5860.0000,1810.0000,-3058.0000
Plane,7160.0000,1810.0000,-3058.0000,7160.0000,2010.0000,-3058.0000,5860.0000,2010.0000,-3058.0000
Plane,7160.0000,1610.0000,-3058.0000,7160.0000,1810.0000,-3058.0000,5860.0000,1810.0000,-3058.0000
Plane,7160.0000,1610.0000,-3058.0000,5860.0000,1810.0000,-3058.0000,5860.0000,1610.0000,-3058.0000
Plane,7160.0000,1410.0000,-3058.0000,7160.0000,1610.0000,-3058.0000,5860.0000,1610.0000,-3058.0000
Plane,5860.0000,1410.0000,-3058.0000,5860.0000,1610.0000,-3058.0000,4560.0000,1610.0000,-3058.0000
Plane,7160.0000,1410.0000,-3058.0000,5860.0000,1610.0000,-3058.0000,5860.0000,1410.0000,-3058.0000
Plane,5860.0000,1410.0000,-3058.0000,4560.0000,1610.0000,-3058.0000,4560.0000,1410.0000,-3058.0000
Plane,7160.0000,1210.0000,-3058.0000,7160.0000,1410.0000,-3058.0000,5860.0000,1410.0000,-3058.0000
Plane,7160.0000,1210.0000,-3058.0000,5860.0000,1410.0000,-3058.0000,5860.0000,1210.0000,-3058.0000
Plane,5860.0000,1210.0000,-3058.0000,5860.0000,1410.0000,-3058.0000,4560.0000,1410.0000,-3058.0000
Plane,7160.0000,1010.0000,-3058.0000,7160.0000,1210.0000,-3058.0000,5860.0000,1210.0000,-3058.0000
Plane,5860.0000,1210.0000,-3058.0000,4560.0000,1410.0000,-3058.0000,4560.0000,1210.0000,-3058.0000
Plane,4560.0000,1210.0000,-3058.0000,4560.0000,1410.0000,-3058.0000,3260.0000,1410.0000,-3058.0000
Plane,4560.0000,1210.0000,-3058.0000,3260.0000,1410.0000,-3058.0000,3260.0000,1210.0000,-3058.0000
Plane,7160.0000,1010.0000,-3058.0000,5860.0000,1210.0000,-3058.0000,5860.0000,1010.0000,-3058.0000
Plane,5860.0000,1010.0000,-3058.0000,5860.0000,1210.0000,-3058.0000,4560.0000,1210.0000,-3058.0000
Plane,7160.0000,810.0001,-3058.0000,7160.0000,1010.0000,-3058.0000,5860.0000,1010.0000,-3058.0000
Plane,4560.0000,1010.0000,-3058.0000,4560.0000,1210.0000,-3058.0000,3260.0000,1210.0000,-3058.0000
Plane,5860.0000,1010.0000,-3058.0000,4560.0000,1210.0000,-3058.0000,4560.0000,1010.0000,-3058.0000
Plane,7160.0000,810.0001,-3058.0000,5860.0000,1010.0000,-3058.0000,5860.0000,810.0001,-3058.0000
Plane,5860.0000,810.0001,-3058.0000,5860.0000,1010.0000,-3058.0000,4560.0000,1010.0000,-3058.0000
Plane,7160.0000,610.0001,-3058.0000,7160.0000,810.0001,-3058.0000,5860.0000,810.0001,-3058.0000
Plane,4560.0000,1010.0000,-3058.0000,3260.0000,1210.0000,-3058.0000,3260.0000,1010.0000,-3058.0000
Plane,3260.0000,1010.0000,-3058.0000,3260.0000,1210.0000,-3058.0000,1960.0000,1210.0000,-3058.0000
Plane,3260.0000,1010.0000,-3058.0000,1960.0000,1210.0000,-3058.0000,1960.0000,1010.0000,-3058.0000
Plane,7160.0000,610.0001,-3058.0000,5860.0000,810.0001,-3058.0000,5860.0000,610.0001,-3058.0000
Plane,7160.0000,409.9999,-3058.0000,7160.0000,610.0001,-3058.0000,5860.0000,610.0001,-3058.0000
Plane,5860.0000,810.0001,-3058.0000,4560.0000,1010.0000,-3058.0000,4560.0000,810.0001,-3058.0000
Plane,4560.0000,810.0001,-3058.0000,4560.0000,1010.0000,-3058.0000,3260.0000,1010.0000,-3058.0000
Plane,5860.0000,610.0001,-3058.0000,5860.0000,810.0001,-3058.0000,4560.0000,810.0001,-3058.0000
Plane,3260.0000,810.0001,-3058.0000,3260.0000,1010.0000,-3058.0000,1960.0000,1010.0000,-3058.0000
Plane,4560.0000,810.0001,-3058.0000,3260.0000,1010.0000,-3058.0000,3260.0000,810.0001,-3058.0000
Plane,7160.0000,409.9999,-3058.0000,5860.0000,610.0001,-3058.0000,5860.0000,409.9999,-3058.0000
Plane,7160.0000,209.9999,-3058.0000,7160.0000,409.9999,-3058.0000,5860.0000,409.9999,-3058.0000
Plane,5860.0000,610.0001,-3058.0000,4560.0000,810.0001,-3058.0000,4560.0000,610.0001,-3058.0000
Plane,4560.0000,610.0001,-3058.0000,4560.0000,810.0001,-3058.0000,3260.0000,810.0001,-3058.0000
Plane,5860.0000,409.9999,-3058.0000,5860.0000,610.0001,-3058.0000,4560.0000,610.0001,-3058.0000
Plane,3260.0000,810.0001,-3058.0000,1960.0000,1010.0000,-3058.0000,1960.0000,810.0001,-3058.0000
Plane,1960.0000,810.0001,-3058.0000,1960.0000,1010.0000,-3058.0000,660.0000,1010.0000,-3058.0000
Plane,1960.0000,810.0001,-3058.0000,660.0000,1010.0000,-3058.0000,660.0000,810.0001,-3058.0000
Plane,7160.0000,209.9999,-3058.0000,5860.0000,409.9999,-3058.0000,5860.0000,209.9999,-3058.0000
Plane,7160.0000,9.9999,-3058.0000,7160.0000,209.9999,-3058.0000,5860.0000,209.9999,-3058.0000
Plane,7160.0000,9.9999,-3058.0000,5860.0000,209.9999,-3058.0000,5860.0000,9.9999,-3058.0000
Plane,5860.0000,409.9999,-3058.0000,4560.0000,610.0001,-3058.0000,4560.0000,409.9999,-3058.0000
Plane,5860.0000,209.9999,-3058.0000,5860.0000,409.9999,-3058.0000,4560.0000,409.9999,-3058.0000
Plane,4560.0000,610.0001,-3058.0000,3260.0000,810.0001,-3058.0000,3260.0000,610.0001,-3058.0000
Plane,3260.0000,610.0001,-3058.0000,3260.0000,810.0001,-3058.0000,1960.0000,810.0001,-3058.0000
Plane,4560.0000,409.9999,-3058.0000,4560.0000,610.0001,-3058.0000,3260.0000,610.0001,-3058.0000
Plane,1960.0000,610.0001,-3058.0000,1960.0000,810.0001,-3058.0000,660.0000,810.0001,-3058.0000
Plane,3260.0000,610.0001,-3058.0000,1960.0000,810.0001,-3058.0000,1960.0000,610.0001,-3058.0000
Plane,1960.0000,610.0001,-3058.0000,660.0000,810.0001,-3058.0000,660.0000,610.0001,-3058.0000
Plane,1960.0000,409.9999,-3058.0000,1960.0000,610.0001,-3058.0000,660.0000,610.0001,-3058.0000
Plane,5860.0000,9.9999,-3058.0000,5860.0000,209.9999,-3058.0000,4560.0000,209.9999,-3058.0000
Plane,5860.0000,209.9999,-3058.0000,4560.0000,409.9999,-3058.0000,4560.0000,209.9999,-3058.0000
Plane,5860.0000,9.9999,-3058.0000,4560.0000,209.9999,-3058.0000,4560.0000,9.9999,-3058.0000
Plane,4560.0000,9.9999,-3058.0000,4560.0000,209.9999,-3058.0000,3260.0000,209.9999,-3058.0000
Plane,4560.0000,409.9999,-3058.0000,3260.0000,610.0001,-3058.0000,3260.0000,409.9999,-3058.0000
Plane,3260.0000,409.9999,-3058.0000,3260.0000,610.0001,-3058.0000,1960.0000,610.0001,-3058.0000
Plane,3260.0000,409.9999,-3058.0000,1960.0000,610.0001,-3058.0000,1960.0000,409.9999,-3058.0000
Plane,4560.0000,209.9999,-3058.0000,4560.0000,409.9999,-3058.0000,3260.0000,409.9999,-3058.0000
Plane,4560.0000,209.9999,-3058.0000,3260.0000,409.9999,-3058.0000,3260.0000,209.9999,-3058.0000
Plane,3260.0000,209.9999,-3058.0000,3260.0000,409.9999,-3058.0000,1960.0000,409.9999,-3058.0000
Plane,-618.0002,500.7517,5986.6030,-1018.0000,460.6014,5929.2630,-1018.0000,500.7517,5986.6030
Plane,-618.0002,500.7517,5986.6030,-618.0002,460.6014,5929.2630,-1018.0000,460.6014,5929.2630
Plane,-218.0000,500.7517,5986.6030,-618.0002,460.6014,5929.2630,-618.0002,500.7517,5986.6030
Plane,-618.0002,460.6014,5929.2630,-1018.0000,420.4510,5871.9220,-1018.0000,460.6014,5929.2630
Plane,-218.0000,500.7517,5986.6030,-218.0000,460.6014,5929.2630,-618.0002,460.6014,5929.2630
Plane,182.0000,500.7517,5986.6030,-218.0000,460.6014,5929.2630,-218.0000,500.7517,5986.6030
Plane,-618.0002,460.6014,5929.2630,-618.0002,420.4510,5871.9220,-1018.0000,420.4510,5871.9220
Plane,-218.0000,460.6014,5929.2630,-618.0002,420.4510,5871.9220,-618.0002,460.6014,5929.2630
Plane,-618.0002,420.4510,5871.9220,-1018.0000,380.3007,5814.5810,-1018.0000,420.4510,5871.9220
Plane,182.0000,500.7517,5986.6030,182.0000,460.6014,5929.2630,-218.0000,460.6014,5929.2630
Plane,581.9999,500.7517,5986.6030,182.0000,460.6014,5929.2630,182.0000,500.7517,5986.6030
Plane,-218.0000,460.6014,5929.2630,-218.0000,420.4510,5871.9220,-618.0002,420.4510,5871.9220
Plane,182.0000,460.6014,5929.2630,-218.0000,420.4510,5871.9220,-218.0000,460.6014,5929.2630
Plane,-618.0002,420.4510,5871.9220,-618.0002,380.3007,5814.5810,-1018.0000,380.3007,5814.5810
Plane,-218.0000,420.4510,5871.9220,-618.0002,380.3007,5814.5810,-618.0002,420.4510,5871.9220
Plane,-618.0002,380.3007,5814.5810,-1018.0000,340.1504,5757.2410,-1018.0000,380.3007,5814.5810
Plane,581.9999,500.7517,5986.6030,581.9999,460.6014,5929.2630,182.0000,460.6014,5929.2630
Plane,982.0000,500.7517,5986.6030,581.9999,460.6014,5929.2630,581.9999,500.7517,5986.6030
Plane,182.0000,460.6014,5929.2630,182.0000,420.4510,5871.9220,-218.0000,420.4510,5871.9220
Plane,581.9999,460.6014,5929.2630,182.0000,420.4510,5871.9220,182.0000,460.6014,5929.2630
Plane,-218.0000,420.4510,5871.9220,-218.0000,380.3007,5814.5810,-618.0002,380.3007,5814.5810
Plane,182.0000,420.4510,5871.9220,-218.0000,380.3007,5814.5810,-218.0000,420.4510,5871.9220
Plane,-618.0002,380.3007,5814.5810,-618.0002,340.1504,5757.2410,-1018.0000,340.1504,5757.2410
Plane,-218.0000,380.3007,5814.5810,-618.0002,340.1504,5757.2410,-618.0002,380.3007,5814.5810
Plane,-618.0002,340.1504,5757.2410,-1018.0000,300.0000,5699.9000,-1018.0000,340.1504,5757.2410
Plane,982.0000,500.7517,5986.6030,982.0000,460.6014,5929.2630,581.9999,460.6014,5929.2630
Plane,1382.0000,500.7517,5986.6030,982.0000,460.6014,5929.2630,982.0000,500.7517,5986.6030
Plane,581.9999,460.6014,5929.2630,581.9999,420.4510,5871.9220,182.0000,420.4510,5871.9220
Plane,982.0000,460.6014,5929.2630,581.9999,420.4510,5871.9220,581.9999,460.6014,5929.2630
Plane,182.0000,420.4510,5871.9220,182.0000,380.3007,5814.5810,-218.0000,380.3007,5814.5810
Plane,581.9999,420.4510,5871.9220,182.0000,380.3007,5814.5810,182.0000,420.4510,5871.9220
Plane,-218.0000,380.3007,5814.5810,-218.0000,340.1504,5757.2410,-618.0002,340.1504,5757.2410
Plane,182.0000,380.3007,5814.5810,-218.0000,340.1504,5757.2410,-218.0000,380.3007,5814.5810
Plane,-618.0002,340.1504,5757.2410,-618.0002,300.0000,5699.9000,-1018.0000,300.0000,5699.9000
Plane,-218.0000,340.1504,5757.2410,-618.0002,300.0000,5699.9000,-618.0002,340.1504,5757.2410
Plane,-618.0002,300.0000,5699.9000,-1018.0000,259.8496,5642.5600,-1018.0000,300.0000,5699.9000
Plane,1382.0000,500.7517,5986.6030,1382.0000,460.6014,5929.2630,982.0000,460.6014,5929.2630
Plane,1782.0000,500.7517,5986.6030,1382.0000,460.6014,5929.2630,1382.0000,500.7517,5986.6030
Plane,982.0000,460.6014,5929.2630,982.0000,420.4510,5871.9220,581.9999,420.4510,5871.9220
Plane,1382.0000,460.6014,5929.2630,982.0000,420.4510,5871.9220,982.0000,460.6014,5929.2630
Plane,581.9999,420.4510,5871.9220,581.9999,380.3007,5814.5810,182.0000,380.3007,5814.5810
Plane,982.0000,420.4510,5871.9220,581.9999,380.3007,5814.5810,581.9999,420.4510,5871.9220
Plane,182.0000,380.3007,5814.5810,182.0000,340.1504,5757.2410,-218.0000,340.1504,5757.2410
Plane,581.9999,380.3007,5814.5810,182.0000,340.1504,5757.2410,182.0000,380.3007,5814.5810
Plane,-218.0000,340.1504,5757.2410,-218.0000,300.0000,5699.9000,-618.0002,300.0000,5699.9000
Plane,182.0000,340.1504,5757.2410,-218.0000,300.0000,5699.9000,-218.0000,340.1504,5757.2410
Plane,-618.0002,300.0000,5699.9000,-618.0002,259.8496,5642.5600,-1018.0000,259.8496,5642.5600
Plane,-218.0000,300.0000,5699.9000,-618.0002,259.8496,5642.5600,-618.0002,300.0000,5699.9000
Plane,-618.0002,259.8496,5642.5600,-1018.0000,219.6993,5585.2190,-1018.0000,259.8496,5642.5600
Plane,1782.0000,500.7517,5986.6030,1782.0000,460.6014,5929.2630,1382.0000,460.6014,5929.2630
Plane,2182.0000,500.7517,5986.6030,1782.0000,460.6014,5929.2630,1782.0000,500.7517,5986.6030
Plane,1382.0000,460.6014,5929.2630,1382.0000,420.4510,5871.9220,982.0000,420.4510,5871.9220
Plane,1782.0000,460.6014,5929.2630,1382.0000,420.4510,5871.9220,1382.0000,460.6014,5929.2630
Plane,982.0000,420.4510,5871.9220,982.0000,380.3007,5814.5810,581.9999,380.3007,5814.5810
Plane,1382.0000,420.4510,5871.9220,982.0000,380.3007,5814.5810,982.0000,420.4510,5871.9220
Plane,581.9999,380.3007,5814.5810,581.9999,340.1504,5757.2410,182.0000,340.1504,5757.2410
Plane,982.0000,380.3007,5814.5810,581.9999,340.1504,5757.2410,581.9999,380.3007,5814.5810
Plane,182.0000,340.1504,5757.2410,182.0000,300.0000,5699.9000,-218.0000,300.0000,5699.9000
Plane,581.9999,340.1504,5757.2410,182.0000,300.0000,5699.9000,182.0000,340.1504,5757.2410
Plane,-218.0000,300.0000,5699.9000,-218.0000,259.8496,5642.5600,-618.0002,259.8496,5642.5600
Plane,182.0000,300.0000,5699.9000,-218.0000,259.8496,5642.5600,-218.0000,300.0000,5699.9000
Plane,-618.0002,259.8496,5642.5600,-618.0002,219.6993,5585.2190,-1018.0000,219.6993,5585.2190
Plane,-218.0000,259.8496,5642.5600,-618.0002,219.6993,5585.2190,-618.0002,259.8496,5642.5600
Plane,-618.0002,219.6993,5585.2190,-1018.0000,179.5490,5527.8780,-1018.0000,219.6993,5585.2190
Plane,-618.0002,219.6993,5585.2190,-618.0002,179.5490,5527.8780,-1018.0000,179.5490,5527.8780
Plane,-618.0002,179.5490,5527.8780,-1018.0000,139.3986,5470.5380,-1018.0000,179.5490,5527.8780
Plane,-218.0000,259.8496,5642.5600,-218.0000,219.6993,5585.2190,-618.0002,219.6993,5585.2190
Plane,-218.0000,219.6993,5585.2190,-618.0002,179.5490,5527.8780,-618.0002,219.6993,5585.2190
Plane,182.0000,300.0000,5699.9000,182.0000,259.8496,5642.5600,-218.0000,259.8496,5642.5600
Plane,182.0000,259.8496,5642.5600,-218.0000,219.6993,5585.2190,-218.0000,259.8496,5642.5600
Plane,581.9999,340.1504,5757.2410,581.9999,300.0000,5699.9000,182.0000,300.0000,5699.9000
Plane,581.9999,300.0000,5699.9000,182.0000,259.8496,5642.5600,182.0000,300.0000,5699.9000
Plane,982.0000,380.3007,5814.5810,982.0000,340.1504,5757.2410,581.9999,340.1504,5757.2410
Plane,982.0000,340.1504,5757.2410,581.9999,300.0000,5699.9000,581.9999,340.1504,5757.2410
Plane,-618.0002,179.5490,5527.8780,-618.0002,139.3986,5470.5380,-1018.0000,139.3986,5470.5380
Plane,-618.0002,139.3986,5470.5380,-1018.0000,99.2483,5413.1970,-1018.0000,139.3986,5470.5380
Plane,-618.0002,139.3986,5470.5380,-618.0002,99.2483,5413.1970,-1018.0000,99.2483,5413.1970
Plane,-218.0000,219.6993,5585.2190,-218.0000,179.5490,5527.8780,-618.0002,179.5490,5527.8780
Plane,-218.0000,179.5490,5527.8780,-618.0002,139.3986,5470.5380,-618.0002,179.5490,5527.8780
Plane,-218.0000,139.3986,5470.5380,-618.0002,99.2483,5413.1970,-618.0002,139.3986,5470.5380
Plane,-218.0000,179.5490,5527.8780,-218.0000,139.3986,5470.5380,-618.0002,139.3986,5470.5380
Plane,-218.0000,139.3986,5470.5380,-218.0000,99.2483,5413.1970,-618.0002,99.2483,5413.1970
Plane,182.0000,259.8496,5642.5600,182.0000,219.6993,5585.2190,-218.0000,219.6993,5585.2190
Plane,182.0000,219.6993,5585.2190,-218.0000,179.5490,5527.8780,-218.0000,219.6993,5585.2190
Plane,581.9999,300.0000,5699.9000,581.9999,259.8496,5642.5600,182.0000,259.8496,5642.5600
Plane,581.9999,259.8496,5642.5600,182.0000,219.6993,5585.2190,182.0000,259.8496,5642.5600
Plane,182.0000,179.5490,5527.8780,-218.0000,139.3986,5470.5380,-218.0000,179.5490,5527.8780
Plane,182.0000,219.6993,5585.2190,182.0000,179.5490,5527.8780,-218.0000,179.5490,5527.8780
Plane,182.0000,139.3986,5470.5380,-218.0000,99.2483,5413.1970,-218.0000,139.3986,5470.5380
Plane,182.0000,179.5490,5527.8780,182.0000,139.3986,5470.5380,-218.0000,139.3986,5470.5380
Plane,182.0000,139.3986,5470.5380,182.0000,99.2483,5413.1970,-218.0000,99.2483,5413.1970
Plane,581.9999,219.6993,5585.2190,182.0000,179.5490,5527.8780,182.0000,219.6993,5585.2190
Plane,581.9999,259.8496,5642.5600,581.9999,219.6993,5585.2190,182.0000,219.6993,5585.2190
Plane,982.0000,300.0000,5699.9000,581.9999,259.8496,5642.5600,581.9999,300.0000,5699.9000
Plane,982.0000,340.1504,5757.2410,982.0000,300.0000,5699.9000,581.9999,300.0000,5699.9000
Plane,581.9999,179.5490,5527.8780,182.0000,139.3986,5470.5380,182.0000,179.5490,5527.8780
Plane,581.9999,219.6993,5585.2190,581.9999,179.5490,5527.8780,182.0000,179.5490,5527.8780
Plane,581.9999,139.3986,5470.5380,182.0000,99.2483,5413.1970,182.0000,139.3986,5470.5380
Plane,581.9999,179.5490,5527.8780,581.9999,139.3986,5470.5380,182.0000,139.3986,5470.5380
Plane,581.9999,139.3986,5470.5380,581.9999,99.2483,5413.1970,182.0000,99.2483,5413.1970
Plane,982.0000,259.8496,5642.5600,581.9999,219.6993,5585.2190,581.9999,259.8496,5642.5600
Plane,982.0000,300.0000,5699.9000,982.0000,259.8496,5642.5600,581.9999,259.8496,5642.5600
Plane,982.0000,219.6993,5585.2190,581.9999,179.5490,5527.8780,581.9999,219.6993,5585.2190
Plane,982.0000,259.8496,5642.5600,982.0000,219.6993,5585.2190,581.9999,219.6993,5585.2190
Plane,982.0000,179.5490,5527.8780,581.9999,139.3986,5470.5380,581.9999,179.5490,5527.8780
Plane,982.0000,219.6993,5585.2190,982.0000,179.5490,5527.8780,581.9999,179.5490,5527.8780
Plane,982.0000,139.3986,5470.5380,581.9999,99.2483,5413.1970,581.9999,139.3986,5470.5380
Plane,982.0000,179.5490,5527.8780,982.0000,139.3986,5470.5380,581.9999,139.3986,5470.5380
Plane,982.0000,139.3986,5470.5380,982.0000,99.2483,5413.1970,581.9999,99.2483,5413.1970
Plane,1382.0000,139.3986,5470.5380,982.0000,99.2483,5413.1970,982.0000,139.3986,5470.5380
Plane,1382.0000,139.3986,5470.5380,1382.0000,99.2483,5413.1970,982.0000,99.2483,5413.1970
Plane,1382.0000,179.5490,5527.8780,982.0000,139.3986,5470.5380,982.0000,179.5490,5527.8780
Plane,1382.0000,179.5490,5527.8780,1382.0000,139.3986,5470.5380,982.0000,139.3986,5470.5380
Plane,1382.0000,219.6993,5585.2190,982.0000,179.5490,5527.8780,982.0000,219.6993,5585.2190
Plane,1382.0000,219.6993,5585.2190,1382.0000,179.5490,5527.8780,982.0000,179.5490,5527.8780
Plane,1382.0000,259.8496,5642.5600,982.0000,219.6993,5585.2190,982.0000,259.8496,5642.5600
Plane,1382.0000,259.8496,5642.5600,1382.0000,219.6993,5585.2190,982.0000,219.6993,5585.2190
Plane,1382.0000,300.0000,5699.9000,982.0000,259.8496,5642.5600,982.0000,300.0000,5699.9000
Plane,1382.0000,300.0000,5699.9000,1382.0000,259.8496,5642.5600,982.0000,259.8496,5642.5600
Plane,1782.0000,139.3986,5470.5380,1382.0000,99.2483,5413.1970,1382.0000,139.3986,5470.5380
Plane,1782.0000,139.3986,5470.5380,1782.0000,99.2483,5413.1970,1382.0000,99.2483,5413.1970
Plane,1782.0000,179.5490,5527.8780,1382.0000,139.3986,5470.5380,1382.0000,179.5490,5527.8780
Plane,1782.0000,179.5490,5527.8780,1782.0000,139.3986,5470.5380,1382.0000,139.3986,5470.5380
Plane,1782.0000,219.6993,5585.2190,1382.0000,179.5490,5527.8780,1382.0000,219.6993,5585.2190
Plane,1782.0000,219.6993,5585.2190,1782.0000,179.5490,5527.8780,1382.0000,179.5490,5527.8780
Plane,1782.0000,259.8496,5642.5600,1382.0000,219.6993,5585.2190,1382.0000,259.8496,5642.5600
Plane,1782.0000,259.8496,5642.5600,1782.0000,219.6993,5585.2190,1382.0000,219.6993,5585.2190
Plane,2182.0000,139.3986,5470.5380,1782.0000,99.2483,5413.1970,1782.0000,139.3986,5470.5380
Plane,2182.0000,139.3986,5470.5380,2182.0000,99.2483,5413.1970,1782.0000,99.2483,5413.1970
Plane,2182.0000,179.5490,5527.8780,1782.0000,139.3986,5470.5380,1782.0000,179.5490,5527.8780
Plane,2182.0000,179.5490,5527.8780,2182.0000,139.3986,5470.5380,1782.0000,139.3986,5470.5380
Plane,2182.0000,219.6993,5585.2190,1782.0000,179.5490,5527.8780,1782.0000,219.6993,5585.2190
Plane,2182.0000,219.6993,5585.2190,2182.0000,179.5490,5527.8780,1782.0000,179.5490,5527.8780
Plane,2582.0000,139.3986,5470.5380,2182.0000,99.2483,5413.1970,2182.0000,139.3986,5470.5380
Plane,2582.0000,139.3986,5470.5380,2582.0000,99.2483,5413.1970,2182.0000,99.2483,5413.1970
Plane,2582.0000,179.5490,5527.8780,2182.0000,139.3986,5470.5380,2182.0000,179.5490,5527.8780
Plane,2582.0000,179.5490,5527.8780,2582.0000,139.3986,5470.5380,2182.0000,139.3986,5470.5380
Plane,2982.0000,139.3986,5470.5380,2582.0000,99.2483,5413.1970,2582.0000,139.3986,5470.5380
Plane,2982.0000,139.3986,5470.5380,2982.0000,99.2483,5413.1970,2582.0000,99.2483,5413.1970
Plane,2982.0000,179.5490,5527.8780,2982.0000,139.3986,5470.5380,2582.0000,139.3986,5470.5380
Plane,2982.0000,179.5490,5527.8780,2582.0000,139.3986,5470.5380,2582.0000,179.5490,5527.8780
Plane,2982.0000,219.6993,5585.2190,2982.0000,179.5490,5527.8780,2582.0000,179.5490,5527.8780
Plane,2582.0000,219.6993,5585.2190,2582.0000,179.5490,5527.8780,2182.0000,179.5490,5527.8780
Plane,2982.0000,219.6993,5585.2190,2582.0000,179.5490,5527.8780,2582.0000,219.6993,5585.2190
Plane,2582.0000,219.6993,5585.2190,2182.0000,179.5490,5527.8780,2182.0000,219.6993,5585.2190
Plane,2982.0000,259.8496,5642.5600,2982.0000,219.6993,5585.2190,2582.0000,219.6993,5585.2190
Plane,2982.0000,259.8496,5642.5600,2582.0000,219.6993,5585.2190,2582.0000,259.8496,5642.5600
Plane,2582.0000,259.8496,5642.5600,2582.0000,219.6993,5585.2190,2182.0000,219.6993,5585.2190
Plane,2982.0000,300.0000,5699.9000,2982.0000,259.8496,5642.5600,2582.0000,259.8496,5642.5600
Plane,2582.0000,259.8496,5642.5600,2182.0000,219.6993,5585.2190,2182.0000,259.8496,5642.5600
Plane,2182.0000,259.8496,5642.5600,2182.0000,219.6993,5585.2190,1782.0000,219.6993,5585.2190
Plane,2182.0000,259.8496,5642.5600,1782.0000,219.6993,5585.2190,1782.0000,259.8496,5642.5600
Plane,2982.0000,300.0000,5699.9000,2582.0000,259.8496,5642.5600,2582.0000,300.0000,5699.9000
Plane,2582.0000,300.0000,5699.9000,2582.0000,259.8496,5642.5600,2182.0000,259.8496,5642.5600
Plane,2982.0000,340.1504,5757.2410,2982.0000,300.0000,5699.9000,2582.0000,300.0000,5699.9000
Plane,2182.0000,300.0000,5699.9000,2182.0000,259.8496,5642.5600,1782.0000,259.8496,5642.5600
Plane,2582.0000,300.0000,5699.9000,2182.0000,259.8496,5642.5600,2182.0000,300.0000,5699.9000
Plane,2982.0000,340.1504,5757.2410,2582.0000,300.0000,5699.9000,2582.0000,340.1504,5757.2410
Plane,2582.0000,340.1504,5757.2410,2582.0000,300.0000,5699.9000,2182.0000,300.0000,5699.9000
Plane,2982.0000,380.3007,5814.5810,2982.0000,340.1504,5757.2410,2582.0000,340.1504,5757.2410
Plane,2182.0000,300.0000,5699.9000,1782.0000,259.8496,5642.5600,1782.0000,300.0000,5699.9000
Plane,1782.0000,300.0000,5699.9000,1782.0000,259.8496,5642.5600,1382.0000,259.8496,5642.5600
Plane,1782.0000,300.0000,5699.9000,1382.0000,259.8496,5642.5600,1382.0000,300.0000,5699.9000
Plane,2982.0000,380.3007,5814.5810,2582.0000,340.1504,5757.2410,2582.0000,380.3007,5814.5810
Plane,2982.0000,420.4510,5871.9220,2982.0000,380.3007,5814.5810,2582.0000,380.3007,5814.5810
Plane,2582.0000,340.1504,5757.2410,2182.0000,300.0000,5699.9000,2182.0000,340.1504,5757.2410
Plane,2182.0000,340.1504,5757.2410,2182.0000,300.0000,5699.9000,1782.0000,300.0000,5699.9000
Plane,2582.0000,380.3007,5814.5810,2582.0000,340.1504,5757.2410,2182.0000,340.1504,5757.2410
Plane,1782.0000,340.1504,5757.2410,1782.0000,300.0000,5699.9000,1382.0000,300.0000,5699.9000
Plane,2182.0000,340.1504,5757.2410,1782.0000,300.0000,5699.9000,1782.0000,340.1504,5757.2410
Plane,2982.0000,420.4510,5871.9220,2582.0000,380.3007,5814.5810,2582.0000,420.4510,5871.9220
Plane,2982.0000,460.6014,5929.2630,2982.0000,420.4510,5871.9220,2582.0000,420.4510,5871.9220
Plane,2582.0000,380.3007,5814.5810,2182.0000,340.1504,5757.2410,2182.0000,380.3007,5814.5810
Plane,2182.0000,380.3007,5814.5810,2182.0000,340.1504,5757.2410,1782.0000,340.1504,5757.2410
Plane,2582.0000,420.4510,5871.9220,2582.0000,380.3007,5814.5810,2182.0000,380.3007,5814.5810
Plane,1782.0000,340.1504,5757.2410,1382.0000,300.0000,5699.9000,1382.0000,340.1504,5757.2410
Plane,1382.0000,340.1504,5757.2410,1382.0000,300.0000,5699.9000,982.0000,300.0000,5699.9000
Plane,1382.0000,340.1504,5757.2410,982.0000,300.0000,5699.9000,982.0000,340.1504,5757.2410
Plane,2982.0000,460.6014,5929.2630,2582.0000,420.4510,5871.9220,2582.0000,460.6014,5929.2630
Plane,2982.0000,500.7517,5986.6030,2982.0000,460.6014,5929.2630,2582.0000,460.6014,5929.2630
Plane,2982.0000,500.7517,5986.6030,2582.0000,460.6014,5929.2630,2582.0000,500.7517,5986.6030
Plane,2582.0000,420.4510,5871.9220,2182.0000,380.3007,5814.5810,2182.0000,420.4510,5871.9220
Plane,2582.0000,460.6014,5929.2630,2582.0000,420.4510,5871.9220,2182.0000,420.4510,5871.9220
Plane,2182.0000,380.3007,5814.5810,1782.0000,340.1504,5757.2410,1782.0000,380.3007,5814.5810
Plane,1782.0000,380.3007,5814.5810,1782.0000,340.1504,5757.2410,1382.0000,340.1504,5757.2410
Plane,2182.0000,420.4510,5871.9220,2182.0000,380.3007,5814.5810,1782.0000,380.3007,5814.5810
Plane,1382.0000,380.3007,5814.5810,1382.0000,340.1504,5757.2410,982.0000,340.1504,5757.2410
Plane,1782.0000,380.3007,5814.5810,1382.0000,340.1504,5757.2410,1382.0000,380.3007,5814.5810
Plane,1382.0000,380.3007,5814.5810,982.0000,340.1504,5757.2410,982.0000,380.3007,5814.5810
Plane,1382.0000,420.4510,5871.9220,1382.0000,380.3007,5814.5810,982.0000,380.3007,5814.5810
Plane,2582.0000,500.7517,5986.6030,2582.0000,460.6014,5929.2630,2182.0000,460.6014,5929.2630
Plane,2582.0000,460.6014,5929.2630,2182.0000,420.4510,5871.9220,2182.0000,460.6014,5929.2630
Plane,2582.0000,500.7517,5986.6030,2182.0000,460.6014,5929.2630,2182.0000,500.7517,5986.6030
Plane,2182.0000,500.7517,5986.6030,2182.0000,460.6014,5929.2630,1782.0000,460.6014,5929.2630
Plane,2182.0000,420.4510,5871.9220,1782.0000,380.3007,5814.5810,1782.0000,420.4510,5871.9220
Plane,1782.0000,420.4510,5871.9220,1782.0000,380.3007,5814.5810,1382.0000,380.3007,5814.5810
Plane,1782.0000,420.4510,5871.9220,1382.0000,380.3007,5814.5810,1382.0000,420.4510,5871.9220
Plane,2182.0000,460.6014,5929.2630,2182.0000,420.4510,5871.9220,1782.0000,420.4510,5871.9220
Plane,2182.0000,460.6014,5929.2630,1782.0000,420.4510,5871.9220,1782.0000,460.6014,5929.2630
Plane,1782.0000,460.6014,5929.2630,1782.0000,420.4510,5871.9220,1382.0000,420.4510,5871.9220
Plane,2631.7040,500.7517,5671.0000,2574.3630,460.6014,6271.0000,2631.7040,500.7517,6271.0000
Plane,2631.7040,500.7517,5671.0000,2574.3630,460.6014,5671.0000,2574.3630,460.6014,6271.0000
Plane,2631.7040,500.7517,5071.0000,2574.3630,460.6014,5671.0000,2631.7040,500.7517,5671.0000
Plane,2574.3630,460.6014,5671.0000,2517.0220,420.4510,6271.0000,2574.3630,460.6014,6271.0000
Plane,2631.7040,500.7517,5071.0000,2574.3630,460.6014,5071.0000,2574.3630,460.6014,5671.0000
Plane,2631.7030,500.7517,4471.0000,2574.3630,460.6014,5071.0000,2631.7040,500.7517,5071.0000
Plane,2574.3630,460.6014,5671.0000,2517.0220,420.4510,5671.0000,2517.0220,420.4510,6271.0000
Plane,2574.3630,460.6014,5071.0000,2517.0220,420.4510,5671.0000,2574.3630,460.6014,5671.0000
Plane,2517.0220,420.4510,5671.0000,2459.6820,380.3007,6271.0000,2517.0220,420.4510,6271.0000
Plane,2631.7030,500.7517,4471.0000,2574.3630,460.6014,4471.0000,2574.3630,460.6014,5071.0000
Plane,2631.7030,500.7517,3871.0000,2574.3630,460.6014,4471.0000,2631.7030,500.7517,4471.0000
Plane,2574.3630,460.6014,5071.0000,2517.0220,420.4510,5071.0000,2517.0220,420.4510,5671.0000
Plane,2574.3630,460.6014,4471.0000,2517.0220,420.4510,5071.0000,2574.3630,460.6014,5071.0000
Plane,2517.0220,420.4510,5671.0000,2459.6820,380.3007,5671.0000,2459.6820,380.3007,6271.0000
Plane,2517.0220,420.4510,5071.0000,2459.6820,380.3007,5671.0000,2517.0220,420.4510,5671.0000
Plane,2459.6820,380.3007,5671.0000,2402.3410,340.1504,6271.0000,2459.6820,380.3007,6271.0000
Plane,2631.7030,500.7517,3871.0000,2574.3630,460.6014,3871.0000,2574.3630,460.6014,4471.0000
Plane,2631.7030,500.7517,3271.0000,2574.3630,460.6014,3871.0000,2631.7030,500.7517,3871.0000
Plane,2574.3630,460.6014,4471.0000,2517.0220,420.4510,4471.0000,2517.0220,420.4510,5071.0000
Plane,2574.3630,460.6014,3871.0000,2517.0220,420.4510,4471.0000,2574.3630,460.6014,4471.0000
Plane,2517.0220,420.4510,5071.0000,2459.6810,380.3007,5071.0000,2459.6820,380.3007,5671.0000
Plane,2517.0220,420.4510,4471.0000,2459.6810,380.3007,5071.0000,2517.0220,420.4510,5071.0000
Plane,2459.6820,380.3007,5671.0000,2402.3410,340.1504,5671.0000,2402.3410,340.1504,6271.0000
Plane,2459.6810,380.3007,5071.0000,2402.3410,340.1504,5671.0000,2459.6820,380.3007,5671.0000
Plane,2402.3410,340.1504,5671.0000,2345.0000,300.0000,6271.0000,2402.3410,340.1504,6271.0000
Plane,2631.7030,500.7517,3271.0000,2574.3630,460.6014,3271.0000,2574.3630,460.6014,3871.0000
Plane,2631.7030,500.7517,2671.0000,2574.3630,460.6014,3271.0000,2631.7030,500.7517,3271.0000
Plane,2574.3630,460.6014,3871.0000,2517.0220,420.4510,3871.0000,2517.0220,420.4510,4471.0000
Plane,2574.3630,460.6014,3271.0000,2517.0220,420.4510,3871.0000,2574.3630,460.6014,3871.0000
Plane,2517.0220,420.4510,4471.0000,2459.6810,380.3007,4471.0000,2459.6810,380.3007,5071.0000
Plane,2517.0220,420.4510,3871.0000,2459.6810,380.3007,4471.0000,2517.0220,420.4510,4471.0000
Plane,2459.6810,380.3007,5071.0000,2402.3410,340.1504,5071.0000,2402.3410,340.1504,5671.0000
Plane,2459.6810,380.3007,4471.0000,2402.3410,340.1504,5071.0000,2459.6810,380.3007,5071.0000
Plane,2402.3410,340.1504,5671.0000,2345.0000,300.0000,5671.0000,2345.0000,300.0000,6271.0000
Plane,2402.3410,340.1504,5071.0000,2345.0000,300.0000,5671.0000,2402.3410,340.1504,5671.0000
Plane,2345.0000,300.0000,5671.0000,2287.6600,259.8496,6271.0000,2345.0000,300.0000,6271.0000
Plane,2631.7030,500.7517,2671.0000,2574.3630,460.6014,2671.0000,2574.3630,460.6014,3271.0000
Plane,2631.7030,500.7517,2071.0000,2574.3630,460.6014,2671.0000,2631.7030,500.7517,2671.0000
Plane,2574.3630,460.6014,3271.0000,2517.0220,420.4510,3271.0000,2517.0220,420.4510,3871.0000
Plane,2574.3630,460.6014,2671.0000,2517.0220,420.4510,3271.0000,2574.3630,460.6014,3271.0000
Plane,2517.0220,420.4510,3871.0000,2459.6810,380.3007,3871.0000,2459.6810,380.3007,4471.0000
Plane,2517.0220,420.4510,3271.0000,2459.6810,380.3007,3871.0000,2517.0220,420.4510,3871.0000
Plane,2459.6810,380.3007,4471.0000,2402.3410,340.1504,4471.0000,2402.3410,340.1504,5071.0000
Plane,2459.6810,380.3007,3871.0000,2402.3410,340.1504,4471.0000,2459.6810,380.3007,4471.0000
Plane,2402.3410,340.1504,5071.0000,2345.0000,300.0000,5071.0000,2345.0000,300.0000,5671.0000
Plane,2402.3410,340.1504,4471.0000,2345.0000,300.0000,5071.0000,2402.3410,340.1504,5071.0000
Plane,2345.0000,300.0000,5671.0000,2287.6600,259.8496,5671.0000,2287.6600,259.8496,6271.0000
Plane,2345.0000,300.0000,5071.0000,2287.6600,259.8496,5671.0000,2345.0000,300.0000,5671.0000
Plane,2287.6600,259.8496,5671.0000,2230.3190,219.6993,6271.0000,2287.6600,259.8496,6271.0000
Plane,2631.7030,500.7517,2071.0000,2574.3630,460.6014,2071.0000,2574.3630,460.6014,2671.0000
Plane,2631.7030,500.7517,1471.0000,2574.3630,460.6014,2071.0000,2631.7030,500.7517,2071.0000
Plane,2574.3630,460.6014,2671.0000,2517.0220,420.4510,2671.0000,2517.0220,420.4510,3271.0000
Plane,2574.3630,460.6014,2071.0000,2517.0220,420.4510,2671.0000,2574.3630,460.6014,2671.0000
Plane,2517.0220,420.4510,3271.0000,2459.6810,380.3007,3271.0000,2459.6810,380.3007,3871.0000
Plane,2517.0220,420.4510,2671.0000,2459.6810,380.3007,3271.0000,2517.0220,420.4510,3271.0000
Plane,2459.6810,380.3007,3871.0000,2402.3410,340.1504,3871.0000,2402.3410,340.1504,4471.0000
Plane,2459.6810,380.3007,3271.0000,2402.3410,340.1504,3871.0000,2459.6810,380.3007,3871.0000
Plane,2402.3410,340.1504,4471.0000,2345.0000,300.0000,4471.0000,2345.0000,300.0000,5071.0000
Plane,2402.3410,340.1504,3871.0000,2345.0000,300.0000,4471.0000,2402.3410,340.1504,4471.0000
Plane,2345.0000,300.0000,5071.0000,2287.6600,259.8496,5071.0000,2287.6600,259.8496,5671.0000
Plane,2345.0000,300.0000,4471.0000,2287.6600,259.8496,5071.0000,2345.0000,300.0000,5071.0000
Plane,2287.6600,259.8496,5671.0000,2230.3190,219.6993,5671.0000,2230.3190,219.6993,6271.0000
Plane,2287.6600,259.8496,5071.0000,2230.3190,219.6993,5671.0000,2287.6600,259.8496,5671.0000
Plane,2230.3190,219.6993,5671.0000,2172.9790,179.5490,6271.0000,2230.3190,219.6993,6271.0000
Plane,2230.3190,219.6993,5671.0000,2172.9790,179.5490,5671.0000,2172.9790,179.5490,6271.0000
Plane,2172.9790,179.5490,5671.0000,2115.6380,139.3986,6271.0000,2172.9790,179.5490,6271.0000
Plane,2287.6600,259.8496,5071.0000,2230.3190,219.6993,5071.0000,2230.3190,219.6993,5671.0000
Plane,2230.3190,219.6993,5071.0000,2172.9790,179.5490,5671.0000,2230.3190,219.6993,5671.0000
Plane,2345.0000,300.0000,4471.0000,2287.6590,259.8496,4471.0000,2287.6600,259.8496,5071.0000
Plane,2287.6590,259.8496,4471.0000,2230.3190,219.6993,5071.0000,2287.6600,259.8496,5071.0000
Plane,2402.3410,340.1504,3871.0000,2345.0000,300.0000,3871.0000,2345.0000,300.0000,4471.0000
Plane,2345.0000,300.0000,3871.0000,2287.6590,259.8496,4471.0000,2345.0000,300.0000,4471.0000
Plane,2459.6810,380.3007,3271.0000,2402.3410,340.1504,3271.0000,2402.3410,340.1504,3871.0000
Plane,2402.3410,340.1504,3271.0000,2345.0000,300.0000,3871.0000,2402.3410,340.1504,3871.0000
Plane,2172.9790,179.5490,5671.0000,2115.6380,139.3986,5671.0000,2115.6380,139.3986,6271.0000
Plane,2115.6380,139.3986,5671.0000,2058.2970,99.2483,6271.0000,2115.6380,139.3986,6271.0000
Plane,2115.6380,139.3986,5671.0000,2058.2970,99.2483,5671.0000,2058.2970,99.2483,6271.0000
Plane,2230.3190,219.6993,5071.0000,2172.9790,179.5490,5071.0000,2172.9790,179.5490,5671.0000
Plane,2172.9790,179.5490,5071.0000,2115.6380,139.3986,5671.0000,2172.9790,179.5490,5671.0000
Plane,2115.6380,139.3986,5071.0000,2058.2970,99.2483,5671.0000,2115.6380,139.3986,5671.0000
Plane,2172.9790,179.5490,5071.0000,2115.6380,139.3986,5071.0000,2115.6380,139.3986,5671.0000
Plane,2115.6380,139.3986,5071.0000,2058.2970,99.2483,5071.0000,2058.2970,99.2483,5671.0000
Plane,2287.6590,259.8496,4471.0000,2230.3190,219.6993,4471.0000,2230.3190,219.6993,5071.0000
Plane,2230.3190,219.6993,4471.0000,2172.9790,179.5490,5071.0000,2230.3190,219.6993,5071.0000
Plane,2345.0000,300.0000,3871.0000,2287.6590,259.8496,3871.0000,2287.6590,259.8496,4471.0000
Plane,2287.6590,259.8496,3871.0000,2230.3190,219.6993,4471.0000,2287.6590,259.8496,4471.0000
Plane,2172.9780,179.5490,4471.0000,2115.6380,139.3986,5071.0000,2172.9790,179.5490,5071.0000
Plane,2230.3190,219.6993,4471.0000,2172.9780,179.5490,4471.0000,2172.9790,179.5490,5071.0000
Plane,2115.6380,139.3986,4471.0000,2058.2970,99.2483,5071.0000,2115.6380,139.3986,5071.0000
Plane,2172.9780,179.5490,4471.0000,2115.6380,139.3986,4471.0000,2115.6380,139.3986,5071.0000
Plane,2115.6380,139.3986,4471.0000,2058.2970,99.2483,4471.0000,2058.2970,99.2483,5071.0000
Plane,2230.3190,219.6993,3871.0000,2172.9780,179.5490,4471.0000,2230.3190,219.6993,4471.0000
Plane,2287.6590,259.8496,3871.0000,2230.3190,219.6993,3871.0000,2230.3190,219.6993,4471.0000
Plane,2345.0000,300.0000,3271.0000,2287.6590,259.8496,3871.0000,2345.0000,300.0000,3871.0000
Plane,2402.3410,340.1504,3271.0000,2345.0000,300.0000,3271.0000,2345.0000,300.0000,3871.0000
Plane,2172.9780,179.5490,3871.0000,2115.6380,139.3986,4471.0000,2172.9780,179.5490,4471.0000
Plane,2230.3190,219.6993,3871.0000,2172.9780,179.5490,3871.0000,2172.9780,179.5490,4471.0000
Plane,2115.6380,139.3986,3871.0000,2058.2970,99.2483,4471.0000,2115.6380,139.3986,4471.0000
Plane,2172.9780,179.5490,3871.0000,2115.6380,139.3986,3871.0000,2115.6380,139.3986,4471.0000
Plane,2115.6380,139.3986,3871.0000,2058.2970,99.2483,3871.0000,2058.2970,99.2483,4471.0000
Plane,2287.6590,259.8496,3271.0000,2230.3190,219.6993,3871.0000,2287.6590,259.8496,3871.0000
Plane,2345.0000,300.0000,3271.0000,2287.6590,259.8496,3271.0000,2287.6590,259.8496,3871.0000
Plane,2230.3190,219.6993,3271.0000,2172.9780,179.5490,3871.0000,2230.3190,219.6993,3871.0000
Plane,2287.6590,259.8496,3271.0000,2230.3190,219.6993,3271.0000,2230.3190,219.6993,3871.0000
Plane,2172.9780,179.5490,3271.0000,2115.6380,139.3986,3871.0000,2172.9780,179.5490,3871.0000
Plane,2230.3190,219.6993,3271.0000,2172.9780,179.5490,3271.0000,2172.9780,179.5490,3871.0000
Plane,2115.6370,139.3986,3271.0000,2058.2970,99.2483,3871.0000,2115.6380,139.3986,3871.0000
Plane,2172.9780,179.5490,3271.0000,2115.6370,139.3986,3271.0000,2115.6380,139.3986,3871.0000
Plane,2115.6370,139.3986,3271.0000,2058.2970,99.2483,3271.0000,2058.2970,99.2483,3871.0000
Plane,2115.6370,139.3986,2671.0000,2058.2970,99.2483,3271.0000,2115.6370,139.3986,3271.0000
Plane,2115.6370,139.3986,2671.0000,2058.2970,99.2483,2671.0000,2058.2970,99.2483,3271.0000
Plane,2172.9780,179.5490,2671.0000,2115.6370,139.3986,3271.0000,2172.9780,179.5490,3271.0000
Plane,2172.9780,179.5490,2671.0000,2115.6370,139.3986,2671.0000,2115.6370,139.3986,3271.0000
Plane,2230.3190,219.6993,2671.0000,2172.9780,179.5490,3271.0000,2230.3190,219.6993,3271.0000
Plane,2230.3190,219.6993,2671.0000,2172.9780,179.5490,2671.0000,2172.9780,179.5490,3271.0000
Plane,2287.6590,259.8496,2671.0000,2230.3190,219.6993,3271.0000,2287.6590,259.8496,3271.0000
Plane,2287.6590,259.8496,2671.0000,2230.3190,219.6993,2671.0000,2230.3190,219.6993,3271.0000
Plane,2345.0000,300.0000,2671.0000,2287.6590,259.8496,3271.0000,2345.0000,300.0000,3271.0000
Plane,2345.0000,300.0000,2671.0000,2287.6590,259.8496,2671.0000,2287.6590,259.8496,3271.0000
Plane,2115.6370,139.3986,2071.0000,2058.2970,99.2483,2671.0000,2115.6370,139.3986,2671.0000
Plane,2115.6370,139.3986,2071.0000,2058.2970,99.2483,2071.0000,2058.2970,99.2483,2671.0000
Plane,2172.9780,179.5490,2071.0000,2115.6370,139.3986,2671.0000,2172.9780,179.5490,2671.0000
Plane,2172.9780,179.5490,2071.0000,2115.6370,139.3986,2071.0000,2115.6370,139.3986,2671.0000
Plane,2230.3190,219.6993,2071.0000,2172.9780,179.5490,2671.0000,2230.3190,219.6993,2671.0000
Plane,2230.3190,219.6993,2071.0000,2172.9780,179.5490,2071.0000,2172.9780,179.5490,2671.0000
Plane,2287.6590,259.8496,2071.0000,2230.3190,219.6993,2671.0000,2287.6590,259.8496,2671.0000
Plane,2287.6590,259.8496,2071.0000,2230.3190,219.6993,2071.0000,2230.3190,219.6993,2671.0000
Plane,2115.6370,139.3986,1471.0000,2058.2970,99.2483,2071.0000,2115.6370,139.3986,2071.0000
Plane,2115.6370,139.3986,1471.0000,2058.2970,99.2483,1471.0000,2058.2970,99.2483,2071.0000
Plane,2172.9780,179.5490,1471.0000,2115.6370,139.3986,2071.0000,2172.9780,179.5490,2071.0000
Plane,2172.9780,179.5490,1471.0000,2115.6370,139.3986,1471.0000,2115.6370,139.3986,2071.0000
Plane,2230.3190,219.6993,1471.0000,2172.9780,179.5490,2071.0000,2230.3190,219.6993,2071.0000
Plane,2230.3190,219.6993,1471.0000,2172.9780,179.5490,1471.0000,2172.9780,179.5490,2071.0000
Plane,2115.6370,139.3986,870.9997,2058.2970,99.2483,1471.0000,2115.6370,139.3986,1471.0000
Plane,2115.6370,139.3986,870.9997,2058.2960,99.2483,870.9995,2058.2970,99.2483,1471.0000
Plane,2172.9780,179.5490,870.9995,2115.6370,139.3986,1471.0000,2172.9780,179.5490,1471.0000
Plane,2172.9780,179.5490,870.9995,2115.6370,139.3986,870.9997,2115.6370,139.3986,1471.0000
Plane,2115.6370,139.3986,270.9997,2058.2960,99.2483,870.9995,2115.6370,139.3986,870.9997
Plane,2115.6370,139.3986,270.9997,2058.2960,99.2483,270.9995,2058.2960,99.2483,870.9995
Plane,2172.9780,179.5490,270.9997,2115.6370,139.3986,270.9997,2115.6370,139.3986,870.9997
Plane,2172.9780,179.5490,270.9997,2115.6370,139.3986,870.9997,2172.9780,179.5490,870.9995
Plane,2230.3180,219.6993,270.9995,2172.9780,179.5490,270.9997,2172.9780,179.5490,870.9995
Plane,2230.3180,219.6993,870.9995,2172.9780,179.5490,870.9995,2172.9780,179.5490,1471.0000
Plane,2230.3180,219.6993,270.9995,2172.9780,179.5490,870.9995,2230.3180,219.6993,870.9995
Plane,2230.3180,219.6993,870.9995,2172.9780,179.5490,1471.0000,2230.3190,219.6993,1471.0000
Plane,2287.6590,259.8496,270.9995,2230.3180,219.6993,270.9995,2230.3180,219.6993,870.9995
Plane,2287.6590,259.8496,270.9995,2230.3180,219.6993,870.9995,2287.6590,259.8496,870.9995
Plane,2287.6590,259.8496,870.9995,2230.3180,219.6993,870.9995,2230.3190,219.6993,1471.0000
Plane,2345.0000,300.0000,270.9995,2287.6590,259.8496,270.9995,2287.6590,259.8496,870.9995
Plane,2287.6590,259.8496,870.9995,2230.3190,219.6993,1471.0000,2287.6590,259.8496,1471.0000
Plane,2287.6590,259.8496,1471.0000,2230.3190,219.6993,1471.0000,2230.3190,219.6993,2071.0000
Plane,2287.6590,259.8496,1471.0000,2230.3190,219.6993,2071.0000,2287.6590,259.8496,2071.0000
Plane,2345.0000,300.0000,270.9995,2287.6590,259.8496,870.9995,2345.0000,300.0000,870.9995
Plane,2345.0000,300.0000,870.9995,2287.6590,259.8496,870.9995,2287.6590,259.8496,1471.0000
Plane,2402.3400,340.1504,270.9995,2345.0000,300.0000,270.9995,2345.0000,300.0000,870.9995
Plane,2345.0000,300.0000,1471.0000,2287.6590,259.8496,1471.0000,2287.6590,259.8496,2071.0000
Plane,2345.0000,300.0000,870.9995,2287.6590,259.8496,1471.0000,2345.0000,300.0000,1471.0000
Plane,2402.3400,340.1504,270.9995,2345.0000,300.0000,870.9995,2402.3400,340.1504,870.9995
Plane,2402.3400,340.1504,870.9995,2345.0000,300.0000,870.9995,2345.0000,300.0000,1471.0000
Plane,2459.6810,380.3007,270.9995,2402.3400,340.1504,270.9995,2402.3400,340.1504,870.9995
Plane,2345.0000,300.0000,1471.0000,2287.6590,259.8496,2071.0000,2345.0000,300.0000,2071.0000
Plane,2345.0000,300.0000,2071.0000,2287.6590,259.8496,2071.0000,2287.6590,259.8496,2671.0000
Plane,2345.0000,300.0000,2071.0000,2287.6590,259.8496,2671.0000,2345.0000,300.0000,2671.0000
Plane,2459.6810,380.3007,270.9995,2402.3400,340.1504,870.9995,2459.6810,380.3007,870.9995
Plane,2517.0210,420.4510,270.9995,2459.6810,380.3007,270.9995,2459.6810,380.3007,870.9995
Plane,2402.3400,340.1504,870.9995,2345.0000,300.0000,1471.0000,2402.3410,340.1504,1471.0000
Plane,2402.3410,340.1504,1471.0000,2345.0000,300.0000,1471.0000,2345.0000,300.0000,2071.0000
Plane,2459.6810,380.3007,870.9995,2402.3400,340.1504,870.9995,2402.3410,340.1504,1471.0000
Plane,2402.3410,340.1504,2071.0000,2345.0000,300.0000,2071.0000,2345.0000,300.0000,2671.0000
Plane,2402.3410,340.1504,1471.0000,2345.0000,300.0000,2071.0000,2402.3410,340.1504,2071.0000
Plane,2517.0210,420.4510,270.9995,2459.6810,380.3007,870.9995,2517.0210,420.4510,870.9995
Plane,2574.3620,460.6014,270.9995,2517.0210,420.4510,270.9995,2517.0210,420.4510,870.9995
Plane,2459.6810,380.3007,870.9995,2402.3410,340.1504,1471.0000,2459.6810,380.3007,1471.0000
Plane,2459.6810,380.3007,1471.0000,2402.3410,340.1504,1471.0000,2402.3410,340.1504,2071.0000
Plane,2517.0210,420.4510,870.9995,2459.6810,380.3007,870.9995,2459.6810,380.3007,1471.0000
Plane,2402.3410,340.1504,2071.0000,2345.0000,300.0000,2671.0000,2402.3410,340.1504,2671.0000
Plane,2402.3410,340.1504,2671.0000,2345.0000,300.0000,2671.0000,2345.0000,300.0000,3271.0000
Plane,2402.3410,340.1504,2671.0000,2345.0000,300.0000,3271.0000,2402.3410,340.1504,3271.0000
Plane,2574.3620,460.6014,270.9995,2517.0210,420.4510,870.9995,2574.3620,460.6014,870.9995
Plane,2631.7030,500.7517,270.9995,2574.3620,460.6014,270.9995,2574.3620,460.6014,870.9995
Plane,2631.7030,500.7517,270.9995,2574.3620,460.6014,870.9995,2631.7030,500.7517,870.9995
Plane,2517.0210,420.4510,870.9995,2459.6810,380.3007,1471.0000,2517.0220,420.4510,1471.0000
Plane,2574.3620,460.6014,870.9995,2517.0210,420.4510,870.9995,2517.0220,420.4510,1471.0000
Plane,2459.6810,380.3007,1471.0000,2402.3410,340.1504,2071.0000,2459.6810,380.3007,2071.0000
Plane,2459.6810,380.3007,2071.0000,2402.3410,340.1504,2071.0000,2402.3410,340.1504,2671.0000
Plane,2517.0220,420.4510,1471.0000,2459.6810,380.3007,1471.0000,2459.6810,380.3007,2071.0000
Plane,2459.6810,380.3007,2671.0000,2402.3410,340.1504,2671.0000,2402.3410,340.1504,3271.0000
Plane,2459.6810,380.3007,2071.0000,2402.3410,340.1504,2671.0000,2459.6810,380.3007,2671.0000
Plane,2459.6810,380.3007,2671.0000,2402.3410,340.1504,3271.0000,2459.6810,380.3007,3271.0000
Plane,2517.0220,420.4510,2671.0000,2459.6810,380.3007,2671.0000,2459.6810,380.3007,3271.0000
Plane,2631.7030,500.7517,870.9995,2574.3620,460.6014,870.9995,2574.3630,460.6014,1471.0000
Plane,2574.3620,460.6014,870.9995,2517.0220,420.4510,1471.0000,2574.3630,460.6014,1471.0000
Plane,2631.7030,500.7517,870.9995,2574.3630,460.6014,1471.0000,2631.7030,500.7517,1471.0000
Plane,2631.7030,500.7517,1471.0000,2574.3630,460.6014,1471.0000,2574.3630,460.6014,2071.0000
Plane,2517.0220,420.4510,1471.0000,2459.6810,380.3007,2071.0000,2517.0220,420.4510,2071.0000
Plane,2517.0220,420.4510,2071.0000,2459.6810,380.3007,2071.0000,2459.6810,380.3007,2671.0000
Plane,2517.0220,420.4510,2071.0000,2459.6810,380.3007,2671.0000,2517.0220,420.4510,2671.0000
Plane,2574.3630,460.6014,1471.0000,2517.0220,420.4510,1471.0000,2517.0220,420.4510,2071.0000
Plane,2574.3630,460.6014,1471.0000,2517.0220,420.4510,2071.0000,2574.3630,460.6014,2071.0000
Plane,2574.3630,460.6014,2071.0000,2517.0220,420.4510,2071.0000,2517.0220,420.4510,2671.0000
Plane,-8.2964,99.2483,5671.0000,-65.6370,139.3986,6271.0000,-8.2964,99.2483,6271.0000
Plane,-8.2964,99.2483,5671.0000,-65.6370,139.3986,5671.0000,-65.6370,139.3986,6271.0000
Plane,-8.2966,99.2483,5071.0000,-65.6370,139.3986,5671.0000,-8.2964,99.2483,5671.0000
Plane,-65.6370,139.3986,5671.0000,-122.9777,179.5490,6271.0000,-65.6370,139.3986,6271.0000
Plane,-8.2966,99.2483,5071.0000,-65.6372,139.3986,5071.0000,-65.6370,139.3986,5671.0000
Plane,-8.2967,99.2483,4471.0000,-65.6372,139.3986,5071.0000,-8.2966,99.2483,5071.0000
Plane,-65.6370,139.3986,5671.0000,-122.9777,179.5490,5671.0000,-122.9777,179.5490,6271.0000
Plane,-65.6372,139.3986,5071.0000,-122.9777,179.5490,5671.0000,-65.6370,139.3986,5671.0000
Plane,-122.9777,179.5490,5671.0000,-180.3183,219.6993,6271.0000,-122.9777,179.5490,6271.0000
Plane,-8.2967,99.2483,4471.0000,-65.6373,139.3986,4471.0000,-65.6372,139.3986,5071.0000
Plane,-8.2967,99.2483,3871.0000,-65.6373,139.3986,4471.0000,-8.2967,99.2483,4471.0000
Plane,-65.6372,139.3986,5071.0000,-122.9779,179.5490,5071.0000,-122.9777,179.5490,5671.0000
Plane,-65.6373,139.3986,4471.0000,-122.9779,179.5490,5071.0000,-65.6372,139.3986,5071.0000
Plane,-122.9777,179.5490,5671.0000,-180.3183,219.6993,5671.0000,-180.3183,219.6993,6271.0000
Plane,-122.9779,179.5490,5071.0000,-180.3183,219.6993,5671.0000,-122.9777,179.5490,5671.0000
Plane,-180.3183,219.6993,5671.0000,-237.6590,259.8496,6271.0000,-180.3183,219.6993,6271.0000
Plane,-8.2967,99.2483,3871.0000,-65.6373,139.3986,3871.0000,-65.6373,139.3986,4471.0000
Plane,-8.2968,99.2483,3271.0000,-65.6373,139.3986,3871.0000,-8.2967,99.2483,3871.0000
Plane,-65.6373,139.3986,4471.0000,-122.9780,179.5490,4471.0000,-122.9779,179.5490,5071.0000
Plane,-65.6373,139.3986,3871.0000,-122.9780,179.5490,4471.0000,-65.6373,139.3986,4471.0000
Plane,-122.9779,179.5490,5071.0000,-180.3185,219.6993,5071.0000,-180.3183,219.6993,5671.0000
Plane,-122.9780,179.5490,4471.0000,-180.3185,219.6993,5071.0000,-122.9779,179.5490,5071.0000
Plane,-180.3183,219.6993,5671.0000,-237.6590,259.8496,5671.0000,-237.6590,259.8496,6271.0000
Plane,-180.3185,219.6993,5071.0000,-237.6590,259.8496,5671.0000,-180.3183,219.6993,5671.0000
Plane,-237.6590,259.8496,5671.0000,-294.9996,300.0000,6271.0000,-237.6590,259.8496,6271.0000
Plane,-8.2968,99.2483,3271.0000,-65.6374,139.3986,3271.0000,-65.6373,139.3986,3871.0000
Plane,-8.2968,99.2483,2671.0000,-65.6374,139.3986,3271.0000,-8.2968,99.2483,3271.0000
Plane,-65.6373,139.3986,3871.0000,-122.9780,179.5490,3871.0000,-122.9780,179.5490,4471.0000
Plane,-65.6374,139.3986,3271.0000,-122.9780,179.5490,3871.0000,-65.6373,139.3986,3871.0000
Plane,-122.9780,179.5490,4471.0000,-180.3186,219.6993,4471.0000,-180.3185,219.6993,5071.0000
Plane,-122.9780,179.5490,3871.0000,-180.3186,219.6993,4471.0000,-122.9780,179.5490,4471.0000
Plane,-180.3185,219.6993,5071.0000,-237.6592,259.8496,5071.0000,-237.6590,259.8496,5671.0000
Plane,-180.3186,219.6993,4471.0000,-237.6592,259.8496,5071.0000,-180.3185,219.6993,5071.0000
Plane,-237.6590,259.8496,5671.0000,-294.9996,300.0000,5671.0000,-294.9996,300.0000,6271.0000
Plane,-237.6592,259.8496,5071.0000,-294.9996,300.0000,5671.0000,-237.6590,259.8496,5671.0000
Plane,-294.9996,300.0000,5671.0000,-352.3403,340.1504,6271.0000,-294.9996,300.0000,6271.0000
Plane,-8.2968,99.2483,2671.0000,-65.6374,139.3986,2671.0000,-65.6374,139.3986,3271.0000
Plane,-8.2968,99.2483,2071.0000,-65.6374,139.3986,2671.0000,-8.2968,99.2483,2671.0000
Plane,-65.6374,139.3986,3271.0000,-122.9781,179.5490,3271.0000,-122.9780,179.5490,3871.0000
Plane,-65.6374,139.3986,2671.0000,-122.9781,179.5490,3271.0000,-65.6374,139.3986,3271.0000
Plane,-122.9780,179.5490,3871.0000,-180.3186,219.6993,3871.0000,-180.3186,219.6993,4471.0000
Plane,-122.9781,179.5490,3271.0000,-180.3186,219.6993,3871.0000,-122.9780,179.5490,3871.0000
Plane,-180.3186,219.6993,4471.0000,-237.6593,259.8496,4471.0000,-237.6592,259.8496,5071.0000
Plane,-180.3186,219.6993,3871.0000,-237.6593,259.8496,4471.0000,-180.3186,219.6993,4471.0000
Plane,-237.6592,259.8496,5071.0000,-294.9998,300.0000,5071.0000,-294.9996,300.0000,5671.0000
Plane,-237.6593,259.8496,4471.0000,-294.9998,300.0000,5071.0000,-237.6592,259.8496,5071.0000
Plane,-294.9996,300.0000,5671.0000,-352.3403,340.1504,5671.0000,-352.3403,340.1504,6271.0000
Plane,-294.9998,300.0000,5071.0000,-352.3403,340.1504,5671.0000,-294.9996,300.0000,5671.0000
Plane,-352.3403,340.1504,5671.0000,-409.6809,380.3007,6271.0000,-352.3403,340.1504,6271.0000
Plane,-8.2968,99.2483,2071.0000,-65.6375,139.3986,2071.0000,-65.6374,139.3986,2671.0000
Plane,-8.2969,99.2483,1471.0000,-65.6375,139.3986,2071.0000,-8.2968,99.2483,2071.0000
Plane,-65.6374,139.3986,2671.0000,-122.9781,179.5490,2671.0000,-122.9781,179.5490,3271.0000
Plane,-65.6375,139.3986,2071.0000,-122.9781,179.5490,2671.0000,-65.6374,139.3986,2671.0000
Plane,-122.9781,179.5490,3271.0000,-180.3187,219.6993,3271.0000,-180.3186,219.6993,3871.0000
Plane,-122.9781,179.5490,2671.0000,-180.3187,219.6993,3271.0000,-122.9781,179.5490,3271.0000
Plane,-180.3186,219.6993,3871.0000,-237.6593,259.8496,3871.0000,-237.6593,259.8496,4471.0000
Plane,-180.3187,219.6993,3271.0000,-237.6593,259.8496,3871.0000,-180.3186,219.6993,3871.0000
Plane,-237.6593,259.8496,4471.0000,-294.9999,300.0000,4471.0000,-294.9998,300.0000,5071.0000
Plane,-237.6593,259.8496,3871.0000,-294.9999,300.0000,4471.0000,-237.6593,259.8496,4471.0000
Plane,-294.9998,300.0000,5071.0000,-352.3405,340.1504,5071.0000,-352.3403,340.1504,5671.0000
Plane,-294.9999,300.0000,4471.0000,-352.3405,340.1504,5071.0000,-294.9998,300.0000,5071.0000
Plane,-352.3403,340.1504,5671.0000,-409.6809,380.3007,5671.0000,-409.6809,380.3007,6271.0000
Plane,-352.3405,340.1504,5071.0000,-409.6809,380.3007,5671.0000,-352.3403,340.1504,5671.0000
Plane,-409.6809,380.3007,5671.0000,-467.0215,420.4510,6271.0000,-409.6809,380.3007,6271.0000
Plane,-409.6809,380.3007,5671.0000,-467.0215,420.4510,5671.0000,-467.0215,420.4510,6271.0000
Plane,-467.0215,420.4510,5671.0000,-524.3623,460.6014,6271.0000,-467.0215,420.4510,6271.0000
Plane,-352.3405,340.1504,5071.0000,-409.6811,380.3007,5071.0000,-409.6809,380.3007,5671.0000
Plane,-409.6811,380.3007,5071.0000,-467.0215,420.4510,5671.0000,-409.6809,380.3007,5671.0000
Plane,-294.9999,300.0000,4471.0000,-352.3406,340.1504,4471.0000,-352.3405,340.1504,5071.0000
Plane,-352.3406,340.1504,4471.0000,-409.6811,380.3007,5071.0000,-352.3405,340.1504,5071.0000
Plane,-237.6593,259.8496,3871.0000,-294.9999,300.0000,3871.0000,-294.9999,300.0000,4471.0000
Plane,-294.9999,300.0000,3871.0000,-352.3406,340.1504,4471.0000,-294.9999,300.0000,4471.0000
Plane,-180.3187,219.6993,3271.0000,-237.6594,259.8496,3271.0000,-237.6593,259.8496,3871.0000
Plane,-237.6594,259.8496,3271.0000,-294.9999,300.0000,3871.0000,-237.6593,259.8496,3871.0000
Plane,-467.0215,420.4510,5671.0000,-524.3623,460.6014,5671.0000,-524.3623,460.6014,6271.0000
Plane,-524.3623,460.6014,5671.0000,-581.7029,500.7517,6271.0000,-524.3623,460.6014,6271.0000
Plane,-524.3623,460.6014,5671.0000,-581.7029,500.7517,5671.0000,-581.7029,500.7517,6271.0000
Plane,-409.6811,380.3007,5071.0000,-467.0218,420.4510,5071.0000,-467.0215,420.4510,5671.0000
Plane,-467.0218,420.4510,5071.0000,-524.3623,460.6014,5671.0000,-467.0215,420.4510,5671.0000
Plane,-524.3625,460.6014,5071.0000,-581.7029,500.7517,5671.0000,-524.3623,460.6014,5671.0000
Plane,-467.0218,420.4510,5071.0000,-524.3625,460.6014,5071.0000,-524.3623,460.6014,5671.0000
Plane,-524.3625,460.6014,5071.0000,-581.7031,500.7517,5071.0000,-581.7029,500.7517,5671.0000
Plane,-352.3406,340.1504,4471.0000,-409.6812,380.3007,4471.0000,-409.6811,380.3007,5071.0000
Plane,-409.6812,380.3007,4471.0000,-467.0218,420.4510,5071.0000,-409.6811,380.3007,5071.0000
Plane,-294.9999,300.0000,3871.0000,-352.3406,340.1504,3871.0000,-352.3406,340.1504,4471.0000
Plane,-352.3406,340.1504,3871.0000,-409.6812,380.3007,4471.0000,-352.3406,340.1504,4471.0000
Plane,-467.0219,420.4510,4471.0000,-524.3625,460.6014,5071.0000,-467.0218,420.4510,5071.0000
Plane,-409.6812,380.3007,4471.0000,-467.0219,420.4510,4471.0000,-467.0218,420.4510,5071.0000
Plane,-524.3625,460.6014,4471.0000,-581.7031,500.7517,5071.0000,-524.3625,460.6014,5071.0000
Plane,-467.0219,420.4510,4471.0000,-524.3625,460.6014,4471.0000,-524.3625,460.6014,5071.0000
Plane,-524.3625,460.6014,4471.0000,-581.7032,500.7517,4471.0000,-581.7031,500.7517,5071.0000
Plane,-409.6812,380.3007,3871.0000,-467.0219,420.4510,4471.0000,-409.6812,380.3007,4471.0000
Plane,-352.3406,340.1504,3871.0000,-409.6812,380.3007,3871.0000,-409.6812,380.3007,4471.0000
Plane,-295.0000,300.0000,3271.0000,-352.3406,340.1504,3871.0000,-294.9999,300.0000,3871.0000
Plane,-237.6594,259.8496,3271.0000,-295.0000,300.0000,3271.0000,-294.9999,300.0000,3871.0000
Plane,-467.0219,420.4510,3871.0000,-524.3625,460.6014,4471.0000,-467.0219,420.4510,4471.0000
Plane,-409.6812,380.3007,3871.0000,-467.0219,420.4510,3871.0000,-467.0219,420.4510,4471.0000
Plane,-524.3625,460.6014,3871.0000,-581.7032,500.7517,4471.0000,-524.3625,460.6014,4471.0000
Plane,-467.0219,420.4510,3871.0000,-524.3625,460.6014,3871.0000,-524.3625,460.6014,4471.0000
Plane,-524.3625,460.6014,3871.0000,-581.7032,500.7517,3871.0000,-581.7032,500.7517,4471.0000
Plane,-352.3407,340.1504,3271.0000,-409.6812,380.3007,3871.0000,-352.3406,340.1504,3871.0000
Plane,-295.0000,300.0000,3271.0000,-352.3407,340.1504,3271.0000,-352.3406,340.1504,3871.0000
Plane,-409.6813,380.3007,3271.0000,-467.0219,420.4510,3871.0000,-409.6812,380.3007,3871.0000
Plane,-352.3407,340.1504,3271.0000,-409.6813,380.3007,3271.0000,-409.6812,380.3007,3871.0000
Plane,-467.0219,420.4510,3271.0000,-524.3625,460.6014,3871.0000,-467.0219,420.4510,3871.0000
Plane,-409.6813,380.3007,3271.0000,-467.0219,420.4510,3271.0000,-467.0219,420.4510,3871.0000
Plane,-524.3627,460.6014,3271.0000,-581.7032,500.7517,3871.0000,-524.3625,460.6014,3871.0000
Plane,-467.0219,420.4510,3271.0000,-524.3627,460.6014,3271.0000,-524.3625,460.6014,3871.0000
Plane,-524.3627,460.6014,3271.0000,-581.7033,500.7517,3271.0000,-581.7032,500.7517,3871.0000
Plane,-524.3627,460.6014,2671.0000,-581.7033,500.7517,3271.0000,-524.3627,460.6014,3271.0000
Plane,-524.3627,460.6014,2671.0000,-581.7033,500.7517,2671.0000,-581.7033,500.7517,3271.0000
Plane,-467.0220,420.4510,2671.0000,-524.3627,460.6014,3271.0000,-467.0219,420.4510,3271.0000
Plane,-467.0220,420.4510,2671.0000,-524.3627,460.6014,2671.0000,-524.3627,460.6014,3271.0000
Plane,-409.6813,380.3007,2671.0000,-467.0219,420.4510,3271.0000,-409.6813,380.3007,3271.0000
Plane,-409.6813,380.3007,2671.0000,-467.0220,420.4510,2671.0000,-467.0219,420.4510,3271.0000
Plane,-352.3407,340.1504,2671.0000,-409.6813,380.3007,3271.0000,-352.3407,340.1504,3271.0000
Plane,-352.3407,340.1504,2671.0000,-409.6813,380.3007,2671.0000,-409.6813,380.3007,3271.0000
Plane,-295.0001,300.0000,2671.0000,-352.3407,340.1504,3271.0000,-295.0000,300.0000,3271.0000
Plane,-295.0001,300.0000,2671.0000,-352.3407,340.1504,2671.0000,-352.3407,340.1504,3271.0000
Plane,-524.3627,460.6014,2071.0000,-581.7033,500.7517,2671.0000,-524.3627,460.6014,2671.0000
Plane,-524.3627,460.6014,2071.0000,-581.7034,500.7517,2071.0000,-581.7033,500.7517,2671.0000
Plane,-467.0220,420.4510,2071.0000,-524.3627,460.6014,2671.0000,-467.0220,420.4510,2671.0000
Plane,-467.0220,420.4510,2071.0000,-524.3627,460.6014,2071.0000,-524.3627,460.6014,2671.0000
Plane,-409.6814,380.3007,2071.0000,-467.0220,420.4510,2671.0000,-409.6813,380.3007,2671.0000
Plane,-409.6814,380.3007,2071.0000,-467.0220,420.4510,2071.0000,-467.0220,420.4510,2671.0000
Plane,-352.3408,340.1504,2071.0000,-409.6813,380.3007,2671.0000,-352.3407,340.1504,2671.0000
Plane,-352.3408,340.1504,2071.0000,-409.6814,380.3007,2071.0000,-409.6813,380.3007,2671.0000
Plane,-524.3629,460.6014,1471.0000,-581.7034,500.7517,2071.0000,-524.3627,460.6014,2071.0000
Plane,-524.3629,460.6014,1471.0000,-581.7035,500.7517,1471.0000,-581.7034,500.7517,2071.0000
Plane,-467.0221,420.4510,1471.0000,-524.3627,460.6014,2071.0000,-467.0220,420.4510,2071.0000
Plane,-467.0221,420.4510,1471.0000,-524.3629,460.6014,1471.0000,-524.3627,460.6014,2071.0000
Plane,-409.6815,380.3007,1471.0000,-467.0220,420.4510,2071.0000,-409.6814,380.3007,2071.0000
Plane,-409.6815,380.3007,1471.0000,-467.0221,420.4510,1471.0000,-467.0220,420.4510,2071.0000
Plane,-524.3630,460.6014,870.9997,-581.7035,500.7517,1471.0000,-524.3629,460.6014,1471.0000
Plane,-524.3630,460.6014,870.9997,-581.7037,500.7517,870.9995,-581.7035,500.7517,1471.0000
Plane,-467.0223,420.4510,870.9995,-524.3629,460.6014,1471.0000,-467.0221,420.4510,1471.0000
Plane,-467.0223,420.4510,870.9995,-524.3630,460.6014,870.9997,-524.3629,460.6014,1471.0000
Plane,-524.3630,460.6014,270.9997,-581.7037,500.7517,870.9995,-524.3630,460.6014,870.9997
Plane,-524.3630,460.6014,270.9997,-581.7037,500.7517,270.9995,-581.7037,500.7517,870.9995
Plane,-467.0223,420.4510,270.9997,-524.3630,460.6014,270.9997,-524.3630,460.6014,870.9997
Plane,-467.0223,420.4510,270.9997,-524.3630,460.6014,870.9997,-467.0223,420.4510,870.9995
Plane,-409.6817,380.3007,270.9995,-467.0223,420.4510,270.9997,-467.0223,420.4510,870.9995
Plane,-409.6817,380.3007,870.9995,-467.0223,420.4510,870.9995,-467.0221,420.4510,1471.0000
Plane,-409.6817,380.3007,270.9995,-467.0223,420.4510,870.9995,-409.6817,380.3007,870.9995
Plane,-409.6817,380.3007,870.9995,-467.0221,420.4510,1471.0000,-409.6815,380.3007,1471.0000
Plane,-352.3411,340.1504,270.9995,-409.6817,380.3007,270.9995,-409.6817,380.3007,870.9995
Plane,-352.3411,340.1504,270.9995,-409.6817,380.3007,870.9995,-352.3411,340.1504,870.9995
Plane,-352.3411,340.1504,870.9995,-409.6817,380.3007,870.9995,-409.6815,380.3007,1471.0000
Plane,-295.0004,300.0000,270.9995,-352.3411,340.1504,270.9995,-352.3411,340.1504,870.9995
Plane,-352.3411,340.1504,870.9995,-409.6815,380.3007,1471.0000,-352.3409,340.1504,1471.0000
Plane,-352.3409,340.1504,1471.0000,-409.6815,380.3007,1471.0000,-409.6814,380.3007,2071.0000
Plane,-352.3409,340.1504,1471.0000,-409.6814,380.3007,2071.0000,-352.3408,340.1504,2071.0000
Plane,-295.0004,300.0000,270.9995,-352.3411,340.1504,870.9995,-295.0004,300.0000,870.9995
Plane,-295.0004,300.0000,870.9995,-352.3411,340.1504,870.9995,-352.3409,340.1504,1471.0000
Plane,-237.6597,259.8496,270.9995,-295.0004,300.0000,270.9995,-295.0004,300.0000,870.9995
Plane,-295.0002,300.0000,1471.0000,-352.3409,340.1504,1471.0000,-352.3408,340.1504,2071.0000
Plane,-295.0004,300.0000,870.9995,-352.3409,340.1504,1471.0000,-295.0002,300.0000,1471.0000
Plane,-237.6597,259.8496,270.9995,-295.0004,300.0000,870.9995,-237.6597,259.8496,870.9995
Plane,-237.6597,259.8496,870.9995,-295.0004,300.0000,870.9995,-295.0002,300.0000,1471.0000
Plane,-180.3191,219.6993,270.9995,-237.6597,259.8496,270.9995,-237.6597,259.8496,870.9995
Plane,-295.0002,300.0000,1471.0000,-352.3408,340.1504,2071.0000,-295.0001,300.0000,2071.0000
Plane,-295.0001,300.0000,2071.0000,-352.3408,340.1504,2071.0000,-352.3407,340.1504,2671.0000
Plane,-295.0001,300.0000,2071.0000,-352.3407,340.1504,2671.0000,-295.0001,300.0000,2671.0000
Plane,-180.3191,219.6993,270.9995,-237.6597,259.8496,870.9995,-180.3191,219.6993,870.9995
Plane,-122.9784,179.5490,270.9995,-180.3191,219.6993,270.9995,-180.3191,219.6993,870.9995
Plane,-237.6597,259.8496,870.9995,-295.0002,300.0000,1471.0000,-237.6595,259.8496,1471.0000
Plane,-237.6595,259.8496,1471.0000,-295.0002,300.0000,1471.0000,-295.0001,300.0000,2071.0000
Plane,-180.3191,219.6993,870.9995,-237.6597,259.8496,870.9995,-237.6595,259.8496,1471.0000
Plane,-237.6595,259.8496,2071.0000,-295.0001,300.0000,2071.0000,-295.0001,300.0000,2671.0000
Plane,-237.6595,259.8496,1471.0000,-295.0001,300.0000,2071.0000,-237.6595,259.8496,2071.0000
Plane,-122.9784,179.5490,270.9995,-180.3191,219.6993,870.9995,-122.9784,179.5490,870.9995
Plane,-65.6378,139.3986,270.9995,-122.9784,179.5490,270.9995,-122.9784,179.5490,870.9995
Plane,-180.3191,219.6993,870.9995,-237.6595,259.8496,1471.0000,-180.3189,219.6993,1471.0000
Plane,-180.3189,219.6993,1471.0000,-237.6595,259.8496,1471.0000,-237.6595,259.8496,2071.0000
Plane,-122.9784,179.5490,870.9995,-180.3191,219.6993,870.9995,-180.3189,219.6993,1471.0000
Plane,-237.6595,259.8496,2071.0000,-295.0001,300.0000,2671.0000,-237.6594,259.8496,2671.0000
Plane,-237.6594,259.8496,2671.0000,-295.0001,300.0000,2671.0000,-295.0000,300.0000,3271.0000
Plane,-237.6594,259.8496,2671.0000,-295.0000,300.0000,3271.0000,-237.6594,259.8496,3271.0000
Plane,-65.6378,139.3986,270.9995,-122.9784,179.5490,870.9995,-65.6378,139.3986,870.9995
Plane,-8.2971,99.2483,270.9995,-65.6378,139.3986,270.9995,-65.6378,139.3986,870.9995
Plane,-8.2971,99.2483,270.9995,-65.6378,139.3986,870.9995,-8.2971,99.2483,870.9995
Plane,-122.9784,179.5490,870.9995,-180.3189,219.6993,1471.0000,-122.9782,179.5490,1471.0000
Plane,-65.6378,139.3986,870.9995,-122.9784,179.5490,870.9995,-122.9782,179.5490,1471.0000
Plane,-180.3189,219.6993,1471.0000,-237.6595,259.8496,2071.0000,-180.3188,219.6993,2071.0000
Plane,-180.3188,219.6993,2071.0000,-237.6595,259.8496,2071.0000,-237.6594,259.8496,2671.0000
Plane,-122.9782,179.5490,1471.0000,-180.3189,219.6993,1471.0000,-180.3188,219.6993,2071.0000
Plane,-180.3188,219.6993,2671.0000,-237.6594,259.8496,2671.0000,-237.6594,259.8496,3271.0000
Plane,-180.3188,219.6993,2071.0000,-237.6594,259.8496,2671.0000,-180.3188,219.6993,2671.0000
Plane,-180.3188,219.6993,2671.0000,-237.6594,259.8496,3271.0000,-180.3187,219.6993,3271.0000
Plane,-122.9781,179.5490,2671.0000,-180.3188,219.6993,2671.0000,-180.3187,219.6993,3271.0000
Plane,-8.2971,99.2483,870.9995,-65.6378,139.3986,870.9995,-65.6376,139.3986,1471.0000
Plane,-65.6378,139.3986,870.9995,-122.9782,179.5490,1471.0000,-65.6376,139.3986,1471.0000
Plane,-8.2971,99.2483,870.9995,-65.6376,139.3986,1471.0000,-8.2969,99.2483,1471.0000
Plane,-8.2969,99.2483,1471.0000,-65.6376,139.3986,1471.0000,-65.6375,139.3986,2071.0000
Plane,-122.9782,179.5490,1471.0000,-180.3188,219.6993,2071.0000,-122.9781,179.5490,2071.0000
Plane,-122.9781,179.5490,2071.0000,-180.3188,219.6993,2071.0000,-180.3188,219.6993,2671.0000
Plane,-122.9781,179.5490,2071.0000,-180.3188,219.6993,2671.0000,-122.9781,179.5490,2671.0000
Plane,-65.6376,139.3986,1471.0000,-122.9782,179.5490,1471.0000,-122.9781,179.5490,2071.0000
Plane,-65.6376,139.3986,1471.0000,-122.9781,179.5490,2071.0000,-65.6375,139.3986,2071.0000
Plane,-65.6375,139.3986,2071.0000,-122.9781,179.5490,2071.0000,-122.9781,179.5490,2671.0000
Plane,-2395.6960,499.2483,7671.0000,-2453.0370,539.3986,8771.0010,-2395.6960,499.2483,8771.0010
Plane,-2395.6960,499.2483,7671.0000,-2453.0370,539.3986,7671.0000,-2453.0370,539.3986,8771.0010
Plane,-2395.6960,499.2483,6571.0000,-2453.0370,539.3986,7671.0000,-2395.6960,499.2483,7671.0000
Plane,-2453.0370,539.3986,7671.0000,-2510.3770,579.5490,8771.0010,-2453.0370,539.3986,8771.0010
Plane,-2395.6960,499.2483,6571.0000,-2453.0370,539.3986,6571.0000,-2453.0370,539.3986,7671.0000
Plane,-2395.6970,499.2483,5471.0000,-2453.0370,539.3986,6571.0000,-2395.6960,499.2483,6571.0000
Plane,-2453.0370,539.3986,7671.0000,-2510.3780,579.5490,7671.0000,-2510.3770,579.5490,8771.0010
Plane,-2453.0370,539.3986,6571.0000,-2510.3780,579.5490,7671.0000,-2453.0370,539.3986,7671.0000
Plane,-2510.3780,579.5490,7671.0000,-2567.7180,619.6993,8771.0010,-2510.3770,579.5490,8771.0010
Plane,-2395.6970,499.2483,5471.0000,-2453.0370,539.3986,5471.0000,-2453.0370,539.3986,6571.0000
Plane,-2395.6970,499.2483,4371.0000,-2453.0370,539.3986,5471.0000,-2395.6970,499.2483,5471.0000
Plane,-2453.0370,539.3986,6571.0000,-2510.3780,579.5490,6571.0000,-2510.3780,579.5490,7671.0000
Plane,-2453.0370,539.3986,5471.0000,-2510.3780,579.5490,6571.0000,-2453.0370,539.3986,6571.0000
Plane,-2510.3780,579.5490,7671.0000,-2567.7180,619.6993,7671.0000,-2567.7180,619.6993,8771.0010
Plane,-2510.3780,579.5490,6571.0000,-2567.7180,619.6993,7671.0000,-2510.3780,579.5490,7671.0000
Plane,-2567.7180,619.6993,7671.0000,-2625.0590,659.8497,8771.0010,-2567.7180,619.6993,8771.0010
Plane,-2395.6970,499.2483,4371.0000,-2453.0370,539.3986,4371.0000,-2453.0370,539.3986,5471.0000
Plane,-2395.6970,499.2483,3271.0000,-2453.0370,539.3986,4371.0000,-2395.6970,499.2483,4371.0000
Plane,-2453.0370,539.3986,5471.0000,-2510.3780,579.5490,5471.0000,-2510.3780,579.5490,6571.0000
Plane,-2453.0370,539.3986,4371.0000,-2510.3780,579.5490,5471.0000,-2453.0370,539.3986,5471.0000
Plane,-2510.3780,579.5490,6571.0000,-2567.7180,619.6993,6571.0000,-2567.7180,619.6993,7671.0000
Plane,-2510.3780,579.5490,5471.0000,-2567.7180,619.6993,6571.0000,-2510.3780,579.5490,6571.0000
Plane,-2567.7180,619.6993,7671.0000,-2625.0590,659.8497,7671.0000,-2625.0590,659.8497,8771.0010
Plane,-2567.7180,619.6993,6571.0000,-2625.0590,659.8497,7671.0000,-2567.7180,619.6993,7671.0000
Plane,-2625.0590,659.8497,7671.0000,-2682.3990,700.0000,8771.0010,-2625.0590,659.8497,8771.0010
Plane,-2395.6970,499.2483,3271.0000,-2453.0370,539.3986,3271.0000,-2453.0370,539.3986,4371.0000
Plane,-2395.6970,499.2483,2171.0000,-2453.0370,539.3986,3271.0000,-2395.6970,499.2483,3271.0000
Plane,-2453.0370,539.3986,4371.0000,-2510.3780,579.5490,4371.0000,-2510.3780,579.5490,5471.0000
Plane,-2453.0370,539.3986,3271.0000,-2510.3780,579.5490,4371.0000,-2453.0370,539.3986,4371.0000
Plane,-2510.3780,579.5490,5471.0000,-2567.7190,619.6993,5471.0000,-2567.7180,619.6993,6571.0000
Plane,-2510.3780,579.5490,4371.0000,-2567.7190,619.6993,5471.0000,-2510.3780,579.5490,5471.0000
Plane,-2567.7180,619.6993,6571.0000,-2625.0590,659.8497,6571.0000,-2625.0590,659.8497,7671.0000
Plane,-2567.7190,619.6993,5471.0000,-2625.0590,659.8497,6571.0000,-2567.7180,619.6993,6571.0000
Plane,-2625.0590,659.8497,7671.0000,-2682.4000,700.0000,7671.0000,-2682.3990,700.0000,8771.0010
Plane,-2625.0590,659.8497,6571.0000,-2682.4000,700.0000,7671.0000,-2625.0590,659.8497,7671.0000
Plane,-2682.4000,700.0000,7671.0000,-2739.7400,740.1503,8771.0010,-2682.3990,700.0000,8771.0010
Plane,-2395.6970,499.2483,2171.0000,-2453.0370,539.3986,2171.0000,-2453.0370,539.3986,3271.0000
Plane,-2395.6970,499.2483,1071.0000,-2453.0370,539.3986,2171.0000,-2395.6970,499.2483,2171.0000
Plane,-2453.0370,539.3986,3271.0000,-2510.3780,579.5490,3271.0000,-2510.3780,579.5490,4371.0000
Plane,-2453.0370,539.3986,2171.0000,-2510.3780,579.5490,3271.0000,-2453.0370,539.3986,3271.0000
Plane,-2510.3780,579.5490,4371.0000,-2567.7190,619.6993,4371.0000,-2567.7190,619.6993,5471.0000
Plane,-2510.3780,579.5490,3271.0000,-2567.7190,619.6993,4371.0000,-2510.3780,579.5490,4371.0000
Plane,-2567.7190,619.6993,5471.0000,-2625.0590,659.8497,5471.0000,-2625.0590,659.8497,6571.0000
Plane,-2567.7190,619.6993,4371.0000,-2625.0590,659.8497,5471.0000,-2567.7190,619.6993,5471.0000
Plane,-2625.0590,659.8497,6571.0000,-2682.4000,700.0000,6571.0000,-2682.4000,700.0000,7671.0000
Plane,-2625.0590,659.8497,5471.0000,-2682.4000,700.0000,6571.0000,-2625.0590,659.8497,6571.0000
Plane,-2682.4000,700.0000,7671.0000,-2739.7400,740.1503,7671.0000,-2739.7400,740.1503,8771.0010
Plane,-2682.4000,700.0000,6571.0000,-2739.7400,740.1503,7671.0000,-2682.4000,700.0000,7671.0000
Plane,-2739.7400,740.1503,7671.0000,-2797.0800,780.3007,8771.0010,-2739.7400,740.1503,8771.0010
Plane,-2395.6970,499.2483,1071.0000,-2453.0370,539.3986,1071.0000,-2453.0370,539.3986,2171.0000
Plane,-2395.6970,499.2483,-29.0005,-2453.0370,539.3986,1071.0000,-2395.6970,499.2483,1071.0000
Plane,-2453.0370,539.3986,2171.0000,-2510.3780,579.5490,2171.0000,-2510.3780,579.5490,3271.0000
Plane,-2453.0370,539.3986,1071.0000,-2510.3780,579.5490,2171.0000,-2453.0370,539.3986,2171.0000
Plane,-2510.3780,579.5490,3271.0000,-2567.7190,619.6993,3271.0000,-2567.7190,619.6993,4371.0000
Plane,-2510.3780,579.5490,2171.0000,-2567.7190,619.6993,3271.0000,-2510.3780,579.5490,3271.0000
Plane,-2567.7190,619.6993,4371.0000,-2625.0590,659.8497,4371.0000,-2625.0590,659.8497,5471.0000
Plane,-2567.7190,619.6993,3271.0000,-2625.0590,659.8497,4371.0000,-2567.7190,619.6993,4371.0000
Plane,-2625.0590,659.8497,5471.0000,-2682.4000,700.0000,5471.0000,-2682.4000,700.0000,6571.0000
Plane,-2625.0590,659.8497,4371.0000,-2682.4000,700.0000,5471.0000,-2625.0590,659.8497,5471.0000
Plane,-2682.4000,700.0000,6571.0000,-2739.7400,740.1503,6571.0000,-2739.7400,740.1503,7671.0000
Plane,-2682.4000,700.0000,5471.0000,-2739.7400,740.1503,6571.0000,-2682.4000,700.0000,6571.0000
Plane,-2739.7400,740.1503,7671.0000,-2797.0810,780.3007,7671.0000,-2797.0800,780.3007,8771.0010
Plane,-2739.7400,740.1503,6571.0000,-2797.0810,780.3007,7671.0000,-2739.7400,740.1503,7671.0000
Plane,-2797.0810,780.3007,7671.0000,-2854.4210,820.4510,8771.0010,-2797.0800,780.3007,8771.0010
Plane,-2797.0810,780.3007,7671.0000,-2854.4210,820.4510,7671.0000,-2854.4210,820.4510,8771.0010
Plane,-2854.4210,820.4510,7671.0000,-2911.7620,860.6014,8771.0010,-2854.4210,820.4510,8771.0010
Plane,-2739.7400,740.1503,6571.0000,-2797.0810,780.3007,6571.0000,-2797.0810,780.3007,7671.0000
Plane,-2797.0810,780.3007,6571.0000,-2854.4210,820.4510,7671.0000,-2797.0810,780.3007,7671.0000
Plane,-2682.4000,700.0000,5471.0000,-2739.7400,740.1503,5471.0000,-2739.7400,740.1503,6571.0000
Plane,-2739.7400,740.1503,5471.0000,-2797.0810,780.3007,6571.0000,-2739.7400,740.1503,6571.0000
Plane,-2625.0590,659.8497,4371.0000,-2682.4000,700.0000,4371.0000,-2682.4000,700.0000,5471.0000
Plane,-2682.4000,700.0000,4371.0000,-2739.7400,740.1503,5471.0000,-2682.4000,700.0000,5471.0000
Plane,-2567.7190,619.6993,3271.0000,-2625.0590,659.8497,3271.0000,-2625.0590,659.8497,4371.0000
Plane,-2625.0590,659.8497,3271.0000,-2682.4000,700.0000,4371.0000,-2625.0590,659.8497,4371.0000
Plane,-2854.4210,820.4510,7671.0000,-2911.7620,860.6014,7671.0000,-2911.7620,860.6014,8771.0010
Plane,-2911.7620,860.6014,7671.0000,-2969.1030,900.7517,8771.0010,-2911.7620,860.6014,8771.0010
Plane,-2911.7620,860.6014,7671.0000,-2969.1030,900.7517,7671.0000,-2969.1030,900.7517,8771.0010
Plane,-2797.0810,780.3007,6571.0000,-2854.4210,820.4510,6571.0000,-2854.4210,820.4510,7671.0000
Plane,-2854.4210,820.4510,6571.0000,-2911.7620,860.6014,7671.0000,-2854.4210,820.4510,7671.0000
Plane,-2911.7620,860.6014,6571.0000,-2969.1030,900.7517,7671.0000,-2911.7620,860.6014,7671.0000
Plane,-2854.4210,820.4510,6571.0000,-2911.7620,860.6014,6571.0000,-2911.7620,860.6014,7671.0000
Plane,-2911.7620,860.6014,6571.0000,-2969.1030,900.7517,6571.0000,-2969.1030,900.7517,7671.0000
Plane,-2739.7400,740.1503,5471.0000,-2797.0810,780.3007,5471.0000,-2797.0810,780.3007,6571.0000
Plane,-2797.0810,780.3007,5471.0000,-2854.4210,820.4510,6571.0000,-2797.0810,780.3007,6571.0000
Plane,-2682.4000,700.0000,4371.0000,-2739.7400,740.1503,4371.0000,-2739.7400,740.1503,5471.0000
Plane,-2739.7400,740.1503,4371.0000,-2797.0810,780.3007,5471.0000,-2739.7400,740.1503,5471.0000
Plane,-2854.4220,820.4510,5471.0000,-2911.7620,860.6014,6571.0000,-2854.4210,820.4510,6571.0000
Plane,-2797.0810,780.3007,5471.0000,-2854.4220,820.4510,5471.0000,-2854.4210,820.4510,6571.0000
Plane,-2911.7620,860.6014,5471.0000,-2969.1030,900.7517,6571.0000,-2911.7620,860.6014,6571.0000
Plane,-2854.4220,820.4510,5471.0000,-2911.7620,860.6014,5471.0000,-2911.7620,860.6014,6571.0000
Plane,-2911.7620,860.6014,5471.0000,-2969.1030,900.7517,5471.0000,-2969.1030,900.7517,6571.0000
Plane,-2797.0810,780.3007,4371.0000,-2854.4220,820.4510,5471.0000,-2797.0810,780.3007,5471.0000
Plane,-2739.7400,740.1503,4371.0000,-2797.0810,780.3007,4371.0000,-2797.0810,780.3007,5471.0000
Plane,-2682.4000,700.0000,3271.0000,-2739.7400,740.1503,4371.0000,-2682.4000,700.0000,4371.0000
Plane,-2625.0590,659.8497,3271.0000,-2682.4000,700.0000,3271.0000,-2682.4000,700.0000,4371.0000
Plane,-2854.4220,820.4510,4371.0000,-2911.7620,860.6014,5471.0000,-2854.4220,820.4510,5471.0000
Plane,-2797.0810,780.3007,4371.0000,-2854.4220,820.4510,4371.0000,-2854.4220,820.4510,5471.0000
Plane,-2911.7620,860.6014,4371.0000,-2969.1030,900.7517,5471.0000,-2911.7620,860.6014,5471.0000
Plane,-2854.4220,820.4510,4371.0000,-2911.7620,860.6014,4371.0000,-2911.7620,860.6014,5471.0000
Plane,-2911.7620,860.6014,4371.0000,-2969.1030,900.7517,4371.0000,-2969.1030,900.7517,5471.0000
Plane,-2739.7400,740.1503,3271.0000,-2797.0810,780.3007,4371.0000,-2739.7400,740.1503,4371.0000
Plane,-2682.4000,700.0000,3271.0000,-2739.7400,740.1503,3271.0000,-2739.7400,740.1503,4371.0000
Plane,-2797.0810,780.3007,3271.0000,-2854.4220,820.4510,4371.0000,-2797.0810,780.3007,4371.0000
Plane,-2739.7400,740.1503,3271.0000,-2797.0810,780.3007,3271.0000,-2797.0810,780.3007,4371.0000
Plane,-2854.4220,820.4510,3271.0000,-2911.7620,860.6014,4371.0000,-2854.4220,820.4510,4371.0000
Plane,-2797.0810,780.3007,3271.0000,-2854.4220,820.4510,3271.0000,-2854.4220,820.4510,4371.0000
Plane,-2911.7630,860.6014,3271.0000,-2969.1030,900.7517,4371.0000,-2911.7620,860.6014,4371.0000
Plane,-2854.4220,820.4510,3271.0000,-2911.7630,860.6014,3271.0000,-2911.7620,860.6014,4371.0000
Plane,-2911.7630,860.6014,3271.0000,-2969.1030,900.7517,3271.0000,-2969.1030,900.7517,4371.0000
Plane,-2911.7630,860.6014,2171.0000,-2969.1030,900.7517,3271.0000,-2911.7630,860.6014,3271.0000
Plane,-2911.7630,860.6014,2171.0000,-2969.1030,900.7517,2171.0000,-2969.1030,900.7517,3271.0000
Plane,-2854.4220,820.4510,2171.0000,-2911.7630,860.6014,3271.0000,-2854.4220,820.4510,3271.0000
Plane,-2854.4220,820.4510,2171.0000,-2911.7630,860.6014,2171.0000,-2911.7630,860.6014,3271.0000
Plane,-2797.0810,780.3007,2171.0000,-2854.4220,820.4510,3271.0000,-2797.0810,780.3007,3271.0000
Plane,-2797.0810,780.3007,2171.0000,-2854.4220,820.4510,2171.0000,-2854.4220,820.4510,3271.0000
Plane,-2739.7410,740.1503,2171.0000,-2797.0810,780.3007,3271.0000,-2739.7400,740.1503,3271.0000
Plane,-2739.7410,740.1503,2171.0000,-2797.0810,780.3007,2171.0000,-2797.0810,780.3007,3271.0000
Plane,-2682.4000,700.0000,2171.0000,-2739.7400,740.1503,3271.0000,-2682.4000,700.0000,3271.0000
Plane,-2682.4000,700.0000,2171.0000,-2739.7410,740.1503,2171.0000,-2739.7400,740.1503,3271.0000
Plane,-2911.7630,860.6014,1071.0000,-2969.1030,900.7517,2171.0000,-2911.7630,860.6014,2171.0000
Plane,-2911.7630,860.6014,1071.0000,-2969.1040,900.7517,1071.0000,-2969.1030,900.7517,2171.0000
Plane,-2854.4220,820.4510,1071.0000,-2911.7630,860.6014,2171.0000,-2854.4220,820.4510,2171.0000
Plane,-2854.4220,820.4510,1071.0000,-2911.7630,860.6014,1071.0000,-2911.7630,860.6014,2171.0000
Plane,-2797.0810,780.3007,1071.0000,-2854.4220,820.4510,2171.0000,-2797.0810,780.3007,2171.0000
Plane,-2797.0810,780.3007,1071.0000,-2854.4220,820.4510,1071.0000,-2854.4220,820.4510,2171.0000
Plane,-2739.7410,740.1503,1071.0000,-2797.0810,780.3007,2171.0000,-2739.7410,740.1503,2171.0000
Plane,-2739.7410,740.1503,1071.0000,-2797.0810,780.3007,1071.0000,-2797.0810,780.3007,2171.0000
Plane,-2911.7630,860.6014,-29.0005,-2969.1040,900.7517,1071.0000,-2911.7630,860.6014,1071.0000
Plane,-2911.7630,860.6014,-29.0005,-2969.1040,900.7517,-29.0005,-2969.1040,900.7517,1071.0000
Plane,-2854.4220,820.4510,-29.0005,-2911.7630,860.6014,1071.0000,-2854.4220,820.4510,1071.0000
Plane,-2854.4220,820.4510,-29.0005,-2911.7630,860.6014,-29.0005,-2911.7630,860.6014,1071.0000
Plane,-2797.0820,780.3007,-29.0005,-2854.4220,820.4510,1071.0000,-2797.0810,780.3007,1071.0000
Plane,-2797.0820,780.3007,-29.0005,-2854.4220,820.4510,-29.0005,-2854.4220,820.4510,1071.0000
Plane,-2911.7630,860.6014,-1129.0000,-2969.1040,900.7517,-29.0005,-2911.7630,860.6014,-29.0005
Plane,-2911.7630,860.6014,-1129.0000,-2969.1040,900.7517,-1129.0000,-2969.1040,900.7517,-29.0005
Plane,-2854.4220,820.4510,-1129.0000,-2911.7630,860.6014,-29.0005,-2854.4220,820.4510,-29.0005
Plane,-2854.4220,820.4510,-1129.0000,-2911.7630,860.6014,-1129.0000,-2911.7630,860.6014,-29.0005
Plane,-2911.7630,860.6014,-2229.0010,-2969.1040,900.7517,-1129.0000,-2911.7630,860.6014,-1129.0000
Plane,-2911.7630,860.6014,-2229.0010,-2969.1040,900.7517,-2229.0010,-2969.1040,900.7517,-1129.0000
Plane,-2854.4230,820.4510,-2229.0010,-2911.7630,860.6014,-2229.0010,-2911.7630,860.6014,-1129.0000
Plane,-2854.4230,820.4510,-2229.0010,-2911.7630,860.6014,-1129.0000,-2854.4220,820.4510,-1129.0000
Plane,-2797.0820,780.3007,-2229.0010,-2854.4230,820.4510,-2229.0010,-2854.4220,820.4510,-1129.0000
Plane,-2797.0820,780.3007,-1129.0000,-2854.4220,820.4510,-1129.0000,-2854.4220,820.4510,-29.0005
Plane,-2797.0820,780.3007,-2229.0010,-2854.4220,820.4510,-1129.0000,-2797.0820,780.3007,-1129.0000
Plane,-2797.0820,780.3007,-1129.0000,-2854.4220,820.4510,-29.0005,-2797.0820,780.3007,-29.0005
Plane,-2739.7410,740.1503,-2229.0010,-2797.0820,780.3007,-2229.0010,-2797.0820,780.3007,-1129.0000
Plane,-2739.7410,740.1503,-2229.0010,-2797.0820,780.3007,-1129.0000,-2739.7410,740.1503,-1129.0000
Plane,-2739.7410,740.1503,-1129.0000,-2797.0820,780.3007,-1129.0000,-2797.0820,780.3007,-29.0005
Plane,-2682.4010,700.0000,-2229.0010,-2739.7410,740.1503,-2229.0010,-2739.7410,740.1503,-1129.0000
Plane,-2739.7410,740.1503,-1129.0000,-2797.0820,780.3007,-29.0005,-2739.7410,740.1503,-29.0005
Plane,-2739.7410,740.1503,-29.0005,-2797.0820,780.3007,-29.0005,-2797.0810,780.3007,1071.0000
Plane,-2739.7410,740.1503,-29.0005,-2797.0810,780.3007,1071.0000,-2739.7410,740.1503,1071.0000
Plane,-2682.4010,700.0000,-2229.0010,-2739.7410,740.1503,-1129.0000,-2682.4000,700.0000,-1129.0000
Plane,-2682.4000,700.0000,-1129.0000,-2739.7410,740.1503,-1129.0000,-2739.7410,740.1503,-29.0005
Plane,-2625.0600,659.8497,-2229.0010,-2682.4010,700.0000,-2229.0010,-2682.4000,700.0000,-1129.0000
Plane,-2682.4000,700.0000,-29.0005,-2739.7410,740.1503,-29.0005,-2739.7410,740.1503,1071.0000
Plane,-2682.4000,700.0000,-1129.0000,-2739.7410,740.1503,-29.0005,-2682.4000,700.0000,-29.0005
Plane,-2625.0600,659.8497,-2229.0010,-2682.4000,700.0000,-1129.0000,-2625.0600,659.8497,-1129.0000
Plane,-2625.0600,659.8497,-1129.0000,-2682.4000,700.0000,-1129.0000,-2682.4000,700.0000,-29.0005
Plane,-2567.7190,619.6993,-2229.0010,-2625.0600,659.8497,-2229.0010,-2625.0600,659.8497,-1129.0000
Plane,-2682.4000,700.0000,-29.0005,-2739.7410,740.1503,1071.0000,-2682.4000,700.0000,1071.0000
Plane,-2682.4000,700.0000,1071.0000,-2739.7410,740.1503,1071.0000,-2739.7410,740.1503,2171.0000
Plane,-2682.4000,700.0000,1071.0000,-2739.7410,740.1503,2171.0000,-2682.4000,700.0000,2171.0000
Plane,-2567.7190,619.6993,-2229.0010,-2625.0600,659.8497,-1129.0000,-2567.7190,619.6993,-1129.0000
Plane,-2510.3790,579.5490,-2229.0010,-2567.7190,619.6993,-2229.0010,-2567.7190,619.6993,-1129.0000
Plane,-2625.0600,659.8497,-1129.0000,-2682.4000,700.0000,-29.0005,-2625.0600,659.8497,-29.0005
Plane,-2625.0600,659.8497,-29.0005,-2682.4000,700.0000,-29.0005,-2682.4000,700.0000,1071.0000
Plane,-2567.7190,619.6993,-1129.0000,-2625.0600,659.8497,-1129.0000,-2625.0600,659.8497,-29.0005
Plane,-2625.0600,659.8497,1071.0000,-2682.4000,700.0000,1071.0000,-2682.4000,700.0000,2171.0000
Plane,-2625.0600,659.8497,-29.0005,-2682.4000,700.0000,1071.0000,-2625.0600,659.8497,1071.0000
Plane,-2510.3790,579.5490,-2229.0010,-2567.7190,619.6993,-1129.0000,-2510.3780,579.5490,-1129.0000
Plane,-2453.0380,539.3986,-2229.0010,-2510.3790,579.5490,-2229.0010,-2510.3780,579.5490,-1129.0000
Plane,-2567.7190,619.6993,-1129.0000,-2625.0600,659.8497,-29.0005,-2567.7190,619.6993,-29.0005
Plane,-2567.7190,619.6993,-29.0005,-2625.0600,659.8497,-29.0005,-2625.0600,659.8497,1071.0000
Plane,-2510.3780,579.5490,-1129.0000,-2567.7190,619.6993,-1129.0000,-2567.7190,619.6993,-29.0005
Plane,-2625.0600,659.8497,1071.0000,-2682.4000,700.0000,2171.0000,-2625.0590,659.8497,2171.0000
Plane,-2625.0590,659.8497,2171.0000,-2682.4000,700.0000,2171.0000,-2682.4000,700.0000,3271.0000
Plane,-2625.0590,659.8497,2171.0000,-2682.4000,700.0000,3271.0000,-2625.0590,659.8497,3271.0000
Plane,-2453.0380,539.3986,-2229.0010,-2510.3780,579.5490,-1129.0000,-2453.0380,539.3986,-1129.0000
Plane,-2395.6980,499.2483,-2229.0010,-2453.0380,539.3986,-2229.0010,-2453.0380,539.3986,-1129.0000
Plane,-2395.6980,499.2483,-2229.0010,-2453.0380,539.3986,-1129.0000,-2395.6970,499.2483,-1129.0000
Plane,-2510.3780,579.5490,-1129.0000,-2567.7190,619.6993,-29.0005,-2510.3780,579.5490,-29.0005
Plane,-2453.0380,539.3986,-1129.0000,-2510.3780,579.5490,-1129.0000,-2510.3780,579.5490,-29.0005
Plane,-2567.7190,619.6993,-29.0005,-2625.0600,659.8497,1071.0000,-2567.7190,619.6993,1071.0000
Plane,-2567.7190,619.6993,1071.0000,-2625.0600,659.8497,1071.0000,-2625.0590,659.8497,2171.0000
Plane,-2510.3780,579.5490,-29.0005,-2567.7190,619.6993,-29.0005,-2567.7190,619.6993,1071.0000
Plane,-2567.7190,619.6993,2171.0000,-2625.0590,659.8497,2171.0000,-2625.0590,659.8497,3271.0000
Plane,-2567.7190,619.6993,1071.0000,-2625.0590,659.8497,2171.0000,-2567.7190,619.6993,2171.0000
Plane,-2567.7190,619.6993,2171.0000,-2625.0590,659.8497,3271.0000,-2567.7190,619.6993,3271.0000
Plane,-2510.3780,579.5490,2171.0000,-2567.7190,619.6993,2171.0000,-2567.7190,619.6993,3271.0000
Plane,-2395.6970,499.2483,-1129.0000,-2453.0380,539.3986,-1129.0000,-2453.0380,539.3986,-29.0005
Plane,-2453.0380,539.3986,-1129.0000,-2510.3780,579.5490,-29.0005,-2453.0380,539.3986,-29.0005
Plane,-2395.6970,499.2483,-1129.0000,-2453.0380,539.3986,-29.0005,-2395.6970,499.2483,-29.0005
Plane,-2395.6970,499.2483,-29.0005,-2453.0380,539.3986,-29.0005,-2453.0370,539.3986,1071.0000
Plane,-2510.3780,579.5490,-29.0005,-2567.7190,619.6993,1071.0000,-2510.3780,579.5490,1071.0000
Plane,-2510.3780,579.5490,1071.0000,-2567.7190,619.6993,1071.0000,-2567.7190,619.6993,2171.0000
Plane,-2510.3780,579.5490,1071.0000,-2567.7190,619.6993,2171.0000,-2510.3780,579.5490,2171.0000
Plane,-2453.0380,539.3986,-29.0005,-2510.3780,579.5490,-29.0005,-2510.3780,579.5490,1071.0000
Plane,-2453.0380,539.3986,-29.0005,-2510.3780,579.5490,1071.0000,-2453.0370,539.3986,1071.0000
Plane,-2453.0370,539.3986,1071.0000,-2510.3780,579.5490,1071.0000,-2510.3780,579.5490,2171.0000
Plane,4984.7040,900.7517,7670.0010,4927.3630,860.6014,8770.0010,4984.7040,900.7517,8770.0010
Plane,4984.7040,900.7517,7670.0010,4927.3630,860.6014,7670.0010,4927.3630,860.6014,8770.0010
Plane,4984.7040,900.7517,6570.0000,4927.3630,860.6014,7670.0010,4984.7040,900.7517,7670.0010
Plane,4927.3630,860.6014,7670.0010,4870.0220,820.4510,8770.0010,4927.3630,860.6014,8770.0010
Plane,4984.7040,900.7517,6570.0000,4927.3630,860.6014,6570.0000,4927.3630,860.6014,7670.0010
Plane,4984.7040,900.7517,5470.0000,4927.3630,860.6014,6570.0000,4984.7040,900.7517,6570.0000
Plane,4927.3630,860.6014,7670.0010,4870.0220,820.4510,7670.0010,4870.0220,820.4510,8770.0010
Plane,4927.3630,860.6014,6570.0000,4870.0220,820.4510,7670.0010,4927.3630,860.6014,7670.0010
Plane,4870.0220,820.4510,7670.0010,4812.6820,780.3007,8770.0010,4870.0220,820.4510,8770.0010
Plane,4984.7040,900.7517,5470.0000,4927.3630,860.6014,5470.0000,4927.3630,860.6014,6570.0000
Plane,4984.7040,900.7517,4370.0000,4927.3630,860.6014,5470.0000,4984.7040,900.7517,5470.0000
Plane,4927.3630,860.6014,6570.0000,4870.0220,820.4510,6570.0000,4870.0220,820.4510,7670.0010
Plane,4927.3630,860.6014,5470.0000,4870.0220,820.4510,6570.0000,4927.3630,860.6014,6570.0000
Plane,4870.0220,820.4510,7670.0010,4812.6820,780.3007,7670.0010,4812.6820,780.3007,8770.0010
Plane,4870.0220,820.4510,6570.0000,4812.6820,780.3007,7670.0010,4870.0220,820.4510,7670.0010
Plane,4812.6820,780.3007,7670.0010,4755.3410,740.1503,8770.0010,4812.6820,780.3007,8770.0010
Plane,4984.7040,900.7517,4370.0000,4927.3630,860.6014,4370.0000,4927.3630,860.6014,5470.0000
Plane,4984.7030,900.7517,3270.0000,4927.3630,860.6014,4370.0000,4984.7040,900.7517,4370.0000
Plane,4927.3630,860.6014,5470.0000,4870.0220,820.4510,5470.0000,4870.0220,820.4510,6570.0000
Plane,4927.3630,860.6014,4370.0000,4870.0220,820.4510,5470.0000,4927.3630,860.6014,5470.0000
Plane,4870.0220,820.4510,6570.0000,4812.6820,780.3007,6570.0000,4812.6820,780.3007,7670.0010
Plane,4870.0220,820.4510,5470.0000,4812.6820,780.3007,6570.0000,4870.0220,820.4510,6570.0000
Plane,4812.6820,780.3007,7670.0010,4755.3410,740.1503,7670.0010,4755.3410,740.1503,8770.0010
Plane,4812.6820,780.3007,6570.0000,4755.3410,740.1503,7670.0010,4812.6820,780.3007,7670.0010
Plane,4755.3410,740.1503,7670.0010,4698.0000,700.0000,8770.0010,4755.3410,740.1503,8770.0010
Plane,4984.7030,900.7517,3270.0000,4927.3620,860.6014,3270.0000,4927.3630,860.6014,4370.0000
Plane,4984.7030,900.7517,2170.0000,4927.3620,860.6014,3270.0000,4984.7030,900.7517,3270.0000
Plane,4927.3630,860.6014,4370.0000,4870.0220,820.4510,4370.0000,4870.0220,820.4510,5470.0000
Plane,4927.3620,860.6014,3270.0000,4870.0220,820.4510,4370.0000,4927.3630,860.6014,4370.0000
Plane,4870.0220,820.4510,5470.0000,4812.6820,780.3007,5470.0000,4812.6820,780.3007,6570.0000
Plane,4870.0220,820.4510,4370.0000,4812.6820,780.3007,5470.0000,4870.0220,820.4510,5470.0000
Plane,4812.6820,780.3007,6570.0000,4755.3410,740.1503,6570.0000,4755.3410,740.1503,7670.0010
Plane,4812.6820,780.3007,5470.0000,4755.3410,740.1503,6570.0000,4812.6820,780.3007,6570.0000
Plane,4755.3410,740.1503,7670.0010,4698.0000,700.0000,7670.0010,4698.0000,700.0000,8770.0010
Plane,4755.3410,740.1503,6570.0000,4698.0000,700.0000,7670.0010,4755.3410,740.1503,7670.0010
Plane,4698.0000,700.0000,7670.0010,4640.6600,659.8497,8770.0010,4698.0000,700.0000,8770.0010
Plane,4984.7030,900.7517,2170.0000,4927.3620,860.6014,2170.0000,4927.3620,860.6014,3270.0000
Plane,4984.7030,900.7517,1070.0000,4927.3620,860.6014,2170.0000,4984.7030,900.7517,2170.0000
Plane,4927.3620,860.6014,3270.0000,4870.0220,820.4510,3270.0000,4870.0220,820.4510,4370.0000
Plane,4927.3620,860.6014,2170.0000,4870.0220,820.4510,3270.0000,4927.3620,860.6014,3270.0000
Plane,4870.0220,820.4510,4370.0000,4812.6810,780.3007,4370.0000,4812.6820,780.3007,5470.0000
Plane,4870.0220,820.4510,3270.0000,4812.6810,780.3007,4370.0000,4870.0220,820.4510,4370.0000
Plane,4812.6820,780.3007,5470.0000,4755.3410,740.1503,5470.0000,4755.3410,740.1503,6570.0000
Plane,4812.6810,780.3007,4370.0000,4755.3410,740.1503,5470.0000,4812.6820,780.3007,5470.0000
Plane,4755.3410,740.1503,6570.0000,4698.0000,700.0000,6570.0000,4698.0000,700.0000,7670.0010
Plane,4755.3410,740.1503,5470.0000,4698.0000,700.0000,6570.0000,4755.3410,740.1503,6570.0000
Plane,4698.0000,700.0000,7670.0010,4640.6600,659.8497,7670.0010,4640.6600,659.8497,8770.0010
Plane,4698.0000,700.0000,6570.0000,4640.6600,659.8497,7670.0010,4698.0000,700.0000,7670.0010
Plane,4640.6600,659.8497,7670.0010,4583.3190,619.6993,8770.0010,4640.6600,659.8497,8770.0010
Plane,4984.7030,900.7517,1070.0000,4927.3620,860.6014,1070.0000,4927.3620,860.6014,2170.0000
Plane,4984.7030,900.7517,-30.0003,4927.3620,860.6014,1070.0000,4984.7030,900.7517,1070.0000
Plane,4927.3620,860.6014,2170.0000,4870.0220,820.4510,2170.0000,4870.0220,820.4510,3270.0000
Plane,4927.3620,860.6014,1070.0000,4870.0220,820.4510,2170.0000,4927.3620,860.6014,2170.0000
Plane,4870.0220,820.4510,3270.0000,4812.6810,780.3007,3270.0000,4812.6810,780.3007,4370.0000
Plane,4870.0220,820.4510,2170.0000,4812.6810,780.3007,3270.0000,4870.0220,820.4510,3270.0000
Plane,4812.6810,780.3007,4370.0000,4755.3410,740.1503,4370.0000,4755.3410,740.1503,5470.0000
Plane,4812.6810,780.3007,3270.0000,4755.3410,740.1503,4370.0000,4812.6810,780.3007,4370.0000
Plane,4755.3410,740.1503,5470.0000,4698.0000,700.0000,5470.0000,4698.0000,700.0000,6570.0000
Plane,4755.3410,740.1503,4370.0000,4698.0000,700.0000,5470.0000,4755.3410,740.1503,5470.0000
Plane,4698.0000,700.0000,6570.0000,4640.6600,659.8497,6570.0000,4640.6600,659.8497,7670.0010
Plane,4698.0000,700.0000,5470.0000,4640.6600,659.8497,6570.0000,4698.0000,700.0000,6570.0000
Plane,4640.6600,659.8497,7670.0010,4583.3190,619.6993,7670.0010,4583.3190,619.6993,8770.0010
Plane,4640.6600,659.8497,6570.0000,4583.3190,619.6993,7670.0010,4640.6600,659.8497,7670.0010
Plane,4583.3190,619.6993,7670.0010,4525.9790,579.5490,8770.0010,4583.3190,619.6993,8770.0010
Plane,4583.3190,619.6993,7670.0010,4525.9790,579.5490,7670.0010,4525.9790,579.5490,8770.0010
Plane,4525.9790,579.5490,7670.0010,4468.6380,539.3986,8770.0010,4525.9790,579.5490,8770.0010
Plane,4640.6600,659.8497,6570.0000,4583.3190,619.6993,6570.0000,4583.3190,619.6993,7670.0010
Plane,4583.3190,619.6993,6570.0000,4525.9790,579.5490,7670.0010,4583.3190,619.6993,7670.0010
Plane,4698.0000,700.0000,5470.0000,4640.6590,659.8497,5470.0000,4640.6600,659.8497,6570.0000
Plane,4640.6590,659.8497,5470.0000,4583.3190,619.6993,6570.0000,4640.6600,659.8497,6570.0000
Plane,4755.3410,740.1503,4370.0000,4698.0000,700.0000,4370.0000,4698.0000,700.0000,5470.0000
Plane,4698.0000,700.0000,4370.0000,4640.6590,659.8497,5470.0000,4698.0000,700.0000,5470.0000
Plane,4812.6810,780.3007,3270.0000,4755.3410,740.1503,3270.0000,4755.3410,740.1503,4370.0000
Plane,4755.3410,740.1503,3270.0000,4698.0000,700.0000,4370.0000,4755.3410,740.1503,4370.0000
Plane,4525.9790,579.5490,7670.0010,4468.6380,539.3986,7670.0010,4468.6380,539.3986,8770.0010
Plane,4468.6380,539.3986,7670.0010,4411.2980,499.2483,8770.0010,4468.6380,539.3986,8770.0010
Plane,4468.6380,539.3986,7670.0010,4411.2970,499.2483,7670.0010,4411.2980,499.2483,8770.0010
Plane,4583.3190,619.6993,6570.0000,4525.9790,579.5490,6570.0000,4525.9790,579.5490,7670.0010
Plane,4525.9790,579.5490,6570.0000,4468.6380,539.3986,7670.0010,4525.9790,579.5490,7670.0010
Plane,4468.6380,539.3986,6570.0000,4411.2970,499.2483,7670.0010,4468.6380,539.3986,7670.0010
Plane,4525.9790,579.5490,6570.0000,4468.6380,539.3986,6570.0000,4468.6380,539.3986,7670.0010
Plane,4468.6380,539.3986,6570.0000,4411.2970,499.2483,6570.0000,4411.2970,499.2483,7670.0010
Plane,4640.6590,659.8497,5470.0000,4583.3190,619.6993,5470.0000,4583.3190,619.6993,6570.0000
Plane,4583.3190,619.6993,5470.0000,4525.9790,579.5490,6570.0000,4583.3190,619.6993,6570.0000
Plane,4698.0000,700.0000,4370.0000,4640.6590,659.8497,4370.0000,4640.6590,659.8497,5470.0000
Plane,4640.6590,659.8497,4370.0000,4583.3190,619.6993,5470.0000,4640.6590,659.8497,5470.0000
Plane,4525.9780,579.5490,5470.0000,4468.6380,539.3986,6570.0000,4525.9790,579.5490,6570.0000
Plane,4583.3190,619.6993,5470.0000,4525.9780,579.5490,5470.0000,4525.9790,579.5490,6570.0000
Plane,4468.6380,539.3986,5470.0000,4411.2970,499.2483,6570.0000,4468.6380,539.3986,6570.0000
Plane,4525.9780,579.5490,5470.0000,4468.6380,539.3986,5470.0000,4468.6380,539.3986,6570.0000
Plane,4468.6380,539.3986,5470.0000,4411.2970,499.2483,5470.0000,4411.2970,499.2483,6570.0000
Plane,4583.3190,619.6993,4370.0000,4525.9780,579.5490,5470.0000,4583.3190,619.6993,5470.0000
Plane,4640.6590,659.8497,4370.0000,4583.3190,619.6993,4370.0000,4583.3190,619.6993,5470.0000
Plane,4698.0000,700.0000,3270.0000,4640.6590,659.8497,4370.0000,4698.0000,700.0000,4370.0000
Plane,4755.3410,740.1503,3270.0000,4698.0000,700.0000,3270.0000,4698.0000,700.0000,4370.0000
Plane,4525.9780,579.5490,4370.0000,4468.6380,539.3986,5470.0000,4525.9780,579.5490,5470.0000
Plane,4583.3190,619.6993,4370.0000,4525.9780,579.5490,4370.0000,4525.9780,579.5490,5470.0000
Plane,4468.6380,539.3986,4370.0000,4411.2970,499.2483,5470.0000,4468.6380,539.3986,5470.0000
Plane,4525.9780,579.5490,4370.0000,4468.6380,539.3986,4370.0000,4468.6380,539.3986,5470.0000
Plane,4468.6380,539.3986,4370.0000,4411.2970,499.2483,4370.0000,4411.2970,499.2483,5470.0000
Plane,4640.6590,659.8497,3270.0000,4583.3190,619.6993,4370.0000,4640.6590,659.8497,4370.0000
Plane,4698.0000,700.0000,3270.0000,4640.6590,659.8497,3270.0000,4640.6590,659.8497,4370.0000
Plane,4583.3190,619.6993,3270.0000,4525.9780,579.5490,4370.0000,4583.3190,619.6993,4370.0000
Plane,4640.6590,659.8497,3270.0000,4583.3190,619.6993,3270.0000,4583.3190,619.6993,4370.0000
Plane,4525.9780,579.5490,3270.0000,4468.6380,539.3986,4370.0000,4525.9780,579.5490,4370.0000
Plane,4583.3190,619.6993,3270.0000,4525.9780,579.5490,3270.0000,4525.9780,579.5490,4370.0000
Plane,4468.6380,539.3986,3270.0000,4411.2970,499.2483,4370.0000,4468.6380,539.3986,4370.0000
Plane,4525.9780,579.5490,3270.0000,4468.6380,539.3986,3270.0000,4468.6380,539.3986,4370.0000
Plane,4468.6380,539.3986,3270.0000,4411.2970,499.2483,3270.0000,4411.2970,499.2483,4370.0000
Plane,4468.6370,539.3986,2170.0000,4411.2970,499.2483,3270.0000,4468.6380,539.3986,3270.0000
Plane,4468.6370,539.3986,2170.0000,4411.2960,499.2483,2170.0000,4411.2970,499.2483,3270.0000
Plane,4525.9780,579.5490,2170.0000,4468.6380,539.3986,3270.0000,4525.9780,579.5490,3270.0000
Plane,4525.9780,579.5490,2170.0000,4468.6370,539.3986,2170.0000,4468.6380,539.3986,3270.0000
Plane,4583.3190,619.6993,2170.0000,4525.9780,579.5490,3270.0000,4583.3190,619.6993,3270.0000
Plane,4583.3190,619.6993,2170.0000,4525.9780,579.5490,2170.0000,4525.9780,579.5490,3270.0000
Plane,4640.6590,659.8497,2170.0000,4583.3190,619.6993,3270.0000,4640.6590,659.8497,3270.0000
Plane,4640.6590,659.8497,2170.0000,4583.3190,619.6993,2170.0000,4583.3190,619.6993,3270.0000
Plane,4698.0000,700.0000,2170.0000,4640.6590,659.8497,3270.0000,4698.0000,700.0000,3270.0000
Plane,4698.0000,700.0000,2170.0000,4640.6590,659.8497,2170.0000,4640.6590,659.8497,3270.0000
Plane,4468.6370,539.3986,1070.0000,4411.2960,499.2483,2170.0000,4468.6370,539.3986,2170.0000
Plane,4468.6370,539.3986,1070.0000,4411.2960,499.2483,1070.0000,4411.2960,499.2483,2170.0000
Plane,4525.9780,579.5490,1070.0000,4468.6370,539.3986,2170.0000,4525.9780,579.5490,2170.0000
Plane,4525.9780,579.5490,1070.0000,4468.6370,539.3986,1070.0000,4468.6370,539.3986,2170.0000
Plane,4583.3180,619.6993,1070.0000,4525.9780,579.5490,2170.0000,4583.3190,619.6993,2170.0000
Plane,4583.3180,619.6993,1070.0000,4525.9780,579.5490,1070.0000,4525.9780,579.5490,2170.0000
Plane,4640.6590,659.8497,1070.0000,4583.3190,619.6993,2170.0000,4640.6590,659.8497,2170.0000
Plane,4640.6590,659.8497,1070.0000,4583.3180,619.6993,1070.0000,4583.3190,619.6993,2170.0000
Plane,4468.6370,539.3986,-30.0003,4411.2960,499.2483,1070.0000,4468.6370,539.3986,1070.0000
Plane,4468.6370,539.3986,-30.0003,4411.2960,499.2483,-30.0003,4411.2960,499.2483,1070.0000
Plane,4525.9780,579.5490,-30.0003,4468.6370,539.3986,1070.0000,4525.9780,579.5490,1070.0000
Plane,4525.9780,579.5490,-30.0003,4468.6370,539.3986,-30.0003,4468.6370,539.3986,1070.0000
Plane,4583.3180,619.6993,-30.0003,4525.9780,579.5490,1070.0000,4583.3180,619.6993,1070.0000
Plane,4583.3180,619.6993,-30.0003,4525.9780,579.5490,-30.0003,4525.9780,579.5490,1070.0000
Plane,4468.6370,539.3986,-1130.0000,4411.2960,499.2483,-30.0003,4468.6370,539.3986,-30.0003
Plane,4468.6370,539.3986,-1130.0000,4411.2960,499.2483,-1130.0000,4411.2960,499.2483,-30.0003
Plane,4525.9780,579.5490,-1130.0000,4468.6370,539.3986,-30.0003,4525.9780,579.5490,-30.0003
Plane,4525.9780,579.5490,-1130.0000,4468.6370,539.3986,-1130.0000,4468.6370,539.3986,-30.0003
Plane,4468.6370,539.3986,-2230.0010,4411.2960,499.2483,-1130.0000,4468.6370,539.3986,-1130.0000
Plane,4468.6370,539.3986,-2230.0010,4411.2960,499.2483,-2230.0010,4411.2960,499.2483,-1130.0000
Plane,4525.9780,579.5490,-2230.0010,4468.6370,539.3986,-2230.0010,4468.6370,539.3986,-1130.0000
Plane,4525.9780,579.5490,-2230.0010,4468.6370,539.3986,-1130.0000,4525.9780,579.5490,-1130.0000
Plane,4583.3180,619.6993,-2230.0010,4525.9780,579.5490,-2230.0010,4525.9780,579.5490,-1130.0000
Plane,4583.3180,619.6993,-1130.0000,4525.9780,579.5490,-1130.0000,4525.9780,579.5490,-30.0003
Plane,4583.3180,619.6993,-2230.0010,4525.9780,579.5490,-1130.0000,4583.3180,619.6993,-1130.0000
Plane,4583.3180,619.6993,-1130.0000,4525.9780,579.5490,-30.0003,4583.3180,619.6993,-30.0003
Plane,4640.6590,659.8497,-2230.0010,4583.3180,619.6993,-2230.0010,4583.3180,619.6993,-1130.0000
Plane,4640.6590,659.8497,-2230.0010,4583.3180,619.6993,-1130.0000,4640.6590,659.8497,-1130.0000
Plane,4640.6590,659.8497,-1130.0000,4583.3180,619.6993,-1130.0000,4583.3180,619.6993,-30.0003
Plane,4697.9990,700.0000,-2230.0010,4640.6590,659.8497,-2230.0010,4640.6590,659.8497,-1130.0000
Plane,4640.6590,659.8497,-1130.0000,4583.3180,619.6993,-30.0003,4640.6590,659.8497,-30.0003
Plane,4640.6590,659.8497,-30.0003,4583.3180,619.6993,-30.0003,4583.3180,619.6993,1070.0000
Plane,4640.6590,659.8497,-30.0003,4583.3180,619.6993,1070.0000,4640.6590,659.8497,1070.0000
Plane,4697.9990,700.0000,-2230.0010,4640.6590,659.8497,-1130.0000,4698.0000,700.0000,-1130.0000
Plane,4698.0000,700.0000,-1130.0000,4640.6590,659.8497,-1130.0000,4640.6590,659.8497,-30.0003
Plane,4755.3400,740.1503,-2230.0010,4697.9990,700.0000,-2230.0010,4698.0000,700.0000,-1130.0000
Plane,4698.0000,700.0000,-30.0003,4640.6590,659.8497,-30.0003,4640.6590,659.8497,1070.0000
Plane,4698.0000,700.0000,-1130.0000,4640.6590,659.8497,-30.0003,4698.0000,700.0000,-30.0003
Plane,4755.3400,740.1503,-2230.0010,4698.0000,700.0000,-1130.0000,4755.3400,740.1503,-1130.0000
Plane,4755.3400,740.1503,-1130.0000,4698.0000,700.0000,-1130.0000,4698.0000,700.0000,-30.0003
Plane,4812.6810,780.3007,-2230.0010,4755.3400,740.1503,-2230.0010,4755.3400,740.1503,-1130.0000
Plane,4698.0000,700.0000,-30.0003,4640.6590,659.8497,1070.0000,4698.0000,700.0000,1070.0000
Plane,4698.0000,700.0000,1070.0000,4640.6590,659.8497,1070.0000,4640.6590,659.8497,2170.0000
Plane,4698.0000,700.0000,1070.0000,4640.6590,659.8497,2170.0000,4698.0000,700.0000,2170.0000
Plane,4812.6810,780.3007,-2230.0010,4755.3400,740.1503,-1130.0000,4812.6810,780.3007,-1130.0000
Plane,4870.0210,820.4510,-2230.0010,4812.6810,780.3007,-2230.0010,4812.6810,780.3007,-1130.0000
Plane,4755.3400,740.1503,-1130.0000,4698.0000,700.0000,-30.0003,4755.3400,740.1503,-30.0003
Plane,4755.3400,740.1503,-30.0003,4698.0000,700.0000,-30.0003,4698.0000,700.0000,1070.0000
Plane,4812.6810,780.3007,-1130.0000,4755.3400,740.1503,-1130.0000,4755.3400,740.1503,-30.0003
Plane,4755.3410,740.1503,1070.0000,4698.0000,700.0000,1070.0000,4698.0000,700.0000,2170.0000
Plane,4755.3400,740.1503,-30.0003,4698.0000,700.0000,1070.0000,4755.3410,740.1503,1070.0000
Plane,4870.0210,820.4510,-2230.0010,4812.6810,780.3007,-1130.0000,4870.0210,820.4510,-1130.0000
Plane,4927.3620,860.6014,-2230.0010,4870.0210,820.4510,-2230.0010,4870.0210,820.4510,-1130.0000
Plane,4812.6810,780.3007,-1130.0000,4755.3400,740.1503,-30.0003,4812.6810,780.3007,-30.0003
Plane,4812.6810,780.3007,-30.0003,4755.3400,740.1503,-30.0003,4755.3410,740.1503,1070.0000
Plane,4870.0210,820.4510,-1130.0000,4812.6810,780.3007,-1130.0000,4812.6810,780.3007,-30.0003
Plane,4755.3410,740.1503,1070.0000,4698.0000,700.0000,2170.0000,4755.3410,740.1503,2170.0000
Plane,4755.3410,740.1503,2170.0000,4698.0000,700.0000,2170.0000,4698.0000,700.0000,3270.0000
Plane,4755.3410,740.1503,2170.0000,4698.0000,700.0000,3270.0000,4755.3410,740.1503,3270.0000
Plane,4927.3620,860.6014,-2230.0010,4870.0210,820.4510,-1130.0000,4927.3620,860.6014,-1130.0000
Plane,4984.7020,900.7517,-2230.0010,4927.3620,860.6014,-2230.0010,4927.3620,860.6014,-1130.0000
Plane,4984.7020,900.7517,-2230.0010,4927.3620,860.6014,-1130.0000,4984.7030,900.7517,-1130.0000
Plane,4870.0210,820.4510,-1130.0000,4812.6810,780.3007,-30.0003,4870.0210,820.4510,-30.0003
Plane,4927.3620,860.6014,-1130.0000,4870.0210,820.4510,-1130.0000,4870.0210,820.4510,-30.0003
Plane,4812.6810,780.3007,-30.0003,4755.3410,740.1503,1070.0000,4812.6810,780.3007,1070.0000
Plane,4812.6810,780.3007,1070.0000,4755.3410,740.1503,1070.0000,4755.3410,740.1503,2170.0000
Plane,4870.0210,820.4510,-30.0003,4812.6810,780.3007,-30.0003,4812.6810,780.3007,1070.0000
Plane,4812.6810,780.3007,2170.0000,4755.3410,740.1503,2170.0000,4755.3410,740.1503,3270.0000
Plane,4812.6810,780.3007,1070.0000,4755.3410,740.1503,2170.0000,4812.6810,780.3007,2170.0000
Plane,4812.6810,780.3007,2170.0000,4755.3410,740.1503,3270.0000,4812.6810,780.3007,3270.0000
Plane,4870.0220,820.4510,2170.0000,4812.6810,780.3007,2170.0000,4812.6810,780.3007,3270.0000
Plane,4984.7030,900.7517,-1130.0000,4927.3620,860.6014,-1130.0000,4927.3620,860.6014,-30.0003
Plane,4927.3620,860.6014,-1130.0000,4870.0210,820.4510,-30.0003,4927.3620,860.6014,-30.0003
Plane,4984.7030,900.7517,-1130.0000,4927.3620,860.6014,-30.0003,4984.7030,900.7517,-30.0003
Plane,4984.7030,900.7517,-30.0003,4927.3620,860.6014,-30.0003,4927.3620,860.6014,1070.0000
Plane,4870.0210,820.4510,-30.0003,4812.6810,780.3007,1070.0000,4870.0220,820.4510,1070.0000
Plane,4870.0220,820.4510,1070.0000,4812.6810,780.3007,1070.0000,4812.6810,780.3007,2170.0000
Plane,4870.0220,820.4510,1070.0000,4812.6810,780.3007,2170.0000,4870.0220,820.4510,2170.0000
Plane,4927.3620,860.6014,-30.0003,4870.0210,820.4510,-30.0003,4870.0220,820.4510,1070.0000
Plane,4927.3620,860.6014,-30.0003,4870.0220,820.4510,1070.0000,4927.3620,860.6014,1070.0000
Plane,4927.3620,860.6014,1070.0000,4870.0220,820.4510,1070.0000,4870.0220,820.4510,2170.0000
