ObjectName,v1x,v1y,v1z,v2x,v2y,v2z,v3x,v3y,v3z
Floor_B,1060.0160,105.0000,2471.5270,1060.0160,55.0000,2471.5270,1060.0160,55.0000,871.5272
Floor_B,1060.0160,105.0000,2471.5270,1060.0160,55.0000,871.5272,1060.0160,105.0000,871.5272
Floor_B,1060.0160,105.0000,871.5272,1060.0160,55.0000,871.5272,-539.9841,55.0000,871.5272
Floor_B,1060.0160,105.0000,871.5272,-539.9841,55.0000,871.5272,-539.9841,105.0000,871.5272
Floor_B,-539.9841,105.0000,871.5272,-539.9841,55.0000,871.5272,-539.9841,55.0000,2471.5270
Floor_B,-539.9841,105.0000,871.5272,-539.9841,55.0000,2471.5270,-539.9841,105.0000,2471.5270
Floor_B,-539.9841,105.0000,2471.5270,-539.9841,55.0000,2471.5270,1060.0160,55.0000,2471.5270
Floor_B,-539.9841,105.0000,2471.5270,1060.0160,55.0000,2471.5270,1060.0160,105.0000,2471.5270
Floor_B,1060.0160,55.0000,2471.5270,-539.9841,55.0000,2471.5270,-539.9841,55.0000,871.5272
Floor_B,1060.0160,55.0000,2471.5270,-539.9841,55.0000,871.5272,1060.0160,55.0000,871.5272
Floor_B,-539.9841,105.0000,2471.5270,1060.0160,105.0000,2471.5270,1060.0160,105.0000,871.5272
Floor_B,-539.9841,105.0000,2471.5270,1060.0160,105.0000,871.5272,-539.9841,105.0000,871.5272
Floor_B,1060.0160,105.0000,4044.8760,1060.0160,55.0000,4044.8760,1060.0160,55.0000,2444.8760
Floor_B,1060.0160,105.0000,4044.8760,1060.0160,55.0000,2444.8760,1060.0160,105.0000,2444.8760
Floor_B,1060.0160,105.0000,2444.8760,1060.0160,55.0000,2444.8760,-539.9841,55.0000,2444.8760
Floor_B,1060.0160,105.0000,2444.8760,-539.9841,55.0000,2444.8760,-539.9841,105.0000,2444.8760
Floor_B,-539.9841,105.0000,2444.8760,-539.9841,55.0000,2444.8760,-539.9841,55.0000,4044.8760
Floor_B,-539.9841,105.0000,2444.8760,-539.9841,55.0000,4044.8760,-539.9841,105.0000,4044.8760
Floor_B,-539.9841,105.0000,4044.8760,-539.9841,55.0000,4044.8760,1060.0160,55.0000,4044.8760
Floor_B,-539.9841,105.0000,4044.8760,1060.0160,55.0000,4044.8760,1060.0160,105.0000,4044.8760
Floor_B,1060.0160,55.0000,4044.8760,-539.9841,55.0000,4044.8760,-539.9841,55.0000,2444.8760
Floor_B,1060.0160,55.0000,4044.8760,-539.9841,55.0000,2444.8760,1060.0160,55.0000,2444.8760
Floor_B,-539.9841,105.0000,4044.8760,1060.0160,105.0000,4044.8760,1060.0160,105.0000,2444.8760
Floor_B,-539.9841,105.0000,4044.8760,1060.0160,105.0000,2444.8760,-539.9841,105.0000,2444.8760
Floor_B,2642.8040,105.0000,2471.5270,2642.8040,55.0000,2471.5270,2642.8040,55.0000,871.5272
Floor_B,2642.8040,105.0000,2471.5270,2642.8040,55.0000,871.5272,2642.8040,105.0000,871.5272
Floor_B,2642.8040,105.0000,871.5272,2642.8040,55.0000,871.5272,1042.8040,55.0000,871.5272
Floor_B,2642.8040,105.0000,871.5272,1042.8040,55.0000,871.5272,1042.8040,105.0000,871.5272
Floor_B,1042.8040,105.0000,871.5272,1042.8040,55.0000,871.5272,1042.8040,55.0000,2471.5270
Floor_B,1042.8040,105.0000,871.5272,1042.8040,55.0000,2471.5270,1042.8040,105.0000,2471.5270
Floor_B,1042.8040,105.0000,2471.5270,1042.8040,55.0000,2471.5270,2642.8040,55.0000,2471.5270
Floor_B,1042.8040,105.0000,2471.5270,2642.8040,55.0000,2471.5270,2642.8040,105.0000,2471.5270
Floor_B,2642.8040,55.0000,2471.5270,1042.8040,55.0000,2471.5270,1042.8040,55.0000,871.5272
Floor_B,2642.8040,55.0000,2471.5270,1042.8040,55.0000,871.5272,2642.8040,55.0000,871.5272
Floor_B,1042.8040,105.0000,2471.5270,2642.8040,105.0000,2471.5270,2642.8040,105.0000,871.5272
Floor_B,1042.8040,105.0000,2471.5270,2642.8040,105.0000,871.5272,1042.8040,105.0000,871.5272
Floor_B,2642.8040,105.0000,4044.8760,2642.8040,55.0000,4044.8760,2642.8040,55.0000,2444.8760
Floor_B,2642.8040,105.0000,4044.8760,2642.8040,55.0000,2444.8760,2642.8040,105.0000,2444.8760
Floor_B,2642.8040,105.0000,2444.8760,2642.8040,55.0000,2444.8760,1042.8040,55.0000,2444.8760
Floor_B,2642.8040,105.0000,2444.8760,1042.8040,55.0000,2444.8760,1042.8040,105.0000,2444.8760
Floor_B,1042.8040,105.0000,2444.8760,1042.8040,55.0000,2444.8760,1042.8040,55.0000,4044.8760
Floor_B,1042.8040,105.0000,2444.8760,1042.8040,55.0000,4044.8760,1042.8040,105.0000,4044.8760
Floor_B,1042.8040,105.0000,4044.8760,1042.8040,55.0000,4044.8760,2642.8040,55.0000,4044.8760
Floor_B,1042.8040,105.0000,4044.8760,2642.8040,55.0000,4044.8760,2642.8040,105.0000,4044.8760
Floor_B,2642.8040,55.0000,4044.8760,1042.8040,55.0000,4044.8760,1042.8040,55.0000,2444.8760
Floor_B,2642.8040,55.0000,4044.8760,1042.8040,55.0000,2444.8760,2642.8040,55.0000,2444.8760
Floor_B,1042.8040,105.0000,4044.8760,2642.8040,105.0000,4044.8760,2642.8040,105.0000,2444.8760
Floor_B,1042.8040,105.0000,4044.8760,2642.8040,105.0000,2444.8760,1042.8040,105.0000,2444.8760
Floor_B,2642.8040,105.0000,5626.8740,2642.8040,55.0000,5626.8740,2642.8040,55.0000,4026.8740
Floor_B,2642.8040,105.0000,5626.8740,2642.8040,55.0000,4026.8740,2642.8040,105.0000,4026.8740
Floor_B,2642.8040,105.0000,4026.8740,2642.8040,55.0000,4026.8740,1042.8040,55.0000,4026.8740
Floor_B,2642.8040,105.0000,4026.8740,1042.8040,55.0000,4026.8740,1042.8040,105.0000,4026.8740
Floor_B,1042.8040,105.0000,4026.8740,1042.8040,55.0000,4026.8740,1042.8040,55.0000,5626.8740
Floor_B,1042.8040,105.0000,4026.8740,1042.8040,55.0000,5626.8740,1042.8040,105.0000,5626.8740
Floor_B,1042.8040,105.0000,5626.8740,1042.8040,55.0000,5626.8740,2642.8040,55.0000,5626.8740
Floor_B,1042.8040,105.0000,5626.8740,2642.8040,55.0000,5626.8740,2642.8040,105.0000,5626.8740
Floor_B,2642.8040,55.0000,5626.8740,1042.8040,55.0000,5626.8740,1042.8040,55.0000,4026.8740
Floor_B,2642.8040,55.0000,5626.8740,1042.8040,55.0000,4026.8740,2642.8040,55.0000,4026.8740
Floor_B,1042.8040,105.0000,5626.8740,2642.8040,105.0000,5626.8740,2642.8040,105.0000,4026.8740
Floor_B,1042.8040,105.0000,5626.8740,2642.8040,105.0000,4026.8740,1042.8040,105.0000,4026.8740
Floor_B,1060.0160,105.0000,5626.8740,1060.0160,55.0000,5626.8740,1060.0160,55.0000,4026.8740
Floor_B,1060.0160,105.0000,5626.8740,1060.0160,55.0000,4026.8740,1060.0160,105.0000,4026.8740
Floor_B,1060.0160,105.0000,4026.8740,1060.0160,55.0000,4026.8740,-539.9841,55.0000,4026.8740
Floor_B,1060.0160,105.0000,4026.8740,-539.9841,55.0000,4026.8740,-539.9841,105.0000,4026.8740
Floor_B,-539.9841,105.0000,4026.8740,-539.9841,55.0000,4026.8740,-539.9841,55.0000,5626.8740
Floor_B,-539.9841,105.0000,4026.8740,-539.9841,55.0000,5626.8740,-539.9841,105.0000,5626.8740
Floor_B,-539.9841,105.0000,5626.8740,-539.9841,55.0000,5626.8740,1060.0160,55.0000,5626.8740
Floor_B,-539.9841,105.0000,5626.8740,1060.0160,55.0000,5626.8740,1060.0160,105.0000,5626.8740
Floor_B,1060.0160,55.0000,5626.8740,-539.9841,55.0000,5626.8740,-539.9841,55.0000,4026.8740
Floor_B,1060.0160,55.0000,5626.8740,-539.9841,55.0000,4026.8740,1060.0160,55.0000,4026.8740
Floor_B,-539.9841,105.0000,5626.8740,1060.0160,105.0000,5626.8740,1060.0160,105.0000,4026.8740
Floor_B,-539.9841,105.0000,5626.8740,1060.0160,105.0000,4026.8740,-539.9841,105.0000,4026.8740
Block_Platform_Corner_1B(Mirrored),-473.1797,109.9999,-272.5682,-73.1801,109.9999,-297.5682,-73.1801,109.9999,-272.5682
Block_Platform_Corner_1B(Mirrored),-473.1797,109.9999,-272.5682,-473.1797,109.9999,-297.5682,-73.1801,109.9999,-297.5682
Block_Platform_Corner_1B(Mirrored),-967.6341,109.9999,-92.0226,-473.1797,109.9999,-297.5682,-473.1797,109.9999,-272.5682
Block_Platform_Corner_1B(Mirrored),-967.6341,109.9999,-92.0226,-985.3121,109.9999,-109.7003,-473.1797,109.9999,-297.5682
Block_Platform_Corner_1B(Mirrored),-473.1797,109.9999,302.4319,-473.1797,109.9999,277.4318,-73.1801,109.9999,277.4318
Block_Platform_Corner_1B(Mirrored),-473.1797,109.9999,302.4319,-73.1801,109.9999,277.4318,-73.1801,109.9999,302.4319
Block_Platform_Corner_1B(Mirrored),-473.1797,109.9999,277.4318,-473.1797,109.9999,-272.5682,-73.1801,109.9999,-272.5682
Block_Platform_Corner_1B(Mirrored),-473.1797,109.9999,277.4318,-73.1801,109.9999,-272.5682,-73.1801,109.9999,277.4318
Block_Platform_Corner_1B(Mirrored),-561.0477,109.9999,314.5638,-578.7257,109.9999,296.8862,-473.1797,109.9999,277.4318
Block_Platform_Corner_1B(Mirrored),-561.0477,109.9999,314.5638,-473.1797,109.9999,277.4318,-473.1797,109.9999,302.4319
Block_Platform_Corner_1B(Mirrored),-578.7257,109.9999,296.8862,-967.6341,109.9999,-92.0226,-473.1797,109.9999,-272.5682
Block_Platform_Corner_1B(Mirrored),-578.7257,109.9999,296.8862,-473.1797,109.9999,-272.5682,-473.1797,109.9999,277.4318
Block_Platform_Corner_1B(Mirrored),-639.6009,510.0001,392.2746,-1189.6010,510.0001,392.2747,-1189.6010,109.9999,392.2747
Block_Platform_Corner_1B(Mirrored),-639.6009,510.0001,392.2746,-1189.6010,109.9999,392.2747,-639.6009,109.9999,392.2747
Block_Platform_Corner_1B(Mirrored),-967.6341,510.0001,-92.0226,-985.3121,510.0001,-109.7003,-985.3121,109.9999,-109.7003
Block_Platform_Corner_1B(Mirrored),-967.6341,510.0001,-92.0226,-985.3121,109.9999,-109.7003,-967.6341,109.9999,-92.0226
Block_Platform_Corner_1B(Mirrored),-1189.6010,109.9999,392.2747,-1214.6010,109.9999,392.2747,-985.3121,109.9999,-109.7003
Block_Platform_Corner_1B(Mirrored),-1189.6010,109.9999,392.2747,-985.3121,109.9999,-109.7003,-967.6341,109.9999,-92.0226
Block_Platform_Corner_1B(Mirrored),-614.6009,109.9999,392.2747,-639.6009,109.9999,392.2747,-578.7257,109.9999,296.8862
Block_Platform_Corner_1B(Mirrored),-614.6009,109.9999,392.2747,-578.7257,109.9999,296.8862,-561.0477,109.9999,314.5638
Block_Platform_Corner_1B(Mirrored),-639.6009,109.9999,392.2747,-1189.6010,109.9999,392.2747,-967.6341,109.9999,-92.0226
Block_Platform_Corner_1B(Mirrored),-639.6009,109.9999,392.2747,-967.6341,109.9999,-92.0226,-578.7257,109.9999,296.8862
Block_Platform_Corner_1B(Mirrored),-639.6009,510.0001,792.2748,-1189.6010,510.0001,792.2747,-1189.6010,110.0002,792.2747
Block_Platform_Corner_1B(Mirrored),-639.6009,510.0001,792.2748,-1189.6010,110.0002,792.2747,-639.6009,110.0002,792.2748
Block_Platform_Corner_1B(Mirrored),-614.6009,510.0001,392.2746,-639.6009,510.0001,392.2746,-639.6009,109.9999,392.2747
Block_Platform_Corner_1B(Mirrored),-614.6009,510.0001,392.2746,-639.6009,109.9999,392.2747,-614.6009,109.9999,392.2747
Block_Platform_Corner_1B(Mirrored),-639.6009,109.9999,392.2747,-614.6009,109.9999,392.2747,-614.6009,110.0002,792.2748
Block_Platform_Corner_1B(Mirrored),-639.6009,109.9999,392.2747,-614.6009,110.0002,792.2748,-639.6009,110.0002,792.2748
Block_Platform_Corner_1B(Mirrored),-1214.6010,109.9999,392.2747,-1189.6010,109.9999,392.2747,-1189.6010,110.0002,792.2747
Block_Platform_Corner_1B(Mirrored),-1214.6010,109.9999,392.2747,-1189.6010,110.0002,792.2747,-1214.6010,110.0002,792.2747
Block_Platform_Corner_1B(Mirrored),-1189.6010,109.9999,392.2747,-639.6009,109.9999,392.2747,-639.6009,110.0002,792.2748
Block_Platform_Corner_1B(Mirrored),-1189.6010,109.9999,392.2747,-639.6009,110.0002,792.2748,-1189.6010,110.0002,792.2747
Block_Platform_Corner_1B(Mirrored),-1189.6010,510.0001,792.2747,-639.6009,510.0001,792.2748,-639.6009,510.0001,392.2746
Block_Platform_Corner_1B(Mirrored),-1189.6010,510.0001,792.2747,-639.6009,510.0001,392.2746,-1189.6010,510.0001,392.2747
Block_Platform_Corner_1B(Mirrored),-473.1797,509.9998,-297.5682,-73.1801,509.9998,-297.5682,-73.1801,109.9999,-297.5682
Block_Platform_Corner_1B(Mirrored),-473.1797,509.9998,-297.5682,-73.1801,109.9999,-297.5682,-473.1797,109.9999,-297.5682
Block_Platform_Corner_1B(Mirrored),-73.1801,510.0001,277.4318,-73.1801,510.0001,302.4318,-73.1801,109.9999,302.4319
Block_Platform_Corner_1B(Mirrored),-73.1801,510.0001,277.4318,-73.1801,109.9999,302.4319,-73.1801,109.9999,277.4318
Block_Platform_Corner_1B(Mirrored),-473.1797,510.0001,302.4318,-561.0477,510.0001,314.5638,-561.0477,109.9999,314.5638
Block_Platform_Corner_1B(Mirrored),-473.1797,510.0001,302.4318,-561.0477,109.9999,314.5638,-473.1797,109.9999,302.4319
Block_Platform_Corner_1B(Mirrored),-561.0477,510.0001,314.5638,-578.7257,510.0001,296.8860,-578.7257,109.9999,296.8862
Block_Platform_Corner_1B(Mirrored),-561.0477,510.0001,314.5638,-578.7257,109.9999,296.8862,-561.0477,109.9999,314.5638
Block_Platform_Corner_1B(Mirrored),-578.7257,510.0001,296.8860,-967.6341,510.0001,-92.0226,-967.6341,109.9999,-92.0226
Block_Platform_Corner_1B(Mirrored),-578.7257,510.0001,296.8860,-967.6341,109.9999,-92.0226,-578.7257,109.9999,296.8862
Block_Platform_Corner_1B(Mirrored),-73.1801,509.9998,-297.5682,-73.1801,510.0001,-272.5682,-73.1801,109.9999,-272.5682
Block_Platform_Corner_1B(Mirrored),-73.1801,509.9998,-297.5682,-73.1801,109.9999,-272.5682,-73.1801,109.9999,-297.5682
Block_Platform_Corner_1B(Mirrored),-73.1801,510.0001,-272.5682,-73.1801,510.0001,277.4318,-73.1801,109.9999,277.4318
Block_Platform_Corner_1B(Mirrored),-73.1801,510.0001,-272.5682,-73.1801,109.9999,277.4318,-73.1801,109.9999,-272.5682
Block_Platform_Corner_1B(Mirrored),-473.1797,510.0001,277.4318,-473.1797,510.0001,-272.5682,-967.6341,510.0001,-92.0226
Block_Platform_Corner_1B(Mirrored),-473.1797,510.0001,277.4318,-967.6341,510.0001,-92.0226,-578.7257,510.0001,296.8860
Block_Platform_Corner_1B(Mirrored),-473.1797,510.0001,-272.5682,-985.3121,510.0001,-109.7003,-967.6341,510.0001,-92.0226
Block_Platform_Corner_1B(Mirrored),-473.1797,510.0001,-272.5682,-473.1797,509.9998,-297.5682,-985.3121,510.0001,-109.7003
Block_Platform_Corner_1B(Mirrored),-73.1801,510.0001,-272.5682,-473.1797,509.9998,-297.5682,-473.1797,510.0001,-272.5682
Block_Platform_Corner_1B(Mirrored),-73.1801,510.0001,-272.5682,-73.1801,509.9998,-297.5682,-473.1797,509.9998,-297.5682
Block_Platform_Corner_1B(Mirrored),-473.1797,510.0001,302.4318,-473.1797,510.0001,277.4318,-578.7257,510.0001,296.8860
Block_Platform_Corner_1B(Mirrored),-473.1797,510.0001,302.4318,-578.7257,510.0001,296.8860,-561.0477,510.0001,314.5638
Block_Platform_Corner_1B(Mirrored),-985.3121,510.0001,-109.7003,-473.1797,509.9998,-297.5682,-473.1797,109.9999,-297.5682
Block_Platform_Corner_1B(Mirrored),-985.3121,510.0001,-109.7003,-473.1797,109.9999,-297.5682,-985.3121,109.9999,-109.7003
Block_Platform_Corner_1B(Mirrored),-73.1801,510.0001,302.4318,-473.1797,510.0001,302.4318,-473.1797,109.9999,302.4319
Block_Platform_Corner_1B(Mirrored),-73.1801,510.0001,302.4318,-473.1797,109.9999,302.4319,-73.1801,109.9999,302.4319
Block_Platform_Corner_1B(Mirrored),-73.1801,510.0001,277.4318,-73.1801,510.0001,-272.5682,-473.1797,510.0001,-272.5682
Block_Platform_Corner_1B(Mirrored),-73.1801,510.0001,277.4318,-473.1797,510.0001,-272.5682,-473.1797,510.0001,277.4318
Block_Platform_Corner_1B(Mirrored),-73.1801,510.0001,302.4318,-73.1801,510.0001,277.4318,-473.1797,510.0001,277.4318
Block_Platform_Corner_1B(Mirrored),-73.1801,510.0001,302.4318,-473.1797,510.0001,277.4318,-473.1797,510.0001,302.4318
Block_Platform_Corner_1B(Mirrored),-1189.6010,510.0001,392.2747,-1214.6010,510.0001,392.2747,-1214.6010,109.9999,392.2747
Block_Platform_Corner_1B(Mirrored),-1189.6010,510.0001,392.2747,-1214.6010,109.9999,392.2747,-1189.6010,109.9999,392.2747
Block_Platform_Corner_1B(Mirrored),-578.7257,510.0001,296.8860,-967.6341,510.0001,-92.0226,-1189.6010,510.0001,392.2747
Block_Platform_Corner_1B(Mirrored),-578.7257,510.0001,296.8860,-1189.6010,510.0001,392.2747,-639.6009,510.0001,392.2746
Block_Platform_Corner_1B(Mirrored),-967.6341,510.0001,-92.0226,-985.3121,510.0001,-109.7003,-1214.6010,510.0001,392.2747
Block_Platform_Corner_1B(Mirrored),-967.6341,510.0001,-92.0226,-1214.6010,510.0001,392.2747,-1189.6010,510.0001,392.2747
Block_Platform_Corner_1B(Mirrored),-1214.6010,510.0001,392.2747,-985.3121,510.0001,-109.7003,-985.3121,109.9999,-109.7003
Block_Platform_Corner_1B(Mirrored),-1214.6010,510.0001,392.2747,-985.3121,109.9999,-109.7003,-1214.6010,109.9999,392.2747
Block_Platform_Corner_1B(Mirrored),-1189.6010,510.0001,792.2747,-1214.6010,510.0001,792.2747,-1214.6010,110.0002,792.2747
Block_Platform_Corner_1B(Mirrored),-1189.6010,510.0001,792.2747,-1214.6010,110.0002,792.2747,-1189.6010,110.0002,792.2747
Block_Platform_Corner_1B(Mirrored),-614.6009,510.0001,792.2748,-639.6009,510.0001,792.2748,-639.6009,110.0002,792.2748
Block_Platform_Corner_1B(Mirrored),-614.6009,510.0001,792.2748,-639.6009,110.0002,792.2748,-614.6009,110.0002,792.2748
Block_Platform_Corner_1B(Mirrored),-561.0477,510.0001,314.5638,-614.6009,510.0001,392.2746,-614.6009,109.9999,392.2747
Block_Platform_Corner_1B(Mirrored),-561.0477,510.0001,314.5638,-614.6009,109.9999,392.2747,-561.0477,109.9999,314.5638
Block_Platform_Corner_1B(Mirrored),-561.0477,510.0001,314.5638,-578.7257,510.0001,296.8860,-639.6009,510.0001,392.2746
Block_Platform_Corner_1B(Mirrored),-561.0477,510.0001,314.5638,-639.6009,510.0001,392.2746,-614.6009,510.0001,392.2746
Block_Platform_Corner_1B(Mirrored),-614.6009,510.0001,392.2746,-614.6009,510.0001,792.2748,-614.6009,110.0002,792.2748
Block_Platform_Corner_1B(Mirrored),-614.6009,510.0001,392.2746,-614.6009,110.0002,792.2748,-614.6009,109.9999,392.2747
Block_Platform_Corner_1B(Mirrored),-1214.6010,510.0001,792.2747,-1214.6010,510.0001,392.2747,-1214.6010,109.9999,392.2747
Block_Platform_Corner_1B(Mirrored),-1214.6010,510.0001,792.2747,-1214.6010,109.9999,392.2747,-1214.6010,110.0002,792.2747
Block_Platform_Corner_1B(Mirrored),-639.6009,510.0001,792.2748,-614.6009,510.0001,792.2748,-614.6009,510.0001,392.2746
Block_Platform_Corner_1B(Mirrored),-639.6009,510.0001,792.2748,-614.6009,510.0001,392.2746,-639.6009,510.0001,392.2746
Block_Platform_Corner_1B(Mirrored),-1214.6010,510.0001,792.2747,-1189.6010,510.0001,792.2747,-1189.6010,510.0001,392.2747
Block_Platform_Corner_1B(Mirrored),-1214.6010,510.0001,792.2747,-1189.6010,510.0001,392.2747,-1214.6010,510.0001,392.2747
Block_Platform_Corner_1B(Mirrored),2530.6300,113.9999,6601.4430,2130.6310,113.9999,6626.4430,2130.6310,113.9999,6601.4430
Block_Platform_Corner_1B(Mirrored),2530.6300,113.9999,6601.4430,2530.6300,113.9999,6626.4430,2130.6310,113.9999,6626.4430
Block_Platform_Corner_1B(Mirrored),3025.0850,113.9999,6420.8970,2530.6300,113.9999,6626.4430,2530.6300,113.9999,6601.4430
Block_Platform_Corner_1B(Mirrored),3025.0850,113.9999,6420.8970,3042.7630,113.9999,6438.5750,2530.6300,113.9999,6626.4430
Block_Platform_Corner_1B(Mirrored),2530.6300,113.9999,6026.4430,2530.6300,113.9999,6051.4430,2130.6310,113.9999,6051.4430
Block_Platform_Corner_1B(Mirrored),2530.6300,113.9999,6026.4430,2130.6310,113.9999,6051.4430,2130.6310,113.9999,6026.4430
Block_Platform_Corner_1B(Mirrored),2530.6300,113.9999,6051.4430,2530.6300,113.9999,6601.4430,2130.6310,113.9999,6601.4430
Block_Platform_Corner_1B(Mirrored),2530.6300,113.9999,6051.4430,2130.6310,113.9999,6601.4430,2130.6310,113.9999,6051.4430
Block_Platform_Corner_1B(Mirrored),2618.4990,113.9999,6014.3110,2636.1770,113.9999,6031.9880,2530.6300,113.9999,6051.4430
Block_Platform_Corner_1B(Mirrored),2618.4990,113.9999,6014.3110,2530.6300,113.9999,6051.4430,2530.6300,113.9999,6026.4430
Block_Platform_Corner_1B(Mirrored),2636.1770,113.9999,6031.9880,3025.0850,113.9999,6420.8970,2530.6300,113.9999,6601.4430
Block_Platform_Corner_1B(Mirrored),2636.1770,113.9999,6031.9880,2530.6300,113.9999,6601.4430,2530.6300,113.9999,6051.4430
Block_Platform_Corner_1B(Mirrored),2697.0520,514.0001,5936.6000,3247.0520,514.0001,5936.6000,3247.0520,113.9999,5936.6000
Block_Platform_Corner_1B(Mirrored),2697.0520,514.0001,5936.6000,3247.0520,113.9999,5936.6000,2697.0520,113.9999,5936.6000
Block_Platform_Corner_1B(Mirrored),3025.0850,514.0001,6420.8970,3042.7630,514.0001,6438.5750,3042.7630,113.9999,6438.5750
Block_Platform_Corner_1B(Mirrored),3025.0850,514.0001,6420.8970,3042.7630,113.9999,6438.5750,3025.0850,113.9999,6420.8970
Block_Platform_Corner_1B(Mirrored),3247.0520,113.9999,5936.6000,3272.0520,113.9999,5936.6000,3042.7630,113.9999,6438.5750
Block_Platform_Corner_1B(Mirrored),3247.0520,113.9999,5936.6000,3042.7630,113.9999,6438.5750,3025.0850,113.9999,6420.8970
Block_Platform_Corner_1B(Mirrored),2672.0520,113.9999,5936.6000,2697.0520,113.9999,5936.6000,2636.1770,113.9999,6031.9880
Block_Platform_Corner_1B(Mirrored),2672.0520,113.9999,5936.6000,2636.1770,113.9999,6031.9880,2618.4990,113.9999,6014.3110
Block_Platform_Corner_1B(Mirrored),2697.0520,113.9999,5936.6000,3247.0520,113.9999,5936.6000,3025.0850,113.9999,6420.8970
Block_Platform_Corner_1B(Mirrored),2697.0520,113.9999,5936.6000,3025.0850,113.9999,6420.8970,2636.1770,113.9999,6031.9880
Block_Platform_Corner_1B(Mirrored),2697.0520,514.0001,5536.6000,3247.0520,514.0001,5536.6000,3247.0520,114.0002,5536.6000
Block_Platform_Corner_1B(Mirrored),2697.0520,514.0001,5536.6000,3247.0520,114.0002,5536.6000,2697.0520,114.0002,5536.6000
Block_Platform_Corner_1B(Mirrored),2672.0520,514.0001,5936.6000,2697.0520,514.0001,5936.6000,2697.0520,113.9999,5936.6000
Block_Platform_Corner_1B(Mirrored),2672.0520,514.0001,5936.6000,2697.0520,113.9999,5936.6000,2672.0520,113.9999,5936.6000
Block_Platform_Corner_1B(Mirrored),2697.0520,113.9999,5936.6000,2672.0520,113.9999,5936.6000,2672.0520,114.0002,5536.6000
Block_Platform_Corner_1B(Mirrored),2697.0520,113.9999,5936.6000,2672.0520,114.0002,5536.6000,2697.0520,114.0002,5536.6000
Block_Platform_Corner_1B(Mirrored),3272.0520,113.9999,5936.6000,3247.0520,113.9999,5936.6000,3247.0520,114.0002,5536.6000
Block_Platform_Corner_1B(Mirrored),3272.0520,113.9999,5936.6000,3247.0520,114.0002,5536.6000,3272.0520,114.0002,5536.6000
Block_Platform_Corner_1B(Mirrored),3247.0520,113.9999,5936.6000,2697.0520,113.9999,5936.6000,2697.0520,114.0002,5536.6000
Block_Platform_Corner_1B(Mirrored),3247.0520,113.9999,5936.6000,2697.0520,114.0002,5536.6000,3247.0520,114.0002,5536.6000
Block_Platform_Corner_1B(Mirrored),3247.0520,514.0001,5536.6000,2697.0520,514.0001,5536.6000,2697.0520,514.0001,5936.6000
Block_Platform_Corner_1B(Mirrored),3247.0520,514.0001,5536.6000,2697.0520,514.0001,5936.6000,3247.0520,514.0001,5936.6000
Block_Platform_Corner_1B(Mirrored),2530.6300,513.9998,6626.4430,2130.6310,513.9998,6626.4430,2130.6310,113.9999,6626.4430
Block_Platform_Corner_1B(Mirrored),2530.6300,513.9998,6626.4430,2130.6310,113.9999,6626.4430,2530.6300,113.9999,6626.4430
Block_Platform_Corner_1B(Mirrored),2130.6310,514.0001,6051.4430,2130.6310,514.0001,6026.4430,2130.6310,113.9999,6026.4430
Block_Platform_Corner_1B(Mirrored),2130.6310,514.0001,6051.4430,2130.6310,113.9999,6026.4430,2130.6310,113.9999,6051.4430
Block_Platform_Corner_1B(Mirrored),2530.6300,514.0001,6026.4430,2618.4990,514.0001,6014.3110,2618.4990,113.9999,6014.3110
Block_Platform_Corner_1B(Mirrored),2530.6300,514.0001,6026.4430,2618.4990,113.9999,6014.3110,2530.6300,113.9999,6026.4430
Block_Platform_Corner_1B(Mirrored),2618.4990,514.0001,6014.3110,2636.1770,514.0001,6031.9880,2636.1770,113.9999,6031.9880
Block_Platform_Corner_1B(Mirrored),2618.4990,514.0001,6014.3110,2636.1770,113.9999,6031.9880,2618.4990,113.9999,6014.3110
Block_Platform_Corner_1B(Mirrored),2636.1770,514.0001,6031.9880,3025.0850,514.0001,6420.8970,3025.0850,113.9999,6420.8970
Block_Platform_Corner_1B(Mirrored),2636.1770,514.0001,6031.9880,3025.0850,113.9999,6420.8970,2636.1770,113.9999,6031.9880
Block_Platform_Corner_1B(Mirrored),2130.6310,513.9998,6626.4430,2130.6310,514.0001,6601.4430,2130.6310,113.9999,6601.4430
Block_Platform_Corner_1B(Mirrored),2130.6310,513.9998,6626.4430,2130.6310,113.9999,6601.4430,2130.6310,113.9999,6626.4430
Block_Platform_Corner_1B(Mirrored),2130.6310,514.0001,6601.4430,2130.6310,514.0001,6051.4430,2130.6310,113.9999,6051.4430
Block_Platform_Corner_1B(Mirrored),2130.6310,514.0001,6601.4430,2130.6310,113.9999,6051.4430,2130.6310,113.9999,6601.4430
Block_Platform_Corner_1B(Mirrored),2530.6300,514.0001,6051.4430,2530.6300,514.0001,6601.4430,3025.0850,514.0001,6420.8970
Block_Platform_Corner_1B(Mirrored),2530.6300,514.0001,6051.4430,3025.0850,514.0001,6420.8970,2636.1770,514.0001,6031.9880
Block_Platform_Corner_1B(Mirrored),2530.6300,514.0001,6601.4430,3042.7630,514.0001,6438.5750,3025.0850,514.0001,6420.8970
Block_Platform_Corner_1B(Mirrored),2530.6300,514.0001,6601.4430,2530.6300,513.9998,6626.4430,3042.7630,514.0001,6438.5750
Block_Platform_Corner_1B(Mirrored),2130.6310,514.0001,6601.4430,2530.6300,513.9998,6626.4430,2530.6300,514.0001,6601.4430
Block_Platform_Corner_1B(Mirrored),2130.6310,514.0001,6601.4430,2130.6310,513.9998,6626.4430,2530.6300,513.9998,6626.4430
Block_Platform_Corner_1B(Mirrored),2530.6300,514.0001,6026.4430,2530.6300,514.0001,6051.4430,2636.1770,514.0001,6031.9880
Block_Platform_Corner_1B(Mirrored),2530.6300,514.0001,6026.4430,2636.1770,514.0001,6031.9880,2618.4990,514.0001,6014.3110
Block_Platform_Corner_1B(Mirrored),3042.7630,514.0001,6438.5750,2530.6300,513.9998,6626.4430,2530.6300,113.9999,6626.4430
Block_Platform_Corner_1B(Mirrored),3042.7630,514.0001,6438.5750,2530.6300,113.9999,6626.4430,3042.7630,113.9999,6438.5750
Block_Platform_Corner_1B(Mirrored),2130.6310,514.0001,6026.4430,2530.6300,514.0001,6026.4430,2530.6300,113.9999,6026.4430
Block_Platform_Corner_1B(Mirrored),2130.6310,514.0001,6026.4430,2530.6300,113.9999,6026.4430,2130.6310,113.9999,6026.4430
Block_Platform_Corner_1B(Mirrored),2130.6310,514.0001,6051.4430,2130.6310,514.0001,6601.4430,2530.6300,514.0001,6601.4430
Block_Platform_Corner_1B(Mirrored),2130.6310,514.0001,6051.4430,2530.6300,514.0001,6601.4430,2530.6300,514.0001,6051.4430
Block_Platform_Corner_1B(Mirrored),2130.6310,514.0001,6026.4430,2130.6310,514.0001,6051.4430,2530.6300,514.0001,6051.4430
Block_Platform_Corner_1B(Mirrored),2130.6310,514.0001,6026.4430,2530.6300,514.0001,6051.4430,2530.6300,514.0001,6026.4430
Block_Platform_Corner_1B(Mirrored),3247.0520,514.0001,5936.6000,3272.0520,514.0001,5936.6000,3272.0520,113.9999,5936.6000
Block_Platform_Corner_1B(Mirrored),3247.0520,514.0001,5936.6000,3272.0520,113.9999,5936.6000,3247.0520,113.9999,5936.6000
Block_Platform_Corner_1B(Mirrored),2636.1770,514.0001,6031.9880,3025.0850,514.0001,6420.8970,3247.0520,514.0001,5936.6000
Block_Platform_Corner_1B(Mirrored),2636.1770,514.0001,6031.9880,3247.0520,514.0001,5936.6000,2697.0520,514.0001,5936.6000
Block_Platform_Corner_1B(Mirrored),3025.0850,514.0001,6420.8970,3042.7630,514.0001,6438.5750,3272.0520,514.0001,5936.6000
Block_Platform_Corner_1B(Mirrored),3025.0850,514.0001,6420.8970,3272.0520,514.0001,5936.6000,3247.0520,514.0001,5936.6000
Block_Platform_Corner_1B(Mirrored),3272.0520,514.0001,5936.6000,3042.7630,514.0001,6438.5750,3042.7630,113.9999,6438.5750
Block_Platform_Corner_1B(Mirrored),3272.0520,514.0001,5936.6000,3042.7630,113.9999,6438.5750,3272.0520,113.9999,5936.6000
Block_Platform_Corner_1B(Mirrored),3247.0520,514.0001,5536.6000,3272.0520,514.0001,5536.6000,3272.0520,114.0002,5536.6000
Block_Platform_Corner_1B(Mirrored),3247.0520,514.0001,5536.6000,3272.0520,114.0002,5536.6000,3247.0520,114.0002,5536.6000
Block_Platform_Corner_1B(Mirrored),2672.0520,514.0001,5536.6000,2697.0520,514.0001,5536.6000,2697.0520,114.0002,5536.6000
Block_Platform_Corner_1B(Mirrored),2672.0520,514.0001,5536.6000,2697.0520,114.0002,5536.6000,2672.0520,114.0002,5536.6000
Block_Platform_Corner_1B(Mirrored),2618.4990,514.0001,6014.3110,2672.0520,514.0001,5936.6000,2672.0520,113.9999,5936.6000
Block_Platform_Corner_1B(Mirrored),2618.4990,514.0001,6014.3110,2672.0520,113.9999,5936.6000,2618.4990,113.9999,6014.3110
Block_Platform_Corner_1B(Mirrored),2618.4990,514.0001,6014.3110,2636.1770,514.0001,6031.9880,2697.0520,514.0001,5936.6000
Block_Platform_Corner_1B(Mirrored),2618.4990,514.0001,6014.3110,2697.0520,514.0001,5936.6000,2672.0520,514.0001,5936.6000
Block_Platform_Corner_1B(Mirrored),2672.0520,514.0001,5936.6000,2672.0520,514.0001,5536.6000,2672.0520,114.0002,5536.6000
Block_Platform_Corner_1B(Mirrored),2672.0520,514.0001,5936.6000,2672.0520,114.0002,5536.6000,2672.0520,113.9999,5936.6000
Block_Platform_Corner_1B(Mirrored),3272.0520,514.0001,5536.6000,3272.0520,514.0001,5936.6000,3272.0520,113.9999,5936.6000
Block_Platform_Corner_1B(Mirrored),3272.0520,514.0001,5536.6000,3272.0520,113.9999,5936.6000,3272.0520,114.0002,5536.6000
Block_Platform_Corner_1B(Mirrored),2697.0520,514.0001,5536.6000,2672.0520,514.0001,5536.6000,2672.0520,514.0001,5936.6000
Block_Platform_Corner_1B(Mirrored),2697.0520,514.0001,5536.6000,2672.0520,514.0001,5936.6000,2697.0520,514.0001,5936.6000
Block_Platform_Corner_1B(Mirrored),3272.0520,514.0001,5536.6000,3247.0520,514.0001,5536.6000,3247.0520,514.0001,5936.6000
Block_Platform_Corner_1B(Mirrored),3272.0520,514.0001,5536.6000,3247.0520,514.0001,5936.6000,3272.0520,514.0001,5936.6000
Block_Platform_Corner_1B,-473.1755,108.0534,6592.1240,-73.1755,108.0534,6592.1240,-73.1755,108.0534,6617.1240
Block_Platform_Corner_1B,-473.1755,108.0534,6592.1240,-73.1755,108.0534,6617.1240,-473.1755,108.0534,6617.1240
Block_Platform_Corner_1B,-967.6295,108.0534,6411.5780,-473.1755,108.0534,6592.1240,-473.1755,108.0534,6617.1240
Block_Platform_Corner_1B,-967.6295,108.0534,6411.5780,-473.1755,108.0534,6617.1240,-985.3075,108.0534,6429.2560
Block_Platform_Corner_1B,-473.1755,108.0534,6017.1240,-73.1755,108.0534,6017.1240,-73.1755,108.0534,6042.1240
Block_Platform_Corner_1B,-473.1755,108.0534,6017.1240,-73.1755,108.0534,6042.1240,-473.1755,108.0534,6042.1240
Block_Platform_Corner_1B,-473.1755,108.0534,6042.1240,-73.1755,108.0534,6042.1240,-73.1755,108.0534,6592.1240
Block_Platform_Corner_1B,-473.1755,108.0534,6042.1240,-73.1755,108.0534,6592.1240,-473.1755,108.0534,6592.1240
Block_Platform_Corner_1B,-561.0436,108.0534,6004.9920,-473.1755,108.0534,6017.1240,-473.1755,108.0534,6042.1240
Block_Platform_Corner_1B,-561.0436,108.0534,6004.9920,-473.1755,108.0534,6042.1240,-578.7211,108.0534,6022.6690
Block_Platform_Corner_1B,-578.7211,108.0534,6022.6690,-473.1755,108.0534,6042.1240,-473.1755,108.0534,6592.1240
Block_Platform_Corner_1B,-578.7211,108.0534,6022.6690,-473.1755,108.0534,6592.1240,-967.6295,108.0534,6411.5780
Block_Platform_Corner_1B,-639.5963,508.0536,5927.2810,-639.5963,108.0534,5927.2810,-1189.5960,108.0534,5927.2810
Block_Platform_Corner_1B,-639.5963,508.0536,5927.2810,-1189.5960,108.0534,5927.2810,-1189.5960,508.0536,5927.2810
Block_Platform_Corner_1B,-967.6295,508.0536,6411.5780,-967.6295,108.0534,6411.5780,-985.3075,108.0534,6429.2560
Block_Platform_Corner_1B,-967.6295,508.0536,6411.5780,-985.3075,108.0534,6429.2560,-985.3075,508.0536,6429.2560
Block_Platform_Corner_1B,-1189.5960,108.0534,5927.2810,-967.6295,108.0534,6411.5780,-985.3075,108.0534,6429.2560
Block_Platform_Corner_1B,-1189.5960,108.0534,5927.2810,-985.3075,108.0534,6429.2560,-1214.5960,108.0534,5927.2810
Block_Platform_Corner_1B,-614.5963,108.0534,5927.2810,-561.0436,108.0534,6004.9920,-578.7211,108.0534,6022.6690
Block_Platform_Corner_1B,-614.5963,108.0534,5927.2810,-578.7211,108.0534,6022.6690,-639.5963,108.0534,5927.2810
Block_Platform_Corner_1B,-639.5963,108.0534,5927.2810,-578.7211,108.0534,6022.6690,-967.6295,108.0534,6411.5780
Block_Platform_Corner_1B,-639.5963,108.0534,5927.2810,-967.6295,108.0534,6411.5780,-1189.5960,108.0534,5927.2810
Block_Platform_Corner_1B,-639.5963,508.0536,5527.2810,-639.5963,108.0534,5527.2810,-1189.5960,108.0534,5527.2810
Block_Platform_Corner_1B,-639.5963,508.0536,5527.2810,-1189.5960,108.0534,5527.2810,-1189.5960,508.0536,5527.2810
Block_Platform_Corner_1B,-614.5963,508.0536,5927.2810,-614.5963,108.0534,5927.2810,-639.5963,108.0534,5927.2810
Block_Platform_Corner_1B,-614.5963,508.0536,5927.2810,-639.5963,108.0534,5927.2810,-639.5963,508.0536,5927.2810
Block_Platform_Corner_1B,-639.5963,108.0534,5927.2810,-639.5963,108.0534,5527.2810,-614.5963,108.0534,5527.2810
Block_Platform_Corner_1B,-639.5963,108.0534,5927.2810,-614.5963,108.0534,5527.2810,-614.5963,108.0534,5927.2810
Block_Platform_Corner_1B,-1214.5960,108.0534,5927.2810,-1214.5960,108.0534,5527.2810,-1189.5960,108.0534,5527.2810
Block_Platform_Corner_1B,-1214.5960,108.0534,5927.2810,-1189.5960,108.0534,5527.2810,-1189.5960,108.0534,5927.2810
Block_Platform_Corner_1B,-1189.5960,108.0534,5927.2810,-1189.5960,108.0534,5527.2810,-639.5963,108.0534,5527.2810
Block_Platform_Corner_1B,-1189.5960,108.0534,5927.2810,-639.5963,108.0534,5527.2810,-639.5963,108.0534,5927.2810
Block_Platform_Corner_1B,-1189.5960,508.0536,5527.2810,-1189.5960,508.0536,5927.2810,-639.5963,508.0536,5927.2810
Block_Platform_Corner_1B,-1189.5960,508.0536,5527.2810,-639.5963,508.0536,5927.2810,-639.5963,508.0536,5527.2810
Block_Platform_Corner_1B,-473.1755,508.0536,6617.1240,-473.1755,108.0534,6617.1240,-73.1755,108.0534,6617.1240
Block_Platform_Corner_1B,-473.1755,508.0536,6617.1240,-73.1755,108.0534,6617.1240,-73.1755,508.0536,6617.1240
Block_Platform_Corner_1B,-73.1755,508.0536,6042.1240,-73.1755,108.0534,6042.1240,-73.1755,108.0534,6017.1240
Block_Platform_Corner_1B,-73.1755,508.0536,6042.1240,-73.1755,108.0534,6017.1240,-73.1755,508.0536,6017.1240
Block_Platform_Corner_1B,-473.1755,508.0536,6017.1240,-473.1755,108.0534,6017.1240,-561.0436,108.0534,6004.9920
Block_Platform_Corner_1B,-473.1755,508.0536,6017.1240,-561.0436,108.0534,6004.9920,-561.0436,508.0536,6004.9920
Block_Platform_Corner_1B,-561.0436,508.0536,6004.9920,-561.0436,108.0534,6004.9920,-578.7211,108.0534,6022.6690
Block_Platform_Corner_1B,-561.0436,508.0536,6004.9920,-578.7211,108.0534,6022.6690,-578.7211,508.0536,6022.6690
Block_Platform_Corner_1B,-578.7211,508.0536,6022.6690,-578.7211,108.0534,6022.6690,-967.6295,108.0534,6411.5780
Block_Platform_Corner_1B,-578.7211,508.0536,6022.6690,-967.6295,108.0534,6411.5780,-967.6295,508.0536,6411.5780
Block_Platform_Corner_1B,-73.1755,508.0536,6617.1240,-73.1755,108.0534,6617.1240,-73.1755,108.0534,6592.1240
Block_Platform_Corner_1B,-73.1755,508.0536,6617.1240,-73.1755,108.0534,6592.1240,-73.1755,508.0536,6592.1240
Block_Platform_Corner_1B,-73.1755,508.0536,6592.1240,-73.1755,108.0534,6592.1240,-73.1755,108.0534,6042.1240
Block_Platform_Corner_1B,-73.1755,508.0536,6592.1240,-73.1755,108.0534,6042.1240,-73.1755,508.0536,6042.1240
Block_Platform_Corner_1B,-473.1755,508.0536,6042.1240,-578.7211,508.0536,6022.6690,-967.6295,508.0536,6411.5780
Block_Platform_Corner_1B,-473.1755,508.0536,6042.1240,-967.6295,508.0536,6411.5780,-473.1755,508.0536,6592.1240
Block_Platform_Corner_1B,-473.1755,508.0536,6592.1240,-967.6295,508.0536,6411.5780,-985.3075,508.0536,6429.2560
Block_Platform_Corner_1B,-473.1755,508.0536,6592.1240,-985.3075,508.0536,6429.2560,-473.1755,508.0536,6617.1240
Block_Platform_Corner_1B,-73.1755,508.0536,6592.1240,-473.1755,508.0536,6592.1240,-473.1755,508.0536,6617.1240
Block_Platform_Corner_1B,-73.1755,508.0536,6592.1240,-473.1755,508.0536,6617.1240,-73.1755,508.0536,6617.1240
Block_Platform_Corner_1B,-473.1755,508.0536,6017.1240,-561.0436,508.0536,6004.9920,-578.7211,508.0536,6022.6690
Block_Platform_Corner_1B,-473.1755,508.0536,6017.1240,-578.7211,508.0536,6022.6690,-473.1755,508.0536,6042.1240
Block_Platform_Corner_1B,-985.3075,508.0536,6429.2560,-985.3075,108.0534,6429.2560,-473.1755,108.0534,6617.1240
Block_Platform_Corner_1B,-985.3075,508.0536,6429.2560,-473.1755,108.0534,6617.1240,-473.1755,508.0536,6617.1240
Block_Platform_Corner_1B,-73.1755,508.0536,6017.1240,-73.1755,108.0534,6017.1240,-473.1755,108.0534,6017.1240
Block_Platform_Corner_1B,-73.1755,508.0536,6017.1240,-473.1755,108.0534,6017.1240,-473.1755,508.0536,6017.1240
Block_Platform_Corner_1B,-73.1755,508.0536,6042.1240,-473.1755,508.0536,6042.1240,-473.1755,508.0536,6592.1240
Block_Platform_Corner_1B,-73.1755,508.0536,6042.1240,-473.1755,508.0536,6592.1240,-73.1755,508.0536,6592.1240
Block_Platform_Corner_1B,-73.1755,508.0536,6017.1240,-473.1755,508.0536,6017.1240,-473.1755,508.0536,6042.1240
Block_Platform_Corner_1B,-73.1755,508.0536,6017.1240,-473.1755,508.0536,6042.1240,-73.1755,508.0536,6042.1240
Block_Platform_Corner_1B,-1189.5960,508.0536,5927.2810,-1189.5960,108.0534,5927.2810,-1214.5960,108.0534,5927.2810
Block_Platform_Corner_1B,-1189.5960,508.0536,5927.2810,-1214.5960,108.0534,5927.2810,-1214.5960,508.0536,5927.2810
Block_Platform_Corner_1B,-578.7211,508.0536,6022.6690,-639.5963,508.0536,5927.2810,-1189.5960,508.0536,5927.2810
Block_Platform_Corner_1B,-578.7211,508.0536,6022.6690,-1189.5960,508.0536,5927.2810,-967.6295,508.0536,6411.5780
Block_Platform_Corner_1B,-967.6295,508.0536,6411.5780,-1189.5960,508.0536,5927.2810,-1214.5960,508.0536,5927.2810
Block_Platform_Corner_1B,-967.6295,508.0536,6411.5780,-1214.5960,508.0536,5927.2810,-985.3075,508.0536,6429.2560
Block_Platform_Corner_1B,-1214.5960,508.0536,5927.2810,-1214.5960,108.0534,5927.2810,-985.3075,108.0534,6429.2560
Block_Platform_Corner_1B,-1214.5960,508.0536,5927.2810,-985.3075,108.0534,6429.2560,-985.3075,508.0536,6429.2560
Block_Platform_Corner_1B,-1189.5960,508.0536,5527.2810,-1189.5960,108.0534,5527.2810,-1214.5960,108.0534,5527.2810
Block_Platform_Corner_1B,-1189.5960,508.0536,5527.2810,-1214.5960,108.0534,5527.2810,-1214.5960,508.0536,5527.2810
Block_Platform_Corner_1B,-614.5963,508.0536,5527.2810,-614.5963,108.0534,5527.2810,-639.5963,108.0534,5527.2810
Block_Platform_Corner_1B,-614.5963,508.0536,5527.2810,-639.5963,108.0534,5527.2810,-639.5963,508.0536,5527.2810
Block_Platform_Corner_1B,-561.0436,508.0536,6004.9920,-561.0436,108.0534,6004.9920,-614.5963,108.0534,5927.2810
Block_Platform_Corner_1B,-561.0436,508.0536,6004.9920,-614.5963,108.0534,5927.2810,-614.5963,508.0536,5927.2810
Block_Platform_Corner_1B,-561.0436,508.0536,6004.9920,-614.5963,508.0536,5927.2810,-639.5963,508.0536,5927.2810
Block_Platform_Corner_1B,-561.0436,508.0536,6004.9920,-639.5963,508.0536,5927.2810,-578.7211,508.0536,6022.6690
Block_Platform_Corner_1B,-614.5963,508.0536,5927.2810,-614.5963,108.0534,5927.2810,-614.5963,108.0534,5527.2810
Block_Platform_Corner_1B,-614.5963,508.0536,5927.2810,-614.5963,108.0534,5527.2810,-614.5963,508.0536,5527.2810
Block_Platform_Corner_1B,-1214.5960,508.0536,5527.2810,-1214.5960,108.0534,5527.2810,-1214.5960,108.0534,5927.2810
Block_Platform_Corner_1B,-1214.5960,508.0536,5527.2810,-1214.5960,108.0534,5927.2810,-1214.5960,508.0536,5927.2810
Block_Platform_Corner_1B,-639.5963,508.0536,5527.2810,-639.5963,508.0536,5927.2810,-614.5963,508.0536,5927.2810
Block_Platform_Corner_1B,-639.5963,508.0536,5527.2810,-614.5963,508.0536,5927.2810,-614.5963,508.0536,5527.2810
Block_Platform_Corner_1B,-1214.5960,508.0536,5527.2810,-1214.5960,508.0536,5927.2810,-1189.5960,508.0536,5927.2810
Block_Platform_Corner_1B,-1214.5960,508.0536,5527.2810,-1189.5960,508.0536,5927.2810,-1189.5960,508.0536,5527.2810
Block_Platform_1B,1688.7530,511.0536,6630.5790,2288.7530,111.0534,6630.5790,2288.7530,511.0536,6630.5790
Block_Platform_1B,1688.7530,511.0536,6630.5790,1688.7530,111.0534,6630.5790,2288.7530,111.0534,6630.5790
Block_Platform_1B,1088.7530,511.0536,6630.5790,1688.7530,111.0534,6630.5790,1688.7530,511.0536,6630.5790
Block_Platform_1B,1088.7530,511.0536,6630.5790,1088.7530,111.0534,6630.5790,1688.7530,111.0534,6630.5790
Block_Platform_1B,2288.7530,511.0536,6055.5790,2288.7530,111.0534,6055.5790,2288.7530,111.0534,6030.5790
Block_Platform_1B,2288.7530,511.0536,6055.5790,2288.7530,111.0534,6030.5790,2288.7530,511.0536,6030.5790
Block_Platform_1B,1688.7530,111.0534,6605.5790,2288.7530,111.0534,6605.5790,2288.7530,111.0534,6630.5790
Block_Platform_1B,1688.7530,111.0534,6605.5790,2288.7530,111.0534,6630.5790,1688.7530,111.0534,6630.5790
Block_Platform_1B,1088.7530,111.0534,6605.5790,1688.7530,111.0534,6605.5790,1688.7530,111.0534,6630.5790
Block_Platform_1B,1088.7530,111.0534,6605.5790,1688.7530,111.0534,6630.5790,1088.7530,111.0534,6630.5790
Block_Platform_1B,2288.7530,511.0536,6630.5790,2288.7530,111.0534,6630.5790,2288.7530,111.0534,6605.5790
Block_Platform_1B,2288.7530,511.0536,6630.5790,2288.7530,111.0534,6605.5790,2288.7530,511.0536,6605.5790
Block_Platform_1B,2288.7530,511.0536,6605.5790,2288.7530,111.0534,6605.5790,2288.7530,111.0534,6055.5790
Block_Platform_1B,2288.7530,511.0536,6605.5790,2288.7530,111.0534,6055.5790,2288.7530,511.0536,6055.5790
Block_Platform_1B,1688.7530,111.0534,6030.5790,2288.7530,111.0534,6030.5790,2288.7530,111.0534,6055.5790
Block_Platform_1B,1688.7530,111.0534,6030.5790,2288.7530,111.0534,6055.5790,1688.7530,111.0534,6055.5790
Block_Platform_1B,1088.7530,111.0534,6030.5790,1688.7530,111.0534,6030.5790,1688.7530,111.0534,6055.5790
Block_Platform_1B,1088.7530,111.0534,6030.5790,1688.7530,111.0534,6055.5790,1088.7530,111.0534,6055.5790
Block_Platform_1B,1688.7530,111.0534,6055.5790,2288.7530,111.0534,6055.5790,2288.7530,111.0534,6605.5790
Block_Platform_1B,1688.7530,111.0534,6055.5790,2288.7530,111.0534,6605.5790,1688.7530,111.0534,6605.5790
Block_Platform_1B,1088.7530,111.0534,6055.5790,1688.7530,111.0534,6055.5790,1688.7530,111.0534,6605.5790
Block_Platform_1B,1088.7530,111.0534,6055.5790,1688.7530,111.0534,6605.5790,1088.7530,111.0534,6605.5790
Block_Platform_1B,1688.7530,511.0536,6030.5790,1088.7530,511.0536,6030.5790,1088.7530,511.0536,6055.5790
Block_Platform_1B,1688.7530,511.0536,6030.5790,1088.7530,511.0536,6055.5790,1688.7530,511.0536,6055.5790
Block_Platform_1B,2288.7530,511.0536,6030.5790,1688.7530,511.0536,6030.5790,1688.7530,511.0536,6055.5790
Block_Platform_1B,2288.7530,511.0536,6030.5790,1688.7530,511.0536,6055.5790,2288.7530,511.0536,6055.5790
Block_Platform_1B,1688.7530,511.0536,6055.5790,1088.7530,511.0536,6055.5790,1088.7530,511.0536,6605.5790
Block_Platform_1B,1688.7530,511.0536,6055.5790,1088.7530,511.0536,6605.5790,1688.7530,511.0536,6605.5790
Block_Platform_1B,2288.7530,511.0536,6055.5790,1688.7530,511.0536,6055.5790,1688.7530,511.0536,6605.5790
Block_Platform_1B,2288.7530,511.0536,6055.5790,1688.7530,511.0536,6605.5790,2288.7530,511.0536,6605.5790
Block_Platform_1B,2288.7530,511.0536,6030.5790,2288.7530,111.0534,6030.5790,1688.7530,111.0534,6030.5790
Block_Platform_1B,2288.7530,511.0536,6030.5790,1688.7530,111.0534,6030.5790,1688.7530,511.0536,6030.5790
Block_Platform_1B,1688.7530,511.0536,6030.5790,1688.7530,111.0534,6030.5790,1088.7530,111.0534,6030.5790
Block_Platform_1B,1688.7530,511.0536,6030.5790,1088.7530,111.0534,6030.5790,1088.7530,511.0536,6030.5790
Block_Platform_1B,2288.7530,511.0536,6605.5790,1688.7530,511.0536,6630.5790,2288.7530,511.0536,6630.5790
Block_Platform_1B,2288.7530,511.0536,6605.5790,1688.7530,511.0536,6605.5790,1688.7530,511.0536,6630.5790
Block_Platform_1B,1688.7530,511.0536,6605.5790,1088.7530,511.0536,6630.5790,1688.7530,511.0536,6630.5790
Block_Platform_1B,1688.7530,511.0536,6605.5790,1088.7530,511.0536,6605.5790,1088.7530,511.0536,6630.5790
Block_Platform_1B,-111.2473,511.0536,6605.5790,-111.2473,111.0534,6605.5790,-111.2473,111.0534,6630.5790
Block_Platform_1B,-111.2473,511.0536,6605.5790,-111.2473,111.0534,6630.5790,-111.2473,511.0536,6630.5790
Block_Platform_1B,488.7527,511.0536,6030.5790,-111.2473,111.0534,6030.5790,-111.2473,511.0536,6030.5790
Block_Platform_1B,488.7527,511.0536,6030.5790,488.7527,111.0534,6030.5790,-111.2473,111.0534,6030.5790
Block_Platform_1B,1088.7530,511.0536,6030.5790,488.7527,111.0534,6030.5790,488.7527,511.0536,6030.5790
Block_Platform_1B,1088.7530,511.0536,6030.5790,1088.7530,111.0534,6030.5790,488.7527,111.0534,6030.5790
Block_Platform_1B,488.7527,511.0536,6605.5790,-111.2473,511.0536,6605.5790,-111.2473,511.0536,6630.5790
Block_Platform_1B,488.7527,511.0536,6605.5790,-111.2473,511.0536,6630.5790,488.7527,511.0536,6630.5790
Block_Platform_1B,1088.7530,511.0536,6605.5790,488.7527,511.0536,6605.5790,488.7527,511.0536,6630.5790
Block_Platform_1B,1088.7530,511.0536,6605.5790,488.7527,511.0536,6630.5790,1088.7530,511.0536,6630.5790
Block_Platform_1B,-111.2473,511.0536,6030.5790,-111.2473,111.0534,6030.5790,-111.2473,111.0534,6055.5790
Block_Platform_1B,-111.2473,511.0536,6030.5790,-111.2473,111.0534,6055.5790,-111.2473,511.0536,6055.5790
Block_Platform_1B,-111.2473,511.0536,6055.5790,-111.2473,111.0534,6055.5790,-111.2473,111.0534,6605.5790
Block_Platform_1B,-111.2473,511.0536,6055.5790,-111.2473,111.0534,6605.5790,-111.2473,511.0536,6605.5790
Block_Platform_1B,488.7527,511.0536,6030.5790,-111.2473,511.0536,6030.5790,-111.2473,511.0536,6055.5790
Block_Platform_1B,488.7527,511.0536,6030.5790,-111.2473,511.0536,6055.5790,488.7527,511.0536,6055.5790
Block_Platform_1B,1088.7530,511.0536,6030.5790,488.7527,511.0536,6030.5790,488.7527,511.0536,6055.5790
Block_Platform_1B,1088.7530,511.0536,6030.5790,488.7527,511.0536,6055.5790,1088.7530,511.0536,6055.5790
Block_Platform_1B,488.7527,511.0536,6055.5790,-111.2473,511.0536,6055.5790,-111.2473,511.0536,6605.5790
Block_Platform_1B,488.7527,511.0536,6055.5790,-111.2473,511.0536,6605.5790,488.7527,511.0536,6605.5790
Block_Platform_1B,1088.7530,511.0536,6055.5790,488.7527,511.0536,6055.5790,488.7527,511.0536,6605.5790
Block_Platform_1B,1088.7530,511.0536,6055.5790,488.7527,511.0536,6605.5790,1088.7530,511.0536,6605.5790
Block_Platform_1B,-111.2473,511.0536,6630.5790,-111.2473,111.0534,6630.5790,488.7527,111.0534,6630.5790
Block_Platform_1B,-111.2473,511.0536,6630.5790,488.7527,111.0534,6630.5790,488.7527,511.0536,6630.5790
Block_Platform_1B,488.7527,511.0536,6630.5790,488.7527,111.0534,6630.5790,1088.7530,111.0534,6630.5790
Block_Platform_1B,488.7527,511.0536,6630.5790,1088.7530,111.0534,6630.5790,1088.7530,511.0536,6630.5790
Block_Platform_1B,-111.2473,111.0534,6605.5790,488.7527,111.0534,6630.5790,-111.2473,111.0534,6630.5790
Block_Platform_1B,-111.2473,111.0534,6605.5790,488.7527,111.0534,6605.5790,488.7527,111.0534,6630.5790
Block_Platform_1B,488.7527,111.0534,6605.5790,1088.7530,111.0534,6630.5790,488.7527,111.0534,6630.5790
Block_Platform_1B,488.7527,111.0534,6605.5790,1088.7530,111.0534,6605.5790,1088.7530,111.0534,6630.5790
Block_Platform_1B,-111.2473,111.0534,6030.5790,488.7527,111.0534,6055.5790,-111.2473,111.0534,6055.5790
Block_Platform_1B,-111.2473,111.0534,6030.5790,488.7527,111.0534,6030.5790,488.7527,111.0534,6055.5790
Block_Platform_1B,488.7527,111.0534,6030.5790,1088.7530,111.0534,6055.5790,488.7527,111.0534,6055.5790
Block_Platform_1B,488.7527,111.0534,6030.5790,1088.7530,111.0534,6030.5790,1088.7530,111.0534,6055.5790
Block_Platform_1B,-111.2473,111.0534,6055.5790,488.7527,111.0534,6605.5790,-111.2473,111.0534,6605.5790
Block_Platform_1B,-111.2473,111.0534,6055.5790,488.7527,111.0534,6055.5790,488.7527,111.0534,6605.5790
Block_Platform_1B,488.7527,111.0534,6055.5790,1088.7530,111.0534,6605.5790,488.7527,111.0534,6605.5790
Block_Platform_1B,488.7527,111.0534,6055.5790,1088.7530,111.0534,6055.5790,1088.7530,111.0534,6605.5790
Block_Platform_1B,1088.7530,511.0536,6605.5790,1088.7530,111.0534,6605.5790,1088.7530,111.0534,6630.5790
Block_Platform_1B,1088.7530,511.0536,6605.5790,1088.7530,111.0534,6630.5790,1088.7530,511.0536,6630.5790
Block_Platform_1B,1088.7530,511.0536,6030.5790,1088.7530,111.0534,6030.5790,1088.7530,111.0534,6055.5790
Block_Platform_1B,1088.7530,511.0536,6030.5790,1088.7530,111.0534,6055.5790,1088.7530,511.0536,6055.5790
Block_Platform_1B,1088.7530,511.0536,6055.5790,1088.7530,111.0534,6055.5790,1088.7530,111.0534,6605.5790
Block_Platform_1B,1088.7530,511.0536,6055.5790,1088.7530,111.0534,6605.5790,1088.7530,511.0536,6605.5790
Block_Platform_1B,-707.0000,904.0001,9091.0000,-107.0000,503.9999,9091.0000,-107.0000,904.0001,9091.0000
Block_Platform_1B,-707.0000,904.0001,9091.0000,-707.0000,503.9999,9091.0000,-107.0000,503.9999,9091.0000
Block_Platform_1B,-1307.0000,904.0001,9091.0000,-707.0000,503.9999,9091.0000,-707.0000,904.0001,9091.0000
Block_Platform_1B,-1307.0000,904.0001,9091.0000,-1307.0000,503.9999,9091.0000,-707.0000,503.9999,9091.0000
Block_Platform_1B,-107.0000,904.0001,8516.0000,-107.0000,503.9999,8516.0000,-107.0000,503.9999,8491.0000
Block_Platform_1B,-107.0000,904.0001,8516.0000,-107.0000,503.9999,8491.0000,-107.0000,904.0001,8491.0000
Block_Platform_1B,-707.0000,503.9999,9066.0000,-107.0000,503.9999,9066.0000,-107.0000,503.9999,9091.0000
Block_Platform_1B,-707.0000,503.9999,9066.0000,-107.0000,503.9999,9091.0000,-707.0000,503.9999,9091.0000
Block_Platform_1B,-1307.0000,503.9999,9066.0000,-707.0000,503.9999,9066.0000,-707.0000,503.9999,9091.0000
Block_Platform_1B,-1307.0000,503.9999,9066.0000,-707.0000,503.9999,9091.0000,-1307.0000,503.9999,9091.0000
Block_Platform_1B,-107.0000,904.0001,9091.0000,-107.0000,503.9999,9091.0000,-107.0000,503.9999,9066.0000
Block_Platform_1B,-107.0000,904.0001,9091.0000,-107.0000,503.9999,9066.0000,-107.0000,904.0001,9066.0000
Block_Platform_1B,-107.0000,904.0001,9066.0000,-107.0000,503.9999,9066.0000,-107.0000,503.9999,8516.0000
Block_Platform_1B,-107.0000,904.0001,9066.0000,-107.0000,503.9999,8516.0000,-107.0000,904.0001,8516.0000
Block_Platform_1B,-707.0000,503.9999,8491.0000,-107.0000,503.9999,8491.0000,-107.0000,503.9999,8516.0000
Block_Platform_1B,-707.0000,503.9999,8491.0000,-107.0000,503.9999,8516.0000,-707.0000,503.9999,8516.0000
Block_Platform_1B,-1307.0000,503.9999,8491.0000,-707.0000,503.9999,8491.0000,-707.0000,503.9999,8516.0000
Block_Platform_1B,-1307.0000,503.9999,8491.0000,-707.0000,503.9999,8516.0000,-1307.0000,503.9999,8516.0000
Block_Platform_1B,-707.0000,503.9999,8516.0000,-107.0000,503.9999,8516.0000,-107.0000,503.9999,9066.0000
Block_Platform_1B,-707.0000,503.9999,8516.0000,-107.0000,503.9999,9066.0000,-707.0000,503.9999,9066.0000
Block_Platform_1B,-1307.0000,503.9999,8516.0000,-707.0000,503.9999,8516.0000,-707.0000,503.9999,9066.0000
Block_Platform_1B,-1307.0000,503.9999,8516.0000,-707.0000,503.9999,9066.0000,-1307.0000,503.9999,9066.0000
Block_Platform_1B,-707.0000,904.0001,8491.0000,-1307.0000,904.0001,8491.0000,-1307.0000,904.0001,8516.0000
Block_Platform_1B,-707.0000,904.0001,8491.0000,-1307.0000,904.0001,8516.0000,-707.0000,904.0001,8516.0000
Block_Platform_1B,-107.0000,904.0001,8491.0000,-707.0000,904.0001,8491.0000,-707.0000,904.0001,8516.0000
Block_Platform_1B,-107.0000,904.0001,8491.0000,-707.0000,904.0001,8516.0000,-107.0000,904.0001,8516.0000
Block_Platform_1B,-707.0000,904.0001,8516.0000,-1307.0000,904.0001,8516.0000,-1307.0000,904.0001,9066.0000
Block_Platform_1B,-707.0000,904.0001,8516.0000,-1307.0000,904.0001,9066.0000,-707.0000,904.0001,9066.0000
Block_Platform_1B,-107.0000,904.0001,8516.0000,-707.0000,904.0001,8516.0000,-707.0000,904.0001,9066.0000
Block_Platform_1B,-107.0000,904.0001,8516.0000,-707.0000,904.0001,9066.0000,-107.0000,904.0001,9066.0000
Block_Platform_1B,-107.0000,904.0001,8491.0000,-107.0000,503.9999,8491.0000,-707.0000,503.9999,8491.0000
Block_Platform_1B,-107.0000,904.0001,8491.0000,-707.0000,503.9999,8491.0000,-707.0000,904.0001,8491.0000
Block_Platform_1B,-707.0000,904.0001,8491.0000,-707.0000,503.9999,8491.0000,-1307.0000,503.9999,8491.0000
Block_Platform_1B,-707.0000,904.0001,8491.0000,-1307.0000,503.9999,8491.0000,-1307.0000,904.0001,8491.0000
Block_Platform_1B,-107.0000,904.0001,9066.0000,-707.0000,904.0001,9091.0000,-107.0000,904.0001,9091.0000
Block_Platform_1B,-107.0000,904.0001,9066.0000,-707.0000,904.0001,9066.0000,-707.0000,904.0001,9091.0000
Block_Platform_1B,-707.0000,904.0001,9066.0000,-1307.0000,904.0001,9091.0000,-707.0000,904.0001,9091.0000
Block_Platform_1B,-707.0000,904.0001,9066.0000,-1307.0000,904.0001,9066.0000,-1307.0000,904.0001,9091.0000
Block_Platform_1B,-2507.0000,904.0001,9066.0000,-2507.0000,503.9999,9066.0000,-2507.0000,503.9999,9091.0000
Block_Platform_1B,-2507.0000,904.0001,9066.0000,-2507.0000,503.9999,9091.0000,-2507.0000,904.0001,9091.0000
Block_Platform_1B,-1907.0000,904.0001,8491.0000,-2507.0000,503.9999,8491.0000,-2507.0000,904.0001,8491.0000
Block_Platform_1B,-1907.0000,904.0001,8491.0000,-1907.0000,503.9999,8491.0000,-2507.0000,503.9999,8491.0000
Block_Platform_1B,-1307.0000,904.0001,8491.0000,-1907.0000,503.9999,8491.0000,-1907.0000,904.0001,8491.0000
Block_Platform_1B,-1307.0000,904.0001,8491.0000,-1307.0000,503.9999,8491.0000,-1907.0000,503.9999,8491.0000
Block_Platform_1B,-1907.0000,904.0001,9066.0000,-2507.0000,904.0001,9066.0000,-2507.0000,904.0001,9091.0000
Block_Platform_1B,-1907.0000,904.0001,9066.0000,-2507.0000,904.0001,9091.0000,-1907.0000,904.0001,9091.0000
Block_Platform_1B,-1307.0000,904.0001,9066.0000,-1907.0000,904.0001,9066.0000,-1907.0000,904.0001,9091.0000
Block_Platform_1B,-1307.0000,904.0001,9066.0000,-1907.0000,904.0001,9091.0000,-1307.0000,904.0001,9091.0000
Block_Platform_1B,-2507.0000,904.0001,8491.0000,-2507.0000,503.9999,8491.0000,-2507.0000,503.9999,8516.0000
Block_Platform_1B,-2507.0000,904.0001,8491.0000,-2507.0000,503.9999,8516.0000,-2507.0000,904.0001,8516.0000
Block_Platform_1B,-2507.0000,904.0001,8516.0000,-2507.0000,503.9999,8516.0000,-2507.0000,503.9999,9066.0000
Block_Platform_1B,-2507.0000,904.0001,8516.0000,-2507.0000,503.9999,9066.0000,-2507.0000,904.0001,9066.0000
Block_Platform_1B,-1907.0000,904.0001,8491.0000,-2507.0000,904.0001,8491.0000,-2507.0000,904.0001,8516.0000
Block_Platform_1B,-1907.0000,904.0001,8491.0000,-2507.0000,904.0001,8516.0000,-1907.0000,904.0001,8516.0000
Block_Platform_1B,-1307.0000,904.0001,8491.0000,-1907.0000,904.0001,8491.0000,-1907.0000,904.0001,8516.0000
Block_Platform_1B,-1307.0000,904.0001,8491.0000,-1907.0000,904.0001,8516.0000,-1307.0000,904.0001,8516.0000
Block_Platform_1B,-1907.0000,904.0001,8516.0000,-2507.0000,904.0001,8516.0000,-2507.0000,904.0001,9066.0000
Block_Platform_1B,-1907.0000,904.0001,8516.0000,-2507.0000,904.0001,9066.0000,-1907.0000,904.0001,9066.0000
Block_Platform_1B,-1307.0000,904.0001,8516.0000,-1907.0000,904.0001,8516.0000,-1907.0000,904.0001,9066.0000
Block_Platform_1B,-1307.0000,904.0001,8516.0000,-1907.0000,904.0001,9066.0000,-1307.0000,904.0001,9066.0000
Block_Platform_1B,-2507.0000,904.0001,9091.0000,-2507.0000,503.9999,9091.0000,-1907.0000,503.9999,9091.0000
Block_Platform_1B,-2507.0000,904.0001,9091.0000,-1907.0000,503.9999,9091.0000,-1907.0000,904.0001,9091.0000
Block_Platform_1B,-1907.0000,904.0001,9091.0000,-1907.0000,503.9999,9091.0000,-1307.0000,503.9999,9091.0000
Block_Platform_1B,-1907.0000,904.0001,9091.0000,-1307.0000,503.9999,9091.0000,-1307.0000,904.0001,9091.0000
Block_Platform_1B,-2507.0000,503.9999,9066.0000,-1907.0000,503.9999,9091.0000,-2507.0000,503.9999,9091.0000
Block_Platform_1B,-2507.0000,503.9999,9066.0000,-1907.0000,503.9999,9066.0000,-1907.0000,503.9999,9091.0000
Block_Platform_1B,-1907.0000,503.9999,9066.0000,-1307.0000,503.9999,9091.0000,-1907.0000,503.9999,9091.0000
Block_Platform_1B,-1907.0000,503.9999,9066.0000,-1307.0000,503.9999,9066.0000,-1307.0000,503.9999,9091.0000
Block_Platform_1B,-2507.0000,503.9999,8491.0000,-1907.0000,503.9999,8516.0000,-2507.0000,503.9999,8516.0000
Block_Platform_1B,-2507.0000,503.9999,8491.0000,-1907.0000,503.9999,8491.0000,-1907.0000,503.9999,8516.0000
Block_Platform_1B,-1907.0000,503.9999,8491.0000,-1307.0000,503.9999,8516.0000,-1907.0000,503.9999,8516.0000
Block_Platform_1B,-1907.0000,503.9999,8491.0000,-1307.0000,503.9999,8491.0000,-1307.0000,503.9999,8516.0000
Block_Platform_1B,-2507.0000,503.9999,8516.0000,-1907.0000,503.9999,9066.0000,-2507.0000,503.9999,9066.0000
Block_Platform_1B,-2507.0000,503.9999,8516.0000,-1907.0000,503.9999,8516.0000,-1907.0000,503.9999,9066.0000
Block_Platform_1B,-1907.0000,503.9999,8516.0000,-1307.0000,503.9999,9066.0000,-1907.0000,503.9999,9066.0000
Block_Platform_1B,-1907.0000,503.9999,8516.0000,-1307.0000,503.9999,8516.0000,-1307.0000,503.9999,9066.0000
Block_Platform_1B,-1307.0000,904.0001,9066.0000,-1307.0000,503.9999,9066.0000,-1307.0000,503.9999,9091.0000
Block_Platform_1B,-1307.0000,904.0001,9066.0000,-1307.0000,503.9999,9091.0000,-1307.0000,904.0001,9091.0000
Block_Platform_1B,-1307.0000,904.0001,8491.0000,-1307.0000,503.9999,8491.0000,-1307.0000,503.9999,8516.0000
Block_Platform_1B,-1307.0000,904.0001,8491.0000,-1307.0000,503.9999,8516.0000,-1307.0000,904.0001,8516.0000
Block_Platform_1B,-1307.0000,904.0001,8516.0000,-1307.0000,503.9999,8516.0000,-1307.0000,503.9999,9066.0000
Block_Platform_1B,-1307.0000,904.0001,8516.0000,-1307.0000,503.9999,9066.0000,-1307.0000,904.0001,9066.0000
Block_Platform_1B,1590.0000,904.0001,9091.0000,2190.0000,503.9999,9091.0000,2190.0000,904.0001,9091.0000
Block_Platform_1B,1590.0000,904.0001,9091.0000,1590.0000,503.9999,9091.0000,2190.0000,503.9999,9091.0000
Block_Platform_1B,989.9999,904.0001,9091.0000,1590.0000,503.9999,9091.0000,1590.0000,904.0001,9091.0000
Block_Platform_1B,989.9999,904.0001,9091.0000,989.9999,503.9999,9091.0000,1590.0000,503.9999,9091.0000
Block_Platform_1B,2190.0000,904.0001,8516.0000,2190.0000,503.9999,8516.0000,2190.0000,503.9999,8491.0000
Block_Platform_1B,2190.0000,904.0001,8516.0000,2190.0000,503.9999,8491.0000,2190.0000,904.0001,8491.0000
Block_Platform_1B,1590.0000,503.9999,9066.0000,2190.0000,503.9999,9066.0000,2190.0000,503.9999,9091.0000
Block_Platform_1B,1590.0000,503.9999,9066.0000,2190.0000,503.9999,9091.0000,1590.0000,503.9999,9091.0000
Block_Platform_1B,989.9999,503.9999,9066.0000,1590.0000,503.9999,9066.0000,1590.0000,503.9999,9091.0000
Block_Platform_1B,989.9999,503.9999,9066.0000,1590.0000,503.9999,9091.0000,989.9999,503.9999,9091.0000
Block_Platform_1B,2190.0000,904.0001,9091.0000,2190.0000,503.9999,9091.0000,2190.0000,503.9999,9066.0000
Block_Platform_1B,2190.0000,904.0001,9091.0000,2190.0000,503.9999,9066.0000,2190.0000,904.0001,9066.0000
Block_Platform_1B,2190.0000,904.0001,9066.0000,2190.0000,503.9999,9066.0000,2190.0000,503.9999,8516.0000
Block_Platform_1B,2190.0000,904.0001,9066.0000,2190.0000,503.9999,8516.0000,2190.0000,904.0001,8516.0000
Block_Platform_1B,1590.0000,503.9999,8491.0000,2190.0000,503.9999,8491.0000,2190.0000,503.9999,8516.0000
Block_Platform_1B,1590.0000,503.9999,8491.0000,2190.0000,503.9999,8516.0000,1590.0000,503.9999,8516.0000
Block_Platform_1B,989.9999,503.9999,8491.0000,1590.0000,503.9999,8491.0000,1590.0000,503.9999,8516.0000
Block_Platform_1B,989.9999,503.9999,8491.0000,1590.0000,503.9999,8516.0000,989.9999,503.9999,8516.0000
Block_Platform_1B,1590.0000,503.9999,8516.0000,2190.0000,503.9999,8516.0000,2190.0000,503.9999,9066.0000
Block_Platform_1B,1590.0000,503.9999,8516.0000,2190.0000,503.9999,9066.0000,1590.0000,503.9999,9066.0000
Block_Platform_1B,989.9999,503.9999,8516.0000,1590.0000,503.9999,8516.0000,1590.0000,503.9999,9066.0000
Block_Platform_1B,989.9999,503.9999,8516.0000,1590.0000,503.9999,9066.0000,989.9999,503.9999,9066.0000
Block_Platform_1B,1590.0000,904.0001,8491.0000,989.9999,904.0001,8491.0000,989.9999,904.0001,8516.0000
Block_Platform_1B,1590.0000,904.0001,8491.0000,989.9999,904.0001,8516.0000,1590.0000,904.0001,8516.0000
Block_Platform_1B,2190.0000,904.0001,8491.0000,1590.0000,904.0001,8491.0000,1590.0000,904.0001,8516.0000
Block_Platform_1B,2190.0000,904.0001,8491.0000,1590.0000,904.0001,8516.0000,2190.0000,904.0001,8516.0000
Block_Platform_1B,1590.0000,904.0001,8516.0000,989.9999,904.0001,8516.0000,989.9999,904.0001,9066.0000
Block_Platform_1B,1590.0000,904.0001,8516.0000,989.9999,904.0001,9066.0000,1590.0000,904.0001,9066.0000
Block_Platform_1B,2190.0000,904.0001,8516.0000,1590.0000,904.0001,8516.0000,1590.0000,904.0001,9066.0000
Block_Platform_1B,2190.0000,904.0001,8516.0000,1590.0000,904.0001,9066.0000,2190.0000,904.0001,9066.0000
Block_Platform_1B,2190.0000,904.0001,8491.0000,2190.0000,503.9999,8491.0000,1590.0000,503.9999,8491.0000
Block_Platform_1B,2190.0000,904.0001,8491.0000,1590.0000,503.9999,8491.0000,1590.0000,904.0001,8491.0000
Block_Platform_1B,1590.0000,904.0001,8491.0000,1590.0000,503.9999,8491.0000,989.9999,503.9999,8491.0000
Block_Platform_1B,1590.0000,904.0001,8491.0000,989.9999,503.9999,8491.0000,989.9999,904.0001,8491.0000
Block_Platform_1B,2190.0000,904.0001,9066.0000,1590.0000,904.0001,9091.0000,2190.0000,904.0001,9091.0000
Block_Platform_1B,2190.0000,904.0001,9066.0000,1590.0000,904.0001,9066.0000,1590.0000,904.0001,9091.0000
Block_Platform_1B,1590.0000,904.0001,9066.0000,989.9999,904.0001,9091.0000,1590.0000,904.0001,9091.0000
Block_Platform_1B,1590.0000,904.0001,9066.0000,989.9999,904.0001,9066.0000,989.9999,904.0001,9091.0000
Block_Platform_1B,-210.0000,904.0001,9066.0000,-210.0000,503.9999,9066.0000,-210.0000,503.9999,9091.0000
Block_Platform_1B,-210.0000,904.0001,9066.0000,-210.0000,503.9999,9091.0000,-210.0000,904.0001,9091.0000
Block_Platform_1B,390.0000,904.0001,8491.0000,-210.0000,503.9999,8491.0000,-210.0000,904.0001,8491.0000
Block_Platform_1B,390.0000,904.0001,8491.0000,390.0000,503.9999,8491.0000,-210.0000,503.9999,8491.0000
Block_Platform_1B,989.9999,904.0001,8491.0000,390.0000,503.9999,8491.0000,390.0000,904.0001,8491.0000
Block_Platform_1B,989.9999,904.0001,8491.0000,989.9999,503.9999,8491.0000,390.0000,503.9999,8491.0000
Block_Platform_1B,390.0000,904.0001,9066.0000,-210.0000,904.0001,9066.0000,-210.0000,904.0001,9091.0000
Block_Platform_1B,390.0000,904.0001,9066.0000,-210.0000,904.0001,9091.0000,390.0000,904.0001,9091.0000
Block_Platform_1B,989.9999,904.0001,9066.0000,390.0000,904.0001,9066.0000,390.0000,904.0001,9091.0000
Block_Platform_1B,989.9999,904.0001,9066.0000,390.0000,904.0001,9091.0000,989.9999,904.0001,9091.0000
Block_Platform_1B,-210.0000,904.0001,8491.0000,-210.0000,503.9999,8491.0000,-210.0000,503.9999,8516.0000
Block_Platform_1B,-210.0000,904.0001,8491.0000,-210.0000,503.9999,8516.0000,-210.0000,904.0001,8516.0000
Block_Platform_1B,-210.0000,904.0001,8516.0000,-210.0000,503.9999,8516.0000,-210.0000,503.9999,9066.0000
Block_Platform_1B,-210.0000,904.0001,8516.0000,-210.0000,503.9999,9066.0000,-210.0000,904.0001,9066.0000
Block_Platform_1B,390.0000,904.0001,8491.0000,-210.0000,904.0001,8491.0000,-210.0000,904.0001,8516.0000
Block_Platform_1B,390.0000,904.0001,8491.0000,-210.0000,904.0001,8516.0000,390.0000,904.0001,8516.0000
Block_Platform_1B,989.9999,904.0001,8491.0000,390.0000,904.0001,8491.0000,390.0000,904.0001,8516.0000
Block_Platform_1B,989.9999,904.0001,8491.0000,390.0000,904.0001,8516.0000,989.9999,904.0001,8516.0000
Block_Platform_1B,390.0000,904.0001,8516.0000,-210.0000,904.0001,8516.0000,-210.0000,904.0001,9066.0000
Block_Platform_1B,390.0000,904.0001,8516.0000,-210.0000,904.0001,9066.0000,390.0000,904.0001,9066.0000
Block_Platform_1B,989.9999,904.0001,8516.0000,390.0000,904.0001,8516.0000,390.0000,904.0001,9066.0000
Block_Platform_1B,989.9999,904.0001,8516.0000,390.0000,904.0001,9066.0000,989.9999,904.0001,9066.0000
Block_Platform_1B,-210.0000,904.0001,9091.0000,-210.0000,503.9999,9091.0000,390.0000,503.9999,9091.0000
Block_Platform_1B,-210.0000,904.0001,9091.0000,390.0000,503.9999,9091.0000,390.0000,904.0001,9091.0000
Block_Platform_1B,390.0000,904.0001,9091.0000,390.0000,503.9999,9091.0000,989.9999,503.9999,9091.0000
Block_Platform_1B,390.0000,904.0001,9091.0000,989.9999,503.9999,9091.0000,989.9999,904.0001,9091.0000
Block_Platform_1B,-210.0000,503.9999,9066.0000,390.0000,503.9999,9091.0000,-210.0000,503.9999,9091.0000
Block_Platform_1B,-210.0000,503.9999,9066.0000,390.0000,503.9999,9066.0000,390.0000,503.9999,9091.0000
Block_Platform_1B,390.0000,503.9999,9066.0000,989.9999,503.9999,9091.0000,390.0000,503.9999,9091.0000
Block_Platform_1B,390.0000,503.9999,9066.0000,989.9999,503.9999,9066.0000,989.9999,503.9999,9091.0000
Block_Platform_1B,-210.0000,503.9999,8491.0000,390.0000,503.9999,8516.0000,-210.0000,503.9999,8516.0000
Block_Platform_1B,-210.0000,503.9999,8491.0000,390.0000,503.9999,8491.0000,390.0000,503.9999,8516.0000
Block_Platform_1B,390.0000,503.9999,8491.0000,989.9999,503.9999,8516.0000,390.0000,503.9999,8516.0000
Block_Platform_1B,390.0000,503.9999,8491.0000,989.9999,503.9999,8491.0000,989.9999,503.9999,8516.0000
Block_Platform_1B,-210.0000,503.9999,8516.0000,390.0000,503.9999,9066.0000,-210.0000,503.9999,9066.0000
Block_Platform_1B,-210.0000,503.9999,8516.0000,390.0000,503.9999,8516.0000,390.0000,503.9999,9066.0000
Block_Platform_1B,390.0000,503.9999,8516.0000,989.9999,503.9999,9066.0000,390.0000,503.9999,9066.0000
Block_Platform_1B,390.0000,503.9999,8516.0000,989.9999,503.9999,8516.0000,989.9999,503.9999,9066.0000
Block_Platform_1B,989.9999,904.0001,9066.0000,989.9999,503.9999,9066.0000,989.9999,503.9999,9091.0000
Block_Platform_1B,989.9999,904.0001,9066.0000,989.9999,503.9999,9091.0000,989.9999,904.0001,9091.0000
Block_Platform_1B,989.9999,904.0001,8491.0000,989.9999,503.9999,8491.0000,989.9999,503.9999,8516.0000
Block_Platform_1B,989.9999,904.0001,8491.0000,989.9999,503.9999,8516.0000,989.9999,904.0001,8516.0000
Block_Platform_1B,989.9999,904.0001,8516.0000,989.9999,503.9999,8516.0000,989.9999,503.9999,9066.0000
Block_Platform_1B,989.9999,904.0001,8516.0000,989.9999,503.9999,9066.0000,989.9999,904.0001,9066.0000
Block_Platform_1B,-707.0000,904.0001,9091.0000,-107.0000,503.9999,9091.0000,-107.0000,904.0001,9091.0000
Block_Platform_1B,-707.0000,904.0001,9091.0000,-707.0000,503.9999,9091.0000,-107.0000,503.9999,9091.0000
Block_Platform_1B,-1307.0000,904.0001,9091.0000,-707.0000,503.9999,9091.0000,-707.0000,904.0001,9091.0000
Block_Platform_1B,-1307.0000,904.0001,9091.0000,-1307.0000,503.9999,9091.0000,-707.0000,503.9999,9091.0000
Block_Platform_1B,-107.0000,904.0001,8516.0000,-107.0000,503.9999,8516.0000,-107.0000,503.9999,8491.0000
Block_Platform_1B,-107.0000,904.0001,8516.0000,-107.0000,503.9999,8491.0000,-107.0000,904.0001,8491.0000
Block_Platform_1B,-707.0000,503.9999,9066.0000,-107.0000,503.9999,9066.0000,-107.0000,503.9999,9091.0000
Block_Platform_1B,-707.0000,503.9999,9066.0000,-107.0000,503.9999,9091.0000,-707.0000,503.9999,9091.0000
Block_Platform_1B,-1307.0000,503.9999,9066.0000,-707.0000,503.9999,9066.0000,-707.0000,503.9999,9091.0000
Block_Platform_1B,-1307.0000,503.9999,9066.0000,-707.0000,503.9999,9091.0000,-1307.0000,503.9999,9091.0000
Block_Platform_1B,-107.0000,904.0001,9091.0000,-107.0000,503.9999,9091.0000,-107.0000,503.9999,9066.0000
Block_Platform_1B,-107.0000,904.0001,9091.0000,-107.0000,503.9999,9066.0000,-107.0000,904.0001,9066.0000
Block_Platform_1B,-107.0000,904.0001,9066.0000,-107.0000,503.9999,9066.0000,-107.0000,503.9999,8516.0000
Block_Platform_1B,-107.0000,904.0001,9066.0000,-107.0000,503.9999,8516.0000,-107.0000,904.0001,8516.0000
Block_Platform_1B,-707.0000,503.9999,8491.0000,-107.0000,503.9999,8491.0000,-107.0000,503.9999,8516.0000
Block_Platform_1B,-707.0000,503.9999,8491.0000,-107.0000,503.9999,8516.0000,-707.0000,503.9999,8516.0000
Block_Platform_1B,-1307.0000,503.9999,8491.0000,-707.0000,503.9999,8491.0000,-707.0000,503.9999,8516.0000
Block_Platform_1B,-1307.0000,503.9999,8491.0000,-707.0000,503.9999,8516.0000,-1307.0000,503.9999,8516.0000
Block_Platform_1B,-707.0000,503.9999,8516.0000,-107.0000,503.9999,8516.0000,-107.0000,503.9999,9066.0000
Block_Platform_1B,-707.0000,503.9999,8516.0000,-107.0000,503.9999,9066.0000,-707.0000,503.9999,9066.0000
Block_Platform_1B,-1307.0000,503.9999,8516.0000,-707.0000,503.9999,8516.0000,-707.0000,503.9999,9066.0000
Block_Platform_1B,-1307.0000,503.9999,8516.0000,-707.0000,503.9999,9066.0000,-1307.0000,503.9999,9066.0000
Block_Platform_1B,-707.0000,904.0001,8491.0000,-1307.0000,904.0001,8491.0000,-1307.0000,904.0001,8516.0000
Block_Platform_1B,-707.0000,904.0001,8491.0000,-1307.0000,904.0001,8516.0000,-707.0000,904.0001,8516.0000
Block_Platform_1B,-107.0000,904.0001,8491.0000,-707.0000,904.0001,8491.0000,-707.0000,904.0001,8516.0000
Block_Platform_1B,-107.0000,904.0001,8491.0000,-707.0000,904.0001,8516.0000,-107.0000,904.0001,8516.0000
Block_Platform_1B,-707.0000,904.0001,8516.0000,-1307.0000,904.0001,8516.0000,-1307.0000,904.0001,9066.0000
Block_Platform_1B,-707.0000,904.0001,8516.0000,-1307.0000,904.0001,9066.0000,-707.0000,904.0001,9066.0000
Block_Platform_1B,-107.0000,904.0001,8516.0000,-707.0000,904.0001,8516.0000,-707.0000,904.0001,9066.0000
Block_Platform_1B,-107.0000,904.0001,8516.0000,-707.0000,904.0001,9066.0000,-107.0000,904.0001,9066.0000
Block_Platform_1B,-107.0000,904.0001,8491.0000,-107.0000,503.9999,8491.0000,-707.0000,503.9999,8491.0000
Block_Platform_1B,-107.0000,904.0001,8491.0000,-707.0000,503.9999,8491.0000,-707.0000,904.0001,8491.0000
Block_Platform_1B,-707.0000,904.0001,8491.0000,-707.0000,503.9999,8491.0000,-1307.0000,503.9999,8491.0000
Block_Platform_1B,-707.0000,904.0001,8491.0000,-1307.0000,503.9999,8491.0000,-1307.0000,904.0001,8491.0000
Block_Platform_1B,-107.0000,904.0001,9066.0000,-707.0000,904.0001,9091.0000,-107.0000,904.0001,9091.0000
Block_Platform_1B,-107.0000,904.0001,9066.0000,-707.0000,904.0001,9066.0000,-707.0000,904.0001,9091.0000
Block_Platform_1B,-707.0000,904.0001,9066.0000,-1307.0000,904.0001,9091.0000,-707.0000,904.0001,9091.0000
Block_Platform_1B,-707.0000,904.0001,9066.0000,-1307.0000,904.0001,9066.0000,-1307.0000,904.0001,9091.0000
Block_Platform_1B,-2507.0000,904.0001,9066.0000,-2507.0000,503.9999,9066.0000,-2507.0000,503.9999,9091.0000
Block_Platform_1B,-2507.0000,904.0001,9066.0000,-2507.0000,503.9999,9091.0000,-2507.0000,904.0001,9091.0000
Block_Platform_1B,-1907.0000,904.0001,8491.0000,-2507.0000,503.9999,8491.0000,-2507.0000,904.0001,8491.0000
Block_Platform_1B,-1907.0000,904.0001,8491.0000,-1907.0000,503.9999,8491.0000,-2507.0000,503.9999,8491.0000
Block_Platform_1B,-1307.0000,904.0001,8491.0000,-1907.0000,503.9999,8491.0000,-1907.0000,904.0001,8491.0000
Block_Platform_1B,-1307.0000,904.0001,8491.0000,-1307.0000,503.9999,8491.0000,-1907.0000,503.9999,8491.0000
Block_Platform_1B,-1907.0000,904.0001,9066.0000,-2507.0000,904.0001,9066.0000,-2507.0000,904.0001,9091.0000
Block_Platform_1B,-1907.0000,904.0001,9066.0000,-2507.0000,904.0001,9091.0000,-1907.0000,904.0001,9091.0000
Block_Platform_1B,-1307.0000,904.0001,9066.0000,-1907.0000,904.0001,9066.0000,-1907.0000,904.0001,9091.0000
Block_Platform_1B,-1307.0000,904.0001,9066.0000,-1907.0000,904.0001,9091.0000,-1307.0000,904.0001,9091.0000
Block_Platform_1B,-2507.0000,904.0001,8491.0000,-2507.0000,503.9999,8491.0000,-2507.0000,503.9999,8516.0000
Block_Platform_1B,-2507.0000,904.0001,8491.0000,-2507.0000,503.9999,8516.0000,-2507.0000,904.0001,8516.0000
Block_Platform_1B,-2507.0000,904.0001,8516.0000,-2507.0000,503.9999,8516.0000,-2507.0000,503.9999,9066.0000
Block_Platform_1B,-2507.0000,904.0001,8516.0000,-2507.0000,503.9999,9066.0000,-2507.0000,904.0001,9066.0000
Block_Platform_1B,-1907.0000,904.0001,8491.0000,-2507.0000,904.0001,8491.0000,-2507.0000,904.0001,8516.0000
Block_Platform_1B,-1907.0000,904.0001,8491.0000,-2507.0000,904.0001,8516.0000,-1907.0000,904.0001,8516.0000
Block_Platform_1B,-1307.0000,904.0001,8491.0000,-1907.0000,904.0001,8491.0000,-1907.0000,904.0001,8516.0000
Block_Platform_1B,-1307.0000,904.0001,8491.0000,-1907.0000,904.0001,8516.0000,-1307.0000,904.0001,8516.0000
Block_Platform_1B,-1907.0000,904.0001,8516.0000,-2507.0000,904.0001,8516.0000,-2507.0000,904.0001,9066.0000
Block_Platform_1B,-1907.0000,904.0001,8516.0000,-2507.0000,904.0001,9066.0000,-1907.0000,904.0001,9066.0000
Block_Platform_1B,-1307.0000,904.0001,8516.0000,-1907.0000,904.0001,8516.0000,-1907.0000,904.0001,9066.0000
Block_Platform_1B,-1307.0000,904.0001,8516.0000,-1907.0000,904.0001,9066.0000,-1307.0000,904.0001,9066.0000
Block_Platform_1B,-2507.0000,904.0001,9091.0000,-2507.0000,503.9999,9091.0000,-1907.0000,503.9999,9091.0000
Block_Platform_1B,-2507.0000,904.0001,9091.0000,-1907.0000,503.9999,9091.0000,-1907.0000,904.0001,9091.0000
Block_Platform_1B,-1907.0000,904.0001,9091.0000,-1907.0000,503.9999,9091.0000,-1307.0000,503.9999,9091.0000
Block_Platform_1B,-1907.0000,904.0001,9091.0000,-1307.0000,503.9999,9091.0000,-1307.0000,904.0001,9091.0000
Block_Platform_1B,-2507.0000,503.9999,9066.0000,-1907.0000,503.9999,9091.0000,-2507.0000,503.9999,9091.0000
Block_Platform_1B,-2507.0000,503.9999,9066.0000,-1907.0000,503.9999,9066.0000,-1907.0000,503.9999,9091.0000
Block_Platform_1B,-1907.0000,503.9999,9066.0000,-1307.0000,503.9999,9091.0000,-1907.0000,503.9999,9091.0000
Block_Platform_1B,-1907.0000,503.9999,9066.0000,-1307.0000,503.9999,9066.0000,-1307.0000,503.9999,9091.0000
Block_Platform_1B,-2507.0000,503.9999,8491.0000,-1907.0000,503.9999,8516.0000,-2507.0000,503.9999,8516.0000
Block_Platform_1B,-2507.0000,503.9999,8491.0000,-1907.0000,503.9999,8491.0000,-1907.0000,503.9999,8516.0000
Block_Platform_1B,-1907.0000,503.9999,8491.0000,-1307.0000,503.9999,8516.0000,-1907.0000,503.9999,8516.0000
Block_Platform_1B,-1907.0000,503.9999,8491.0000,-1307.0000,503.9999,8491.0000,-1307.0000,503.9999,8516.0000
Block_Platform_1B,-2507.0000,503.9999,8516.0000,-1907.0000,503.9999,9066.0000,-2507.0000,503.9999,9066.0000
Block_Platform_1B,-2507.0000,503.9999,8516.0000,-1907.0000,503.9999,8516.0000,-1907.0000,503.9999,9066.0000
Block_Platform_1B,-1907.0000,503.9999,8516.0000,-1307.0000,503.9999,9066.0000,-1907.0000,503.9999,9066.0000
Block_Platform_1B,-1907.0000,503.9999,8516.0000,-1307.0000,503.9999,8516.0000,-1307.0000,503.9999,9066.0000
Block_Platform_1B,-1307.0000,904.0001,9066.0000,-1307.0000,503.9999,9066.0000,-1307.0000,503.9999,9091.0000
Block_Platform_1B,-1307.0000,904.0001,9066.0000,-1307.0000,503.9999,9091.0000,-1307.0000,904.0001,9091.0000
Block_Platform_1B,-1307.0000,904.0001,8491.0000,-1307.0000,503.9999,8491.0000,-1307.0000,503.9999,8516.0000
Block_Platform_1B,-1307.0000,904.0001,8491.0000,-1307.0000,503.9999,8516.0000,-1307.0000,904.0001,8516.0000
Block_Platform_1B,-1307.0000,904.0001,8516.0000,-1307.0000,503.9999,8516.0000,-1307.0000,503.9999,9066.0000
Block_Platform_1B,-1307.0000,904.0001,8516.0000,-1307.0000,503.9999,9066.0000,-1307.0000,904.0001,9066.0000
Block_Platform_1B,5613.0000,904.0001,6168.0000,5613.0000,503.9999,5568.0000,5613.0000,904.0001,5568.0000
Block_Platform_1B,5613.0000,904.0001,6168.0000,5613.0000,503.9999,6168.0000,5613.0000,503.9999,5568.0000
Block_Platform_1B,5613.0000,904.0001,6768.0000,5613.0000,503.9999,6168.0000,5613.0000,904.0001,6168.0000
Block_Platform_1B,5613.0000,904.0001,6768.0000,5613.0000,503.9999,6768.0000,5613.0000,503.9999,6168.0000
Block_Platform_1B,5038.0000,904.0001,5568.0000,5038.0000,503.9999,5568.0000,5013.0000,503.9999,5568.0000
Block_Platform_1B,5038.0000,904.0001,5568.0000,5013.0000,503.9999,5568.0000,5013.0000,904.0001,5568.0000
Block_Platform_1B,5588.0000,503.9999,6168.0000,5588.0000,503.9999,5568.0000,5613.0000,503.9999,5568.0000
Block_Platform_1B,5588.0000,503.9999,6168.0000,5613.0000,503.9999,5568.0000,5613.0000,503.9999,6168.0000
Block_Platform_1B,5588.0000,503.9999,6768.0000,5588.0000,503.9999,6168.0000,5613.0000,503.9999,6168.0000
Block_Platform_1B,5588.0000,503.9999,6768.0000,5613.0000,503.9999,6168.0000,5613.0000,503.9999,6768.0000
Block_Platform_1B,5613.0000,904.0001,5568.0000,5613.0000,503.9999,5568.0000,5588.0000,503.9999,5568.0000
Block_Platform_1B,5613.0000,904.0001,5568.0000,5588.0000,503.9999,5568.0000,5588.0000,904.0001,5568.0000
Block_Platform_1B,5588.0000,904.0001,5568.0000,5588.0000,503.9999,5568.0000,5038.0000,503.9999,5568.0000
Block_Platform_1B,5588.0000,904.0001,5568.0000,5038.0000,503.9999,5568.0000,5038.0000,904.0001,5568.0000
Block_Platform_1B,5013.0000,503.9999,6168.0000,5013.0000,503.9999,5568.0000,5038.0000,503.9999,5568.0000
Block_Platform_1B,5013.0000,503.9999,6168.0000,5038.0000,503.9999,5568.0000,5038.0000,503.9999,6168.0000
Block_Platform_1B,5013.0000,503.9999,6768.0000,5013.0000,503.9999,6168.0000,5038.0000,503.9999,6168.0000
Block_Platform_1B,5013.0000,503.9999,6768.0000,5038.0000,503.9999,6168.0000,5038.0000,503.9999,6768.0000
Block_Platform_1B,5038.0000,503.9999,6168.0000,5038.0000,503.9999,5568.0000,5588.0000,503.9999,5568.0000
Block_Platform_1B,5038.0000,503.9999,6168.0000,5588.0000,503.9999,5568.0000,5588.0000,503.9999,6168.0000
Block_Platform_1B,5038.0000,503.9999,6768.0000,5038.0000,503.9999,6168.0000,5588.0000,503.9999,6168.0000
Block_Platform_1B,5038.0000,503.9999,6768.0000,5588.0000,503.9999,6168.0000,5588.0000,503.9999,6768.0000
Block_Platform_1B,5013.0000,904.0001,6168.0000,5013.0000,904.0001,6768.0000,5038.0000,904.0001,6768.0000
Block_Platform_1B,5013.0000,904.0001,6168.0000,5038.0000,904.0001,6768.0000,5038.0000,904.0001,6168.0000
Block_Platform_1B,5013.0000,904.0001,5568.0000,5013.0000,904.0001,6168.0000,5038.0000,904.0001,6168.0000
Block_Platform_1B,5013.0000,904.0001,5568.0000,5038.0000,904.0001,6168.0000,5038.0000,904.0001,5568.0000
Block_Platform_1B,5038.0000,904.0001,6168.0000,5038.0000,904.0001,6768.0000,5588.0000,904.0001,6768.0000
Block_Platform_1B,5038.0000,904.0001,6168.0000,5588.0000,904.0001,6768.0000,5588.0000,904.0001,6168.0000
Block_Platform_1B,5038.0000,904.0001,5568.0000,5038.0000,904.0001,6168.0000,5588.0000,904.0001,6168.0000
Block_Platform_1B,5038.0000,904.0001,5568.0000,5588.0000,904.0001,6168.0000,5588.0000,904.0001,5568.0000
Block_Platform_1B,5013.0000,904.0001,5568.0000,5013.0000,503.9999,5568.0000,5013.0000,503.9999,6168.0000
Block_Platform_1B,5013.0000,904.0001,5568.0000,5013.0000,503.9999,6168.0000,5013.0000,904.0001,6168.0000
Block_Platform_1B,5013.0000,904.0001,6168.0000,5013.0000,503.9999,6168.0000,5013.0000,503.9999,6768.0000
Block_Platform_1B,5013.0000,904.0001,6168.0000,5013.0000,503.9999,6768.0000,5013.0000,904.0001,6768.0000
Block_Platform_1B,5588.0000,904.0001,5568.0000,5613.0000,904.0001,6168.0000,5613.0000,904.0001,5568.0000
Block_Platform_1B,5588.0000,904.0001,5568.0000,5588.0000,904.0001,6168.0000,5613.0000,904.0001,6168.0000
Block_Platform_1B,5588.0000,904.0001,6168.0000,5613.0000,904.0001,6768.0000,5613.0000,904.0001,6168.0000
Block_Platform_1B,5588.0000,904.0001,6168.0000,5588.0000,904.0001,6768.0000,5613.0000,904.0001,6768.0000
Block_Platform_1B,5588.0000,904.0001,7968.0000,5588.0000,503.9999,7968.0000,5613.0000,503.9999,7968.0000
Block_Platform_1B,5588.0000,904.0001,7968.0000,5613.0000,503.9999,7968.0000,5613.0000,904.0001,7968.0000
Block_Platform_1B,5013.0000,904.0001,7368.0000,5013.0000,503.9999,7968.0000,5013.0000,904.0001,7968.0000
Block_Platform_1B,5013.0000,904.0001,7368.0000,5013.0000,503.9999,7368.0000,5013.0000,503.9999,7968.0000
Block_Platform_1B,5013.0000,904.0001,6768.0000,5013.0000,503.9999,7368.0000,5013.0000,904.0001,7368.0000
Block_Platform_1B,5013.0000,904.0001,6768.0000,5013.0000,503.9999,6768.0000,5013.0000,503.9999,7368.0000
Block_Platform_1B,5588.0000,904.0001,7368.0000,5588.0000,904.0001,7968.0000,5613.0000,904.0001,7968.0000
Block_Platform_1B,5588.0000,904.0001,7368.0000,5613.0000,904.0001,7968.0000,5613.0000,904.0001,7368.0000
Block_Platform_1B,5588.0000,904.0001,6768.0000,5588.0000,904.0001,7368.0000,5613.0000,904.0001,7368.0000
Block_Platform_1B,5588.0000,904.0001,6768.0000,5613.0000,904.0001,7368.0000,5613.0000,904.0001,6768.0000
Block_Platform_1B,5013.0000,904.0001,7968.0000,5013.0000,503.9999,7968.0000,5038.0000,503.9999,7968.0000
Block_Platform_1B,5013.0000,904.0001,7968.0000,5038.0000,503.9999,7968.0000,5038.0000,904.0001,7968.0000
Block_Platform_1B,5038.0000,904.0001,7968.0000,5038.0000,503.9999,7968.0000,5588.0000,503.9999,7968.0000
Block_Platform_1B,5038.0000,904.0001,7968.0000,5588.0000,503.9999,7968.0000,5588.0000,904.0001,7968.0000
Block_Platform_1B,5013.0000,904.0001,7368.0000,5013.0000,904.0001,7968.0000,5038.0000,904.0001,7968.0000
Block_Platform_1B,5013.0000,904.0001,7368.0000,5038.0000,904.0001,7968.0000,5038.0000,904.0001,7368.0000
Block_Platform_1B,5013.0000,904.0001,6768.0000,5013.0000,904.0001,7368.0000,5038.0000,904.0001,7368.0000
Block_Platform_1B,5013.0000,904.0001,6768.0000,5038.0000,904.0001,7368.0000,5038.0000,904.0001,6768.0000
Block_Platform_1B,5038.0000,904.0001,7368.0000,5038.0000,904.0001,7968.0000,5588.0000,904.0001,7968.0000
Block_Platform_1B,5038.0000,904.0001,7368.0000,5588.0000,904.0001,7968.0000,5588.0000,904.0001,7368.0000
Block_Platform_1B,5038.0000,904.0001,6768.0000,5038.0000,904.0001,7368.0000,5588.0000,904.0001,7368.0000
Block_Platform_1B,5038.0000,904.0001,6768.0000,5588.0000,904.0001,7368.0000,5588.0000,904.0001,6768.0000
Block_Platform_1B,5613.0000,904.0001,7968.0000,5613.0000,503.9999,7968.0000,5613.0000,503.9999,7368.0000
Block_Platform_1B,5613.0000,904.0001,7968.0000,5613.0000,503.9999,7368.0000,5613.0000,904.0001,7368.0000
Block_Platform_1B,5613.0000,904.0001,7368.0000,5613.0000,503.9999,7368.0000,5613.0000,503.9999,6768.0000
Block_Platform_1B,5613.0000,904.0001,7368.0000,5613.0000,503.9999,6768.0000,5613.0000,904.0001,6768.0000
Block_Platform_1B,5588.0000,503.9999,7968.0000,5613.0000,503.9999,7368.0000,5613.0000,503.9999,7968.0000
Block_Platform_1B,5588.0000,503.9999,7968.0000,5588.0000,503.9999,7368.0000,5613.0000,503.9999,7368.0000
Block_Platform_1B,5588.0000,503.9999,7368.0000,5613.0000,503.9999,6768.0000,5613.0000,503.9999,7368.0000
Block_Platform_1B,5588.0000,503.9999,7368.0000,5588.0000,503.9999,6768.0000,5613.0000,503.9999,6768.0000
Block_Platform_1B,5013.0000,503.9999,7968.0000,5038.0000,503.9999,7368.0000,5038.0000,503.9999,7968.0000
Block_Platform_1B,5013.0000,503.9999,7968.0000,5013.0000,503.9999,7368.0000,5038.0000,503.9999,7368.0000
Block_Platform_1B,5013.0000,503.9999,7368.0000,5038.0000,503.9999,6768.0000,5038.0000,503.9999,7368.0000
Block_Platform_1B,5013.0000,503.9999,7368.0000,5013.0000,503.9999,6768.0000,5038.0000,503.9999,6768.0000
Block_Platform_1B,5038.0000,503.9999,7968.0000,5588.0000,503.9999,7368.0000,5588.0000,503.9999,7968.0000
Block_Platform_1B,5038.0000,503.9999,7968.0000,5038.0000,503.9999,7368.0000,5588.0000,503.9999,7368.0000
Block_Platform_1B,5038.0000,503.9999,7368.0000,5588.0000,503.9999,6768.0000,5588.0000,503.9999,7368.0000
Block_Platform_1B,5038.0000,503.9999,7368.0000,5038.0000,503.9999,6768.0000,5588.0000,503.9999,6768.0000
Block_Platform_1B,5588.0000,904.0001,6768.0000,5588.0000,503.9999,6768.0000,5613.0000,503.9999,6768.0000
Block_Platform_1B,5588.0000,904.0001,6768.0000,5613.0000,503.9999,6768.0000,5613.0000,904.0001,6768.0000
Block_Platform_1B,5013.0000,904.0001,6768.0000,5013.0000,503.9999,6768.0000,5038.0000,503.9999,6768.0000
Block_Platform_1B,5013.0000,904.0001,6768.0000,5038.0000,503.9999,6768.0000,5038.0000,904.0001,6768.0000
Block_Platform_1B,5038.0000,904.0001,6768.0000,5038.0000,503.9999,6768.0000,5588.0000,503.9999,6768.0000
Block_Platform_1B,5038.0000,904.0001,6768.0000,5588.0000,503.9999,6768.0000,5588.0000,904.0001,6768.0000
Block_Platform_1B,5598.8760,904.0001,3871.0180,5598.8760,503.9999,3271.0180,5598.8760,904.0001,3271.0180
Block_Platform_1B,5598.8760,904.0001,3871.0180,5598.8760,503.9999,3871.0180,5598.8760,503.9999,3271.0180
Block_Platform_1B,5598.8760,904.0001,4471.0180,5598.8760,503.9999,3871.0180,5598.8760,904.0001,3871.0180
Block_Platform_1B,5598.8760,904.0001,4471.0180,5598.8760,503.9999,4471.0180,5598.8760,503.9999,3871.0180
Block_Platform_1B,5023.8760,904.0001,3271.0180,5023.8760,503.9999,3271.0180,4998.8760,503.9999,3271.0180
Block_Platform_1B,5023.8760,904.0001,3271.0180,4998.8760,503.9999,3271.0180,4998.8760,904.0001,3271.0180
Block_Platform_1B,5573.8760,503.9999,3871.0180,5573.8760,503.9999,3271.0180,5598.8760,503.9999,3271.0180
Block_Platform_1B,5573.8760,503.9999,3871.0180,5598.8760,503.9999,3271.0180,5598.8760,503.9999,3871.0180
Block_Platform_1B,5573.8760,503.9999,4471.0180,5573.8760,503.9999,3871.0180,5598.8760,503.9999,3871.0180
Block_Platform_1B,5573.8760,503.9999,4471.0180,5598.8760,503.9999,3871.0180,5598.8760,503.9999,4471.0180
Block_Platform_1B,5598.8760,904.0001,3271.0180,5598.8760,503.9999,3271.0180,5573.8760,503.9999,3271.0180
Block_Platform_1B,5598.8760,904.0001,3271.0180,5573.8760,503.9999,3271.0180,5573.8760,904.0001,3271.0180
Block_Platform_1B,5573.8760,904.0001,3271.0180,5573.8760,503.9999,3271.0180,5023.8760,503.9999,3271.0180
Block_Platform_1B,5573.8760,904.0001,3271.0180,5023.8760,503.9999,3271.0180,5023.8760,904.0001,3271.0180
Block_Platform_1B,4998.8760,503.9999,3871.0180,4998.8760,503.9999,3271.0180,5023.8760,503.9999,3271.0180
Block_Platform_1B,4998.8760,503.9999,3871.0180,5023.8760,503.9999,3271.0180,5023.8760,503.9999,3871.0180
Block_Platform_1B,4998.8760,503.9999,4471.0180,4998.8760,503.9999,3871.0180,5023.8760,503.9999,3871.0180
Block_Platform_1B,4998.8760,503.9999,4471.0180,5023.8760,503.9999,3871.0180,5023.8760,503.9999,4471.0180
Block_Platform_1B,5023.8760,503.9999,3871.0180,5023.8760,503.9999,3271.0180,5573.8760,503.9999,3271.0180
Block_Platform_1B,5023.8760,503.9999,3871.0180,5573.8760,503.9999,3271.0180,5573.8760,503.9999,3871.0180
Block_Platform_1B,5023.8760,503.9999,4471.0180,5023.8760,503.9999,3871.0180,5573.8760,503.9999,3871.0180
Block_Platform_1B,5023.8760,503.9999,4471.0180,5573.8760,503.9999,3871.0180,5573.8760,503.9999,4471.0180
Block_Platform_1B,4998.8760,904.0001,3871.0180,4998.8760,904.0001,4471.0180,5023.8760,904.0001,4471.0180
Block_Platform_1B,4998.8760,904.0001,3871.0180,5023.8760,904.0001,4471.0180,5023.8760,904.0001,3871.0180
Block_Platform_1B,4998.8760,904.0001,3271.0180,4998.8760,904.0001,3871.0180,5023.8760,904.0001,3871.0180
Block_Platform_1B,4998.8760,904.0001,3271.0180,5023.8760,904.0001,3871.0180,5023.8760,904.0001,3271.0180
Block_Platform_1B,5023.8760,904.0001,3871.0180,5023.8760,904.0001,4471.0180,5573.8760,904.0001,4471.0180
Block_Platform_1B,5023.8760,904.0001,3871.0180,5573.8760,904.0001,4471.0180,5573.8760,904.0001,3871.0180
Block_Platform_1B,5023.8760,904.0001,3271.0180,5023.8760,904.0001,3871.0180,5573.8760,904.0001,3871.0180
Block_Platform_1B,5023.8760,904.0001,3271.0180,5573.8760,904.0001,3871.0180,5573.8760,904.0001,3271.0180
Block_Platform_1B,4998.8760,904.0001,3271.0180,4998.8760,503.9999,3271.0180,4998.8760,503.9999,3871.0180
Block_Platform_1B,4998.8760,904.0001,3271.0180,4998.8760,503.9999,3871.0180,4998.8760,904.0001,3871.0180
Block_Platform_1B,4998.8760,904.0001,3871.0180,4998.8760,503.9999,3871.0180,4998.8760,503.9999,4471.0180
Block_Platform_1B,4998.8760,904.0001,3871.0180,4998.8760,503.9999,4471.0180,4998.8760,904.0001,4471.0180
Block_Platform_1B,5573.8760,904.0001,3271.0180,5598.8760,904.0001,3871.0180,5598.8760,904.0001,3271.0180
Block_Platform_1B,5573.8760,904.0001,3271.0180,5573.8760,904.0001,3871.0180,5598.8760,904.0001,3871.0180
Block_Platform_1B,5573.8760,904.0001,3871.0180,5598.8760,904.0001,4471.0180,5598.8760,904.0001,3871.0180
Block_Platform_1B,5573.8760,904.0001,3871.0180,5573.8760,904.0001,4471.0180,5598.8760,904.0001,4471.0180
Block_Platform_1B,5573.8760,904.0001,5671.0180,5573.8760,503.9999,5671.0180,5598.8760,503.9999,5671.0180
Block_Platform_1B,5573.8760,904.0001,5671.0180,5598.8760,503.9999,5671.0180,5598.8760,904.0001,5671.0180
Block_Platform_1B,4998.8760,904.0001,5071.0180,4998.8760,503.9999,5671.0180,4998.8760,904.0001,5671.0180
Block_Platform_1B,4998.8760,904.0001,5071.0180,4998.8760,503.9999,5071.0180,4998.8760,503.9999,5671.0180
Block_Platform_1B,4998.8760,904.0001,4471.0180,4998.8760,503.9999,5071.0180,4998.8760,904.0001,5071.0180
Block_Platform_1B,4998.8760,904.0001,4471.0180,4998.8760,503.9999,4471.0180,4998.8760,503.9999,5071.0180
Block_Platform_1B,5573.8760,904.0001,5071.0180,5573.8760,904.0001,5671.0180,5598.8760,904.0001,5671.0180
Block_Platform_1B,5573.8760,904.0001,5071.0180,5598.8760,904.0001,5671.0180,5598.8760,904.0001,5071.0180
Block_Platform_1B,5573.8760,904.0001,4471.0180,5573.8760,904.0001,5071.0180,5598.8760,904.0001,5071.0180
Block_Platform_1B,5573.8760,904.0001,4471.0180,5598.8760,904.0001,5071.0180,5598.8760,904.0001,4471.0180
Block_Platform_1B,4998.8760,904.0001,5671.0180,4998.8760,503.9999,5671.0180,5023.8760,503.9999,5671.0180
Block_Platform_1B,4998.8760,904.0001,5671.0180,5023.8760,503.9999,5671.0180,5023.8760,904.0001,5671.0180
Block_Platform_1B,5023.8760,904.0001,5671.0180,5023.8760,503.9999,5671.0180,5573.8760,503.9999,5671.0180
Block_Platform_1B,5023.8760,904.0001,5671.0180,5573.8760,503.9999,5671.0180,5573.8760,904.0001,5671.0180
Block_Platform_1B,4998.8760,904.0001,5071.0180,4998.8760,904.0001,5671.0180,5023.8760,904.0001,5671.0180
Block_Platform_1B,4998.8760,904.0001,5071.0180,5023.8760,904.0001,5671.0180,5023.8760,904.0001,5071.0180
Block_Platform_1B,4998.8760,904.0001,4471.0180,4998.8760,904.0001,5071.0180,5023.8760,904.0001,5071.0180
Block_Platform_1B,4998.8760,904.0001,4471.0180,5023.8760,904.0001,5071.0180,5023.8760,904.0001,4471.0180
Block_Platform_1B,5023.8760,904.0001,5071.0180,5023.8760,904.0001,5671.0180,5573.8760,904.0001,5671.0180
Block_Platform_1B,5023.8760,904.0001,5071.0180,5573.8760,904.0001,5671.0180,5573.8760,904.0001,5071.0180
Block_Platform_1B,5023.8760,904.0001,4471.0180,5023.8760,904.0001,5071.0180,5573.8760,904.0001,5071.0180
Block_Platform_1B,5023.8760,904.0001,4471.0180,5573.8760,904.0001,5071.0180,5573.8760,904.0001,4471.0180
Block_Platform_1B,5598.8760,904.0001,5671.0180,5598.8760,503.9999,5671.0180,5598.8760,503.9999,5071.0180
Block_Platform_1B,5598.8760,904.0001,5671.0180,5598.8760,503.9999,5071.0180,5598.8760,904.0001,5071.0180
Block_Platform_1B,5598.8760,904.0001,5071.0180,5598.8760,503.9999,5071.0180,5598.8760,503.9999,4471.0180
Block_Platform_1B,5598.8760,904.0001,5071.0180,5598.8760,503.9999,4471.0180,5598.8760,904.0001,4471.0180
Block_Platform_1B,5573.8760,503.9999,5671.0180,5598.8760,503.9999,5071.0180,5598.8760,503.9999,5671.0180
Block_Platform_1B,5573.8760,503.9999,5671.0180,5573.8760,503.9999,5071.0180,5598.8760,503.9999,5071.0180
Block_Platform_1B,5573.8760,503.9999,5071.0180,5598.8760,503.9999,4471.0180,5598.8760,503.9999,5071.0180
Block_Platform_1B,5573.8760,503.9999,5071.0180,5573.8760,503.9999,4471.0180,5598.8760,503.9999,4471.0180
Block_Platform_1B,4998.8760,503.9999,5671.0180,5023.8760,503.9999,5071.0180,5023.8760,503.9999,5671.0180
Block_Platform_1B,4998.8760,503.9999,5671.0180,4998.8760,503.9999,5071.0180,5023.8760,503.9999,5071.0180
Block_Platform_1B,4998.8760,503.9999,5071.0180,5023.8760,503.9999,4471.0180,5023.8760,503.9999,5071.0180
Block_Platform_1B,4998.8760,503.9999,5071.0180,4998.8760,503.9999,4471.0180,5023.8760,503.9999,4471.0180
Block_Platform_1B,5023.8760,503.9999,5671.0180,5573.8760,503.9999,5071.0180,5573.8760,503.9999,5671.0180
Block_Platform_1B,5023.8760,503.9999,5671.0180,5023.8760,503.9999,5071.0180,5573.8760,503.9999,5071.0180
Block_Platform_1B,5023.8760,503.9999,5071.0180,5573.8760,503.9999,4471.0180,5573.8760,503.9999,5071.0180
Block_Platform_1B,5023.8760,503.9999,5071.0180,5023.8760,503.9999,4471.0180,5573.8760,503.9999,4471.0180
Block_Platform_1B,5573.8760,904.0001,4471.0180,5573.8760,503.9999,4471.0180,5598.8760,503.9999,4471.0180
Block_Platform_1B,5573.8760,904.0001,4471.0180,5598.8760,503.9999,4471.0180,5598.8760,904.0001,4471.0180
Block_Platform_1B,4998.8760,904.0001,4471.0180,4998.8760,503.9999,4471.0180,5023.8760,503.9999,4471.0180
Block_Platform_1B,4998.8760,904.0001,4471.0180,5023.8760,503.9999,4471.0180,5023.8760,904.0001,4471.0180
Block_Platform_1B,5023.8760,904.0001,4471.0180,5023.8760,503.9999,4471.0180,5573.8760,503.9999,4471.0180
Block_Platform_1B,5023.8760,904.0001,4471.0180,5573.8760,503.9999,4471.0180,5573.8760,904.0001,4471.0180
Block_Platform_1B,5584.2410,904.0001,1490.0630,5584.2410,503.9999,890.0633,5584.2410,904.0001,890.0633
Block_Platform_1B,5584.2410,904.0001,1490.0630,5584.2410,503.9999,1490.0630,5584.2410,503.9999,890.0633
Block_Platform_1B,5584.2410,904.0001,2090.0630,5584.2410,503.9999,1490.0630,5584.2410,904.0001,1490.0630
Block_Platform_1B,5584.2410,904.0001,2090.0630,5584.2410,503.9999,2090.0630,5584.2410,503.9999,1490.0630
Block_Platform_1B,5009.2410,904.0001,890.0633,5009.2410,503.9999,890.0633,4984.2410,503.9999,890.0633
Block_Platform_1B,5009.2410,904.0001,890.0633,4984.2410,503.9999,890.0633,4984.2410,904.0001,890.0633
Block_Platform_1B,5559.2410,503.9999,1490.0630,5559.2410,503.9999,890.0633,5584.2410,503.9999,890.0633
Block_Platform_1B,5559.2410,503.9999,1490.0630,5584.2410,503.9999,890.0633,5584.2410,503.9999,1490.0630
Block_Platform_1B,5559.2410,503.9999,2090.0630,5559.2410,503.9999,1490.0630,5584.2410,503.9999,1490.0630
Block_Platform_1B,5559.2410,503.9999,2090.0630,5584.2410,503.9999,1490.0630,5584.2410,503.9999,2090.0630
Block_Platform_1B,5584.2410,904.0001,890.0633,5584.2410,503.9999,890.0633,5559.2410,503.9999,890.0633
Block_Platform_1B,5584.2410,904.0001,890.0633,5559.2410,503.9999,890.0633,5559.2410,904.0001,890.0633
Block_Platform_1B,5559.2410,904.0001,890.0633,5559.2410,503.9999,890.0633,5009.2410,503.9999,890.0633
Block_Platform_1B,5559.2410,904.0001,890.0633,5009.2410,503.9999,890.0633,5009.2410,904.0001,890.0633
Block_Platform_1B,4984.2410,503.9999,1490.0630,4984.2410,503.9999,890.0633,5009.2410,503.9999,890.0633
Block_Platform_1B,4984.2410,503.9999,1490.0630,5009.2410,503.9999,890.0633,5009.2410,503.9999,1490.0630
Block_Platform_1B,4984.2410,503.9999,2090.0630,4984.2410,503.9999,1490.0630,5009.2410,503.9999,1490.0630
Block_Platform_1B,4984.2410,503.9999,2090.0630,5009.2410,503.9999,1490.0630,5009.2410,503.9999,2090.0630
Block_Platform_1B,5009.2410,503.9999,1490.0630,5009.2410,503.9999,890.0633,5559.2410,503.9999,890.0633
Block_Platform_1B,5009.2410,503.9999,1490.0630,5559.2410,503.9999,890.0633,5559.2410,503.9999,1490.0630
Block_Platform_1B,5009.2410,503.9999,2090.0630,5009.2410,503.9999,1490.0630,5559.2410,503.9999,1490.0630
Block_Platform_1B,5009.2410,503.9999,2090.0630,5559.2410,503.9999,1490.0630,5559.2410,503.9999,2090.0630
Block_Platform_1B,4984.2410,904.0001,1490.0630,4984.2410,904.0001,2090.0630,5009.2410,904.0001,2090.0630
Block_Platform_1B,4984.2410,904.0001,1490.0630,5009.2410,904.0001,2090.0630,5009.2410,904.0001,1490.0630
Block_Platform_1B,4984.2410,904.0001,890.0633,4984.2410,904.0001,1490.0630,5009.2410,904.0001,1490.0630
Block_Platform_1B,4984.2410,904.0001,890.0633,5009.2410,904.0001,1490.0630,5009.2410,904.0001,890.0633
Block_Platform_1B,5009.2410,904.0001,1490.0630,5009.2410,904.0001,2090.0630,5559.2410,904.0001,2090.0630
Block_Platform_1B,5009.2410,904.0001,1490.0630,5559.2410,904.0001,2090.0630,5559.2410,904.0001,1490.0630
Block_Platform_1B,5009.2410,904.0001,890.0633,5009.2410,904.0001,1490.0630,5559.2410,904.0001,1490.0630
Block_Platform_1B,5009.2410,904.0001,890.0633,5559.2410,904.0001,1490.0630,5559.2410,904.0001,890.0633
Block_Platform_1B,4984.2410,904.0001,890.0633,4984.2410,503.9999,890.0633,4984.2410,503.9999,1490.0630
Block_Platform_1B,4984.2410,904.0001,890.0633,4984.2410,503.9999,1490.0630,4984.2410,904.0001,1490.0630
Block_Platform_1B,4984.2410,904.0001,1490.0630,4984.2410,503.9999,1490.0630,4984.2410,503.9999,2090.0630
Block_Platform_1B,4984.2410,904.0001,1490.0630,4984.2410,503.9999,2090.0630,4984.2410,904.0001,2090.0630
Block_Platform_1B,5559.2410,904.0001,890.0633,5584.2410,904.0001,1490.0630,5584.2410,904.0001,890.0633
Block_Platform_1B,5559.2410,904.0001,890.0633,5559.2410,904.0001,1490.0630,5584.2410,904.0001,1490.0630
Block_Platform_1B,5559.2410,904.0001,1490.0630,5584.2410,904.0001,2090.0630,5584.2410,904.0001,1490.0630
Block_Platform_1B,5559.2410,904.0001,1490.0630,5559.2410,904.0001,2090.0630,5584.2410,904.0001,2090.0630
Block_Platform_1B,5559.2410,904.0001,3290.0630,5559.2410,503.9999,3290.0630,5584.2410,503.9999,3290.0630
Block_Platform_1B,5559.2410,904.0001,3290.0630,5584.2410,503.9999,3290.0630,5584.2410,904.0001,3290.0630
Block_Platform_1B,4984.2410,904.0001,2690.0630,4984.2400,503.9999,3290.0630,4984.2400,904.0001,3290.0630
Block_Platform_1B,4984.2410,904.0001,2690.0630,4984.2410,503.9999,2690.0630,4984.2400,503.9999,3290.0630
Block_Platform_1B,4984.2410,904.0001,2090.0630,4984.2410,503.9999,2690.0630,4984.2410,904.0001,2690.0630
Block_Platform_1B,4984.2410,904.0001,2090.0630,4984.2410,503.9999,2090.0630,4984.2410,503.9999,2690.0630
Block_Platform_1B,5559.2410,904.0001,2690.0630,5559.2410,904.0001,3290.0630,5584.2410,904.0001,3290.0630
Block_Platform_1B,5559.2410,904.0001,2690.0630,5584.2410,904.0001,3290.0630,5584.2410,904.0001,2690.0640
Block_Platform_1B,5559.2410,904.0001,2090.0630,5559.2410,904.0001,2690.0630,5584.2410,904.0001,2690.0640
Block_Platform_1B,5559.2410,904.0001,2090.0630,5584.2410,904.0001,2690.0640,5584.2410,904.0001,2090.0630
Block_Platform_1B,4984.2400,904.0001,3290.0630,4984.2400,503.9999,3290.0630,5009.2400,503.9999,3290.0630
Block_Platform_1B,4984.2400,904.0001,3290.0630,5009.2400,503.9999,3290.0630,5009.2400,904.0001,3290.0630
Block_Platform_1B,5009.2400,904.0001,3290.0630,5009.2400,503.9999,3290.0630,5559.2410,503.9999,3290.0630
Block_Platform_1B,5009.2400,904.0001,3290.0630,5559.2410,503.9999,3290.0630,5559.2410,904.0001,3290.0630
Block_Platform_1B,4984.2410,904.0001,2690.0630,4984.2400,904.0001,3290.0630,5009.2400,904.0001,3290.0630
Block_Platform_1B,4984.2410,904.0001,2690.0630,5009.2400,904.0001,3290.0630,5009.2410,904.0001,2690.0630
Block_Platform_1B,4984.2410,904.0001,2090.0630,4984.2410,904.0001,2690.0630,5009.2410,904.0001,2690.0630
Block_Platform_1B,4984.2410,904.0001,2090.0630,5009.2410,904.0001,2690.0630,5009.2410,904.0001,2090.0630
Block_Platform_1B,5009.2410,904.0001,2690.0630,5009.2400,904.0001,3290.0630,5559.2410,904.0001,3290.0630
Block_Platform_1B,5009.2410,904.0001,2690.0630,5559.2410,904.0001,3290.0630,5559.2410,904.0001,2690.0630
Block_Platform_1B,5009.2410,904.0001,2090.0630,5009.2410,904.0001,2690.0630,5559.2410,904.0001,2690.0630
Block_Platform_1B,5009.2410,904.0001,2090.0630,5559.2410,904.0001,2690.0630,5559.2410,904.0001,2090.0630
Block_Platform_1B,5584.2410,904.0001,3290.0630,5584.2410,503.9999,3290.0630,5584.2410,503.9999,2690.0640
Block_Platform_1B,5584.2410,904.0001,3290.0630,5584.2410,503.9999,2690.0640,5584.2410,904.0001,2690.0640
Block_Platform_1B,5584.2410,904.0001,2690.0640,5584.2410,503.9999,2690.0640,5584.2410,503.9999,2090.0630
Block_Platform_1B,5584.2410,904.0001,2690.0640,5584.2410,503.9999,2090.0630,5584.2410,904.0001,2090.0630
Block_Platform_1B,5559.2410,503.9999,3290.0630,5584.2410,503.9999,2690.0640,5584.2410,503.9999,3290.0630
Block_Platform_1B,5559.2410,503.9999,3290.0630,5559.2410,503.9999,2690.0630,5584.2410,503.9999,2690.0640
Block_Platform_1B,5559.2410,503.9999,2690.0630,5584.2410,503.9999,2090.0630,5584.2410,503.9999,2690.0640
Block_Platform_1B,5559.2410,503.9999,2690.0630,5559.2410,503.9999,2090.0630,5584.2410,503.9999,2090.0630
Block_Platform_1B,4984.2400,503.9999,3290.0630,5009.2410,503.9999,2690.0630,5009.2400,503.9999,3290.0630
Block_Platform_1B,4984.2400,503.9999,3290.0630,4984.2410,503.9999,2690.0630,5009.2410,503.9999,2690.0630
Block_Platform_1B,4984.2410,503.9999,2690.0630,5009.2410,503.9999,2090.0630,5009.2410,503.9999,2690.0630
Block_Platform_1B,4984.2410,503.9999,2690.0630,4984.2410,503.9999,2090.0630,5009.2410,503.9999,2090.0630
Block_Platform_1B,5009.2400,503.9999,3290.0630,5559.2410,503.9999,2690.0630,5559.2410,503.9999,3290.0630
Block_Platform_1B,5009.2400,503.9999,3290.0630,5009.2410,503.9999,2690.0630,5559.2410,503.9999,2690.0630
Block_Platform_1B,5009.2410,503.9999,2690.0630,5559.2410,503.9999,2090.0630,5559.2410,503.9999,2690.0630
Block_Platform_1B,5009.2410,503.9999,2690.0630,5009.2410,503.9999,2090.0630,5559.2410,503.9999,2090.0630
Block_Platform_1B,5559.2410,904.0001,2090.0630,5559.2410,503.9999,2090.0630,5584.2410,503.9999,2090.0630
Block_Platform_1B,5559.2410,904.0001,2090.0630,5584.2410,503.9999,2090.0630,5584.2410,904.0001,2090.0630
Block_Platform_1B,4984.2410,904.0001,2090.0630,4984.2410,503.9999,2090.0630,5009.2410,503.9999,2090.0630
Block_Platform_1B,4984.2410,904.0001,2090.0630,5009.2410,503.9999,2090.0630,5009.2410,904.0001,2090.0630
Block_Platform_1B,5009.2410,904.0001,2090.0630,5009.2410,503.9999,2090.0630,5559.2410,503.9999,2090.0630
Block_Platform_1B,5009.2410,904.0001,2090.0630,5559.2410,503.9999,2090.0630,5559.2410,904.0001,2090.0630
Block_Platform_1B,5594.0000,904.0001,-813.0001,5594.0000,503.9999,-1413.0000,5594.0000,904.0001,-1413.0000
Block_Platform_1B,5594.0000,904.0001,-813.0001,5594.0000,503.9999,-813.0001,5594.0000,503.9999,-1413.0000
Block_Platform_1B,5594.0000,904.0001,-213.0000,5594.0000,503.9999,-813.0001,5594.0000,904.0001,-813.0001
Block_Platform_1B,5594.0000,904.0001,-213.0000,5594.0000,503.9999,-213.0000,5594.0000,503.9999,-813.0001
Block_Platform_1B,5019.0000,904.0001,-1413.0000,5019.0000,503.9999,-1413.0000,4994.0000,503.9999,-1413.0000
Block_Platform_1B,5019.0000,904.0001,-1413.0000,4994.0000,503.9999,-1413.0000,4994.0000,904.0001,-1413.0000
Block_Platform_1B,5569.0000,503.9999,-813.0001,5569.0000,503.9999,-1413.0000,5594.0000,503.9999,-1413.0000
Block_Platform_1B,5569.0000,503.9999,-813.0001,5594.0000,503.9999,-1413.0000,5594.0000,503.9999,-813.0001
Block_Platform_1B,5569.0000,503.9999,-213.0000,5569.0000,503.9999,-813.0001,5594.0000,503.9999,-813.0001
Block_Platform_1B,5569.0000,503.9999,-213.0000,5594.0000,503.9999,-813.0001,5594.0000,503.9999,-213.0000
Block_Platform_1B,5594.0000,904.0001,-1413.0000,5594.0000,503.9999,-1413.0000,5569.0000,503.9999,-1413.0000
Block_Platform_1B,5594.0000,904.0001,-1413.0000,5569.0000,503.9999,-1413.0000,5569.0000,904.0001,-1413.0000
Block_Platform_1B,5569.0000,904.0001,-1413.0000,5569.0000,503.9999,-1413.0000,5019.0000,503.9999,-1413.0000
Block_Platform_1B,5569.0000,904.0001,-1413.0000,5019.0000,503.9999,-1413.0000,5019.0000,904.0001,-1413.0000
Block_Platform_1B,4994.0000,503.9999,-813.0001,4994.0000,503.9999,-1413.0000,5019.0000,503.9999,-1413.0000
Block_Platform_1B,4994.0000,503.9999,-813.0001,5019.0000,503.9999,-1413.0000,5019.0000,503.9999,-813.0001
Block_Platform_1B,4994.0000,503.9999,-213.0001,4994.0000,503.9999,-813.0001,5019.0000,503.9999,-813.0001
Block_Platform_1B,4994.0000,503.9999,-213.0001,5019.0000,503.9999,-813.0001,5019.0000,503.9999,-213.0000
Block_Platform_1B,5019.0000,503.9999,-813.0001,5019.0000,503.9999,-1413.0000,5569.0000,503.9999,-1413.0000
Block_Platform_1B,5019.0000,503.9999,-813.0001,5569.0000,503.9999,-1413.0000,5569.0000,503.9999,-813.0001
Block_Platform_1B,5019.0000,503.9999,-213.0000,5019.0000,503.9999,-813.0001,5569.0000,503.9999,-813.0001
Block_Platform_1B,5019.0000,503.9999,-213.0000,5569.0000,503.9999,-813.0001,5569.0000,503.9999,-213.0000
Block_Platform_1B,4994.0000,904.0001,-813.0001,4994.0000,904.0001,-213.0001,5019.0000,904.0001,-213.0000
Block_Platform_1B,4994.0000,904.0001,-813.0001,5019.0000,904.0001,-213.0000,5019.0000,904.0001,-813.0001
Block_Platform_1B,4994.0000,904.0001,-1413.0000,4994.0000,904.0001,-813.0001,5019.0000,904.0001,-813.0001
Block_Platform_1B,4994.0000,904.0001,-1413.0000,5019.0000,904.0001,-813.0001,5019.0000,904.0001,-1413.0000
Block_Platform_1B,5019.0000,904.0001,-813.0001,5019.0000,904.0001,-213.0000,5569.0000,904.0001,-213.0000
Block_Platform_1B,5019.0000,904.0001,-813.0001,5569.0000,904.0001,-213.0000,5569.0000,904.0001,-813.0001
Block_Platform_1B,5019.0000,904.0001,-1413.0000,5019.0000,904.0001,-813.0001,5569.0000,904.0001,-813.0001
Block_Platform_1B,5019.0000,904.0001,-1413.0000,5569.0000,904.0001,-813.0001,5569.0000,904.0001,-1413.0000
Block_Platform_1B,4994.0000,904.0001,-1413.0000,4994.0000,503.9999,-1413.0000,4994.0000,503.9999,-813.0001
Block_Platform_1B,4994.0000,904.0001,-1413.0000,4994.0000,503.9999,-813.0001,4994.0000,904.0001,-813.0001
Block_Platform_1B,4994.0000,904.0001,-813.0001,4994.0000,503.9999,-813.0001,4994.0000,503.9999,-213.0001
Block_Platform_1B,4994.0000,904.0001,-813.0001,4994.0000,503.9999,-213.0001,4994.0000,904.0001,-213.0001
Block_Platform_1B,5569.0000,904.0001,-1413.0000,5594.0000,904.0001,-813.0001,5594.0000,904.0001,-1413.0000
Block_Platform_1B,5569.0000,904.0001,-1413.0000,5569.0000,904.0001,-813.0001,5594.0000,904.0001,-813.0001
Block_Platform_1B,5569.0000,904.0001,-813.0001,5594.0000,904.0001,-213.0000,5594.0000,904.0001,-813.0001
Block_Platform_1B,5569.0000,904.0001,-813.0001,5569.0000,904.0001,-213.0000,5594.0000,904.0001,-213.0000
Block_Platform_1B,5569.0000,904.0001,987.0002,5569.0000,503.9999,987.0002,5594.0000,503.9999,987.0002
Block_Platform_1B,5569.0000,904.0001,987.0002,5594.0000,503.9999,987.0002,5594.0000,904.0001,987.0002
Block_Platform_1B,4994.0000,904.0001,387.0000,4994.0000,503.9999,987.0002,4994.0000,904.0001,987.0002
Block_Platform_1B,4994.0000,904.0001,387.0000,4994.0000,503.9999,387.0000,4994.0000,503.9999,987.0002
Block_Platform_1B,4994.0000,904.0001,-213.0001,4994.0000,503.9999,387.0000,4994.0000,904.0001,387.0000
Block_Platform_1B,4994.0000,904.0001,-213.0001,4994.0000,503.9999,-213.0001,4994.0000,503.9999,387.0000
Block_Platform_1B,5569.0000,904.0001,387.0001,5569.0000,904.0001,987.0002,5594.0000,904.0001,987.0002
Block_Platform_1B,5569.0000,904.0001,387.0001,5594.0000,904.0001,987.0002,5594.0000,904.0001,387.0001
Block_Platform_1B,5569.0000,904.0001,-213.0000,5569.0000,904.0001,387.0001,5594.0000,904.0001,387.0001
Block_Platform_1B,5569.0000,904.0001,-213.0000,5594.0000,904.0001,387.0001,5594.0000,904.0001,-213.0000
Block_Platform_1B,4994.0000,904.0001,987.0002,4994.0000,503.9999,987.0002,5019.0000,503.9999,987.0002
Block_Platform_1B,4994.0000,904.0001,987.0002,5019.0000,503.9999,987.0002,5019.0000,904.0001,987.0002
Block_Platform_1B,5019.0000,904.0001,987.0002,5019.0000,503.9999,987.0002,5569.0000,503.9999,987.0002
Block_Platform_1B,5019.0000,904.0001,987.0002,5569.0000,503.9999,987.0002,5569.0000,904.0001,987.0002
Block_Platform_1B,4994.0000,904.0001,387.0000,4994.0000,904.0001,987.0002,5019.0000,904.0001,987.0002
Block_Platform_1B,4994.0000,904.0001,387.0000,5019.0000,904.0001,987.0002,5019.0000,904.0001,387.0001
Block_Platform_1B,4994.0000,904.0001,-213.0001,4994.0000,904.0001,387.0000,5019.0000,904.0001,387.0001
Block_Platform_1B,4994.0000,904.0001,-213.0001,5019.0000,904.0001,387.0001,5019.0000,904.0001,-213.0000
Block_Platform_1B,5019.0000,904.0001,387.0001,5019.0000,904.0001,987.0002,5569.0000,904.0001,987.0002
Block_Platform_1B,5019.0000,904.0001,387.0001,5569.0000,904.0001,987.0002,5569.0000,904.0001,387.0001
Block_Platform_1B,5019.0000,904.0001,-213.0000,5019.0000,904.0001,387.0001,5569.0000,904.0001,387.0001
Block_Platform_1B,5019.0000,904.0001,-213.0000,5569.0000,904.0001,387.0001,5569.0000,904.0001,-213.0000
Block_Platform_1B,5594.0000,904.0001,987.0002,5594.0000,503.9999,987.0002,5594.0000,503.9999,387.0001
Block_Platform_1B,5594.0000,904.0001,987.0002,5594.0000,503.9999,387.0001,5594.0000,904.0001,387.0001
Block_Platform_1B,5594.0000,904.0001,387.0001,5594.0000,503.9999,387.0001,5594.0000,503.9999,-213.0000
Block_Platform_1B,5594.0000,904.0001,387.0001,5594.0000,503.9999,-213.0000,5594.0000,904.0001,-213.0000
Block_Platform_1B,5569.0000,503.9999,987.0002,5594.0000,503.9999,387.0001,5594.0000,503.9999,987.0002
Block_Platform_1B,5569.0000,503.9999,987.0002,5569.0000,503.9999,387.0001,5594.0000,503.9999,387.0001
Block_Platform_1B,5569.0000,503.9999,387.0001,5594.0000,503.9999,-213.0000,5594.0000,503.9999,387.0001
Block_Platform_1B,5569.0000,503.9999,387.0001,5569.0000,503.9999,-213.0000,5594.0000,503.9999,-213.0000
Block_Platform_1B,4994.0000,503.9999,987.0002,5019.0000,503.9999,387.0001,5019.0000,503.9999,987.0002
Block_Platform_1B,4994.0000,503.9999,987.0002,4994.0000,503.9999,387.0000,5019.0000,503.9999,387.0001
Block_Platform_1B,4994.0000,503.9999,387.0000,5019.0000,503.9999,-213.0000,5019.0000,503.9999,387.0001
Block_Platform_1B,4994.0000,503.9999,387.0000,4994.0000,503.9999,-213.0001,5019.0000,503.9999,-213.0000
Block_Platform_1B,5019.0000,503.9999,987.0002,5569.0000,503.9999,387.0001,5569.0000,503.9999,987.0002
Block_Platform_1B,5019.0000,503.9999,987.0002,5019.0000,503.9999,387.0001,5569.0000,503.9999,387.0001
Block_Platform_1B,5019.0000,503.9999,387.0001,5569.0000,503.9999,-213.0000,5569.0000,503.9999,387.0001
Block_Platform_1B,5019.0000,503.9999,387.0001,5019.0000,503.9999,-213.0000,5569.0000,503.9999,-213.0000
Block_Platform_1B,5569.0000,904.0001,-213.0000,5569.0000,503.9999,-213.0000,5594.0000,503.9999,-213.0000
Block_Platform_1B,5569.0000,904.0001,-213.0000,5594.0000,503.9999,-213.0000,5594.0000,904.0001,-213.0000
Block_Platform_1B,4994.0000,904.0001,-213.0001,4994.0000,503.9999,-213.0001,5019.0000,503.9999,-213.0000
Block_Platform_1B,4994.0000,904.0001,-213.0001,5019.0000,503.9999,-213.0000,5019.0000,904.0001,-213.0000
Block_Platform_1B,5019.0000,904.0001,-213.0000,5019.0000,503.9999,-213.0000,5569.0000,503.9999,-213.0000
Block_Platform_1B,5019.0000,904.0001,-213.0000,5569.0000,503.9999,-213.0000,5569.0000,904.0001,-213.0000
Block_Platform_1B,-2965.8750,904.0001,6168.0000,-2965.8750,503.9999,5568.0000,-2965.8750,904.0001,5568.0000
Block_Platform_1B,-2965.8750,904.0001,6168.0000,-2965.8750,503.9999,6168.0000,-2965.8750,503.9999,5568.0000
Block_Platform_1B,-2965.8760,904.0001,6768.0000,-2965.8750,503.9999,6168.0000,-2965.8750,904.0001,6168.0000
Block_Platform_1B,-2965.8760,904.0001,6768.0000,-2965.8760,503.9999,6768.0000,-2965.8750,503.9999,6168.0000
Block_Platform_1B,-3540.8760,904.0001,5568.0000,-3540.8760,503.9999,5568.0000,-3565.8760,503.9999,5568.0000
Block_Platform_1B,-3540.8760,904.0001,5568.0000,-3565.8760,503.9999,5568.0000,-3565.8760,904.0001,5568.0000
Block_Platform_1B,-2990.8750,503.9999,6168.0000,-2990.8750,503.9999,5568.0000,-2965.8750,503.9999,5568.0000
Block_Platform_1B,-2990.8750,503.9999,6168.0000,-2965.8750,503.9999,5568.0000,-2965.8750,503.9999,6168.0000
Block_Platform_1B,-2990.8760,503.9999,6768.0000,-2990.8750,503.9999,6168.0000,-2965.8750,503.9999,6168.0000
Block_Platform_1B,-2990.8760,503.9999,6768.0000,-2965.8750,503.9999,6168.0000,-2965.8760,503.9999,6768.0000
Block_Platform_1B,-2965.8750,904.0001,5568.0000,-2965.8750,503.9999,5568.0000,-2990.8750,503.9999,5568.0000
Block_Platform_1B,-2965.8750,904.0001,5568.0000,-2990.8750,503.9999,5568.0000,-2990.8750,904.0001,5568.0000
Block_Platform_1B,-2990.8750,904.0001,5568.0000,-2990.8750,503.9999,5568.0000,-3540.8760,503.9999,5568.0000
Block_Platform_1B,-2990.8750,904.0001,5568.0000,-3540.8760,503.9999,5568.0000,-3540.8760,904.0001,5568.0000
Block_Platform_1B,-3565.8760,503.9999,6168.0000,-3565.8760,503.9999,5568.0000,-3540.8760,503.9999,5568.0000
Block_Platform_1B,-3565.8760,503.9999,6168.0000,-3540.8760,503.9999,5568.0000,-3540.8760,503.9999,6168.0000
Block_Platform_1B,-3565.8760,503.9999,6768.0000,-3565.8760,503.9999,6168.0000,-3540.8760,503.9999,6168.0000
Block_Platform_1B,-3565.8760,503.9999,6768.0000,-3540.8760,503.9999,6168.0000,-3540.8760,503.9999,6768.0000
Block_Platform_1B,-3540.8760,503.9999,6168.0000,-3540.8760,503.9999,5568.0000,-2990.8750,503.9999,5568.0000
Block_Platform_1B,-3540.8760,503.9999,6168.0000,-2990.8750,503.9999,5568.0000,-2990.8750,503.9999,6168.0000
Block_Platform_1B,-3540.8760,503.9999,6768.0000,-3540.8760,503.9999,6168.0000,-2990.8750,503.9999,6168.0000
Block_Platform_1B,-3540.8760,503.9999,6768.0000,-2990.8750,503.9999,6168.0000,-2990.8760,503.9999,6768.0000
Block_Platform_1B,-3565.8760,904.0001,6168.0000,-3565.8760,904.0001,6768.0000,-3540.8760,904.0001,6768.0000
Block_Platform_1B,-3565.8760,904.0001,6168.0000,-3540.8760,904.0001,6768.0000,-3540.8760,904.0001,6168.0000
Block_Platform_1B,-3565.8760,904.0001,5568.0000,-3565.8760,904.0001,6168.0000,-3540.8760,904.0001,6168.0000
Block_Platform_1B,-3565.8760,904.0001,5568.0000,-3540.8760,904.0001,6168.0000,-3540.8760,904.0001,5568.0000
Block_Platform_1B,-3540.8760,904.0001,6168.0000,-3540.8760,904.0001,6768.0000,-2990.8760,904.0001,6768.0000
Block_Platform_1B,-3540.8760,904.0001,6168.0000,-2990.8760,904.0001,6768.0000,-2990.8750,904.0001,6168.0000
Block_Platform_1B,-3540.8760,904.0001,5568.0000,-3540.8760,904.0001,6168.0000,-2990.8750,904.0001,6168.0000
Block_Platform_1B,-3540.8760,904.0001,5568.0000,-2990.8750,904.0001,6168.0000,-2990.8750,904.0001,5568.0000
Block_Platform_1B,-3565.8760,904.0001,5568.0000,-3565.8760,503.9999,5568.0000,-3565.8760,503.9999,6168.0000
Block_Platform_1B,-3565.8760,904.0001,5568.0000,-3565.8760,503.9999,6168.0000,-3565.8760,904.0001,6168.0000
Block_Platform_1B,-3565.8760,904.0001,6168.0000,-3565.8760,503.9999,6168.0000,-3565.8760,503.9999,6768.0000
Block_Platform_1B,-3565.8760,904.0001,6168.0000,-3565.8760,503.9999,6768.0000,-3565.8760,904.0001,6768.0000
Block_Platform_1B,-2990.8750,904.0001,5568.0000,-2965.8750,904.0001,6168.0000,-2965.8750,904.0001,5568.0000
Block_Platform_1B,-2990.8750,904.0001,5568.0000,-2990.8750,904.0001,6168.0000,-2965.8750,904.0001,6168.0000
Block_Platform_1B,-2990.8750,904.0001,6168.0000,-2965.8760,904.0001,6768.0000,-2965.8750,904.0001,6168.0000
Block_Platform_1B,-2990.8750,904.0001,6168.0000,-2990.8760,904.0001,6768.0000,-2965.8760,904.0001,6768.0000
Block_Platform_1B,-2990.8760,904.0001,7968.0000,-2990.8760,503.9999,7968.0000,-2965.8760,503.9999,7968.0000
Block_Platform_1B,-2990.8760,904.0001,7968.0000,-2965.8760,503.9999,7968.0000,-2965.8760,904.0001,7968.0000
Block_Platform_1B,-3565.8760,904.0001,7368.0000,-3565.8760,503.9999,7968.0000,-3565.8760,904.0001,7968.0000
Block_Platform_1B,-3565.8760,904.0001,7368.0000,-3565.8760,503.9999,7368.0000,-3565.8760,503.9999,7968.0000
Block_Platform_1B,-3565.8760,904.0001,6768.0000,-3565.8760,503.9999,7368.0000,-3565.8760,904.0001,7368.0000
Block_Platform_1B,-3565.8760,904.0001,6768.0000,-3565.8760,503.9999,6768.0000,-3565.8760,503.9999,7368.0000
Block_Platform_1B,-2990.8760,904.0001,7368.0000,-2990.8760,904.0001,7968.0000,-2965.8760,904.0001,7968.0000
Block_Platform_1B,-2990.8760,904.0001,7368.0000,-2965.8760,904.0001,7968.0000,-2965.8760,904.0001,7368.0000
Block_Platform_1B,-2990.8760,904.0001,6768.0000,-2990.8760,904.0001,7368.0000,-2965.8760,904.0001,7368.0000
Block_Platform_1B,-2990.8760,904.0001,6768.0000,-2965.8760,904.0001,7368.0000,-2965.8760,904.0001,6768.0000
Block_Platform_1B,-3565.8760,904.0001,7968.0000,-3565.8760,503.9999,7968.0000,-3540.8760,503.9999,7968.0000
Block_Platform_1B,-3565.8760,904.0001,7968.0000,-3540.8760,503.9999,7968.0000,-3540.8760,904.0001,7968.0000
Block_Platform_1B,-3540.8760,904.0001,7968.0000,-3540.8760,503.9999,7968.0000,-2990.8760,503.9999,7968.0000
Block_Platform_1B,-3540.8760,904.0001,7968.0000,-2990.8760,503.9999,7968.0000,-2990.8760,904.0001,7968.0000
Block_Platform_1B,-3565.8760,904.0001,7368.0000,-3565.8760,904.0001,7968.0000,-3540.8760,904.0001,7968.0000
Block_Platform_1B,-3565.8760,904.0001,7368.0000,-3540.8760,904.0001,7968.0000,-3540.8760,904.0001,7368.0000
Block_Platform_1B,-3565.8760,904.0001,6768.0000,-3565.8760,904.0001,7368.0000,-3540.8760,904.0001,7368.0000
Block_Platform_1B,-3565.8760,904.0001,6768.0000,-3540.8760,904.0001,7368.0000,-3540.8760,904.0001,6768.0000
Block_Platform_1B,-3540.8760,904.0001,7368.0000,-3540.8760,904.0001,7968.0000,-2990.8760,904.0001,7968.0000
Block_Platform_1B,-3540.8760,904.0001,7368.0000,-2990.8760,904.0001,7968.0000,-2990.8760,904.0001,7368.0000
Block_Platform_1B,-3540.8760,904.0001,6768.0000,-3540.8760,904.0001,7368.0000,-2990.8760,904.0001,7368.0000
Block_Platform_1B,-3540.8760,904.0001,6768.0000,-2990.8760,904.0001,7368.0000,-2990.8760,904.0001,6768.0000
Block_Platform_1B,-2965.8760,904.0001,7968.0000,-2965.8760,503.9999,7968.0000,-2965.8760,503.9999,7368.0000
Block_Platform_1B,-2965.8760,904.0001,7968.0000,-2965.8760,503.9999,7368.0000,-2965.8760,904.0001,7368.0000
Block_Platform_1B,-2965.8760,904.0001,7368.0000,-2965.8760,503.9999,7368.0000,-2965.8760,503.9999,6768.0000
Block_Platform_1B,-2965.8760,904.0001,7368.0000,-2965.8760,503.9999,6768.0000,-2965.8760,904.0001,6768.0000
Block_Platform_1B,-2990.8760,503.9999,7968.0000,-2965.8760,503.9999,7368.0000,-2965.8760,503.9999,7968.0000
Block_Platform_1B,-2990.8760,503.9999,7968.0000,-2990.8760,503.9999,7368.0000,-2965.8760,503.9999,7368.0000
Block_Platform_1B,-2990.8760,503.9999,7368.0000,-2965.8760,503.9999,6768.0000,-2965.8760,503.9999,7368.0000
Block_Platform_1B,-2990.8760,503.9999,7368.0000,-2990.8760,503.9999,6768.0000,-2965.8760,503.9999,6768.0000
Block_Platform_1B,-3565.8760,503.9999,7968.0000,-3540.8760,503.9999,7368.0000,-3540.8760,503.9999,7968.0000
Block_Platform_1B,-3565.8760,503.9999,7968.0000,-3565.8760,503.9999,7368.0000,-3540.8760,503.9999,7368.0000
Block_Platform_1B,-3565.8760,503.9999,7368.0000,-3540.8760,503.9999,6768.0000,-3540.8760,503.9999,7368.0000
Block_Platform_1B,-3565.8760,503.9999,7368.0000,-3565.8760,503.9999,6768.0000,-3540.8760,503.9999,6768.0000
Block_Platform_1B,-3540.8760,503.9999,7968.0000,-2990.8760,503.9999,7368.0000,-2990.8760,503.9999,7968.0000
Block_Platform_1B,-3540.8760,503.9999,7968.0000,-3540.8760,503.9999,7368.0000,-2990.8760,503.9999,7368.0000
Block_Platform_1B,-3540.8760,503.9999,7368.0000,-2990.8760,503.9999,6768.0000,-2990.8760,503.9999,7368.0000
Block_Platform_1B,-3540.8760,503.9999,7368.0000,-3540.8760,503.9999,6768.0000,-2990.8760,503.9999,6768.0000
Block_Platform_1B,-2990.8760,904.0001,6768.0000,-2990.8760,503.9999,6768.0000,-2965.8760,503.9999,6768.0000
Block_Platform_1B,-2990.8760,904.0001,6768.0000,-2965.8760,503.9999,6768.0000,-2965.8760,904.0001,6768.0000
Block_Platform_1B,-3565.8760,904.0001,6768.0000,-3565.8760,503.9999,6768.0000,-3540.8760,503.9999,6768.0000
Block_Platform_1B,-3565.8760,904.0001,6768.0000,-3540.8760,503.9999,6768.0000,-3540.8760,904.0001,6768.0000
Block_Platform_1B,-3540.8760,904.0001,6768.0000,-3540.8760,503.9999,6768.0000,-2990.8760,503.9999,6768.0000
Block_Platform_1B,-3540.8760,904.0001,6768.0000,-2990.8760,503.9999,6768.0000,-2990.8760,904.0001,6768.0000
Block_Platform_1B,-2980.0000,904.0001,3871.0180,-2980.0000,503.9999,3271.0180,-2980.0000,904.0001,3271.0180
Block_Platform_1B,-2980.0000,904.0001,3871.0180,-2980.0000,503.9999,3871.0180,-2980.0000,503.9999,3271.0180
Block_Platform_1B,-2980.0000,904.0001,4471.0180,-2980.0000,503.9999,3871.0180,-2980.0000,904.0001,3871.0180
Block_Platform_1B,-2980.0000,904.0001,4471.0180,-2980.0000,503.9999,4471.0180,-2980.0000,503.9999,3871.0180
Block_Platform_1B,-3555.0000,904.0001,3271.0180,-3555.0000,503.9999,3271.0180,-3580.0000,503.9999,3271.0180
Block_Platform_1B,-3555.0000,904.0001,3271.0180,-3580.0000,503.9999,3271.0180,-3580.0000,904.0001,3271.0180
Block_Platform_1B,-3005.0000,503.9999,3871.0180,-3005.0000,503.9999,3271.0180,-2980.0000,503.9999,3271.0180
Block_Platform_1B,-3005.0000,503.9999,3871.0180,-2980.0000,503.9999,3271.0180,-2980.0000,503.9999,3871.0180
Block_Platform_1B,-3005.0000,503.9999,4471.0180,-3005.0000,503.9999,3871.0180,-2980.0000,503.9999,3871.0180
Block_Platform_1B,-3005.0000,503.9999,4471.0180,-2980.0000,503.9999,3871.0180,-2980.0000,503.9999,4471.0180
Block_Platform_1B,-2980.0000,904.0001,3271.0180,-2980.0000,503.9999,3271.0180,-3005.0000,503.9999,3271.0180
Block_Platform_1B,-2980.0000,904.0001,3271.0180,-3005.0000,503.9999,3271.0180,-3005.0000,904.0001,3271.0180
Block_Platform_1B,-3005.0000,904.0001,3271.0180,-3005.0000,503.9999,3271.0180,-3555.0000,503.9999,3271.0180
Block_Platform_1B,-3005.0000,904.0001,3271.0180,-3555.0000,503.9999,3271.0180,-3555.0000,904.0001,3271.0180
Block_Platform_1B,-3580.0000,503.9999,3871.0180,-3580.0000,503.9999,3271.0180,-3555.0000,503.9999,3271.0180
Block_Platform_1B,-3580.0000,503.9999,3871.0180,-3555.0000,503.9999,3271.0180,-3555.0000,503.9999,3871.0180
Block_Platform_1B,-3580.0000,503.9999,4471.0180,-3580.0000,503.9999,3871.0180,-3555.0000,503.9999,3871.0180
Block_Platform_1B,-3580.0000,503.9999,4471.0180,-3555.0000,503.9999,3871.0180,-3555.0000,503.9999,4471.0180
Block_Platform_1B,-3555.0000,503.9999,3871.0180,-3555.0000,503.9999,3271.0180,-3005.0000,503.9999,3271.0180
Block_Platform_1B,-3555.0000,503.9999,3871.0180,-3005.0000,503.9999,3271.0180,-3005.0000,503.9999,3871.0180
Block_Platform_1B,-3555.0000,503.9999,4471.0180,-3555.0000,503.9999,3871.0180,-3005.0000,503.9999,3871.0180
Block_Platform_1B,-3555.0000,503.9999,4471.0180,-3005.0000,503.9999,3871.0180,-3005.0000,503.9999,4471.0180
Block_Platform_1B,-3580.0000,904.0001,3871.0180,-3580.0000,904.0001,4471.0180,-3555.0000,904.0001,4471.0180
Block_Platform_1B,-3580.0000,904.0001,3871.0180,-3555.0000,904.0001,4471.0180,-3555.0000,904.0001,3871.0180
Block_Platform_1B,-3580.0000,904.0001,3271.0180,-3580.0000,904.0001,3871.0180,-3555.0000,904.0001,3871.0180
Block_Platform_1B,-3580.0000,904.0001,3271.0180,-3555.0000,904.0001,3871.0180,-3555.0000,904.0001,3271.0180
Block_Platform_1B,-3555.0000,904.0001,3871.0180,-3555.0000,904.0001,4471.0180,-3005.0000,904.0001,4471.0180
Block_Platform_1B,-3555.0000,904.0001,3871.0180,-3005.0000,904.0001,4471.0180,-3005.0000,904.0001,3871.0180
Block_Platform_1B,-3555.0000,904.0001,3271.0180,-3555.0000,904.0001,3871.0180,-3005.0000,904.0001,3871.0180
Block_Platform_1B,-3555.0000,904.0001,3271.0180,-3005.0000,904.0001,3871.0180,-3005.0000,904.0001,3271.0180
Block_Platform_1B,-3580.0000,904.0001,3271.0180,-3580.0000,503.9999,3271.0180,-3580.0000,503.9999,3871.0180
Block_Platform_1B,-3580.0000,904.0001,3271.0180,-3580.0000,503.9999,3871.0180,-3580.0000,904.0001,3871.0180
Block_Platform_1B,-3580.0000,904.0001,3871.0180,-3580.0000,503.9999,3871.0180,-3580.0000,503.9999,4471.0180
Block_Platform_1B,-3580.0000,904.0001,3871.0180,-3580.0000,503.9999,4471.0180,-3580.0000,904.0001,4471.0180
Block_Platform_1B,-3005.0000,904.0001,3271.0180,-2980.0000,904.0001,3871.0180,-2980.0000,904.0001,3271.0180
Block_Platform_1B,-3005.0000,904.0001,3271.0180,-3005.0000,904.0001,3871.0180,-2980.0000,904.0001,3871.0180
Block_Platform_1B,-3005.0000,904.0001,3871.0180,-2980.0000,904.0001,4471.0180,-2980.0000,904.0001,3871.0180
Block_Platform_1B,-3005.0000,904.0001,3871.0180,-3005.0000,904.0001,4471.0180,-2980.0000,904.0001,4471.0180
Block_Platform_1B,-3005.0000,904.0001,5671.0180,-3005.0000,503.9999,5671.0180,-2980.0000,503.9999,5671.0180
Block_Platform_1B,-3005.0000,904.0001,5671.0180,-2980.0000,503.9999,5671.0180,-2980.0000,904.0001,5671.0180
Block_Platform_1B,-3580.0000,904.0001,5071.0180,-3580.0000,503.9999,5671.0180,-3580.0000,904.0001,5671.0180
Block_Platform_1B,-3580.0000,904.0001,5071.0180,-3580.0000,503.9999,5071.0180,-3580.0000,503.9999,5671.0180
Block_Platform_1B,-3580.0000,904.0001,4471.0180,-3580.0000,503.9999,5071.0180,-3580.0000,904.0001,5071.0180
Block_Platform_1B,-3580.0000,904.0001,4471.0180,-3580.0000,503.9999,4471.0180,-3580.0000,503.9999,5071.0180
Block_Platform_1B,-3005.0000,904.0001,5071.0180,-3005.0000,904.0001,5671.0180,-2980.0000,904.0001,5671.0180
Block_Platform_1B,-3005.0000,904.0001,5071.0180,-2980.0000,904.0001,5671.0180,-2980.0000,904.0001,5071.0180
Block_Platform_1B,-3005.0000,904.0001,4471.0180,-3005.0000,904.0001,5071.0180,-2980.0000,904.0001,5071.0180
Block_Platform_1B,-3005.0000,904.0001,4471.0180,-2980.0000,904.0001,5071.0180,-2980.0000,904.0001,4471.0180
Block_Platform_1B,-3580.0000,904.0001,5671.0180,-3580.0000,503.9999,5671.0180,-3555.0000,503.9999,5671.0180
Block_Platform_1B,-3580.0000,904.0001,5671.0180,-3555.0000,503.9999,5671.0180,-3555.0000,904.0001,5671.0180
Block_Platform_1B,-3555.0000,904.0001,5671.0180,-3555.0000,503.9999,5671.0180,-3005.0000,503.9999,5671.0180
Block_Platform_1B,-3555.0000,904.0001,5671.0180,-3005.0000,503.9999,5671.0180,-3005.0000,904.0001,5671.0180
Block_Platform_1B,-3580.0000,904.0001,5071.0180,-3580.0000,904.0001,5671.0180,-3555.0000,904.0001,5671.0180
Block_Platform_1B,-3580.0000,904.0001,5071.0180,-3555.0000,904.0001,5671.0180,-3555.0000,904.0001,5071.0180
Block_Platform_1B,-3580.0000,904.0001,4471.0180,-3580.0000,904.0001,5071.0180,-3555.0000,904.0001,5071.0180
Block_Platform_1B,-3580.0000,904.0001,4471.0180,-3555.0000,904.0001,5071.0180,-3555.0000,904.0001,4471.0180
Block_Platform_1B,-3555.0000,904.0001,5071.0180,-3555.0000,904.0001,5671.0180,-3005.0000,904.0001,5671.0180
Block_Platform_1B,-3555.0000,904.0001,5071.0180,-3005.0000,904.0001,5671.0180,-3005.0000,904.0001,5071.0180
Block_Platform_1B,-3555.0000,904.0001,4471.0180,-3555.0000,904.0001,5071.0180,-3005.0000,904.0001,5071.0180
Block_Platform_1B,-3555.0000,904.0001,4471.0180,-3005.0000,904.0001,5071.0180,-3005.0000,904.0001,4471.0180
Block_Platform_1B,-2980.0000,904.0001,5671.0180,-2980.0000,503.9999,5671.0180,-2980.0000,503.9999,5071.0180
Block_Platform_1B,-2980.0000,904.0001,5671.0180,-2980.0000,503.9999,5071.0180,-2980.0000,904.0001,5071.0180
Block_Platform_1B,-2980.0000,904.0001,5071.0180,-2980.0000,503.9999,5071.0180,-2980.0000,503.9999,4471.0180
Block_Platform_1B,-2980.0000,904.0001,5071.0180,-2980.0000,503.9999,4471.0180,-2980.0000,904.0001,4471.0180
Block_Platform_1B,-3005.0000,503.9999,5671.0180,-2980.0000,503.9999,5071.0180,-2980.0000,503.9999,5671.0180
Block_Platform_1B,-3005.0000,503.9999,5671.0180,-3005.0000,503.9999,5071.0180,-2980.0000,503.9999,5071.0180
Block_Platform_1B,-3005.0000,503.9999,5071.0180,-2980.0000,503.9999,4471.0180,-2980.0000,503.9999,5071.0180
Block_Platform_1B,-3005.0000,503.9999,5071.0180,-3005.0000,503.9999,4471.0180,-2980.0000,503.9999,4471.0180
Block_Platform_1B,-3580.0000,503.9999,5671.0180,-3555.0000,503.9999,5071.0180,-3555.0000,503.9999,5671.0180
Block_Platform_1B,-3580.0000,503.9999,5671.0180,-3580.0000,503.9999,5071.0180,-3555.0000,503.9999,5071.0180
Block_Platform_1B,-3580.0000,503.9999,5071.0180,-3555.0000,503.9999,4471.0180,-3555.0000,503.9999,5071.0180
Block_Platform_1B,-3580.0000,503.9999,5071.0180,-3580.0000,503.9999,4471.0180,-3555.0000,503.9999,4471.0180
Block_Platform_1B,-3555.0000,503.9999,5671.0180,-3005.0000,503.9999,5071.0180,-3005.0000,503.9999,5671.0180
Block_Platform_1B,-3555.0000,503.9999,5671.0180,-3555.0000,503.9999,5071.0180,-3005.0000,503.9999,5071.0180
Block_Platform_1B,-3555.0000,503.9999,5071.0180,-3005.0000,503.9999,4471.0180,-3005.0000,503.9999,5071.0180
Block_Platform_1B,-3555.0000,503.9999,5071.0180,-3555.0000,503.9999,4471.0180,-3005.0000,503.9999,4471.0180
Block_Platform_1B,-3005.0000,904.0001,4471.0180,-3005.0000,503.9999,4471.0180,-2980.0000,503.9999,4471.0180
Block_Platform_1B,-3005.0000,904.0001,4471.0180,-2980.0000,503.9999,4471.0180,-2980.0000,904.0001,4471.0180
Block_Platform_1B,-3580.0000,904.0001,4471.0180,-3580.0000,503.9999,4471.0180,-3555.0000,503.9999,4471.0180
Block_Platform_1B,-3580.0000,904.0001,4471.0180,-3555.0000,503.9999,4471.0180,-3555.0000,904.0001,4471.0180
Block_Platform_1B,-3555.0000,904.0001,4471.0180,-3555.0000,503.9999,4471.0180,-3005.0000,503.9999,4471.0180
Block_Platform_1B,-3555.0000,904.0001,4471.0180,-3005.0000,503.9999,4471.0180,-3005.0000,904.0001,4471.0180
Block_Platform_1B,-2994.6350,904.0001,1490.0630,-2994.6350,503.9999,890.0633,-2994.6350,904.0001,890.0633
Block_Platform_1B,-2994.6350,904.0001,1490.0630,-2994.6350,503.9999,1490.0630,-2994.6350,503.9999,890.0633
Block_Platform_1B,-2994.6350,904.0001,2090.0630,-2994.6350,503.9999,1490.0630,-2994.6350,904.0001,1490.0630
Block_Platform_1B,-2994.6350,904.0001,2090.0630,-2994.6350,503.9999,2090.0630,-2994.6350,503.9999,1490.0630
Block_Platform_1B,-3569.6350,904.0001,890.0633,-3569.6350,503.9999,890.0633,-3594.6350,503.9999,890.0633
Block_Platform_1B,-3569.6350,904.0001,890.0633,-3594.6350,503.9999,890.0633,-3594.6350,904.0001,890.0633
Block_Platform_1B,-3019.6350,503.9999,1490.0630,-3019.6350,503.9999,890.0633,-2994.6350,503.9999,890.0633
Block_Platform_1B,-3019.6350,503.9999,1490.0630,-2994.6350,503.9999,890.0633,-2994.6350,503.9999,1490.0630
Block_Platform_1B,-3019.6350,503.9999,2090.0630,-3019.6350,503.9999,1490.0630,-2994.6350,503.9999,1490.0630
Block_Platform_1B,-3019.6350,503.9999,2090.0630,-2994.6350,503.9999,1490.0630,-2994.6350,503.9999,2090.0630
Block_Platform_1B,-2994.6350,904.0001,890.0633,-2994.6350,503.9999,890.0633,-3019.6350,503.9999,890.0633
Block_Platform_1B,-2994.6350,904.0001,890.0633,-3019.6350,503.9999,890.0633,-3019.6350,904.0001,890.0633
Block_Platform_1B,-3019.6350,904.0001,890.0633,-3019.6350,503.9999,890.0633,-3569.6350,503.9999,890.0633
Block_Platform_1B,-3019.6350,904.0001,890.0633,-3569.6350,503.9999,890.0633,-3569.6350,904.0001,890.0633
Block_Platform_1B,-3594.6350,503.9999,1490.0630,-3594.6350,503.9999,890.0633,-3569.6350,503.9999,890.0633
Block_Platform_1B,-3594.6350,503.9999,1490.0630,-3569.6350,503.9999,890.0633,-3569.6350,503.9999,1490.0630
Block_Platform_1B,-3594.6350,503.9999,2090.0630,-3594.6350,503.9999,1490.0630,-3569.6350,503.9999,1490.0630
Block_Platform_1B,-3594.6350,503.9999,2090.0630,-3569.6350,503.9999,1490.0630,-3569.6350,503.9999,2090.0630
Block_Platform_1B,-3569.6350,503.9999,1490.0630,-3569.6350,503.9999,890.0633,-3019.6350,503.9999,890.0633
Block_Platform_1B,-3569.6350,503.9999,1490.0630,-3019.6350,503.9999,890.0633,-3019.6350,503.9999,1490.0630
Block_Platform_1B,-3569.6350,503.9999,2090.0630,-3569.6350,503.9999,1490.0630,-3019.6350,503.9999,1490.0630
Block_Platform_1B,-3569.6350,503.9999,2090.0630,-3019.6350,503.9999,1490.0630,-3019.6350,503.9999,2090.0630
Block_Platform_1B,-3594.6350,904.0001,1490.0630,-3594.6350,904.0001,2090.0630,-3569.6350,904.0001,2090.0630
Block_Platform_1B,-3594.6350,904.0001,1490.0630,-3569.6350,904.0001,2090.0630,-3569.6350,904.0001,1490.0630
Block_Platform_1B,-3594.6350,904.0001,890.0633,-3594.6350,904.0001,1490.0630,-3569.6350,904.0001,1490.0630
Block_Platform_1B,-3594.6350,904.0001,890.0633,-3569.6350,904.0001,1490.0630,-3569.6350,904.0001,890.0633
Block_Platform_1B,-3569.6350,904.0001,1490.0630,-3569.6350,904.0001,2090.0630,-3019.6350,904.0001,2090.0630
Block_Platform_1B,-3569.6350,904.0001,1490.0630,-3019.6350,904.0001,2090.0630,-3019.6350,904.0001,1490.0630
Block_Platform_1B,-3569.6350,904.0001,890.0633,-3569.6350,904.0001,1490.0630,-3019.6350,904.0001,1490.0630
Block_Platform_1B,-3569.6350,904.0001,890.0633,-3019.6350,904.0001,1490.0630,-3019.6350,904.0001,890.0633
Block_Platform_1B,-3594.6350,904.0001,890.0633,-3594.6350,503.9999,890.0633,-3594.6350,503.9999,1490.0630
Block_Platform_1B,-3594.6350,904.0001,890.0633,-3594.6350,503.9999,1490.0630,-3594.6350,904.0001,1490.0630
Block_Platform_1B,-3594.6350,904.0001,1490.0630,-3594.6350,503.9999,1490.0630,-3594.6350,503.9999,2090.0630
Block_Platform_1B,-3594.6350,904.0001,1490.0630,-3594.6350,503.9999,2090.0630,-3594.6350,904.0001,2090.0630
Block_Platform_1B,-3019.6350,904.0001,890.0633,-2994.6350,904.0001,1490.0630,-2994.6350,904.0001,890.0633
Block_Platform_1B,-3019.6350,904.0001,890.0633,-3019.6350,904.0001,1490.0630,-2994.6350,904.0001,1490.0630
Block_Platform_1B,-3019.6350,904.0001,1490.0630,-2994.6350,904.0001,2090.0630,-2994.6350,904.0001,1490.0630
Block_Platform_1B,-3019.6350,904.0001,1490.0630,-3019.6350,904.0001,2090.0630,-2994.6350,904.0001,2090.0630
Block_Platform_1B,-3019.6350,904.0001,3290.0630,-3019.6350,503.9999,3290.0630,-2994.6350,503.9999,3290.0630
Block_Platform_1B,-3019.6350,904.0001,3290.0630,-2994.6350,503.9999,3290.0630,-2994.6350,904.0001,3290.0630
Block_Platform_1B,-3594.6350,904.0001,2690.0630,-3594.6350,503.9999,3290.0630,-3594.6350,904.0001,3290.0630
Block_Platform_1B,-3594.6350,904.0001,2690.0630,-3594.6350,503.9999,2690.0630,-3594.6350,503.9999,3290.0630
Block_Platform_1B,-3594.6350,904.0001,2090.0630,-3594.6350,503.9999,2690.0630,-3594.6350,904.0001,2690.0630
Block_Platform_1B,-3594.6350,904.0001,2090.0630,-3594.6350,503.9999,2090.0630,-3594.6350,503.9999,2690.0630
Block_Platform_1B,-3019.6350,904.0001,2690.0630,-3019.6350,904.0001,3290.0630,-2994.6350,904.0001,3290.0630
Block_Platform_1B,-3019.6350,904.0001,2690.0630,-2994.6350,904.0001,3290.0630,-2994.6350,904.0001,2690.0640
Block_Platform_1B,-3019.6350,904.0001,2090.0630,-3019.6350,904.0001,2690.0630,-2994.6350,904.0001,2690.0640
Block_Platform_1B,-3019.6350,904.0001,2090.0630,-2994.6350,904.0001,2690.0640,-2994.6350,904.0001,2090.0630
Block_Platform_1B,-3594.6350,904.0001,3290.0630,-3594.6350,503.9999,3290.0630,-3569.6350,503.9999,3290.0630
Block_Platform_1B,-3594.6350,904.0001,3290.0630,-3569.6350,503.9999,3290.0630,-3569.6350,904.0001,3290.0630
Block_Platform_1B,-3569.6350,904.0001,3290.0630,-3569.6350,503.9999,3290.0630,-3019.6350,503.9999,3290.0630
Block_Platform_1B,-3569.6350,904.0001,3290.0630,-3019.6350,503.9999,3290.0630,-3019.6350,904.0001,3290.0630
Block_Platform_1B,-3594.6350,904.0001,2690.0630,-3594.6350,904.0001,3290.0630,-3569.6350,904.0001,3290.0630
Block_Platform_1B,-3594.6350,904.0001,2690.0630,-3569.6350,904.0001,3290.0630,-3569.6350,904.0001,2690.0630
Block_Platform_1B,-3594.6350,904.0001,2090.0630,-3594.6350,904.0001,2690.0630,-3569.6350,904.0001,2690.0630
Block_Platform_1B,-3594.6350,904.0001,2090.0630,-3569.6350,904.0001,2690.0630,-3569.6350,904.0001,2090.0630
Block_Platform_1B,-3569.6350,904.0001,2690.0630,-3569.6350,904.0001,3290.0630,-3019.6350,904.0001,3290.0630
Block_Platform_1B,-3569.6350,904.0001,2690.0630,-3019.6350,904.0001,3290.0630,-3019.6350,904.0001,2690.0630
Block_Platform_1B,-3569.6350,904.0001,2090.0630,-3569.6350,904.0001,2690.0630,-3019.6350,904.0001,2690.0630
Block_Platform_1B,-3569.6350,904.0001,2090.0630,-3019.6350,904.0001,2690.0630,-3019.6350,904.0001,2090.0630
Block_Platform_1B,-2994.6350,904.0001,3290.0630,-2994.6350,503.9999,3290.0630,-2994.6350,503.9999,2690.0640
Block_Platform_1B,-2994.6350,904.0001,3290.0630,-2994.6350,503.9999,2690.0640,-2994.6350,904.0001,2690.0640
Block_Platform_1B,-2994.6350,904.0001,2690.0640,-2994.6350,503.9999,2690.0640,-2994.6350,503.9999,2090.0630
Block_Platform_1B,-2994.6350,904.0001,2690.0640,-2994.6350,503.9999,2090.0630,-2994.6350,904.0001,2090.0630
Block_Platform_1B,-3019.6350,503.9999,3290.0630,-2994.6350,503.9999,2690.0640,-2994.6350,503.9999,3290.0630
Block_Platform_1B,-3019.6350,503.9999,3290.0630,-3019.6350,503.9999,2690.0630,-2994.6350,503.9999,2690.0640
Block_Platform_1B,-3019.6350,503.9999,2690.0630,-2994.6350,503.9999,2090.0630,-2994.6350,503.9999,2690.0640
Block_Platform_1B,-3019.6350,503.9999,2690.0630,-3019.6350,503.9999,2090.0630,-2994.6350,503.9999,2090.0630
Block_Platform_1B,-3594.6350,503.9999,3290.0630,-3569.6350,503.9999,2690.0630,-3569.6350,503.9999,3290.0630
Block_Platform_1B,-3594.6350,503.9999,3290.0630,-3594.6350,503.9999,2690.0630,-3569.6350,503.9999,2690.0630
Block_Platform_1B,-3594.6350,503.9999,2690.0630,-3569.6350,503.9999,2090.0630,-3569.6350,503.9999,2690.0630
Block_Platform_1B,-3594.6350,503.9999,2690.0630,-3594.6350,503.9999,2090.0630,-3569.6350,503.9999,2090.0630
Block_Platform_1B,-3569.6350,503.9999,3290.0630,-3019.6350,503.9999,2690.0630,-3019.6350,503.9999,3290.0630
Block_Platform_1B,-3569.6350,503.9999,3290.0630,-3569.6350,503.9999,2690.0630,-3019.6350,503.9999,2690.0630
Block_Platform_1B,-3569.6350,503.9999,2690.0630,-3019.6350,503.9999,2090.0630,-3019.6350,503.9999,2690.0630
Block_Platform_1B,-3569.6350,503.9999,2690.0630,-3569.6350,503.9999,2090.0630,-3019.6350,503.9999,2090.0630
Block_Platform_1B,-3019.6350,904.0001,2090.0630,-3019.6350,503.9999,2090.0630,-2994.6350,503.9999,2090.0630
Block_Platform_1B,-3019.6350,904.0001,2090.0630,-2994.6350,503.9999,2090.0630,-2994.6350,904.0001,2090.0630
Block_Platform_1B,-3594.6350,904.0001,2090.0630,-3594.6350,503.9999,2090.0630,-3569.6350,503.9999,2090.0630
Block_Platform_1B,-3594.6350,904.0001,2090.0630,-3569.6350,503.9999,2090.0630,-3569.6350,904.0001,2090.0630
Block_Platform_1B,-3569.6350,904.0001,2090.0630,-3569.6350,503.9999,2090.0630,-3019.6350,503.9999,2090.0630
Block_Platform_1B,-3569.6350,904.0001,2090.0630,-3019.6350,503.9999,2090.0630,-3019.6350,904.0001,2090.0630
Block_Platform_1B,-2984.8760,904.0001,-813.0001,-2984.8760,503.9999,-1413.0000,-2984.8760,904.0001,-1413.0000
Block_Platform_1B,-2984.8760,904.0001,-813.0001,-2984.8760,503.9999,-813.0001,-2984.8760,503.9999,-1413.0000
Block_Platform_1B,-2984.8760,904.0001,-213.0000,-2984.8760,503.9999,-813.0001,-2984.8760,904.0001,-813.0001
Block_Platform_1B,-2984.8760,904.0001,-213.0000,-2984.8760,503.9999,-213.0000,-2984.8760,503.9999,-813.0001
Block_Platform_1B,-3559.8760,904.0001,-1413.0000,-3559.8760,503.9999,-1413.0000,-3584.8760,503.9999,-1413.0000
Block_Platform_1B,-3559.8760,904.0001,-1413.0000,-3584.8760,503.9999,-1413.0000,-3584.8760,904.0001,-1413.0000
Block_Platform_1B,-3009.8760,503.9999,-813.0001,-3009.8760,503.9999,-1413.0000,-2984.8760,503.9999,-1413.0000
Block_Platform_1B,-3009.8760,503.9999,-813.0001,-2984.8760,503.9999,-1413.0000,-2984.8760,503.9999,-813.0001
Block_Platform_1B,-3009.8760,503.9999,-213.0000,-3009.8760,503.9999,-813.0001,-2984.8760,503.9999,-813.0001
Block_Platform_1B,-3009.8760,503.9999,-213.0000,-2984.8760,503.9999,-813.0001,-2984.8760,503.9999,-213.0000
Block_Platform_1B,-2984.8760,904.0001,-1413.0000,-2984.8760,503.9999,-1413.0000,-3009.8760,503.9999,-1413.0000
Block_Platform_1B,-2984.8760,904.0001,-1413.0000,-3009.8760,503.9999,-1413.0000,-3009.8760,904.0001,-1413.0000
Block_Platform_1B,-3009.8760,904.0001,-1413.0000,-3009.8760,503.9999,-1413.0000,-3559.8760,503.9999,-1413.0000
Block_Platform_1B,-3009.8760,904.0001,-1413.0000,-3559.8760,503.9999,-1413.0000,-3559.8760,904.0001,-1413.0000
Block_Platform_1B,-3584.8760,503.9999,-813.0001,-3584.8760,503.9999,-1413.0000,-3559.8760,503.9999,-1413.0000
Block_Platform_1B,-3584.8760,503.9999,-813.0001,-3559.8760,503.9999,-1413.0000,-3559.8760,503.9999,-813.0001
Block_Platform_1B,-3584.8760,503.9999,-213.0001,-3584.8760,503.9999,-813.0001,-3559.8760,503.9999,-813.0001
Block_Platform_1B,-3584.8760,503.9999,-213.0001,-3559.8760,503.9999,-813.0001,-3559.8760,503.9999,-213.0000
Block_Platform_1B,-3559.8760,503.9999,-813.0001,-3559.8760,503.9999,-1413.0000,-3009.8760,503.9999,-1413.0000
Block_Platform_1B,-3559.8760,503.9999,-813.0001,-3009.8760,503.9999,-1413.0000,-3009.8760,503.9999,-813.0001
Block_Platform_1B,-3559.8760,503.9999,-213.0000,-3559.8760,503.9999,-813.0001,-3009.8760,503.9999,-813.0001
Block_Platform_1B,-3559.8760,503.9999,-213.0000,-3009.8760,503.9999,-813.0001,-3009.8760,503.9999,-213.0000
Block_Platform_1B,-3584.8760,904.0001,-813.0001,-3584.8760,904.0001,-213.0001,-3559.8760,904.0001,-213.0000
Block_Platform_1B,-3584.8760,904.0001,-813.0001,-3559.8760,904.0001,-213.0000,-3559.8760,904.0001,-813.0001
Block_Platform_1B,-3584.8760,904.0001,-1413.0000,-3584.8760,904.0001,-813.0001,-3559.8760,904.0001,-813.0001
Block_Platform_1B,-3584.8760,904.0001,-1413.0000,-3559.8760,904.0001,-813.0001,-3559.8760,904.0001,-1413.0000
Block_Platform_1B,-3559.8760,904.0001,-813.0001,-3559.8760,904.0001,-213.0000,-3009.8760,904.0001,-213.0000
Block_Platform_1B,-3559.8760,904.0001,-813.0001,-3009.8760,904.0001,-213.0000,-3009.8760,904.0001,-813.0001
Block_Platform_1B,-3559.8760,904.0001,-1413.0000,-3559.8760,904.0001,-813.0001,-3009.8760,904.0001,-813.0001
Block_Platform_1B,-3559.8760,904.0001,-1413.0000,-3009.8760,904.0001,-813.0001,-3009.8760,904.0001,-1413.0000
Block_Platform_1B,-3584.8760,904.0001,-1413.0000,-3584.8760,503.9999,-1413.0000,-3584.8760,503.9999,-813.0001
Block_Platform_1B,-3584.8760,904.0001,-1413.0000,-3584.8760,503.9999,-813.0001,-3584.8760,904.0001,-813.0001
Block_Platform_1B,-3584.8760,904.0001,-813.0001,-3584.8760,503.9999,-813.0001,-3584.8760,503.9999,-213.0001
Block_Platform_1B,-3584.8760,904.0001,-813.0001,-3584.8760,503.9999,-213.0001,-3584.8760,904.0001,-213.0001
Block_Platform_1B,-3009.8760,904.0001,-1413.0000,-2984.8760,904.0001,-813.0001,-2984.8760,904.0001,-1413.0000
Block_Platform_1B,-3009.8760,904.0001,-1413.0000,-3009.8760,904.0001,-813.0001,-2984.8760,904.0001,-813.0001
Block_Platform_1B,-3009.8760,904.0001,-813.0001,-2984.8760,904.0001,-213.0000,-2984.8760,904.0001,-813.0001
Block_Platform_1B,-3009.8760,904.0001,-813.0001,-3009.8760,904.0001,-213.0000,-2984.8760,904.0001,-213.0000
Block_Platform_1B,-3009.8760,904.0001,987.0002,-3009.8760,503.9999,987.0002,-2984.8760,503.9999,987.0002
Block_Platform_1B,-3009.8760,904.0001,987.0002,-2984.8760,503.9999,987.0002,-2984.8760,904.0001,987.0002
Block_Platform_1B,-3584.8760,904.0001,387.0000,-3584.8760,503.9999,987.0002,-3584.8760,904.0001,987.0002
Block_Platform_1B,-3584.8760,904.0001,387.0000,-3584.8760,503.9999,387.0000,-3584.8760,503.9999,987.0002
Block_Platform_1B,-3584.8760,904.0001,-213.0001,-3584.8760,503.9999,387.0000,-3584.8760,904.0001,387.0000
Block_Platform_1B,-3584.8760,904.0001,-213.0001,-3584.8760,503.9999,-213.0001,-3584.8760,503.9999,387.0000
Block_Platform_1B,-3009.8760,904.0001,387.0001,-3009.8760,904.0001,987.0002,-2984.8760,904.0001,987.0002
Block_Platform_1B,-3009.8760,904.0001,387.0001,-2984.8760,904.0001,987.0002,-2984.8760,904.0001,387.0001
Block_Platform_1B,-3009.8760,904.0001,-213.0000,-3009.8760,904.0001,387.0001,-2984.8760,904.0001,387.0001
Block_Platform_1B,-3009.8760,904.0001,-213.0000,-2984.8760,904.0001,387.0001,-2984.8760,904.0001,-213.0000
Block_Platform_1B,-3584.8760,904.0001,987.0002,-3584.8760,503.9999,987.0002,-3559.8760,503.9999,987.0002
Block_Platform_1B,-3584.8760,904.0001,987.0002,-3559.8760,503.9999,987.0002,-3559.8760,904.0001,987.0002
Block_Platform_1B,-3559.8760,904.0001,987.0002,-3559.8760,503.9999,987.0002,-3009.8760,503.9999,987.0002
Block_Platform_1B,-3559.8760,904.0001,987.0002,-3009.8760,503.9999,987.0002,-3009.8760,904.0001,987.0002
Block_Platform_1B,-3584.8760,904.0001,387.0000,-3584.8760,904.0001,987.0002,-3559.8760,904.0001,987.0002
Block_Platform_1B,-3584.8760,904.0001,387.0000,-3559.8760,904.0001,987.0002,-3559.8760,904.0001,387.0001
Block_Platform_1B,-3584.8760,904.0001,-213.0001,-3584.8760,904.0001,387.0000,-3559.8760,904.0001,387.0001
Block_Platform_1B,-3584.8760,904.0001,-213.0001,-3559.8760,904.0001,387.0001,-3559.8760,904.0001,-213.0000
Block_Platform_1B,-3559.8760,904.0001,387.0001,-3559.8760,904.0001,987.0002,-3009.8760,904.0001,987.0002
Block_Platform_1B,-3559.8760,904.0001,387.0001,-3009.8760,904.0001,987.0002,-3009.8760,904.0001,387.0001
Block_Platform_1B,-3559.8760,904.0001,-213.0000,-3559.8760,904.0001,387.0001,-3009.8760,904.0001,387.0001
Block_Platform_1B,-3559.8760,904.0001,-213.0000,-3009.8760,904.0001,387.0001,-3009.8760,904.0001,-213.0000
Block_Platform_1B,-2984.8760,904.0001,987.0002,-2984.8760,503.9999,987.0002,-2984.8760,503.9999,387.0001
Block_Platform_1B,-2984.8760,904.0001,987.0002,-2984.8760,503.9999,387.0001,-2984.8760,904.0001,387.0001
Block_Platform_1B,-2984.8760,904.0001,387.0001,-2984.8760,503.9999,387.0001,-2984.8760,503.9999,-213.0000
Block_Platform_1B,-2984.8760,904.0001,387.0001,-2984.8760,503.9999,-213.0000,-2984.8760,904.0001,-213.0000
Block_Platform_1B,-3009.8760,503.9999,987.0002,-2984.8760,503.9999,387.0001,-2984.8760,503.9999,987.0002
Block_Platform_1B,-3009.8760,503.9999,987.0002,-3009.8760,503.9999,387.0001,-2984.8760,503.9999,387.0001
Block_Platform_1B,-3009.8760,503.9999,387.0001,-2984.8760,503.9999,-213.0000,-2984.8760,503.9999,387.0001
Block_Platform_1B,-3009.8760,503.9999,387.0001,-3009.8760,503.9999,-213.0000,-2984.8760,503.9999,-213.0000
Block_Platform_1B,-3584.8760,503.9999,987.0002,-3559.8760,503.9999,387.0001,-3559.8760,503.9999,987.0002
Block_Platform_1B,-3584.8760,503.9999,987.0002,-3584.8760,503.9999,387.0000,-3559.8760,503.9999,387.0001
Block_Platform_1B,-3584.8760,503.9999,387.0000,-3559.8760,503.9999,-213.0000,-3559.8760,503.9999,387.0001
Block_Platform_1B,-3584.8760,503.9999,387.0000,-3584.8760,503.9999,-213.0001,-3559.8760,503.9999,-213.0000
Block_Platform_1B,-3559.8760,503.9999,987.0002,-3009.8760,503.9999,387.0001,-3009.8760,503.9999,987.0002
Block_Platform_1B,-3559.8760,503.9999,987.0002,-3559.8760,503.9999,387.0001,-3009.8760,503.9999,387.0001
Block_Platform_1B,-3559.8760,503.9999,387.0001,-3009.8760,503.9999,-213.0000,-3009.8760,503.9999,387.0001
Block_Platform_1B,-3559.8760,503.9999,387.0001,-3559.8760,503.9999,-213.0000,-3009.8760,503.9999,-213.0000
Block_Platform_1B,-3009.8760,904.0001,-213.0000,-3009.8760,503.9999,-213.0000,-2984.8760,503.9999,-213.0000
Block_Platform_1B,-3009.8760,904.0001,-213.0000,-2984.8760,503.9999,-213.0000,-2984.8760,904.0001,-213.0000
Block_Platform_1B,-3584.8760,904.0001,-213.0001,-3584.8760,503.9999,-213.0001,-3559.8760,503.9999,-213.0000
Block_Platform_1B,-3584.8760,904.0001,-213.0001,-3559.8760,503.9999,-213.0000,-3559.8760,904.0001,-213.0000
Block_Platform_1B,-3559.8760,904.0001,-213.0000,-3559.8760,503.9999,-213.0000,-3009.8760,503.9999,-213.0000
Block_Platform_1B,-3559.8760,904.0001,-213.0000,-3009.8760,503.9999,-213.0000,-3009.8760,904.0001,-213.0000
Block_Platform_1B,1590.0000,904.0001,9091.0000,2190.0000,503.9999,9091.0000,2190.0000,904.0001,9091.0000
Block_Platform_1B,1590.0000,904.0001,9091.0000,1590.0000,503.9999,9091.0000,2190.0000,503.9999,9091.0000
Block_Platform_1B,989.9999,904.0001,9091.0000,1590.0000,503.9999,9091.0000,1590.0000,904.0001,9091.0000
Block_Platform_1B,989.9999,904.0001,9091.0000,989.9999,503.9999,9091.0000,1590.0000,503.9999,9091.0000
Block_Platform_1B,2190.0000,904.0001,8516.0000,2190.0000,503.9999,8516.0000,2190.0000,503.9999,8491.0000
Block_Platform_1B,2190.0000,904.0001,8516.0000,2190.0000,503.9999,8491.0000,2190.0000,904.0001,8491.0000
Block_Platform_1B,1590.0000,503.9999,9066.0000,2190.0000,503.9999,9066.0000,2190.0000,503.9999,9091.0000
Block_Platform_1B,1590.0000,503.9999,9066.0000,2190.0000,503.9999,9091.0000,1590.0000,503.9999,9091.0000
Block_Platform_1B,989.9999,503.9999,9066.0000,1590.0000,503.9999,9066.0000,1590.0000,503.9999,9091.0000
Block_Platform_1B,989.9999,503.9999,9066.0000,1590.0000,503.9999,9091.0000,989.9999,503.9999,9091.0000
Block_Platform_1B,2190.0000,904.0001,9091.0000,2190.0000,503.9999,9091.0000,2190.0000,503.9999,9066.0000
Block_Platform_1B,2190.0000,904.0001,9091.0000,2190.0000,503.9999,9066.0000,2190.0000,904.0001,9066.0000
Block_Platform_1B,2190.0000,904.0001,9066.0000,2190.0000,503.9999,9066.0000,2190.0000,503.9999,8516.0000
Block_Platform_1B,2190.0000,904.0001,9066.0000,2190.0000,503.9999,8516.0000,2190.0000,904.0001,8516.0000
Block_Platform_1B,1590.0000,503.9999,8491.0000,2190.0000,503.9999,8491.0000,2190.0000,503.9999,8516.0000
Block_Platform_1B,1590.0000,503.9999,8491.0000,2190.0000,503.9999,8516.0000,1590.0000,503.9999,8516.0000
Block_Platform_1B,989.9999,503.9999,8491.0000,1590.0000,503.9999,8491.0000,1590.0000,503.9999,8516.0000
Block_Platform_1B,989.9999,503.9999,8491.0000,1590.0000,503.9999,8516.0000,989.9999,503.9999,8516.0000
Block_Platform_1B,1590.0000,503.9999,8516.0000,2190.0000,503.9999,8516.0000,2190.0000,503.9999,9066.0000
Block_Platform_1B,1590.0000,503.9999,8516.0000,2190.0000,503.9999,9066.0000,1590.0000,503.9999,9066.0000
Block_Platform_1B,989.9999,503.9999,8516.0000,1590.0000,503.9999,8516.0000,1590.0000,503.9999,9066.0000
Block_Platform_1B,989.9999,503.9999,8516.0000,1590.0000,503.9999,9066.0000,989.9999,503.9999,9066.0000
Block_Platform_1B,1590.0000,904.0001,8491.0000,989.9999,904.0001,8491.0000,989.9999,904.0001,8516.0000
Block_Platform_1B,1590.0000,904.0001,8491.0000,989.9999,904.0001,8516.0000,1590.0000,904.0001,8516.0000
Block_Platform_1B,2190.0000,904.0001,8491.0000,1590.0000,904.0001,8491.0000,1590.0000,904.0001,8516.0000
Block_Platform_1B,2190.0000,904.0001,8491.0000,1590.0000,904.0001,8516.0000,2190.0000,904.0001,8516.0000
Block_Platform_1B,1590.0000,904.0001,8516.0000,989.9999,904.0001,8516.0000,989.9999,904.0001,9066.0000
Block_Platform_1B,1590.0000,904.0001,8516.0000,989.9999,904.0001,9066.0000,1590.0000,904.0001,9066.0000
Block_Platform_1B,2190.0000,904.0001,8516.0000,1590.0000,904.0001,8516.0000,1590.0000,904.0001,9066.0000
Block_Platform_1B,2190.0000,904.0001,8516.0000,1590.0000,904.0001,9066.0000,2190.0000,904.0001,9066.0000
Block_Platform_1B,2190.0000,904.0001,8491.0000,2190.0000,503.9999,8491.0000,1590.0000,503.9999,8491.0000
Block_Platform_1B,2190.0000,904.0001,8491.0000,1590.0000,503.9999,8491.0000,1590.0000,904.0001,8491.0000
Block_Platform_1B,1590.0000,904.0001,8491.0000,1590.0000,503.9999,8491.0000,989.9999,503.9999,8491.0000
Block_Platform_1B,1590.0000,904.0001,8491.0000,989.9999,503.9999,8491.0000,989.9999,904.0001,8491.0000
Block_Platform_1B,2190.0000,904.0001,9066.0000,1590.0000,904.0001,9091.0000,2190.0000,904.0001,9091.0000
Block_Platform_1B,2190.0000,904.0001,9066.0000,1590.0000,904.0001,9066.0000,1590.0000,904.0001,9091.0000
Block_Platform_1B,1590.0000,904.0001,9066.0000,989.9999,904.0001,9091.0000,1590.0000,904.0001,9091.0000
Block_Platform_1B,1590.0000,904.0001,9066.0000,989.9999,904.0001,9066.0000,989.9999,904.0001,9091.0000
Block_Platform_1B,-210.0000,904.0001,9066.0000,-210.0000,503.9999,9066.0000,-210.0000,503.9999,9091.0000
Block_Platform_1B,-210.0000,904.0001,9066.0000,-210.0000,503.9999,9091.0000,-210.0000,904.0001,9091.0000
Block_Platform_1B,390.0000,904.0001,8491.0000,-210.0000,503.9999,8491.0000,-210.0000,904.0001,8491.0000
Block_Platform_1B,390.0000,904.0001,8491.0000,390.0000,503.9999,8491.0000,-210.0000,503.9999,8491.0000
Block_Platform_1B,989.9999,904.0001,8491.0000,390.0000,503.9999,8491.0000,390.0000,904.0001,8491.0000
Block_Platform_1B,989.9999,904.0001,8491.0000,989.9999,503.9999,8491.0000,390.0000,503.9999,8491.0000
Block_Platform_1B,390.0000,904.0001,9066.0000,-210.0000,904.0001,9066.0000,-210.0000,904.0001,9091.0000
Block_Platform_1B,390.0000,904.0001,9066.0000,-210.0000,904.0001,9091.0000,390.0000,904.0001,9091.0000
Block_Platform_1B,989.9999,904.0001,9066.0000,390.0000,904.0001,9066.0000,390.0000,904.0001,9091.0000
Block_Platform_1B,989.9999,904.0001,9066.0000,390.0000,904.0001,9091.0000,989.9999,904.0001,9091.0000
Block_Platform_1B,-210.0000,904.0001,8491.0000,-210.0000,503.9999,8491.0000,-210.0000,503.9999,8516.0000
Block_Platform_1B,-210.0000,904.0001,8491.0000,-210.0000,503.9999,8516.0000,-210.0000,904.0001,8516.0000
Block_Platform_1B,-210.0000,904.0001,8516.0000,-210.0000,503.9999,8516.0000,-210.0000,503.9999,9066.0000
Block_Platform_1B,-210.0000,904.0001,8516.0000,-210.0000,503.9999,9066.0000,-210.0000,904.0001,9066.0000
Block_Platform_1B,390.0000,904.0001,8491.0000,-210.0000,904.0001,8491.0000,-210.0000,904.0001,8516.0000
Block_Platform_1B,390.0000,904.0001,8491.0000,-210.0000,904.0001,8516.0000,390.0000,904.0001,8516.0000
Block_Platform_1B,989.9999,904.0001,8491.0000,390.0000,904.0001,8491.0000,390.0000,904.0001,8516.0000
Block_Platform_1B,989.9999,904.0001,8491.0000,390.0000,904.0001,8516.0000,989.9999,904.0001,8516.0000
Block_Platform_1B,390.0000,904.0001,8516.0000,-210.0000,904.0001,8516.0000,-210.0000,904.0001,9066.0000
Block_Platform_1B,390.0000,904.0001,8516.0000,-210.0000,904.0001,9066.0000,390.0000,904.0001,9066.0000
Block_Platform_1B,989.9999,904.0001,8516.0000,390.0000,904.0001,8516.0000,390.0000,904.0001,9066.0000
Block_Platform_1B,989.9999,904.0001,8516.0000,390.0000,904.0001,9066.0000,989.9999,904.0001,9066.0000
Block_Platform_1B,-210.0000,904.0001,9091.0000,-210.0000,503.9999,9091.0000,390.0000,503.9999,9091.0000
Block_Platform_1B,-210.0000,904.0001,9091.0000,390.0000,503.9999,9091.0000,390.0000,904.0001,9091.0000
Block_Platform_1B,390.0000,904.0001,9091.0000,390.0000,503.9999,9091.0000,989.9999,503.9999,9091.0000
Block_Platform_1B,390.0000,904.0001,9091.0000,989.9999,503.9999,9091.0000,989.9999,904.0001,9091.0000
Block_Platform_1B,-210.0000,503.9999,9066.0000,390.0000,503.9999,9091.0000,-210.0000,503.9999,9091.0000
Block_Platform_1B,-210.0000,503.9999,9066.0000,390.0000,503.9999,9066.0000,390.0000,503.9999,9091.0000
Block_Platform_1B,390.0000,503.9999,9066.0000,989.9999,503.9999,9091.0000,390.0000,503.9999,9091.0000
Block_Platform_1B,390.0000,503.9999,9066.0000,989.9999,503.9999,9066.0000,989.9999,503.9999,9091.0000
Block_Platform_1B,-210.0000,503.9999,8491.0000,390.0000,503.9999,8516.0000,-210.0000,503.9999,8516.0000
Block_Platform_1B,-210.0000,503.9999,8491.0000,390.0000,503.9999,8491.0000,390.0000,503.9999,8516.0000
Block_Platform_1B,390.0000,503.9999,8491.0000,989.9999,503.9999,8516.0000,390.0000,503.9999,8516.0000
Block_Platform_1B,390.0000,503.9999,8491.0000,989.9999,503.9999,8491.0000,989.9999,503.9999,8516.0000
Block_Platform_1B,-210.0000,503.9999,8516.0000,390.0000,503.9999,9066.0000,-210.0000,503.9999,9066.0000
Block_Platform_1B,-210.0000,503.9999,8516.0000,390.0000,503.9999,8516.0000,390.0000,503.9999,9066.0000
Block_Platform_1B,390.0000,503.9999,8516.0000,989.9999,503.9999,9066.0000,390.0000,503.9999,9066.0000
Block_Platform_1B,390.0000,503.9999,8516.0000,989.9999,503.9999,8516.0000,989.9999,503.9999,9066.0000
Block_Platform_1B,989.9999,904.0001,9066.0000,989.9999,503.9999,9066.0000,989.9999,503.9999,9091.0000
Block_Platform_1B,989.9999,904.0001,9066.0000,989.9999,503.9999,9091.0000,989.9999,904.0001,9091.0000
Block_Platform_1B,989.9999,904.0001,8491.0000,989.9999,503.9999,8491.0000,989.9999,503.9999,8516.0000
Block_Platform_1B,989.9999,904.0001,8491.0000,989.9999,503.9999,8516.0000,989.9999,904.0001,8516.0000
Block_Platform_1B,989.9999,904.0001,8516.0000,989.9999,503.9999,8516.0000,989.9999,503.9999,9066.0000
Block_Platform_1B,989.9999,904.0001,8516.0000,989.9999,503.9999,9066.0000,989.9999,904.0001,9066.0000
Block_Platform_1B,3971.0000,904.0001,9091.0000,4571.0000,503.9999,9091.0000,4571.0000,904.0001,9091.0000
Block_Platform_1B,3971.0000,904.0001,9091.0000,3971.0000,503.9999,9091.0000,4571.0000,503.9999,9091.0000
Block_Platform_1B,3371.0000,904.0001,9091.0000,3971.0000,503.9999,9091.0000,3971.0000,904.0001,9091.0000
Block_Platform_1B,3371.0000,904.0001,9091.0000,3371.0000,503.9999,9091.0000,3971.0000,503.9999,9091.0000
Block_Platform_1B,4571.0000,904.0001,8516.0000,4571.0000,503.9999,8516.0000,4571.0000,503.9999,8491.0000
Block_Platform_1B,4571.0000,904.0001,8516.0000,4571.0000,503.9999,8491.0000,4571.0000,904.0001,8491.0000
Block_Platform_1B,3971.0000,503.9999,9066.0000,4571.0000,503.9999,9066.0000,4571.0000,503.9999,9091.0000
Block_Platform_1B,3971.0000,503.9999,9066.0000,4571.0000,503.9999,9091.0000,3971.0000,503.9999,9091.0000
Block_Platform_1B,3371.0000,503.9999,9066.0000,3971.0000,503.9999,9066.0000,3971.0000,503.9999,9091.0000
Block_Platform_1B,3371.0000,503.9999,9066.0000,3971.0000,503.9999,9091.0000,3371.0000,503.9999,9091.0000
Block_Platform_1B,4571.0000,904.0001,9091.0000,4571.0000,503.9999,9091.0000,4571.0000,503.9999,9066.0000
Block_Platform_1B,4571.0000,904.0001,9091.0000,4571.0000,503.9999,9066.0000,4571.0000,904.0001,9066.0000
Block_Platform_1B,4571.0000,904.0001,9066.0000,4571.0000,503.9999,9066.0000,4571.0000,503.9999,8516.0000
Block_Platform_1B,4571.0000,904.0001,9066.0000,4571.0000,503.9999,8516.0000,4571.0000,904.0001,8516.0000
Block_Platform_1B,3971.0000,503.9999,8491.0000,4571.0000,503.9999,8491.0000,4571.0000,503.9999,8516.0000
Block_Platform_1B,3971.0000,503.9999,8491.0000,4571.0000,503.9999,8516.0000,3971.0000,503.9999,8516.0000
Block_Platform_1B,3371.0000,503.9999,8491.0000,3971.0000,503.9999,8491.0000,3971.0000,503.9999,8516.0000
Block_Platform_1B,3371.0000,503.9999,8491.0000,3971.0000,503.9999,8516.0000,3371.0000,503.9999,8516.0000
Block_Platform_1B,3971.0000,503.9999,8516.0000,4571.0000,503.9999,8516.0000,4571.0000,503.9999,9066.0000
Block_Platform_1B,3971.0000,503.9999,8516.0000,4571.0000,503.9999,9066.0000,3971.0000,503.9999,9066.0000
Block_Platform_1B,3371.0000,503.9999,8516.0000,3971.0000,503.9999,8516.0000,3971.0000,503.9999,9066.0000
Block_Platform_1B,3371.0000,503.9999,8516.0000,3971.0000,503.9999,9066.0000,3371.0000,503.9999,9066.0000
Block_Platform_1B,3971.0000,904.0001,8491.0000,3371.0000,904.0001,8491.0000,3371.0000,904.0001,8516.0000
Block_Platform_1B,3971.0000,904.0001,8491.0000,3371.0000,904.0001,8516.0000,3971.0000,904.0001,8516.0000
Block_Platform_1B,4571.0000,904.0001,8491.0000,3971.0000,904.0001,8491.0000,3971.0000,904.0001,8516.0000
Block_Platform_1B,4571.0000,904.0001,8491.0000,3971.0000,904.0001,8516.0000,4571.0000,904.0001,8516.0000
Block_Platform_1B,3971.0000,904.0001,8516.0000,3371.0000,904.0001,8516.0000,3371.0000,904.0001,9066.0000
Block_Platform_1B,3971.0000,904.0001,8516.0000,3371.0000,904.0001,9066.0000,3971.0000,904.0001,9066.0000
Block_Platform_1B,4571.0000,904.0001,8516.0000,3971.0000,904.0001,8516.0000,3971.0000,904.0001,9066.0000
Block_Platform_1B,4571.0000,904.0001,8516.0000,3971.0000,904.0001,9066.0000,4571.0000,904.0001,9066.0000
Block_Platform_1B,4571.0000,904.0001,8491.0000,4571.0000,503.9999,8491.0000,3971.0000,503.9999,8491.0000
Block_Platform_1B,4571.0000,904.0001,8491.0000,3971.0000,503.9999,8491.0000,3971.0000,904.0001,8491.0000
Block_Platform_1B,3971.0000,904.0001,8491.0000,3971.0000,503.9999,8491.0000,3371.0000,503.9999,8491.0000
Block_Platform_1B,3971.0000,904.0001,8491.0000,3371.0000,503.9999,8491.0000,3371.0000,904.0001,8491.0000
Block_Platform_1B,4571.0000,904.0001,9066.0000,3971.0000,904.0001,9091.0000,4571.0000,904.0001,9091.0000
Block_Platform_1B,4571.0000,904.0001,9066.0000,3971.0000,904.0001,9066.0000,3971.0000,904.0001,9091.0000
Block_Platform_1B,3971.0000,904.0001,9066.0000,3371.0000,904.0001,9091.0000,3971.0000,904.0001,9091.0000
Block_Platform_1B,3971.0000,904.0001,9066.0000,3371.0000,904.0001,9066.0000,3371.0000,904.0001,9091.0000
Block_Platform_1B,2171.0000,904.0001,9066.0000,2171.0000,503.9999,9066.0000,2171.0000,503.9999,9091.0000
Block_Platform_1B,2171.0000,904.0001,9066.0000,2171.0000,503.9999,9091.0000,2171.0000,904.0001,9091.0000
Block_Platform_1B,2771.0000,904.0001,8491.0000,2171.0000,503.9999,8491.0000,2171.0000,904.0001,8491.0000
Block_Platform_1B,2771.0000,904.0001,8491.0000,2771.0000,503.9999,8491.0000,2171.0000,503.9999,8491.0000
Block_Platform_1B,3371.0000,904.0001,8491.0000,2771.0000,503.9999,8491.0000,2771.0000,904.0001,8491.0000
Block_Platform_1B,3371.0000,904.0001,8491.0000,3371.0000,503.9999,8491.0000,2771.0000,503.9999,8491.0000
Block_Platform_1B,2771.0000,904.0001,9066.0000,2171.0000,904.0001,9066.0000,2171.0000,904.0001,9091.0000
Block_Platform_1B,2771.0000,904.0001,9066.0000,2171.0000,904.0001,9091.0000,2771.0000,904.0001,9091.0000
Block_Platform_1B,3371.0000,904.0001,9066.0000,2771.0000,904.0001,9066.0000,2771.0000,904.0001,9091.0000
Block_Platform_1B,3371.0000,904.0001,9066.0000,2771.0000,904.0001,9091.0000,3371.0000,904.0001,9091.0000
Block_Platform_1B,2171.0000,904.0001,8491.0000,2171.0000,503.9999,8491.0000,2171.0000,503.9999,8516.0000
Block_Platform_1B,2171.0000,904.0001,8491.0000,2171.0000,503.9999,8516.0000,2171.0000,904.0001,8516.0000
Block_Platform_1B,2171.0000,904.0001,8516.0000,2171.0000,503.9999,8516.0000,2171.0000,503.9999,9066.0000
Block_Platform_1B,2171.0000,904.0001,8516.0000,2171.0000,503.9999,9066.0000,2171.0000,904.0001,9066.0000
Block_Platform_1B,2771.0000,904.0001,8491.0000,2171.0000,904.0001,8491.0000,2171.0000,904.0001,8516.0000
Block_Platform_1B,2771.0000,904.0001,8491.0000,2171.0000,904.0001,8516.0000,2771.0000,904.0001,8516.0000
Block_Platform_1B,3371.0000,904.0001,8491.0000,2771.0000,904.0001,8491.0000,2771.0000,904.0001,8516.0000
Block_Platform_1B,3371.0000,904.0001,8491.0000,2771.0000,904.0001,8516.0000,3371.0000,904.0001,8516.0000
Block_Platform_1B,2771.0000,904.0001,8516.0000,2171.0000,904.0001,8516.0000,2171.0000,904.0001,9066.0000
Block_Platform_1B,2771.0000,904.0001,8516.0000,2171.0000,904.0001,9066.0000,2771.0000,904.0001,9066.0000
Block_Platform_1B,3371.0000,904.0001,8516.0000,2771.0000,904.0001,8516.0000,2771.0000,904.0001,9066.0000
Block_Platform_1B,3371.0000,904.0001,8516.0000,2771.0000,904.0001,9066.0000,3371.0000,904.0001,9066.0000
Block_Platform_1B,2171.0000,904.0001,9091.0000,2171.0000,503.9999,9091.0000,2771.0000,503.9999,9091.0000
Block_Platform_1B,2171.0000,904.0001,9091.0000,2771.0000,503.9999,9091.0000,2771.0000,904.0001,9091.0000
Block_Platform_1B,2771.0000,904.0001,9091.0000,2771.0000,503.9999,9091.0000,3371.0000,503.9999,9091.0000
Block_Platform_1B,2771.0000,904.0001,9091.0000,3371.0000,503.9999,9091.0000,3371.0000,904.0001,9091.0000
Block_Platform_1B,2171.0000,503.9999,9066.0000,2771.0000,503.9999,9091.0000,2171.0000,503.9999,9091.0000
Block_Platform_1B,2171.0000,503.9999,9066.0000,2771.0000,503.9999,9066.0000,2771.0000,503.9999,9091.0000
Block_Platform_1B,2771.0000,503.9999,9066.0000,3371.0000,503.9999,9091.0000,2771.0000,503.9999,9091.0000
Block_Platform_1B,2771.0000,503.9999,9066.0000,3371.0000,503.9999,9066.0000,3371.0000,503.9999,9091.0000
Block_Platform_1B,2171.0000,503.9999,8491.0000,2771.0000,503.9999,8516.0000,2171.0000,503.9999,8516.0000
Block_Platform_1B,2171.0000,503.9999,8491.0000,2771.0000,503.9999,8491.0000,2771.0000,503.9999,8516.0000
Block_Platform_1B,2771.0000,503.9999,8491.0000,3371.0000,503.9999,8516.0000,2771.0000,503.9999,8516.0000
Block_Platform_1B,2771.0000,503.9999,8491.0000,3371.0000,503.9999,8491.0000,3371.0000,503.9999,8516.0000
Block_Platform_1B,2171.0000,503.9999,8516.0000,2771.0000,503.9999,9066.0000,2171.0000,503.9999,9066.0000
Block_Platform_1B,2171.0000,503.9999,8516.0000,2771.0000,503.9999,8516.0000,2771.0000,503.9999,9066.0000
Block_Platform_1B,2771.0000,503.9999,8516.0000,3371.0000,503.9999,9066.0000,2771.0000,503.9999,9066.0000
Block_Platform_1B,2771.0000,503.9999,8516.0000,3371.0000,503.9999,8516.0000,3371.0000,503.9999,9066.0000
Block_Platform_1B,3371.0000,904.0001,9066.0000,3371.0000,503.9999,9066.0000,3371.0000,503.9999,9091.0000
Block_Platform_1B,3371.0000,904.0001,9066.0000,3371.0000,503.9999,9091.0000,3371.0000,904.0001,9091.0000
Block_Platform_1B,3371.0000,904.0001,8491.0000,3371.0000,503.9999,8491.0000,3371.0000,503.9999,8516.0000
Block_Platform_1B,3371.0000,904.0001,8491.0000,3371.0000,503.9999,8516.0000,3371.0000,904.0001,8516.0000
Block_Platform_1B,3371.0000,904.0001,8516.0000,3371.0000,503.9999,8516.0000,3371.0000,503.9999,9066.0000
Block_Platform_1B,3371.0000,904.0001,8516.0000,3371.0000,503.9999,9066.0000,3371.0000,904.0001,9066.0000
Block_Platform_1B,3971.0000,904.0001,9091.0000,4571.0000,503.9999,9091.0000,4571.0000,904.0001,9091.0000
Block_Platform_1B,3971.0000,904.0001,9091.0000,3971.0000,503.9999,9091.0000,4571.0000,503.9999,9091.0000
Block_Platform_1B,3371.0000,904.0001,9091.0000,3971.0000,503.9999,9091.0000,3971.0000,904.0001,9091.0000
Block_Platform_1B,3371.0000,904.0001,9091.0000,3371.0000,503.9999,9091.0000,3971.0000,503.9999,9091.0000
Block_Platform_1B,4571.0000,904.0001,8516.0000,4571.0000,503.9999,8516.0000,4571.0000,503.9999,8491.0000
Block_Platform_1B,4571.0000,904.0001,8516.0000,4571.0000,503.9999,8491.0000,4571.0000,904.0001,8491.0000
Block_Platform_1B,3971.0000,503.9999,9066.0000,4571.0000,503.9999,9066.0000,4571.0000,503.9999,9091.0000
Block_Platform_1B,3971.0000,503.9999,9066.0000,4571.0000,503.9999,9091.0000,3971.0000,503.9999,9091.0000
Block_Platform_1B,3371.0000,503.9999,9066.0000,3971.0000,503.9999,9066.0000,3971.0000,503.9999,9091.0000
Block_Platform_1B,3371.0000,503.9999,9066.0000,3971.0000,503.9999,9091.0000,3371.0000,503.9999,9091.0000
Block_Platform_1B,4571.0000,904.0001,9091.0000,4571.0000,503.9999,9091.0000,4571.0000,503.9999,9066.0000
Block_Platform_1B,4571.0000,904.0001,9091.0000,4571.0000,503.9999,9066.0000,4571.0000,904.0001,9066.0000
Block_Platform_1B,4571.0000,904.0001,9066.0000,4571.0000,503.9999,9066.0000,4571.0000,503.9999,8516.0000
Block_Platform_1B,4571.0000,904.0001,9066.0000,4571.0000,503.9999,8516.0000,4571.0000,904.0001,8516.0000
Block_Platform_1B,3971.0000,503.9999,8491.0000,4571.0000,503.9999,8491.0000,4571.0000,503.9999,8516.0000
Block_Platform_1B,3971.0000,503.9999,8491.0000,4571.0000,503.9999,8516.0000,3971.0000,503.9999,8516.0000
Block_Platform_1B,3371.0000,503.9999,8491.0000,3971.0000,503.9999,8491.0000,3971.0000,503.9999,8516.0000
Block_Platform_1B,3371.0000,503.9999,8491.0000,3971.0000,503.9999,8516.0000,3371.0000,503.9999,8516.0000
Block_Platform_1B,3971.0000,503.9999,8516.0000,4571.0000,503.9999,8516.0000,4571.0000,503.9999,9066.0000
Block_Platform_1B,3971.0000,503.9999,8516.0000,4571.0000,503.9999,9066.0000,3971.0000,503.9999,9066.0000
Block_Platform_1B,3371.0000,503.9999,8516.0000,3971.0000,503.9999,8516.0000,3971.0000,503.9999,9066.0000
Block_Platform_1B,3371.0000,503.9999,8516.0000,3971.0000,503.9999,9066.0000,3371.0000,503.9999,9066.0000
Block_Platform_1B,3971.0000,904.0001,8491.0000,3371.0000,904.0001,8491.0000,3371.0000,904.0001,8516.0000
Block_Platform_1B,3971.0000,904.0001,8491.0000,3371.0000,904.0001,8516.0000,3971.0000,904.0001,8516.0000
Block_Platform_1B,4571.0000,904.0001,8491.0000,3971.0000,904.0001,8491.0000,3971.0000,904.0001,8516.0000
Block_Platform_1B,4571.0000,904.0001,8491.0000,3971.0000,904.0001,8516.0000,4571.0000,904.0001,8516.0000
Block_Platform_1B,3971.0000,904.0001,8516.0000,3371.0000,904.0001,8516.0000,3371.0000,904.0001,9066.0000
Block_Platform_1B,3971.0000,904.0001,8516.0000,3371.0000,904.0001,9066.0000,3971.0000,904.0001,9066.0000
Block_Platform_1B,4571.0000,904.0001,8516.0000,3971.0000,904.0001,8516.0000,3971.0000,904.0001,9066.0000
Block_Platform_1B,4571.0000,904.0001,8516.0000,3971.0000,904.0001,9066.0000,4571.0000,904.0001,9066.0000
Block_Platform_1B,4571.0000,904.0001,8491.0000,4571.0000,503.9999,8491.0000,3971.0000,503.9999,8491.0000
Block_Platform_1B,4571.0000,904.0001,8491.0000,3971.0000,503.9999,8491.0000,3971.0000,904.0001,8491.0000
Block_Platform_1B,3971.0000,904.0001,8491.0000,3971.0000,503.9999,8491.0000,3371.0000,503.9999,8491.0000
Block_Platform_1B,3971.0000,904.0001,8491.0000,3371.0000,503.9999,8491.0000,3371.0000,904.0001,8491.0000
Block_Platform_1B,4571.0000,904.0001,9066.0000,3971.0000,904.0001,9091.0000,4571.0000,904.0001,9091.0000
Block_Platform_1B,4571.0000,904.0001,9066.0000,3971.0000,904.0001,9066.0000,3971.0000,904.0001,9091.0000
Block_Platform_1B,3971.0000,904.0001,9066.0000,3371.0000,904.0001,9091.0000,3971.0000,904.0001,9091.0000
Block_Platform_1B,3971.0000,904.0001,9066.0000,3371.0000,904.0001,9066.0000,3371.0000,904.0001,9091.0000
Block_Platform_1B,2171.0000,904.0001,9066.0000,2171.0000,503.9999,9066.0000,2171.0000,503.9999,9091.0000
Block_Platform_1B,2171.0000,904.0001,9066.0000,2171.0000,503.9999,9091.0000,2171.0000,904.0001,9091.0000
Block_Platform_1B,2771.0000,904.0001,8491.0000,2171.0000,503.9999,8491.0000,2171.0000,904.0001,8491.0000
Block_Platform_1B,2771.0000,904.0001,8491.0000,2771.0000,503.9999,8491.0000,2171.0000,503.9999,8491.0000
Block_Platform_1B,3371.0000,904.0001,8491.0000,2771.0000,503.9999,8491.0000,2771.0000,904.0001,8491.0000
Block_Platform_1B,3371.0000,904.0001,8491.0000,3371.0000,503.9999,8491.0000,2771.0000,503.9999,8491.0000
Block_Platform_1B,2771.0000,904.0001,9066.0000,2171.0000,904.0001,9066.0000,2171.0000,904.0001,9091.0000
Block_Platform_1B,2771.0000,904.0001,9066.0000,2171.0000,904.0001,9091.0000,2771.0000,904.0001,9091.0000
Block_Platform_1B,3371.0000,904.0001,9066.0000,2771.0000,904.0001,9066.0000,2771.0000,904.0001,9091.0000
Block_Platform_1B,3371.0000,904.0001,9066.0000,2771.0000,904.0001,9091.0000,3371.0000,904.0001,9091.0000
Block_Platform_1B,2171.0000,904.0001,8491.0000,2171.0000,503.9999,8491.0000,2171.0000,503.9999,8516.0000
Block_Platform_1B,2171.0000,904.0001,8491.0000,2171.0000,503.9999,8516.0000,2171.0000,904.0001,8516.0000
Block_Platform_1B,2171.0000,904.0001,8516.0000,2171.0000,503.9999,8516.0000,2171.0000,503.9999,9066.0000
Block_Platform_1B,2171.0000,904.0001,8516.0000,2171.0000,503.9999,9066.0000,2171.0000,904.0001,9066.0000
Block_Platform_1B,2771.0000,904.0001,8491.0000,2171.0000,904.0001,8491.0000,2171.0000,904.0001,8516.0000
Block_Platform_1B,2771.0000,904.0001,8491.0000,2171.0000,904.0001,8516.0000,2771.0000,904.0001,8516.0000
Block_Platform_1B,3371.0000,904.0001,8491.0000,2771.0000,904.0001,8491.0000,2771.0000,904.0001,8516.0000
Block_Platform_1B,3371.0000,904.0001,8491.0000,2771.0000,904.0001,8516.0000,3371.0000,904.0001,8516.0000
Block_Platform_1B,2771.0000,904.0001,8516.0000,2171.0000,904.0001,8516.0000,2171.0000,904.0001,9066.0000
Block_Platform_1B,2771.0000,904.0001,8516.0000,2171.0000,904.0001,9066.0000,2771.0000,904.0001,9066.0000
Block_Platform_1B,3371.0000,904.0001,8516.0000,2771.0000,904.0001,8516.0000,2771.0000,904.0001,9066.0000
Block_Platform_1B,3371.0000,904.0001,8516.0000,2771.0000,904.0001,9066.0000,3371.0000,904.0001,9066.0000
Block_Platform_1B,2171.0000,904.0001,9091.0000,2171.0000,503.9999,9091.0000,2771.0000,503.9999,9091.0000
Block_Platform_1B,2171.0000,904.0001,9091.0000,2771.0000,503.9999,9091.0000,2771.0000,904.0001,9091.0000
Block_Platform_1B,2771.0000,904.0001,9091.0000,2771.0000,503.9999,9091.0000,3371.0000,503.9999,9091.0000
Block_Platform_1B,2771.0000,904.0001,9091.0000,3371.0000,503.9999,9091.0000,3371.0000,904.0001,9091.0000
Block_Platform_1B,2171.0000,503.9999,9066.0000,2771.0000,503.9999,9091.0000,2171.0000,503.9999,9091.0000
Block_Platform_1B,2171.0000,503.9999,9066.0000,2771.0000,503.9999,9066.0000,2771.0000,503.9999,9091.0000
Block_Platform_1B,2771.0000,503.9999,9066.0000,3371.0000,503.9999,9091.0000,2771.0000,503.9999,9091.0000
Block_Platform_1B,2771.0000,503.9999,9066.0000,3371.0000,503.9999,9066.0000,3371.0000,503.9999,9091.0000
Block_Platform_1B,2171.0000,503.9999,8491.0000,2771.0000,503.9999,8516.0000,2171.0000,503.9999,8516.0000
Block_Platform_1B,2171.0000,503.9999,8491.0000,2771.0000,503.9999,8491.0000,2771.0000,503.9999,8516.0000
Block_Platform_1B,2771.0000,503.9999,8491.0000,3371.0000,503.9999,8516.0000,2771.0000,503.9999,8516.0000
Block_Platform_1B,2771.0000,503.9999,8491.0000,3371.0000,503.9999,8491.0000,3371.0000,503.9999,8516.0000
Block_Platform_1B,2171.0000,503.9999,8516.0000,2771.0000,503.9999,9066.0000,2171.0000,503.9999,9066.0000
Block_Platform_1B,2171.0000,503.9999,8516.0000,2771.0000,503.9999,8516.0000,2771.0000,503.9999,9066.0000
Block_Platform_1B,2771.0000,503.9999,8516.0000,3371.0000,503.9999,9066.0000,2771.0000,503.9999,9066.0000
Block_Platform_1B,2771.0000,503.9999,8516.0000,3371.0000,503.9999,8516.0000,3371.0000,503.9999,9066.0000
Block_Platform_1B,3371.0000,904.0001,9066.0000,3371.0000,503.9999,9066.0000,3371.0000,503.9999,9091.0000
Block_Platform_1B,3371.0000,904.0001,9066.0000,3371.0000,503.9999,9091.0000,3371.0000,904.0001,9091.0000
Block_Platform_1B,3371.0000,904.0001,8491.0000,3371.0000,503.9999,8491.0000,3371.0000,503.9999,8516.0000
Block_Platform_1B,3371.0000,904.0001,8491.0000,3371.0000,503.9999,8516.0000,3371.0000,904.0001,8516.0000
Block_Platform_1B,3371.0000,904.0001,8516.0000,3371.0000,503.9999,8516.0000,3371.0000,503.9999,9066.0000
Block_Platform_1B,3371.0000,904.0001,8516.0000,3371.0000,503.9999,9066.0000,3371.0000,904.0001,9066.0000
Block_Platform_Corner_1B,2530.7870,108.0534,-240.5674,2130.7870,108.0534,-240.5674,2130.7870,108.0534,-265.5675
Block_Platform_Corner_1B,2530.7870,108.0534,-240.5674,2130.7870,108.0534,-265.5675,2530.7870,108.0534,-265.5675
Block_Platform_Corner_1B,3025.2410,108.0534,-60.0218,2530.7870,108.0534,-240.5674,2530.7870,108.0534,-265.5675
Block_Platform_Corner_1B,3025.2410,108.0534,-60.0218,2530.7870,108.0534,-265.5675,3042.9190,108.0534,-77.6995
Block_Platform_Corner_1B,2530.7870,108.0534,334.4326,2130.7870,108.0534,334.4326,2130.7870,108.0534,309.4326
Block_Platform_Corner_1B,2530.7870,108.0534,334.4326,2130.7870,108.0534,309.4326,2530.7870,108.0534,309.4326
Block_Platform_Corner_1B,2530.7870,108.0534,309.4326,2130.7870,108.0534,309.4326,2130.7870,108.0534,-240.5674
Block_Platform_Corner_1B,2530.7870,108.0534,309.4326,2130.7870,108.0534,-240.5674,2530.7870,108.0534,-240.5674
Block_Platform_Corner_1B,2618.6550,108.0534,346.5646,2530.7870,108.0534,334.4326,2530.7870,108.0534,309.4326
Block_Platform_Corner_1B,2618.6550,108.0534,346.5646,2530.7870,108.0534,309.4326,2636.3320,108.0534,328.8869
Block_Platform_Corner_1B,2636.3320,108.0534,328.8869,2530.7870,108.0534,309.4326,2530.7870,108.0534,-240.5674
Block_Platform_Corner_1B,2636.3320,108.0534,328.8869,2530.7870,108.0534,-240.5674,3025.2410,108.0534,-60.0218
Block_Platform_Corner_1B,2697.2080,508.0536,424.2754,2697.2080,108.0534,424.2754,3247.2070,108.0534,424.2754
Block_Platform_Corner_1B,2697.2080,508.0536,424.2754,3247.2070,108.0534,424.2754,3247.2070,508.0536,424.2754
Block_Platform_Corner_1B,3025.2410,508.0536,-60.0218,3025.2410,108.0534,-60.0218,3042.9190,108.0534,-77.6995
Block_Platform_Corner_1B,3025.2410,508.0536,-60.0218,3042.9190,108.0534,-77.6995,3042.9190,508.0536,-77.6995
Block_Platform_Corner_1B,3247.2070,108.0534,424.2754,3025.2410,108.0534,-60.0218,3042.9190,108.0534,-77.6995
Block_Platform_Corner_1B,3247.2070,108.0534,424.2754,3042.9190,108.0534,-77.6995,3272.2070,108.0534,424.2754
Block_Platform_Corner_1B,2672.2080,108.0534,424.2754,2618.6550,108.0534,346.5646,2636.3320,108.0534,328.8869
Block_Platform_Corner_1B,2672.2080,108.0534,424.2754,2636.3320,108.0534,328.8869,2697.2080,108.0534,424.2754
Block_Platform_Corner_1B,2697.2080,108.0534,424.2754,2636.3320,108.0534,328.8869,3025.2410,108.0534,-60.0218
Block_Platform_Corner_1B,2697.2080,108.0534,424.2754,3025.2410,108.0534,-60.0218,3247.2070,108.0534,424.2754
Block_Platform_Corner_1B,2697.2080,508.0536,824.2755,2697.2080,108.0534,824.2755,3247.2070,108.0534,824.2754
Block_Platform_Corner_1B,2697.2080,508.0536,824.2755,3247.2070,108.0534,824.2754,3247.2070,508.0536,824.2754
Block_Platform_Corner_1B,2672.2080,508.0536,424.2754,2672.2080,108.0534,424.2754,2697.2080,108.0534,424.2754
Block_Platform_Corner_1B,2672.2080,508.0536,424.2754,2697.2080,108.0534,424.2754,2697.2080,508.0536,424.2754
Block_Platform_Corner_1B,2697.2080,108.0534,424.2754,2697.2080,108.0534,824.2755,2672.2080,108.0534,824.2755
Block_Platform_Corner_1B,2697.2080,108.0534,424.2754,2672.2080,108.0534,824.2755,2672.2080,108.0534,424.2754
Block_Platform_Corner_1B,3272.2070,108.0534,424.2754,3272.2070,108.0534,824.2754,3247.2070,108.0534,824.2754
Block_Platform_Corner_1B,3272.2070,108.0534,424.2754,3247.2070,108.0534,824.2754,3247.2070,108.0534,424.2754
Block_Platform_Corner_1B,3247.2070,108.0534,424.2754,3247.2070,108.0534,824.2754,2697.2080,108.0534,824.2755
Block_Platform_Corner_1B,3247.2070,108.0534,424.2754,2697.2080,108.0534,824.2755,2697.2080,108.0534,424.2754
Block_Platform_Corner_1B,3247.2070,508.0536,824.2754,3247.2070,508.0536,424.2754,2697.2080,508.0536,424.2754
Block_Platform_Corner_1B,3247.2070,508.0536,824.2754,2697.2080,508.0536,424.2754,2697.2080,508.0536,824.2755
Block_Platform_Corner_1B,2530.7870,508.0536,-265.5675,2530.7870,108.0534,-265.5675,2130.7870,108.0534,-265.5675
Block_Platform_Corner_1B,2530.7870,508.0536,-265.5675,2130.7870,108.0534,-265.5675,2130.7870,508.0536,-265.5675
Block_Platform_Corner_1B,2130.7870,508.0536,309.4326,2130.7870,108.0534,309.4326,2130.7870,108.0534,334.4326
Block_Platform_Corner_1B,2130.7870,508.0536,309.4326,2130.7870,108.0534,334.4326,2130.7870,508.0536,334.4326
Block_Platform_Corner_1B,2530.7870,508.0536,334.4326,2530.7870,108.0534,334.4326,2618.6550,108.0534,346.5646
Block_Platform_Corner_1B,2530.7870,508.0536,334.4326,2618.6550,108.0534,346.5646,2618.6550,508.0536,346.5646
Block_Platform_Corner_1B,2618.6550,508.0536,346.5646,2618.6550,108.0534,346.5646,2636.3320,108.0534,328.8869
Block_Platform_Corner_1B,2618.6550,508.0536,346.5646,2636.3320,108.0534,328.8869,2636.3320,508.0536,328.8869
Block_Platform_Corner_1B,2636.3320,508.0536,328.8869,2636.3320,108.0534,328.8869,3025.2410,108.0534,-60.0218
Block_Platform_Corner_1B,2636.3320,508.0536,328.8869,3025.2410,108.0534,-60.0218,3025.2410,508.0536,-60.0218
Block_Platform_Corner_1B,2130.7870,508.0536,-265.5675,2130.7870,108.0534,-265.5675,2130.7870,108.0534,-240.5674
Block_Platform_Corner_1B,2130.7870,508.0536,-265.5675,2130.7870,108.0534,-240.5674,2130.7870,508.0536,-240.5674
Block_Platform_Corner_1B,2130.7870,508.0536,-240.5674,2130.7870,108.0534,-240.5674,2130.7870,108.0534,309.4326
Block_Platform_Corner_1B,2130.7870,508.0536,-240.5674,2130.7870,108.0534,309.4326,2130.7870,508.0536,309.4326
Block_Platform_Corner_1B,2530.7870,508.0536,309.4326,2636.3320,508.0536,328.8869,3025.2410,508.0536,-60.0218
Block_Platform_Corner_1B,2530.7870,508.0536,309.4326,3025.2410,508.0536,-60.0218,2530.7870,508.0536,-240.5674
Block_Platform_Corner_1B,2530.7870,508.0536,-240.5674,3025.2410,508.0536,-60.0218,3042.9190,508.0536,-77.6995
Block_Platform_Corner_1B,2530.7870,508.0536,-240.5674,3042.9190,508.0536,-77.6995,2530.7870,508.0536,-265.5675
Block_Platform_Corner_1B,2130.7870,508.0536,-240.5674,2530.7870,508.0536,-240.5674,2530.7870,508.0536,-265.5675
Block_Platform_Corner_1B,2130.7870,508.0536,-240.5674,2530.7870,508.0536,-265.5675,2130.7870,508.0536,-265.5675
Block_Platform_Corner_1B,2530.7870,508.0536,334.4326,2618.6550,508.0536,346.5646,2636.3320,508.0536,328.8869
Block_Platform_Corner_1B,2530.7870,508.0536,334.4326,2636.3320,508.0536,328.8869,2530.7870,508.0536,309.4326
Block_Platform_Corner_1B,3042.9190,508.0536,-77.6995,3042.9190,108.0534,-77.6995,2530.7870,108.0534,-265.5675
Block_Platform_Corner_1B,3042.9190,508.0536,-77.6995,2530.7870,108.0534,-265.5675,2530.7870,508.0536,-265.5675
Block_Platform_Corner_1B,2130.7870,508.0536,334.4326,2130.7870,108.0534,334.4326,2530.7870,108.0534,334.4326
Block_Platform_Corner_1B,2130.7870,508.0536,334.4326,2530.7870,108.0534,334.4326,2530.7870,508.0536,334.4326
Block_Platform_Corner_1B,2130.7870,508.0536,309.4326,2530.7870,508.0536,309.4326,2530.7870,508.0536,-240.5674
Block_Platform_Corner_1B,2130.7870,508.0536,309.4326,2530.7870,508.0536,-240.5674,2130.7870,508.0536,-240.5674
Block_Platform_Corner_1B,2130.7870,508.0536,334.4326,2530.7870,508.0536,334.4326,2530.7870,508.0536,309.4326
Block_Platform_Corner_1B,2130.7870,508.0536,334.4326,2530.7870,508.0536,309.4326,2130.7870,508.0536,309.4326
Block_Platform_Corner_1B,3247.2070,508.0536,424.2754,3247.2070,108.0534,424.2754,3272.2070,108.0534,424.2754
Block_Platform_Corner_1B,3247.2070,508.0536,424.2754,3272.2070,108.0534,424.2754,3272.2070,508.0536,424.2754
Block_Platform_Corner_1B,2636.3320,508.0536,328.8869,2697.2080,508.0536,424.2754,3247.2070,508.0536,424.2754
Block_Platform_Corner_1B,2636.3320,508.0536,328.8869,3247.2070,508.0536,424.2754,3025.2410,508.0536,-60.0218
Block_Platform_Corner_1B,3025.2410,508.0536,-60.0218,3247.2070,508.0536,424.2754,3272.2070,508.0536,424.2754
Block_Platform_Corner_1B,3025.2410,508.0536,-60.0218,3272.2070,508.0536,424.2754,3042.9190,508.0536,-77.6995
Block_Platform_Corner_1B,3272.2070,508.0536,424.2754,3272.2070,108.0534,424.2754,3042.9190,108.0534,-77.6995
Block_Platform_Corner_1B,3272.2070,508.0536,424.2754,3042.9190,108.0534,-77.6995,3042.9190,508.0536,-77.6995
Block_Platform_Corner_1B,3247.2070,508.0536,824.2754,3247.2070,108.0534,824.2754,3272.2070,108.0534,824.2754
Block_Platform_Corner_1B,3247.2070,508.0536,824.2754,3272.2070,108.0534,824.2754,3272.2070,508.0536,824.2754
Block_Platform_Corner_1B,2672.2080,508.0536,824.2755,2672.2080,108.0534,824.2755,2697.2080,108.0534,824.2755
Block_Platform_Corner_1B,2672.2080,508.0536,824.2755,2697.2080,108.0534,824.2755,2697.2080,508.0536,824.2755
Block_Platform_Corner_1B,2618.6550,508.0536,346.5646,2618.6550,108.0534,346.5646,2672.2080,108.0534,424.2754
Block_Platform_Corner_1B,2618.6550,508.0536,346.5646,2672.2080,108.0534,424.2754,2672.2080,508.0536,424.2754
Block_Platform_Corner_1B,2618.6550,508.0536,346.5646,2672.2080,508.0536,424.2754,2697.2080,508.0536,424.2754
Block_Platform_Corner_1B,2618.6550,508.0536,346.5646,2697.2080,508.0536,424.2754,2636.3320,508.0536,328.8869
Block_Platform_Corner_1B,2672.2080,508.0536,424.2754,2672.2080,108.0534,424.2754,2672.2080,108.0534,824.2755
Block_Platform_Corner_1B,2672.2080,508.0536,424.2754,2672.2080,108.0534,824.2755,2672.2080,508.0536,824.2755
Block_Platform_Corner_1B,3272.2070,508.0536,824.2754,3272.2070,108.0534,824.2754,3272.2070,108.0534,424.2754
Block_Platform_Corner_1B,3272.2070,508.0536,824.2754,3272.2070,108.0534,424.2754,3272.2070,508.0536,424.2754
Block_Platform_Corner_1B,2697.2080,508.0536,824.2755,2697.2080,508.0536,424.2754,2672.2080,508.0536,424.2754
Block_Platform_Corner_1B,2697.2080,508.0536,824.2755,2672.2080,508.0536,424.2754,2672.2080,508.0536,824.2755
Block_Platform_Corner_1B,3272.2070,508.0536,824.2754,3272.2070,508.0536,424.2754,3247.2070,508.0536,424.2754
Block_Platform_Corner_1B,3272.2070,508.0536,824.2754,3247.2070,508.0536,424.2754,3247.2070,508.0536,824.2754
Block_Platform_1B,367.8040,511.0536,-271.1243,-232.1960,111.0534,-271.1243,-232.1960,511.0536,-271.1243
Block_Platform_1B,367.8040,511.0536,-271.1243,367.8040,111.0534,-271.1243,-232.1960,111.0534,-271.1243
Block_Platform_1B,967.8040,511.0536,-271.1243,367.8040,111.0534,-271.1243,367.8040,511.0536,-271.1243
Block_Platform_1B,967.8040,511.0536,-271.1243,967.8040,111.0534,-271.1243,367.8040,111.0534,-271.1243
Block_Platform_1B,-232.1960,511.0536,303.8757,-232.1960,111.0534,303.8757,-232.1960,111.0534,328.8757
Block_Platform_1B,-232.1960,511.0536,303.8757,-232.1960,111.0534,328.8757,-232.1960,511.0536,328.8757
Block_Platform_1B,367.8040,111.0534,-246.1243,-232.1960,111.0534,-246.1243,-232.1960,111.0534,-271.1243
Block_Platform_1B,367.8040,111.0534,-246.1243,-232.1960,111.0534,-271.1243,367.8040,111.0534,-271.1243
Block_Platform_1B,967.8040,111.0534,-246.1243,367.8040,111.0534,-246.1243,367.8040,111.0534,-271.1243
Block_Platform_1B,967.8040,111.0534,-246.1243,367.8040,111.0534,-271.1243,967.8040,111.0534,-271.1243
Block_Platform_1B,-232.1960,511.0536,-271.1243,-232.1960,111.0534,-271.1243,-232.1960,111.0534,-246.1243
Block_Platform_1B,-232.1960,511.0536,-271.1243,-232.1960,111.0534,-246.1243,-232.1960,511.0536,-246.1243
Block_Platform_1B,-232.1960,511.0536,-246.1243,-232.1960,111.0534,-246.1243,-232.1960,111.0534,303.8757
Block_Platform_1B,-232.1960,511.0536,-246.1243,-232.1960,111.0534,303.8757,-232.1960,511.0536,303.8757
Block_Platform_1B,367.8040,111.0534,328.8757,-232.1960,111.0534,328.8757,-232.1960,111.0534,303.8757
Block_Platform_1B,367.8040,111.0534,328.8757,-232.1960,111.0534,303.8757,367.8040,111.0534,303.8757
Block_Platform_1B,967.8040,111.0534,328.8757,367.8040,111.0534,328.8757,367.8040,111.0534,303.8757
Block_Platform_1B,967.8040,111.0534,328.8757,367.8040,111.0534,303.8757,967.8040,111.0534,303.8757
Block_Platform_1B,367.8040,111.0534,303.8757,-232.1960,111.0534,303.8757,-232.1960,111.0534,-246.1243
Block_Platform_1B,367.8040,111.0534,303.8757,-232.1960,111.0534,-246.1243,367.8040,111.0534,-246.1243
Block_Platform_1B,967.8040,111.0534,303.8757,367.8040,111.0534,303.8757,367.8040,111.0534,-246.1243
Block_Platform_1B,967.8040,111.0534,303.8757,367.8040,111.0534,-246.1243,967.8040,111.0534,-246.1243
Block_Platform_1B,367.8040,511.0536,328.8757,967.8040,511.0536,328.8757,967.8040,511.0536,303.8757
Block_Platform_1B,367.8040,511.0536,328.8757,967.8040,511.0536,303.8757,367.8040,511.0536,303.8757
Block_Platform_1B,-232.1960,511.0536,328.8757,367.8040,511.0536,328.8757,367.8040,511.0536,303.8757
Block_Platform_1B,-232.1960,511.0536,328.8757,367.8040,511.0536,303.8757,-232.1960,511.0536,303.8757
Block_Platform_1B,367.8040,511.0536,303.8757,967.8040,511.0536,303.8757,967.8040,511.0536,-246.1243
Block_Platform_1B,367.8040,511.0536,303.8757,967.8040,511.0536,-246.1243,367.8040,511.0536,-246.1243
Block_Platform_1B,-232.1960,511.0536,303.8757,367.8040,511.0536,303.8757,367.8040,511.0536,-246.1243
Block_Platform_1B,-232.1960,511.0536,303.8757,367.8040,511.0536,-246.1243,-232.1960,511.0536,-246.1243
Block_Platform_1B,-232.1960,511.0536,328.8757,-232.1960,111.0534,328.8757,367.8040,111.0534,328.8757
Block_Platform_1B,-232.1960,511.0536,328.8757,367.8040,111.0534,328.8757,367.8040,511.0536,328.8757
Block_Platform_1B,367.8040,511.0536,328.8757,367.8040,111.0534,328.8757,967.8040,111.0534,328.8757
Block_Platform_1B,367.8040,511.0536,328.8757,967.8040,111.0534,328.8757,967.8040,511.0536,328.8757
Block_Platform_1B,-232.1960,511.0536,-246.1243,367.8040,511.0536,-271.1243,-232.1960,511.0536,-271.1243
Block_Platform_1B,-232.1960,511.0536,-246.1243,367.8040,511.0536,-246.1243,367.8040,511.0536,-271.1243
Block_Platform_1B,367.8040,511.0536,-246.1243,967.8040,511.0536,-271.1243,367.8040,511.0536,-271.1243
Block_Platform_1B,367.8040,511.0536,-246.1243,967.8040,511.0536,-246.1243,967.8040,511.0536,-271.1243
Block_Platform_1B,2167.8040,511.0536,-246.1243,2167.8040,111.0534,-246.1243,2167.8040,111.0534,-271.1243
Block_Platform_1B,2167.8040,511.0536,-246.1243,2167.8040,111.0534,-271.1243,2167.8040,511.0536,-271.1243
Block_Platform_1B,1567.8040,511.0536,328.8757,2167.8040,111.0534,328.8757,2167.8040,511.0536,328.8757
Block_Platform_1B,1567.8040,511.0536,328.8757,1567.8040,111.0534,328.8757,2167.8040,111.0534,328.8757
Block_Platform_1B,967.8040,511.0536,328.8757,1567.8040,111.0534,328.8757,1567.8040,511.0536,328.8757
Block_Platform_1B,967.8040,511.0536,328.8757,967.8040,111.0534,328.8757,1567.8040,111.0534,328.8757
Block_Platform_1B,1567.8040,511.0536,-246.1243,2167.8040,511.0536,-246.1243,2167.8040,511.0536,-271.1243
Block_Platform_1B,1567.8040,511.0536,-246.1243,2167.8040,511.0536,-271.1243,1567.8040,511.0536,-271.1243
Block_Platform_1B,967.8040,511.0536,-246.1243,1567.8040,511.0536,-246.1243,1567.8040,511.0536,-271.1243
Block_Platform_1B,967.8040,511.0536,-246.1243,1567.8040,511.0536,-271.1243,967.8040,511.0536,-271.1243
Block_Platform_1B,2167.8040,511.0536,328.8757,2167.8040,111.0534,328.8757,2167.8040,111.0534,303.8757
Block_Platform_1B,2167.8040,511.0536,328.8757,2167.8040,111.0534,303.8757,2167.8040,511.0536,303.8757
Block_Platform_1B,2167.8040,511.0536,303.8757,2167.8040,111.0534,303.8757,2167.8040,111.0534,-246.1243
Block_Platform_1B,2167.8040,511.0536,303.8757,2167.8040,111.0534,-246.1243,2167.8040,511.0536,-246.1243
Block_Platform_1B,1567.8040,511.0536,328.8757,2167.8040,511.0536,328.8757,2167.8040,511.0536,303.8757
Block_Platform_1B,1567.8040,511.0536,328.8757,2167.8040,511.0536,303.8757,1567.8040,511.0536,303.8757
Block_Platform_1B,967.8040,511.0536,328.8757,1567.8040,511.0536,328.8757,1567.8040,511.0536,303.8757
Block_Platform_1B,967.8040,511.0536,328.8757,1567.8040,511.0536,303.8757,967.8040,511.0536,303.8757
Block_Platform_1B,1567.8040,511.0536,303.8757,2167.8040,511.0536,303.8757,2167.8040,511.0536,-246.1243
Block_Platform_1B,1567.8040,511.0536,303.8757,2167.8040,511.0536,-246.1243,1567.8040,511.0536,-246.1243
Block_Platform_1B,967.8040,511.0536,303.8757,1567.8040,511.0536,303.8757,1567.8040,511.0536,-246.1243
Block_Platform_1B,967.8040,511.0536,303.8757,1567.8040,511.0536,-246.1243,967.8040,511.0536,-246.1243
Block_Platform_1B,2167.8040,511.0536,-271.1243,2167.8040,111.0534,-271.1243,1567.8040,111.0534,-271.1243
Block_Platform_1B,2167.8040,511.0536,-271.1243,1567.8040,111.0534,-271.1243,1567.8040,511.0536,-271.1243
Block_Platform_1B,1567.8040,511.0536,-271.1243,1567.8040,111.0534,-271.1243,967.8040,111.0534,-271.1243
Block_Platform_1B,1567.8040,511.0536,-271.1243,967.8040,111.0534,-271.1243,967.8040,511.0536,-271.1243
Block_Platform_1B,2167.8040,111.0534,-246.1243,1567.8040,111.0534,-271.1243,2167.8040,111.0534,-271.1243
Block_Platform_1B,2167.8040,111.0534,-246.1243,1567.8040,111.0534,-246.1243,1567.8040,111.0534,-271.1243
Block_Platform_1B,1567.8040,111.0534,-246.1243,967.8040,111.0534,-271.1243,1567.8040,111.0534,-271.1243
Block_Platform_1B,1567.8040,111.0534,-246.1243,967.8040,111.0534,-246.1243,967.8040,111.0534,-271.1243
Block_Platform_1B,2167.8040,111.0534,328.8757,1567.8040,111.0534,303.8757,2167.8040,111.0534,303.8757
Block_Platform_1B,2167.8040,111.0534,328.8757,1567.8040,111.0534,328.8757,1567.8040,111.0534,303.8757
Block_Platform_1B,1567.8040,111.0534,328.8757,967.8040,111.0534,303.8757,1567.8040,111.0534,303.8757
Block_Platform_1B,1567.8040,111.0534,328.8757,967.8040,111.0534,328.8757,967.8040,111.0534,303.8757
Block_Platform_1B,2167.8040,111.0534,303.8757,1567.8040,111.0534,-246.1243,2167.8040,111.0534,-246.1243
Block_Platform_1B,2167.8040,111.0534,303.8757,1567.8040,111.0534,303.8757,1567.8040,111.0534,-246.1243
Block_Platform_1B,1567.8040,111.0534,303.8757,967.8040,111.0534,-246.1243,1567.8040,111.0534,-246.1243
Block_Platform_1B,1567.8040,111.0534,303.8757,967.8040,111.0534,303.8757,967.8040,111.0534,-246.1243
Block_Platform_1B,967.8040,511.0536,-246.1243,967.8040,111.0534,-246.1243,967.8040,111.0534,-271.1243
Block_Platform_1B,967.8040,511.0536,-246.1243,967.8040,111.0534,-271.1243,967.8040,511.0536,-271.1243
Block_Platform_1B,967.8040,511.0536,328.8757,967.8040,111.0534,328.8757,967.8040,111.0534,303.8757
Block_Platform_1B,967.8040,511.0536,328.8757,967.8040,111.0534,303.8757,967.8040,511.0536,303.8757
Block_Platform_1B,967.8040,511.0536,303.8757,967.8040,111.0534,303.8757,967.8040,111.0534,-246.1243
Block_Platform_1B,967.8040,511.0536,303.8757,967.8040,111.0534,-246.1243,967.8040,511.0536,-246.1243
Block_Platform_1B,-1210.0000,511.0536,4951.0000,-1210.0000,111.0534,5551.0000,-1210.0000,511.0536,5551.0000
Block_Platform_1B,-1210.0000,511.0536,4951.0000,-1210.0000,111.0534,4951.0000,-1210.0000,111.0534,5551.0000
Block_Platform_1B,-1210.0000,511.0536,4351.0000,-1210.0000,111.0534,4951.0000,-1210.0000,511.0536,4951.0000
Block_Platform_1B,-1210.0000,511.0536,4351.0000,-1210.0000,111.0534,4351.0000,-1210.0000,111.0534,4951.0000
Block_Platform_1B,-634.9999,511.0536,5551.0000,-634.9999,111.0534,5551.0000,-609.9998,111.0534,5551.0000
Block_Platform_1B,-634.9999,511.0536,5551.0000,-609.9998,111.0534,5551.0000,-609.9998,511.0536,5551.0000
Block_Platform_1B,-1185.0000,111.0534,4951.0000,-1185.0000,111.0534,5551.0000,-1210.0000,111.0534,5551.0000
Block_Platform_1B,-1185.0000,111.0534,4951.0000,-1210.0000,111.0534,5551.0000,-1210.0000,111.0534,4951.0000
Block_Platform_1B,-1185.0000,111.0534,4351.0000,-1185.0000,111.0534,4951.0000,-1210.0000,111.0534,4951.0000
Block_Platform_1B,-1185.0000,111.0534,4351.0000,-1210.0000,111.0534,4951.0000,-1210.0000,111.0534,4351.0000
Block_Platform_1B,-1210.0000,511.0536,5551.0000,-1210.0000,111.0534,5551.0000,-1185.0000,111.0534,5551.0000
Block_Platform_1B,-1210.0000,511.0536,5551.0000,-1185.0000,111.0534,5551.0000,-1185.0000,511.0536,5551.0000
Block_Platform_1B,-1185.0000,511.0536,5551.0000,-1185.0000,111.0534,5551.0000,-634.9999,111.0534,5551.0000
Block_Platform_1B,-1185.0000,511.0536,5551.0000,-634.9999,111.0534,5551.0000,-634.9999,511.0536,5551.0000
Block_Platform_1B,-609.9999,111.0534,4951.0000,-609.9998,111.0534,5551.0000,-634.9999,111.0534,5551.0000
Block_Platform_1B,-609.9999,111.0534,4951.0000,-634.9999,111.0534,5551.0000,-634.9999,111.0534,4951.0000
Block_Platform_1B,-610.0000,111.0534,4351.0000,-609.9999,111.0534,4951.0000,-634.9999,111.0534,4951.0000
Block_Platform_1B,-610.0000,111.0534,4351.0000,-634.9999,111.0534,4951.0000,-635.0001,111.0534,4351.0000
Block_Platform_1B,-634.9999,111.0534,4951.0000,-634.9999,111.0534,5551.0000,-1185.0000,111.0534,5551.0000
Block_Platform_1B,-634.9999,111.0534,4951.0000,-1185.0000,111.0534,5551.0000,-1185.0000,111.0534,4951.0000
Block_Platform_1B,-635.0001,111.0534,4351.0000,-634.9999,111.0534,4951.0000,-1185.0000,111.0534,4951.0000
Block_Platform_1B,-635.0001,111.0534,4351.0000,-1185.0000,111.0534,4951.0000,-1185.0000,111.0534,4351.0000
Block_Platform_1B,-609.9999,511.0536,4951.0000,-610.0000,511.0536,4351.0000,-635.0001,511.0536,4351.0000
Block_Platform_1B,-609.9999,511.0536,4951.0000,-635.0001,511.0536,4351.0000,-634.9999,511.0536,4951.0000
Block_Platform_1B,-609.9998,511.0536,5551.0000,-609.9999,511.0536,4951.0000,-634.9999,511.0536,4951.0000
Block_Platform_1B,-609.9998,511.0536,5551.0000,-634.9999,511.0536,4951.0000,-634.9999,511.0536,5551.0000
Block_Platform_1B,-634.9999,511.0536,4951.0000,-635.0001,511.0536,4351.0000,-1185.0000,511.0536,4351.0000
Block_Platform_1B,-634.9999,511.0536,4951.0000,-1185.0000,511.0536,4351.0000,-1185.0000,511.0536,4951.0000
Block_Platform_1B,-634.9999,511.0536,5551.0000,-634.9999,511.0536,4951.0000,-1185.0000,511.0536,4951.0000
Block_Platform_1B,-634.9999,511.0536,5551.0000,-1185.0000,511.0536,4951.0000,-1185.0000,511.0536,5551.0000
Block_Platform_1B,-609.9998,511.0536,5551.0000,-609.9998,111.0534,5551.0000,-609.9999,111.0534,4951.0000
Block_Platform_1B,-609.9998,511.0536,5551.0000,-609.9999,111.0534,4951.0000,-609.9999,511.0536,4951.0000
Block_Platform_1B,-609.9999,511.0536,4951.0000,-609.9999,111.0534,4951.0000,-610.0000,111.0534,4351.0000
Block_Platform_1B,-609.9999,511.0536,4951.0000,-610.0000,111.0534,4351.0000,-610.0000,511.0536,4351.0000
Block_Platform_1B,-1185.0000,511.0536,5551.0000,-1210.0000,511.0536,4951.0000,-1210.0000,511.0536,5551.0000
Block_Platform_1B,-1185.0000,511.0536,5551.0000,-1185.0000,511.0536,4951.0000,-1210.0000,511.0536,4951.0000
Block_Platform_1B,-1185.0000,511.0536,4951.0000,-1210.0000,511.0536,4351.0000,-1210.0000,511.0536,4951.0000
Block_Platform_1B,-1185.0000,511.0536,4951.0000,-1185.0000,511.0536,4351.0000,-1210.0000,511.0536,4351.0000
Block_Platform_1B,-1185.0000,511.0536,3151.0000,-1185.0000,111.0534,3151.0000,-1210.0000,111.0534,3151.0000
Block_Platform_1B,-1185.0000,511.0536,3151.0000,-1210.0000,111.0534,3151.0000,-1210.0000,511.0536,3151.0000
Block_Platform_1B,-610.0001,511.0536,3751.0000,-610.0002,111.0534,3151.0000,-610.0002,511.0536,3151.0000
Block_Platform_1B,-610.0001,511.0536,3751.0000,-610.0001,111.0534,3751.0000,-610.0002,111.0534,3151.0000
Block_Platform_1B,-610.0000,511.0536,4351.0000,-610.0001,111.0534,3751.0000,-610.0001,511.0536,3751.0000
Block_Platform_1B,-610.0000,511.0536,4351.0000,-610.0000,111.0534,4351.0000,-610.0001,111.0534,3751.0000
Block_Platform_1B,-1185.0000,511.0536,3751.0000,-1185.0000,511.0536,3151.0000,-1210.0000,511.0536,3151.0000
Block_Platform_1B,-1185.0000,511.0536,3751.0000,-1210.0000,511.0536,3151.0000,-1210.0000,511.0536,3751.0000
Block_Platform_1B,-1185.0000,511.0536,4351.0000,-1185.0000,511.0536,3751.0000,-1210.0000,511.0536,3751.0000
Block_Platform_1B,-1185.0000,511.0536,4351.0000,-1210.0000,511.0536,3751.0000,-1210.0000,511.0536,4351.0000
Block_Platform_1B,-610.0002,511.0536,3151.0000,-610.0002,111.0534,3151.0000,-635.0002,111.0534,3151.0000
Block_Platform_1B,-610.0002,511.0536,3151.0000,-635.0002,111.0534,3151.0000,-635.0002,511.0536,3151.0000
Block_Platform_1B,-635.0002,511.0536,3151.0000,-635.0002,111.0534,3151.0000,-1185.0000,111.0534,3151.0000
Block_Platform_1B,-635.0002,511.0536,3151.0000,-1185.0000,111.0534,3151.0000,-1185.0000,511.0536,3151.0000
Block_Platform_1B,-610.0001,511.0536,3751.0000,-610.0002,511.0536,3151.0000,-635.0002,511.0536,3151.0000
Block_Platform_1B,-610.0001,511.0536,3751.0000,-635.0002,511.0536,3151.0000,-635.0001,511.0536,3751.0000
Block_Platform_1B,-610.0000,511.0536,4351.0000,-610.0001,511.0536,3751.0000,-635.0001,511.0536,3751.0000
Block_Platform_1B,-610.0000,511.0536,4351.0000,-635.0001,511.0536,3751.0000,-635.0001,511.0536,4351.0000
Block_Platform_1B,-635.0001,511.0536,3751.0000,-635.0002,511.0536,3151.0000,-1185.0000,511.0536,3151.0000
Block_Platform_1B,-635.0001,511.0536,3751.0000,-1185.0000,511.0536,3151.0000,-1185.0000,511.0536,3751.0000
Block_Platform_1B,-635.0001,511.0536,4351.0000,-635.0001,511.0536,3751.0000,-1185.0000,511.0536,3751.0000
Block_Platform_1B,-635.0001,511.0536,4351.0000,-1185.0000,511.0536,3751.0000,-1185.0000,511.0536,4351.0000
Block_Platform_1B,-1210.0000,511.0536,3151.0000,-1210.0000,111.0534,3151.0000,-1210.0000,111.0534,3751.0000
Block_Platform_1B,-1210.0000,511.0536,3151.0000,-1210.0000,111.0534,3751.0000,-1210.0000,511.0536,3751.0000
Block_Platform_1B,-1210.0000,511.0536,3751.0000,-1210.0000,111.0534,3751.0000,-1210.0000,111.0534,4351.0000
Block_Platform_1B,-1210.0000,511.0536,3751.0000,-1210.0000,111.0534,4351.0000,-1210.0000,511.0536,4351.0000
Block_Platform_1B,-1185.0000,111.0534,3151.0000,-1210.0000,111.0534,3751.0000,-1210.0000,111.0534,3151.0000
Block_Platform_1B,-1185.0000,111.0534,3151.0000,-1185.0000,111.0534,3751.0000,-1210.0000,111.0534,3751.0000
Block_Platform_1B,-1185.0000,111.0534,3751.0000,-1210.0000,111.0534,4351.0000,-1210.0000,111.0534,3751.0000
Block_Platform_1B,-1185.0000,111.0534,3751.0000,-1185.0000,111.0534,4351.0000,-1210.0000,111.0534,4351.0000
Block_Platform_1B,-610.0002,111.0534,3151.0000,-635.0001,111.0534,3751.0000,-635.0002,111.0534,3151.0000
Block_Platform_1B,-610.0002,111.0534,3151.0000,-610.0001,111.0534,3751.0000,-635.0001,111.0534,3751.0000
Block_Platform_1B,-610.0001,111.0534,3751.0000,-635.0001,111.0534,4351.0000,-635.0001,111.0534,3751.0000
Block_Platform_1B,-610.0001,111.0534,3751.0000,-610.0000,111.0534,4351.0000,-635.0001,111.0534,4351.0000
Block_Platform_1B,-635.0002,111.0534,3151.0000,-1185.0000,111.0534,3751.0000,-1185.0000,111.0534,3151.0000
Block_Platform_1B,-635.0002,111.0534,3151.0000,-635.0001,111.0534,3751.0000,-1185.0000,111.0534,3751.0000
Block_Platform_1B,-635.0001,111.0534,3751.0000,-1185.0000,111.0534,4351.0000,-1185.0000,111.0534,3751.0000
Block_Platform_1B,-635.0001,111.0534,3751.0000,-635.0001,111.0534,4351.0000,-1185.0000,111.0534,4351.0000
Block_Platform_1B,-1185.0000,511.0536,4351.0000,-1185.0000,111.0534,4351.0000,-1210.0000,111.0534,4351.0000
Block_Platform_1B,-1185.0000,511.0536,4351.0000,-1210.0000,111.0534,4351.0000,-1210.0000,511.0536,4351.0000
Block_Platform_1B,-610.0000,511.0536,4351.0000,-610.0000,111.0534,4351.0000,-635.0001,111.0534,4351.0000
Block_Platform_1B,-610.0000,511.0536,4351.0000,-635.0001,111.0534,4351.0000,-635.0001,511.0536,4351.0000
Block_Platform_1B,-635.0001,511.0536,4351.0000,-635.0001,111.0534,4351.0000,-1185.0000,111.0534,4351.0000
Block_Platform_1B,-635.0001,511.0536,4351.0000,-1185.0000,111.0534,4351.0000,-1185.0000,511.0536,4351.0000
Block_Platform_1B,2671.0000,511.0536,4992.0000,2671.0000,111.0534,5592.0000,2671.0000,511.0536,5592.0000
Block_Platform_1B,2671.0000,511.0536,4992.0000,2671.0000,111.0534,4992.0000,2671.0000,111.0534,5592.0000
Block_Platform_1B,2671.0000,511.0536,4392.0000,2671.0000,111.0534,4992.0000,2671.0000,511.0536,4992.0000
Block_Platform_1B,2671.0000,511.0536,4392.0000,2671.0000,111.0534,4392.0000,2671.0000,111.0534,4992.0000
Block_Platform_1B,3246.0000,511.0536,5592.0000,3246.0000,111.0534,5592.0000,3271.0000,111.0534,5592.0000
Block_Platform_1B,3246.0000,511.0536,5592.0000,3271.0000,111.0534,5592.0000,3271.0000,511.0536,5592.0000
Block_Platform_1B,2696.0000,111.0534,4992.0000,2696.0000,111.0534,5592.0000,2671.0000,111.0534,5592.0000
Block_Platform_1B,2696.0000,111.0534,4992.0000,2671.0000,111.0534,5592.0000,2671.0000,111.0534,4992.0000
Block_Platform_1B,2696.0000,111.0534,4392.0000,2696.0000,111.0534,4992.0000,2671.0000,111.0534,4992.0000
Block_Platform_1B,2696.0000,111.0534,4392.0000,2671.0000,111.0534,4992.0000,2671.0000,111.0534,4392.0000
Block_Platform_1B,2671.0000,511.0536,5592.0000,2671.0000,111.0534,5592.0000,2696.0000,111.0534,5592.0000
Block_Platform_1B,2671.0000,511.0536,5592.0000,2696.0000,111.0534,5592.0000,2696.0000,511.0536,5592.0000
Block_Platform_1B,2696.0000,511.0536,5592.0000,2696.0000,111.0534,5592.0000,3246.0000,111.0534,5592.0000
Block_Platform_1B,2696.0000,511.0536,5592.0000,3246.0000,111.0534,5592.0000,3246.0000,511.0536,5592.0000
Block_Platform_1B,3271.0000,111.0534,4992.0000,3271.0000,111.0534,5592.0000,3246.0000,111.0534,5592.0000
Block_Platform_1B,3271.0000,111.0534,4992.0000,3246.0000,111.0534,5592.0000,3246.0000,111.0534,4992.0000
Block_Platform_1B,3271.0000,111.0534,4392.0000,3271.0000,111.0534,4992.0000,3246.0000,111.0534,4992.0000
Block_Platform_1B,3271.0000,111.0534,4392.0000,3246.0000,111.0534,4992.0000,3246.0000,111.0534,4392.0000
Block_Platform_1B,3246.0000,111.0534,4992.0000,3246.0000,111.0534,5592.0000,2696.0000,111.0534,5592.0000
Block_Platform_1B,3246.0000,111.0534,4992.0000,2696.0000,111.0534,5592.0000,2696.0000,111.0534,4992.0000
Block_Platform_1B,3246.0000,111.0534,4392.0000,3246.0000,111.0534,4992.0000,2696.0000,111.0534,4992.0000
Block_Platform_1B,3246.0000,111.0534,4392.0000,2696.0000,111.0534,4992.0000,2696.0000,111.0534,4392.0000
Block_Platform_1B,3271.0000,511.0536,4992.0000,3271.0000,511.0536,4392.0000,3246.0000,511.0536,4392.0000
Block_Platform_1B,3271.0000,511.0536,4992.0000,3246.0000,511.0536,4392.0000,3246.0000,511.0536,4992.0000
Block_Platform_1B,3271.0000,511.0536,5592.0000,3271.0000,511.0536,4992.0000,3246.0000,511.0536,4992.0000
Block_Platform_1B,3271.0000,511.0536,5592.0000,3246.0000,511.0536,4992.0000,3246.0000,511.0536,5592.0000
Block_Platform_1B,3246.0000,511.0536,4992.0000,3246.0000,511.0536,4392.0000,2696.0000,511.0536,4392.0000
Block_Platform_1B,3246.0000,511.0536,4992.0000,2696.0000,511.0536,4392.0000,2696.0000,511.0536,4992.0000
Block_Platform_1B,3246.0000,511.0536,5592.0000,3246.0000,511.0536,4992.0000,2696.0000,511.0536,4992.0000
Block_Platform_1B,3246.0000,511.0536,5592.0000,2696.0000,511.0536,4992.0000,2696.0000,511.0536,5592.0000
Block_Platform_1B,3271.0000,511.0536,5592.0000,3271.0000,111.0534,5592.0000,3271.0000,111.0534,4992.0000
Block_Platform_1B,3271.0000,511.0536,5592.0000,3271.0000,111.0534,4992.0000,3271.0000,511.0536,4992.0000
Block_Platform_1B,3271.0000,511.0536,4992.0000,3271.0000,111.0534,4992.0000,3271.0000,111.0534,4392.0000
Block_Platform_1B,3271.0000,511.0536,4992.0000,3271.0000,111.0534,4392.0000,3271.0000,511.0536,4392.0000
Block_Platform_1B,2696.0000,511.0536,5592.0000,2671.0000,511.0536,4992.0000,2671.0000,511.0536,5592.0000
Block_Platform_1B,2696.0000,511.0536,5592.0000,2696.0000,511.0536,4992.0000,2671.0000,511.0536,4992.0000
Block_Platform_1B,2696.0000,511.0536,4992.0000,2671.0000,511.0536,4392.0000,2671.0000,511.0536,4992.0000
Block_Platform_1B,2696.0000,511.0536,4992.0000,2696.0000,511.0536,4392.0000,2671.0000,511.0536,4392.0000
Block_Platform_1B,2696.0000,511.0536,3192.0000,2696.0000,111.0534,3192.0000,2671.0000,111.0534,3192.0000
Block_Platform_1B,2696.0000,511.0536,3192.0000,2671.0000,111.0534,3192.0000,2671.0000,511.0536,3192.0000
Block_Platform_1B,3271.0000,511.0536,3792.0000,3271.0000,111.0534,3192.0000,3271.0000,511.0536,3192.0000
Block_Platform_1B,3271.0000,511.0536,3792.0000,3271.0000,111.0534,3792.0000,3271.0000,111.0534,3192.0000
Block_Platform_1B,3271.0000,511.0536,4392.0000,3271.0000,111.0534,3792.0000,3271.0000,511.0536,3792.0000
Block_Platform_1B,3271.0000,511.0536,4392.0000,3271.0000,111.0534,4392.0000,3271.0000,111.0534,3792.0000
Block_Platform_1B,2696.0000,511.0536,3792.0000,2696.0000,511.0536,3192.0000,2671.0000,511.0536,3192.0000
Block_Platform_1B,2696.0000,511.0536,3792.0000,2671.0000,511.0536,3192.0000,2671.0000,511.0536,3792.0000
Block_Platform_1B,2696.0000,511.0536,4392.0000,2696.0000,511.0536,3792.0000,2671.0000,511.0536,3792.0000
Block_Platform_1B,2696.0000,511.0536,4392.0000,2671.0000,511.0536,3792.0000,2671.0000,511.0536,4392.0000
Block_Platform_1B,3271.0000,511.0536,3192.0000,3271.0000,111.0534,3192.0000,3246.0000,111.0534,3192.0000
Block_Platform_1B,3271.0000,511.0536,3192.0000,3246.0000,111.0534,3192.0000,3246.0000,511.0536,3192.0000
Block_Platform_1B,3246.0000,511.0536,3192.0000,3246.0000,111.0534,3192.0000,2696.0000,111.0534,3192.0000
Block_Platform_1B,3246.0000,511.0536,3192.0000,2696.0000,111.0534,3192.0000,2696.0000,511.0536,3192.0000
Block_Platform_1B,3271.0000,511.0536,3792.0000,3271.0000,511.0536,3192.0000,3246.0000,511.0536,3192.0000
Block_Platform_1B,3271.0000,511.0536,3792.0000,3246.0000,511.0536,3192.0000,3246.0000,511.0536,3792.0000
Block_Platform_1B,3271.0000,511.0536,4392.0000,3271.0000,511.0536,3792.0000,3246.0000,511.0536,3792.0000
Block_Platform_1B,3271.0000,511.0536,4392.0000,3246.0000,511.0536,3792.0000,3246.0000,511.0536,4392.0000
Block_Platform_1B,3246.0000,511.0536,3792.0000,3246.0000,511.0536,3192.0000,2696.0000,511.0536,3192.0000
Block_Platform_1B,3246.0000,511.0536,3792.0000,2696.0000,511.0536,3192.0000,2696.0000,511.0536,3792.0000
Block_Platform_1B,3246.0000,511.0536,4392.0000,3246.0000,511.0536,3792.0000,2696.0000,511.0536,3792.0000
Block_Platform_1B,3246.0000,511.0536,4392.0000,2696.0000,511.0536,3792.0000,2696.0000,511.0536,4392.0000
Block_Platform_1B,2671.0000,511.0536,3192.0000,2671.0000,111.0534,3192.0000,2671.0000,111.0534,3792.0000
Block_Platform_1B,2671.0000,511.0536,3192.0000,2671.0000,111.0534,3792.0000,2671.0000,511.0536,3792.0000
Block_Platform_1B,2671.0000,511.0536,3792.0000,2671.0000,111.0534,3792.0000,2671.0000,111.0534,4392.0000
Block_Platform_1B,2671.0000,511.0536,3792.0000,2671.0000,111.0534,4392.0000,2671.0000,511.0536,4392.0000
Block_Platform_1B,2696.0000,111.0534,3192.0000,2671.0000,111.0534,3792.0000,2671.0000,111.0534,3192.0000
Block_Platform_1B,2696.0000,111.0534,3192.0000,2696.0000,111.0534,3792.0000,2671.0000,111.0534,3792.0000
Block_Platform_1B,2696.0000,111.0534,3792.0000,2671.0000,111.0534,4392.0000,2671.0000,111.0534,3792.0000
Block_Platform_1B,2696.0000,111.0534,3792.0000,2696.0000,111.0534,4392.0000,2671.0000,111.0534,4392.0000
Block_Platform_1B,3271.0000,111.0534,3192.0000,3246.0000,111.0534,3792.0000,3246.0000,111.0534,3192.0000
Block_Platform_1B,3271.0000,111.0534,3192.0000,3271.0000,111.0534,3792.0000,3246.0000,111.0534,3792.0000
Block_Platform_1B,3271.0000,111.0534,3792.0000,3246.0000,111.0534,4392.0000,3246.0000,111.0534,3792.0000
Block_Platform_1B,3271.0000,111.0534,3792.0000,3271.0000,111.0534,4392.0000,3246.0000,111.0534,4392.0000
Block_Platform_1B,3246.0000,111.0534,3192.0000,2696.0000,111.0534,3792.0000,2696.0000,111.0534,3192.0000
Block_Platform_1B,3246.0000,111.0534,3192.0000,3246.0000,111.0534,3792.0000,2696.0000,111.0534,3792.0000
Block_Platform_1B,3246.0000,111.0534,3792.0000,2696.0000,111.0534,4392.0000,2696.0000,111.0534,3792.0000
Block_Platform_1B,3246.0000,111.0534,3792.0000,3246.0000,111.0534,4392.0000,2696.0000,111.0534,4392.0000
Block_Platform_1B,2696.0000,511.0536,4392.0000,2696.0000,111.0534,4392.0000,2671.0000,111.0534,4392.0000
Block_Platform_1B,2696.0000,511.0536,4392.0000,2671.0000,111.0534,4392.0000,2671.0000,511.0536,4392.0000
Block_Platform_1B,3271.0000,511.0536,4392.0000,3271.0000,111.0534,4392.0000,3246.0000,111.0534,4392.0000
Block_Platform_1B,3271.0000,511.0536,4392.0000,3246.0000,111.0534,4392.0000,3246.0000,511.0536,4392.0000
Block_Platform_1B,3246.0000,511.0536,4392.0000,3246.0000,111.0534,4392.0000,2696.0000,111.0534,4392.0000
Block_Platform_1B,3246.0000,511.0536,4392.0000,2696.0000,111.0534,4392.0000,2696.0000,511.0536,4392.0000
Block_Platform_1B,2671.0010,511.0536,2594.0010,2671.0010,111.0534,3194.0010,2671.0010,511.0536,3194.0010
Block_Platform_1B,2671.0010,511.0536,2594.0010,2671.0010,111.0534,2594.0010,2671.0010,111.0534,3194.0010
Block_Platform_1B,2671.0010,511.0536,1994.0000,2671.0010,111.0534,2594.0010,2671.0010,511.0536,2594.0010
Block_Platform_1B,2671.0010,511.0536,1994.0000,2671.0010,111.0534,1994.0000,2671.0010,111.0534,2594.0010
Block_Platform_1B,3246.0010,511.0536,3194.0010,3246.0010,111.0534,3194.0010,3271.0010,111.0534,3194.0010
Block_Platform_1B,3246.0010,511.0536,3194.0010,3271.0010,111.0534,3194.0010,3271.0010,511.0536,3194.0010
Block_Platform_1B,2696.0010,111.0534,2594.0010,2696.0010,111.0534,3194.0010,2671.0010,111.0534,3194.0010
Block_Platform_1B,2696.0010,111.0534,2594.0010,2671.0010,111.0534,3194.0010,2671.0010,111.0534,2594.0010
Block_Platform_1B,2696.0010,111.0534,1994.0000,2696.0010,111.0534,2594.0010,2671.0010,111.0534,2594.0010
Block_Platform_1B,2696.0010,111.0534,1994.0000,2671.0010,111.0534,2594.0010,2671.0010,111.0534,1994.0000
Block_Platform_1B,2671.0010,511.0536,3194.0010,2671.0010,111.0534,3194.0010,2696.0010,111.0534,3194.0010
Block_Platform_1B,2671.0010,511.0536,3194.0010,2696.0010,111.0534,3194.0010,2696.0010,511.0536,3194.0010
Block_Platform_1B,2696.0010,511.0536,3194.0010,2696.0010,111.0534,3194.0010,3246.0010,111.0534,3194.0010
Block_Platform_1B,2696.0010,511.0536,3194.0010,3246.0010,111.0534,3194.0010,3246.0010,511.0536,3194.0010
Block_Platform_1B,3271.0010,111.0534,2594.0000,3271.0010,111.0534,3194.0010,3246.0010,111.0534,3194.0010
Block_Platform_1B,3271.0010,111.0534,2594.0000,3246.0010,111.0534,3194.0010,3246.0010,111.0534,2594.0010
Block_Platform_1B,3271.0010,111.0534,1994.0000,3271.0010,111.0534,2594.0000,3246.0010,111.0534,2594.0010
Block_Platform_1B,3271.0010,111.0534,1994.0000,3246.0010,111.0534,2594.0010,3246.0010,111.0534,1994.0000
Block_Platform_1B,3246.0010,111.0534,2594.0010,3246.0010,111.0534,3194.0010,2696.0010,111.0534,3194.0010
Block_Platform_1B,3246.0010,111.0534,2594.0010,2696.0010,111.0534,3194.0010,2696.0010,111.0534,2594.0010
Block_Platform_1B,3246.0010,111.0534,1994.0000,3246.0010,111.0534,2594.0010,2696.0010,111.0534,2594.0010
Block_Platform_1B,3246.0010,111.0534,1994.0000,2696.0010,111.0534,2594.0010,2696.0010,111.0534,1994.0000
Block_Platform_1B,3271.0010,511.0536,2594.0000,3271.0010,511.0536,1994.0000,3246.0010,511.0536,1994.0000
Block_Platform_1B,3271.0010,511.0536,2594.0000,3246.0010,511.0536,1994.0000,3246.0010,511.0536,2594.0010
Block_Platform_1B,3271.0010,511.0536,3194.0010,3271.0010,511.0536,2594.0000,3246.0010,511.0536,2594.0010
Block_Platform_1B,3271.0010,511.0536,3194.0010,3246.0010,511.0536,2594.0010,3246.0010,511.0536,3194.0010
Block_Platform_1B,3246.0010,511.0536,2594.0010,3246.0010,511.0536,1994.0000,2696.0010,511.0536,1994.0000
Block_Platform_1B,3246.0010,511.0536,2594.0010,2696.0010,511.0536,1994.0000,2696.0010,511.0536,2594.0010
Block_Platform_1B,3246.0010,511.0536,3194.0010,3246.0010,511.0536,2594.0010,2696.0010,511.0536,2594.0010
Block_Platform_1B,3246.0010,511.0536,3194.0010,2696.0010,511.0536,2594.0010,2696.0010,511.0536,3194.0010
Block_Platform_1B,3271.0010,511.0536,3194.0010,3271.0010,111.0534,3194.0010,3271.0010,111.0534,2594.0000
Block_Platform_1B,3271.0010,511.0536,3194.0010,3271.0010,111.0534,2594.0000,3271.0010,511.0536,2594.0000
Block_Platform_1B,3271.0010,511.0536,2594.0000,3271.0010,111.0534,2594.0000,3271.0010,111.0534,1994.0000
Block_Platform_1B,3271.0010,511.0536,2594.0000,3271.0010,111.0534,1994.0000,3271.0010,511.0536,1994.0000
Block_Platform_1B,2696.0010,511.0536,3194.0010,2671.0010,511.0536,2594.0010,2671.0010,511.0536,3194.0010
Block_Platform_1B,2696.0010,511.0536,3194.0010,2696.0010,511.0536,2594.0010,2671.0010,511.0536,2594.0010
Block_Platform_1B,2696.0010,511.0536,2594.0010,2671.0010,511.0536,1994.0000,2671.0010,511.0536,2594.0010
Block_Platform_1B,2696.0010,511.0536,2594.0010,2696.0010,511.0536,1994.0000,2671.0010,511.0536,1994.0000
Block_Platform_1B,2696.0010,511.0536,794.0002,2696.0010,111.0534,794.0002,2671.0010,111.0534,794.0002
Block_Platform_1B,2696.0010,511.0536,794.0002,2671.0010,111.0534,794.0002,2671.0010,511.0536,794.0002
Block_Platform_1B,3271.0010,511.0536,1394.0000,3271.0010,111.0534,794.0002,3271.0010,511.0536,794.0002
Block_Platform_1B,3271.0010,511.0536,1394.0000,3271.0010,111.0534,1394.0000,3271.0010,111.0534,794.0002
Block_Platform_1B,3271.0010,511.0536,1994.0000,3271.0010,111.0534,1394.0000,3271.0010,511.0536,1394.0000
Block_Platform_1B,3271.0010,511.0536,1994.0000,3271.0010,111.0534,1994.0000,3271.0010,111.0534,1394.0000
Block_Platform_1B,2696.0010,511.0536,1394.0000,2696.0010,511.0536,794.0002,2671.0010,511.0536,794.0002
Block_Platform_1B,2696.0010,511.0536,1394.0000,2671.0010,511.0536,794.0002,2671.0010,511.0536,1394.0000
Block_Platform_1B,2696.0010,511.0536,1994.0000,2696.0010,511.0536,1394.0000,2671.0010,511.0536,1394.0000
Block_Platform_1B,2696.0010,511.0536,1994.0000,2671.0010,511.0536,1394.0000,2671.0010,511.0536,1994.0000
Block_Platform_1B,3271.0010,511.0536,794.0002,3271.0010,111.0534,794.0002,3246.0010,111.0534,794.0002
Block_Platform_1B,3271.0010,511.0536,794.0002,3246.0010,111.0534,794.0002,3246.0010,511.0536,794.0002
Block_Platform_1B,3246.0010,511.0536,794.0002,3246.0010,111.0534,794.0002,2696.0010,111.0534,794.0002
Block_Platform_1B,3246.0010,511.0536,794.0002,2696.0010,111.0534,794.0002,2696.0010,511.0536,794.0002
Block_Platform_1B,3271.0010,511.0536,1394.0000,3271.0010,511.0536,794.0002,3246.0010,511.0536,794.0002
Block_Platform_1B,3271.0010,511.0536,1394.0000,3246.0010,511.0536,794.0002,3246.0010,511.0536,1394.0000
Block_Platform_1B,3271.0010,511.0536,1994.0000,3271.0010,511.0536,1394.0000,3246.0010,511.0536,1394.0000
Block_Platform_1B,3271.0010,511.0536,1994.0000,3246.0010,511.0536,1394.0000,3246.0010,511.0536,1994.0000
Block_Platform_1B,3246.0010,511.0536,1394.0000,3246.0010,511.0536,794.0002,2696.0010,511.0536,794.0002
Block_Platform_1B,3246.0010,511.0536,1394.0000,2696.0010,511.0536,794.0002,2696.0010,511.0536,1394.0000
Block_Platform_1B,3246.0010,511.0536,1994.0000,3246.0010,511.0536,1394.0000,2696.0010,511.0536,1394.0000
Block_Platform_1B,3246.0010,511.0536,1994.0000,2696.0010,511.0536,1394.0000,2696.0010,511.0536,1994.0000
Block_Platform_1B,2671.0010,511.0536,794.0002,2671.0010,111.0534,794.0002,2671.0010,111.0534,1394.0000
Block_Platform_1B,2671.0010,511.0536,794.0002,2671.0010,111.0534,1394.0000,2671.0010,511.0536,1394.0000
Block_Platform_1B,2671.0010,511.0536,1394.0000,2671.0010,111.0534,1394.0000,2671.0010,111.0534,1994.0000
Block_Platform_1B,2671.0010,511.0536,1394.0000,2671.0010,111.0534,1994.0000,2671.0010,511.0536,1994.0000
Block_Platform_1B,2696.0010,111.0534,794.0002,2671.0010,111.0534,1394.0000,2671.0010,111.0534,794.0002
Block_Platform_1B,2696.0010,111.0534,794.0002,2696.0010,111.0534,1394.0000,2671.0010,111.0534,1394.0000
Block_Platform_1B,2696.0010,111.0534,1394.0000,2671.0010,111.0534,1994.0000,2671.0010,111.0534,1394.0000
Block_Platform_1B,2696.0010,111.0534,1394.0000,2696.0010,111.0534,1994.0000,2671.0010,111.0534,1994.0000
Block_Platform_1B,3271.0010,111.0534,794.0002,3246.0010,111.0534,1394.0000,3246.0010,111.0534,794.0002
Block_Platform_1B,3271.0010,111.0534,794.0002,3271.0010,111.0534,1394.0000,3246.0010,111.0534,1394.0000
Block_Platform_1B,3271.0010,111.0534,1394.0000,3246.0010,111.0534,1994.0000,3246.0010,111.0534,1394.0000
Block_Platform_1B,3271.0010,111.0534,1394.0000,3271.0010,111.0534,1994.0000,3246.0010,111.0534,1994.0000
Block_Platform_1B,3246.0010,111.0534,794.0002,2696.0010,111.0534,1394.0000,2696.0010,111.0534,794.0002
Block_Platform_1B,3246.0010,111.0534,794.0002,3246.0010,111.0534,1394.0000,2696.0010,111.0534,1394.0000
Block_Platform_1B,3246.0010,111.0534,1394.0000,2696.0010,111.0534,1994.0000,2696.0010,111.0534,1394.0000
Block_Platform_1B,3246.0010,111.0534,1394.0000,3246.0010,111.0534,1994.0000,2696.0010,111.0534,1994.0000
Block_Platform_1B,2696.0010,511.0536,1994.0000,2696.0010,111.0534,1994.0000,2671.0010,111.0534,1994.0000
Block_Platform_1B,2696.0010,511.0536,1994.0000,2671.0010,111.0534,1994.0000,2671.0010,511.0536,1994.0000
Block_Platform_1B,3271.0010,511.0536,1994.0000,3271.0010,111.0534,1994.0000,3246.0010,111.0534,1994.0000
Block_Platform_1B,3271.0010,511.0536,1994.0000,3246.0010,111.0534,1994.0000,3246.0010,511.0536,1994.0000
Block_Platform_1B,3246.0010,511.0536,1994.0000,3246.0010,111.0534,1994.0000,2696.0010,111.0534,1994.0000
Block_Platform_1B,3246.0010,511.0536,1994.0000,2696.0010,111.0534,1994.0000,2696.0010,511.0536,1994.0000
Block_Platform_1B,-1210.0000,511.0536,2578.0000,-1210.0000,111.0534,3178.0000,-1210.0000,511.0536,3178.0000
Block_Platform_1B,-1210.0000,511.0536,2578.0000,-1210.0000,111.0534,2578.0000,-1210.0000,111.0534,3178.0000
Block_Platform_1B,-1210.0000,511.0536,1978.0000,-1210.0000,111.0534,2578.0000,-1210.0000,511.0536,2578.0000
Block_Platform_1B,-1210.0000,511.0536,1978.0000,-1210.0000,111.0534,1978.0000,-1210.0000,111.0534,2578.0000
Block_Platform_1B,-634.9999,511.0536,3178.0000,-634.9999,111.0534,3178.0000,-609.9998,111.0534,3178.0000
Block_Platform_1B,-634.9999,511.0536,3178.0000,-609.9998,111.0534,3178.0000,-609.9998,511.0536,3178.0000
Block_Platform_1B,-1185.0000,111.0534,2578.0000,-1185.0000,111.0534,3178.0000,-1210.0000,111.0534,3178.0000
Block_Platform_1B,-1185.0000,111.0534,2578.0000,-1210.0000,111.0534,3178.0000,-1210.0000,111.0534,2578.0000
Block_Platform_1B,-1185.0000,111.0534,1978.0000,-1185.0000,111.0534,2578.0000,-1210.0000,111.0534,2578.0000
Block_Platform_1B,-1185.0000,111.0534,1978.0000,-1210.0000,111.0534,2578.0000,-1210.0000,111.0534,1978.0000
Block_Platform_1B,-1210.0000,511.0536,3178.0000,-1210.0000,111.0534,3178.0000,-1185.0000,111.0534,3178.0000
Block_Platform_1B,-1210.0000,511.0536,3178.0000,-1185.0000,111.0534,3178.0000,-1185.0000,511.0536,3178.0000
Block_Platform_1B,-1185.0000,511.0536,3178.0000,-1185.0000,111.0534,3178.0000,-634.9999,111.0534,3178.0000
Block_Platform_1B,-1185.0000,511.0536,3178.0000,-634.9999,111.0534,3178.0000,-634.9999,511.0536,3178.0000
Block_Platform_1B,-609.9999,111.0534,2578.0000,-609.9998,111.0534,3178.0000,-634.9999,111.0534,3178.0000
Block_Platform_1B,-609.9999,111.0534,2578.0000,-634.9999,111.0534,3178.0000,-634.9999,111.0534,2578.0000
Block_Platform_1B,-610.0000,111.0534,1978.0000,-609.9999,111.0534,2578.0000,-634.9999,111.0534,2578.0000
Block_Platform_1B,-610.0000,111.0534,1978.0000,-634.9999,111.0534,2578.0000,-635.0001,111.0534,1978.0000
Block_Platform_1B,-634.9999,111.0534,2578.0000,-634.9999,111.0534,3178.0000,-1185.0000,111.0534,3178.0000
Block_Platform_1B,-634.9999,111.0534,2578.0000,-1185.0000,111.0534,3178.0000,-1185.0000,111.0534,2578.0000
Block_Platform_1B,-635.0001,111.0534,1978.0000,-634.9999,111.0534,2578.0000,-1185.0000,111.0534,2578.0000
Block_Platform_1B,-635.0001,111.0534,1978.0000,-1185.0000,111.0534,2578.0000,-1185.0000,111.0534,1978.0000
Block_Platform_1B,-609.9999,511.0536,2578.0000,-610.0000,511.0536,1978.0000,-635.0001,511.0536,1978.0000
Block_Platform_1B,-609.9999,511.0536,2578.0000,-635.0001,511.0536,1978.0000,-634.9999,511.0536,2578.0000
Block_Platform_1B,-609.9998,511.0536,3178.0000,-609.9999,511.0536,2578.0000,-634.9999,511.0536,2578.0000
Block_Platform_1B,-609.9998,511.0536,3178.0000,-634.9999,511.0536,2578.0000,-634.9999,511.0536,3178.0000
Block_Platform_1B,-634.9999,511.0536,2578.0000,-635.0001,511.0536,1978.0000,-1185.0000,511.0536,1978.0000
Block_Platform_1B,-634.9999,511.0536,2578.0000,-1185.0000,511.0536,1978.0000,-1185.0000,511.0536,2578.0000
Block_Platform_1B,-634.9999,511.0536,3178.0000,-634.9999,511.0536,2578.0000,-1185.0000,511.0536,2578.0000
Block_Platform_1B,-634.9999,511.0536,3178.0000,-1185.0000,511.0536,2578.0000,-1185.0000,511.0536,3178.0000
Block_Platform_1B,-609.9998,511.0536,3178.0000,-609.9998,111.0534,3178.0000,-609.9999,111.0534,2578.0000
Block_Platform_1B,-609.9998,511.0536,3178.0000,-609.9999,111.0534,2578.0000,-609.9999,511.0536,2578.0000
Block_Platform_1B,-609.9999,511.0536,2578.0000,-609.9999,111.0534,2578.0000,-610.0000,111.0534,1978.0000
Block_Platform_1B,-609.9999,511.0536,2578.0000,-610.0000,111.0534,1978.0000,-610.0000,511.0536,1978.0000
Block_Platform_1B,-1185.0000,511.0536,3178.0000,-1210.0000,511.0536,2578.0000,-1210.0000,511.0536,3178.0000
Block_Platform_1B,-1185.0000,511.0536,3178.0000,-1185.0000,511.0536,2578.0000,-1210.0000,511.0536,2578.0000
Block_Platform_1B,-1185.0000,511.0536,2578.0000,-1210.0000,511.0536,1978.0000,-1210.0000,511.0536,2578.0000
Block_Platform_1B,-1185.0000,511.0536,2578.0000,-1185.0000,511.0536,1978.0000,-1210.0000,511.0536,1978.0000
Block_Platform_1B,-1185.0000,511.0536,777.9999,-1185.0000,111.0534,777.9999,-1210.0000,111.0534,777.9999
Block_Platform_1B,-1185.0000,511.0536,777.9999,-1210.0000,111.0534,777.9999,-1210.0000,511.0536,777.9999
Block_Platform_1B,-610.0001,511.0536,1378.0000,-610.0002,111.0534,777.9999,-610.0002,511.0536,777.9999
Block_Platform_1B,-610.0001,511.0536,1378.0000,-610.0001,111.0534,1378.0000,-610.0002,111.0534,777.9999
Block_Platform_1B,-610.0000,511.0536,1978.0000,-610.0001,111.0534,1378.0000,-610.0001,511.0536,1378.0000
Block_Platform_1B,-610.0000,511.0536,1978.0000,-610.0000,111.0534,1978.0000,-610.0001,111.0534,1378.0000
Block_Platform_1B,-1185.0000,511.0536,1378.0000,-1185.0000,511.0536,777.9999,-1210.0000,511.0536,777.9999
Block_Platform_1B,-1185.0000,511.0536,1378.0000,-1210.0000,511.0536,777.9999,-1210.0000,511.0536,1378.0000
Block_Platform_1B,-1185.0000,511.0536,1978.0000,-1185.0000,511.0536,1378.0000,-1210.0000,511.0536,1378.0000
Block_Platform_1B,-1185.0000,511.0536,1978.0000,-1210.0000,511.0536,1378.0000,-1210.0000,511.0536,1978.0000
Block_Platform_1B,-610.0002,511.0536,777.9999,-610.0002,111.0534,777.9999,-635.0002,111.0534,777.9999
Block_Platform_1B,-610.0002,511.0536,777.9999,-635.0002,111.0534,777.9999,-635.0002,511.0536,777.9999
Block_Platform_1B,-635.0002,511.0536,777.9999,-635.0002,111.0534,777.9999,-1185.0000,111.0534,777.9999
Block_Platform_1B,-635.0002,511.0536,777.9999,-1185.0000,111.0534,777.9999,-1185.0000,511.0536,777.9999
Block_Platform_1B,-610.0001,511.0536,1378.0000,-610.0002,511.0536,777.9999,-635.0002,511.0536,777.9999
Block_Platform_1B,-610.0001,511.0536,1378.0000,-635.0002,511.0536,777.9999,-635.0001,511.0536,1378.0000
Block_Platform_1B,-610.0000,511.0536,1978.0000,-610.0001,511.0536,1378.0000,-635.0001,511.0536,1378.0000
Block_Platform_1B,-610.0000,511.0536,1978.0000,-635.0001,511.0536,1378.0000,-635.0001,511.0536,1978.0000
Block_Platform_1B,-635.0001,511.0536,1378.0000,-635.0002,511.0536,777.9999,-1185.0000,511.0536,777.9999
Block_Platform_1B,-635.0001,511.0536,1378.0000,-1185.0000,511.0536,777.9999,-1185.0000,511.0536,1378.0000
Block_Platform_1B,-635.0001,511.0536,1978.0000,-635.0001,511.0536,1378.0000,-1185.0000,511.0536,1378.0000
Block_Platform_1B,-635.0001,511.0536,1978.0000,-1185.0000,511.0536,1378.0000,-1185.0000,511.0536,1978.0000
Block_Platform_1B,-1210.0000,511.0536,777.9999,-1210.0000,111.0534,777.9999,-1210.0000,111.0534,1378.0000
Block_Platform_1B,-1210.0000,511.0536,777.9999,-1210.0000,111.0534,1378.0000,-1210.0000,511.0536,1378.0000
Block_Platform_1B,-1210.0000,511.0536,1378.0000,-1210.0000,111.0534,1378.0000,-1210.0000,111.0534,1978.0000
Block_Platform_1B,-1210.0000,511.0536,1378.0000,-1210.0000,111.0534,1978.0000,-1210.0000,511.0536,1978.0000
Block_Platform_1B,-1185.0000,111.0534,777.9999,-1210.0000,111.0534,1378.0000,-1210.0000,111.0534,777.9999
Block_Platform_1B,-1185.0000,111.0534,777.9999,-1185.0000,111.0534,1378.0000,-1210.0000,111.0534,1378.0000
Block_Platform_1B,-1185.0000,111.0534,1378.0000,-1210.0000,111.0534,1978.0000,-1210.0000,111.0534,1378.0000
Block_Platform_1B,-1185.0000,111.0534,1378.0000,-1185.0000,111.0534,1978.0000,-1210.0000,111.0534,1978.0000
Block_Platform_1B,-610.0002,111.0534,777.9999,-635.0001,111.0534,1378.0000,-635.0002,111.0534,777.9999
Block_Platform_1B,-610.0002,111.0534,777.9999,-610.0001,111.0534,1378.0000,-635.0001,111.0534,1378.0000
Block_Platform_1B,-610.0001,111.0534,1378.0000,-635.0001,111.0534,1978.0000,-635.0001,111.0534,1378.0000
Block_Platform_1B,-610.0001,111.0534,1378.0000,-610.0000,111.0534,1978.0000,-635.0001,111.0534,1978.0000
Block_Platform_1B,-635.0002,111.0534,777.9999,-1185.0000,111.0534,1378.0000,-1185.0000,111.0534,777.9999
Block_Platform_1B,-635.0002,111.0534,777.9999,-635.0001,111.0534,1378.0000,-1185.0000,111.0534,1378.0000
Block_Platform_1B,-635.0001,111.0534,1378.0000,-1185.0000,111.0534,1978.0000,-1185.0000,111.0534,1378.0000
Block_Platform_1B,-635.0001,111.0534,1378.0000,-635.0001,111.0534,1978.0000,-1185.0000,111.0534,1978.0000
Block_Platform_1B,-1185.0000,511.0536,1978.0000,-1185.0000,111.0534,1978.0000,-1210.0000,111.0534,1978.0000
Block_Platform_1B,-1185.0000,511.0536,1978.0000,-1210.0000,111.0534,1978.0000,-1210.0000,511.0536,1978.0000
Block_Platform_1B,-610.0000,511.0536,1978.0000,-610.0000,111.0534,1978.0000,-635.0001,111.0534,1978.0000
Block_Platform_1B,-610.0000,511.0536,1978.0000,-635.0001,111.0534,1978.0000,-635.0001,511.0536,1978.0000
Block_Platform_1B,-635.0001,511.0536,1978.0000,-635.0001,111.0534,1978.0000,-1185.0000,111.0534,1978.0000
Block_Platform_1B,-635.0001,511.0536,1978.0000,-1185.0000,111.0534,1978.0000,-1185.0000,511.0536,1978.0000
Floor_A,599.8032,506.0535,7967.8740,599.8032,456.0535,7967.8740,599.8032,456.0535,6367.8740
Floor_A,599.8032,506.0535,7967.8740,599.8032,456.0535,6367.8740,599.8032,506.0535,6367.8740
Floor_A,599.8032,506.0535,6367.8740,599.8032,456.0535,6367.8740,-1000.1970,456.0535,6367.8740
Floor_A,599.8032,506.0535,6367.8740,-1000.1970,456.0535,6367.8740,-1000.1970,506.0535,6367.8740
Floor_A,-1000.1970,506.0535,6367.8740,-1000.1970,456.0535,6367.8740,-1000.1970,456.0535,7967.8740
Floor_A,-1000.1970,506.0535,6367.8740,-1000.1970,456.0535,7967.8740,-1000.1970,506.0535,7967.8740
Floor_A,-1000.1970,506.0535,7967.8740,-1000.1970,456.0535,7967.8740,599.8032,456.0535,7967.8740
Floor_A,-1000.1970,506.0535,7967.8740,599.8032,456.0535,7967.8740,599.8032,506.0535,7967.8740
Floor_A,599.8032,456.0535,7967.8740,-1000.1970,456.0535,7967.8740,-1000.1970,456.0535,6367.8740
Floor_A,599.8032,456.0535,7967.8740,-1000.1970,456.0535,6367.8740,599.8032,456.0535,6367.8740
Floor_A,-1000.1970,506.0535,7967.8740,599.8032,506.0535,7967.8740,599.8032,506.0535,6367.8740
Floor_A,-1000.1970,506.0535,7967.8740,599.8032,506.0535,6367.8740,-1000.1970,506.0535,6367.8740
Floor_A,2320.9990,896.0000,10423.0000,2320.9990,846.0000,10423.0000,2320.9990,846.0000,8823.0010
Floor_A,2320.9990,896.0000,10423.0000,2320.9990,846.0000,8823.0010,2320.9990,896.0000,8823.0010
Floor_A,2320.9990,896.0000,8823.0010,2320.9990,846.0000,8823.0010,720.9991,846.0000,8823.0010
Floor_A,2320.9990,896.0000,8823.0010,720.9991,846.0000,8823.0010,720.9991,896.0000,8823.0010
Floor_A,720.9991,896.0000,8823.0010,720.9991,846.0000,8823.0010,720.9991,846.0000,10423.0000
Floor_A,720.9991,896.0000,8823.0010,720.9991,846.0000,10423.0000,720.9991,896.0000,10423.0000
Floor_A,720.9991,896.0000,10423.0000,720.9991,846.0000,10423.0000,2320.9990,846.0000,10423.0000
Floor_A,720.9991,896.0000,10423.0000,2320.9990,846.0000,10423.0000,2320.9990,896.0000,10423.0000
Floor_A,2320.9990,846.0000,10423.0000,720.9991,846.0000,10423.0000,720.9991,846.0000,8823.0010
Floor_A,2320.9990,846.0000,10423.0000,720.9991,846.0000,8823.0010,2320.9990,846.0000,8823.0010
Floor_A,720.9991,896.0000,10423.0000,2320.9990,896.0000,10423.0000,2320.9990,896.0000,8823.0010
Floor_A,720.9991,896.0000,10423.0000,2320.9990,896.0000,8823.0010,720.9991,896.0000,8823.0010
Floor_A,2320.9990,896.0000,-2240.0000,2320.9990,846.0000,-2240.0000,2320.9990,846.0000,-3840.0000
Floor_A,2320.9990,896.0000,-2240.0000,2320.9990,846.0000,-3840.0000,2320.9990,896.0000,-3840.0000
Floor_A,2320.9990,896.0000,-3840.0000,2320.9990,846.0000,-3840.0000,720.9991,846.0000,-3840.0000
Floor_A,2320.9990,896.0000,-3840.0000,720.9991,846.0000,-3840.0000,720.9991,896.0000,-3840.0000
Floor_A,720.9991,896.0000,-3840.0000,720.9991,846.0000,-3840.0000,720.9991,846.0000,-2240.0000
Floor_A,720.9991,896.0000,-3840.0000,720.9991,846.0000,-2240.0000,720.9991,896.0000,-2240.0000
Floor_A,720.9991,896.0000,-2240.0000,720.9991,846.0000,-2240.0000,2320.9990,846.0000,-2240.0000
Floor_A,720.9991,896.0000,-2240.0000,2320.9990,846.0000,-2240.0000,2320.9990,896.0000,-2240.0000
Floor_A,2320.9990,846.0000,-2240.0000,720.9991,846.0000,-2240.0000,720.9991,846.0000,-3840.0000
Floor_A,2320.9990,846.0000,-2240.0000,720.9991,846.0000,-3840.0000,2320.9990,846.0000,-3840.0000
Floor_A,720.9991,896.0000,-2240.0000,2320.9990,896.0000,-2240.0000,2320.9990,896.0000,-3840.0000
Floor_A,720.9991,896.0000,-2240.0000,2320.9990,896.0000,-3840.0000,720.9991,896.0000,-3840.0000
Floor_A,3892.0000,896.0000,-2240.0000,3892.0000,846.0000,-2240.0000,3892.0000,846.0000,-3840.0000
Floor_A,3892.0000,896.0000,-2240.0000,3892.0000,846.0000,-3840.0000,3892.0000,896.0000,-3840.0000
Floor_A,3892.0000,896.0000,-3840.0000,3892.0000,846.0000,-3840.0000,2292.0000,846.0000,-3840.0000
Floor_A,3892.0000,896.0000,-3840.0000,2292.0000,846.0000,-3840.0000,2292.0000,896.0000,-3840.0000
Floor_A,2292.0000,896.0000,-3840.0000,2292.0000,846.0000,-3840.0000,2292.0000,846.0000,-2240.0000
Floor_A,2292.0000,896.0000,-3840.0000,2292.0000,846.0000,-2240.0000,2292.0000,896.0000,-2240.0000
Floor_A,2292.0000,896.0000,-2240.0000,2292.0000,846.0000,-2240.0000,3892.0000,846.0000,-2240.0000
Floor_A,2292.0000,896.0000,-2240.0000,3892.0000,846.0000,-2240.0000,3892.0000,896.0000,-2240.0000
Floor_A,3892.0000,846.0000,-2240.0000,2292.0000,846.0000,-2240.0000,2292.0000,846.0000,-3840.0000
Floor_A,3892.0000,846.0000,-2240.0000,2292.0000,846.0000,-3840.0000,3892.0000,846.0000,-3840.0000
Floor_A,2292.0000,896.0000,-2240.0000,3892.0000,896.0000,-2240.0000,3892.0000,896.0000,-3840.0000
Floor_A,2292.0000,896.0000,-2240.0000,3892.0000,896.0000,-3840.0000,2292.0000,896.0000,-3840.0000
Floor_A,-2361.0000,896.0000,-2240.0000,-2361.0000,846.0000,-2240.0000,-2361.0000,846.0000,-3840.0000
Floor_A,-2361.0000,896.0000,-2240.0000,-2361.0000,846.0000,-3840.0000,-2361.0000,896.0000,-3840.0000
Floor_A,-2361.0000,896.0000,-3840.0000,-2361.0000,846.0000,-3840.0000,-3961.0000,846.0000,-3840.0000
Floor_A,-2361.0000,896.0000,-3840.0000,-3961.0000,846.0000,-3840.0000,-3961.0000,896.0000,-3840.0000
Floor_A,-3961.0000,896.0000,-3840.0000,-3961.0000,846.0000,-3840.0000,-3961.0000,846.0000,-2240.0000
Floor_A,-3961.0000,896.0000,-3840.0000,-3961.0000,846.0000,-2240.0000,-3961.0000,896.0000,-2240.0000
Floor_A,-3961.0000,896.0000,-2240.0000,-3961.0000,846.0000,-2240.0000,-2361.0000,846.0000,-2240.0000
Floor_A,-3961.0000,896.0000,-2240.0000,-2361.0000,846.0000,-2240.0000,-2361.0000,896.0000,-2240.0000
Floor_A,-2361.0000,846.0000,-2240.0000,-3961.0000,846.0000,-2240.0000,-3961.0000,846.0000,-3840.0000
Floor_A,-2361.0000,846.0000,-2240.0000,-3961.0000,846.0000,-3840.0000,-2361.0000,846.0000,-3840.0000
Floor_A,-3961.0000,896.0000,-2240.0000,-2361.0000,896.0000,-2240.0000,-2361.0000,896.0000,-3840.0000
Floor_A,-3961.0000,896.0000,-2240.0000,-2361.0000,896.0000,-3840.0000,-3961.0000,896.0000,-3840.0000
Floor_A,-3455.0000,896.0000,-2240.0000,-3455.0000,846.0000,-2240.0000,-3455.0000,846.0000,-3840.0000
Floor_A,-3455.0000,896.0000,-2240.0000,-3455.0000,846.0000,-3840.0000,-3455.0000,896.0000,-3840.0000
Floor_A,-3455.0000,896.0000,-3840.0000,-3455.0000,846.0000,-3840.0000,-5055.0000,846.0000,-3840.0000
Floor_A,-3455.0000,896.0000,-3840.0000,-5055.0000,846.0000,-3840.0000,-5055.0000,896.0000,-3840.0000
Floor_A,-5055.0000,896.0000,-3840.0000,-5055.0000,846.0000,-3840.0000,-5055.0000,846.0000,-2240.0000
Floor_A,-5055.0000,896.0000,-3840.0000,-5055.0000,846.0000,-2240.0000,-5055.0000,896.0000,-2240.0000
Floor_A,-5055.0000,896.0000,-2240.0000,-5055.0000,846.0000,-2240.0000,-3455.0000,846.0000,-2240.0000
Floor_A,-5055.0000,896.0000,-2240.0000,-3455.0000,846.0000,-2240.0000,-3455.0000,896.0000,-2240.0000
Floor_A,-3455.0000,846.0000,-2240.0000,-5055.0000,846.0000,-2240.0000,-5055.0000,846.0000,-3840.0000
Floor_A,-3455.0000,846.0000,-2240.0000,-5055.0000,846.0000,-3840.0000,-3455.0000,846.0000,-3840.0000
Floor_A,-5055.0000,896.0000,-2240.0000,-3455.0000,896.0000,-2240.0000,-3455.0000,896.0000,-3840.0000
Floor_A,-5055.0000,896.0000,-2240.0000,-3455.0000,896.0000,-3840.0000,-5055.0000,896.0000,-3840.0000
Floor_A,-789.9992,896.0000,-2240.0000,-789.9992,846.0000,-2240.0000,-789.9992,846.0000,-3840.0000
Floor_A,-789.9992,896.0000,-2240.0000,-789.9992,846.0000,-3840.0000,-789.9992,896.0000,-3840.0000
Floor_A,-789.9992,896.0000,-3840.0000,-789.9992,846.0000,-3840.0000,-2389.9990,846.0000,-3840.0000
Floor_A,-789.9992,896.0000,-3840.0000,-2389.9990,846.0000,-3840.0000,-2389.9990,896.0000,-3840.0000
Floor_A,-2389.9990,896.0000,-3840.0000,-2389.9990,846.0000,-3840.0000,-2389.9990,846.0000,-2240.0000
Floor_A,-2389.9990,896.0000,-3840.0000,-2389.9990,846.0000,-2240.0000,-2389.9990,896.0000,-2240.0000
Floor_A,-2389.9990,896.0000,-2240.0000,-2389.9990,846.0000,-2240.0000,-789.9992,846.0000,-2240.0000
Floor_A,-2389.9990,896.0000,-2240.0000,-789.9992,846.0000,-2240.0000,-789.9992,896.0000,-2240.0000
Floor_A,-789.9992,846.0000,-2240.0000,-2389.9990,846.0000,-2240.0000,-2389.9990,846.0000,-3840.0000
Floor_A,-789.9992,846.0000,-2240.0000,-2389.9990,846.0000,-3840.0000,-789.9992,846.0000,-3840.0000
Floor_A,-2389.9990,896.0000,-2240.0000,-789.9992,896.0000,-2240.0000,-789.9992,896.0000,-3840.0000
Floor_A,-2389.9990,896.0000,-2240.0000,-789.9992,896.0000,-3840.0000,-2389.9990,896.0000,-3840.0000
Floor_A,759.0012,896.0000,-2240.0000,759.0012,846.0000,-2240.0000,759.0012,846.0000,-3840.0000
Floor_A,759.0012,896.0000,-2240.0000,759.0012,846.0000,-3840.0000,759.0012,896.0000,-3840.0000
Floor_A,759.0012,896.0000,-3840.0000,759.0012,846.0000,-3840.0000,-840.9988,846.0000,-3840.0000
Floor_A,759.0012,896.0000,-3840.0000,-840.9988,846.0000,-3840.0000,-840.9988,896.0000,-3840.0000
Floor_A,-840.9988,896.0000,-3840.0000,-840.9988,846.0000,-3840.0000,-840.9988,846.0000,-2240.0000
Floor_A,-840.9988,896.0000,-3840.0000,-840.9988,846.0000,-2240.0000,-840.9988,896.0000,-2240.0000
Floor_A,-840.9988,896.0000,-2240.0000,-840.9988,846.0000,-2240.0000,759.0012,846.0000,-2240.0000
Floor_A,-840.9988,896.0000,-2240.0000,759.0012,846.0000,-2240.0000,759.0012,896.0000,-2240.0000
Floor_A,759.0012,846.0000,-2240.0000,-840.9988,846.0000,-2240.0000,-840.9988,846.0000,-3840.0000
Floor_A,759.0012,846.0000,-2240.0000,-840.9988,846.0000,-3840.0000,759.0012,846.0000,-3840.0000
Floor_A,-840.9988,896.0000,-2240.0000,759.0012,896.0000,-2240.0000,759.0012,896.0000,-3840.0000
Floor_A,-840.9988,896.0000,-2240.0000,759.0012,896.0000,-3840.0000,-840.9988,896.0000,-3840.0000
Floor_A,-3400.0000,896.0000,509.9998,-3400.0000,846.0000,509.9998,-5000.0000,846.0000,510.0000
Floor_A,-3400.0000,896.0000,509.9998,-5000.0000,846.0000,510.0000,-5000.0000,896.0000,510.0000
Floor_A,-5000.0000,896.0000,510.0000,-5000.0000,846.0000,510.0000,-5000.0000,846.0000,2110.0000
Floor_A,-5000.0000,896.0000,510.0000,-5000.0000,846.0000,2110.0000,-5000.0000,896.0000,2110.0000
Floor_A,-5000.0000,896.0000,2110.0000,-5000.0000,846.0000,2110.0000,-3400.0000,846.0000,2110.0000
Floor_A,-5000.0000,896.0000,2110.0000,-3400.0000,846.0000,2110.0000,-3400.0000,896.0000,2110.0000
Floor_A,-3400.0000,896.0000,2110.0000,-3400.0000,846.0000,2110.0000,-3400.0000,846.0000,509.9998
Floor_A,-3400.0000,896.0000,2110.0000,-3400.0000,846.0000,509.9998,-3400.0000,896.0000,509.9998
Floor_A,-3400.0000,846.0000,509.9998,-3400.0000,846.0000,2110.0000,-5000.0000,846.0000,2110.0000
Floor_A,-3400.0000,846.0000,509.9998,-5000.0000,846.0000,2110.0000,-5000.0000,846.0000,510.0000
Floor_A,-3400.0000,896.0000,2110.0000,-3400.0000,896.0000,509.9998,-5000.0000,896.0000,510.0000
Floor_A,-3400.0000,896.0000,2110.0000,-5000.0000,896.0000,510.0000,-5000.0000,896.0000,2110.0000
Floor_A,-3365.2300,896.0000,-1060.6140,-3365.2300,846.0000,-1060.6140,-4965.2300,846.0000,-1060.6140
Floor_A,-3365.2300,896.0000,-1060.6140,-4965.2300,846.0000,-1060.6140,-4965.2300,896.0000,-1060.6140
Floor_A,-4965.2300,896.0000,-1060.6140,-4965.2300,846.0000,-1060.6140,-4965.2300,846.0000,539.3862
Floor_A,-4965.2300,896.0000,-1060.6140,-4965.2300,846.0000,539.3862,-4965.2300,896.0000,539.3862
Floor_A,-4965.2300,896.0000,539.3862,-4965.2300,846.0000,539.3862,-3365.2300,846.0000,539.3860
Floor_A,-4965.2300,896.0000,539.3862,-3365.2300,846.0000,539.3860,-3365.2300,896.0000,539.3860
Floor_A,-3365.2300,896.0000,539.3860,-3365.2300,846.0000,539.3860,-3365.2300,846.0000,-1060.6140
Floor_A,-3365.2300,896.0000,539.3860,-3365.2300,846.0000,-1060.6140,-3365.2300,896.0000,-1060.6140
Floor_A,-3365.2300,846.0000,-1060.6140,-3365.2300,846.0000,539.3860,-4965.2300,846.0000,539.3862
Floor_A,-3365.2300,846.0000,-1060.6140,-4965.2300,846.0000,539.3862,-4965.2300,846.0000,-1060.6140
Floor_A,-3365.2300,896.0000,539.3860,-3365.2300,896.0000,-1060.6140,-4965.2300,896.0000,-1060.6140
Floor_A,-3365.2300,896.0000,539.3860,-4965.2300,896.0000,-1060.6140,-4965.2300,896.0000,539.3862
Floor_A,-3503.3710,896.0000,5190.8140,-3503.3710,846.0000,5190.8140,-5103.3710,846.0000,5190.8140
Floor_A,-3503.3710,896.0000,5190.8140,-5103.3710,846.0000,5190.8140,-5103.3710,896.0000,5190.8140
Floor_A,-5103.3710,896.0000,5190.8140,-5103.3710,846.0000,5190.8140,-5103.3710,846.0000,6790.8140
Floor_A,-5103.3710,896.0000,5190.8140,-5103.3710,846.0000,6790.8140,-5103.3710,896.0000,6790.8140
Floor_A,-5103.3710,896.0000,6790.8140,-5103.3710,846.0000,6790.8140,-3503.3710,846.0000,6790.8140
Floor_A,-5103.3710,896.0000,6790.8140,-3503.3710,846.0000,6790.8140,-3503.3710,896.0000,6790.8140
Floor_A,-3503.3710,896.0000,6790.8140,-3503.3710,846.0000,6790.8140,-3503.3710,846.0000,5190.8140
Floor_A,-3503.3710,896.0000,6790.8140,-3503.3710,846.0000,5190.8140,-3503.3710,896.0000,5190.8140
Floor_A,-3503.3710,846.0000,5190.8140,-3503.3710,846.0000,6790.8140,-5103.3710,846.0000,6790.8140
Floor_A,-3503.3710,846.0000,5190.8140,-5103.3710,846.0000,6790.8140,-5103.3710,846.0000,5190.8140
Floor_A,-3503.3710,896.0000,6790.8140,-3503.3710,896.0000,5190.8140,-5103.3710,896.0000,5190.8140
Floor_A,-3503.3710,896.0000,6790.8140,-5103.3710,896.0000,5190.8140,-5103.3710,896.0000,6790.8140
Floor_A,-3538.0000,896.0000,6742.0000,-3538.0000,846.0000,6742.0000,-5138.0000,846.0000,6742.0000
Floor_A,-3538.0000,896.0000,6742.0000,-5138.0000,846.0000,6742.0000,-5138.0000,896.0000,6742.0000
Floor_A,-5138.0000,896.0000,6742.0000,-5138.0000,846.0000,6742.0000,-5138.0000,846.0000,8342.0000
Floor_A,-5138.0000,896.0000,6742.0000,-5138.0000,846.0000,8342.0000,-5138.0000,896.0000,8342.0000
Floor_A,-5138.0000,896.0000,8342.0000,-5138.0000,846.0000,8342.0000,-3538.0000,846.0000,8342.0000
Floor_A,-5138.0000,896.0000,8342.0000,-3538.0000,846.0000,8342.0000,-3538.0000,896.0000,8342.0000
Floor_A,-3538.0000,896.0000,8342.0000,-3538.0000,846.0000,8342.0000,-3538.0000,846.0000,6742.0000
Floor_A,-3538.0000,896.0000,8342.0000,-3538.0000,846.0000,6742.0000,-3538.0000,896.0000,6742.0000
Floor_A,-3538.0000,846.0000,6742.0000,-3538.0000,846.0000,8342.0000,-5138.0000,846.0000,8342.0000
Floor_A,-3538.0000,846.0000,6742.0000,-5138.0000,846.0000,8342.0000,-5138.0000,846.0000,6742.0000
Floor_A,-3538.0000,896.0000,8342.0000,-3538.0000,896.0000,6742.0000,-5138.0000,896.0000,6742.0000
Floor_A,-3538.0000,896.0000,8342.0000,-5138.0000,896.0000,6742.0000,-5138.0000,896.0000,8342.0000
Floor_A,6848.6790,896.0000,729.7448,6848.6790,846.0000,729.7448,5248.6790,846.0000,729.7449
Floor_A,6848.6790,896.0000,729.7448,5248.6790,846.0000,729.7449,5248.6790,896.0000,729.7449
Floor_A,5248.6790,896.0000,729.7449,5248.6790,846.0000,729.7449,5248.6790,846.0000,2329.7450
Floor_A,5248.6790,896.0000,729.7449,5248.6790,846.0000,2329.7450,5248.6790,896.0000,2329.7450
Floor_A,5248.6790,896.0000,2329.7450,5248.6790,846.0000,2329.7450,6848.6790,846.0000,2329.7450
Floor_A,5248.6790,896.0000,2329.7450,6848.6790,846.0000,2329.7450,6848.6790,896.0000,2329.7450
Floor_A,6848.6790,896.0000,2329.7450,6848.6790,846.0000,2329.7450,6848.6790,846.0000,729.7448
Floor_A,6848.6790,896.0000,2329.7450,6848.6790,846.0000,729.7448,6848.6790,896.0000,729.7448
Floor_A,6848.6790,846.0000,729.7448,6848.6790,846.0000,2329.7450,5248.6790,846.0000,2329.7450
Floor_A,6848.6790,846.0000,729.7448,5248.6790,846.0000,2329.7450,5248.6790,846.0000,729.7449
Floor_A,6848.6790,896.0000,2329.7450,6848.6790,896.0000,729.7448,5248.6790,896.0000,729.7449
Floor_A,6848.6790,896.0000,2329.7450,5248.6790,896.0000,729.7449,5248.6790,896.0000,2329.7450
Floor_A,6883.4490,896.0000,-840.8693,6883.4490,846.0000,-840.8693,5283.4490,846.0000,-840.8691
Floor_A,6883.4490,896.0000,-840.8693,5283.4490,846.0000,-840.8691,5283.4490,896.0000,-840.8691
Floor_A,5283.4490,896.0000,-840.8691,5283.4490,846.0000,-840.8691,5283.4490,846.0000,759.1310
Floor_A,5283.4490,896.0000,-840.8691,5283.4490,846.0000,759.1310,5283.4490,896.0000,759.1310
Floor_A,5283.4490,896.0000,759.1310,5283.4490,846.0000,759.1310,6883.4490,846.0000,759.1309
Floor_A,5283.4490,896.0000,759.1310,6883.4490,846.0000,759.1309,6883.4490,896.0000,759.1309
Floor_A,6883.4490,896.0000,759.1309,6883.4490,846.0000,759.1309,6883.4490,846.0000,-840.8693
Floor_A,6883.4490,896.0000,759.1309,6883.4490,846.0000,-840.8693,6883.4490,896.0000,-840.8693
Floor_A,6883.4490,846.0000,-840.8693,6883.4490,846.0000,759.1309,5283.4490,846.0000,759.1310
Floor_A,6883.4490,846.0000,-840.8693,5283.4490,846.0000,759.1310,5283.4490,846.0000,-840.8691
Floor_A,6883.4490,896.0000,759.1309,6883.4490,896.0000,-840.8693,5283.4490,896.0000,-840.8691
Floor_A,6883.4490,896.0000,759.1309,5283.4490,896.0000,-840.8691,5283.4490,896.0000,759.1310
Floor_A,6745.3080,896.0000,5410.5590,6745.3080,846.0000,5410.5590,5145.3080,846.0000,5410.5590
Floor_A,6745.3080,896.0000,5410.5590,5145.3080,846.0000,5410.5590,5145.3080,896.0000,5410.5590
Floor_A,5145.3080,896.0000,5410.5590,5145.3080,846.0000,5410.5590,5145.3080,846.0000,7010.5590
Floor_A,5145.3080,896.0000,5410.5590,5145.3080,846.0000,7010.5590,5145.3080,896.0000,7010.5590
Floor_A,5145.3080,896.0000,7010.5590,5145.3080,846.0000,7010.5590,6745.3080,846.0000,7010.5590
Floor_A,5145.3080,896.0000,7010.5590,6745.3080,846.0000,7010.5590,6745.3080,896.0000,7010.5590
Floor_A,6745.3080,896.0000,7010.5590,6745.3080,846.0000,7010.5590,6745.3080,846.0000,5410.5590
Floor_A,6745.3080,896.0000,7010.5590,6745.3080,846.0000,5410.5590,6745.3080,896.0000,5410.5590
Floor_A,6745.3080,846.0000,5410.5590,6745.3080,846.0000,7010.5590,5145.3080,846.0000,7010.5590
Floor_A,6745.3080,846.0000,5410.5590,5145.3080,846.0000,7010.5590,5145.3080,846.0000,5410.5590
Floor_A,6745.3080,896.0000,7010.5590,6745.3080,896.0000,5410.5590,5145.3080,896.0000,5410.5590
Floor_A,6745.3080,896.0000,7010.5590,5145.3080,896.0000,5410.5590,5145.3080,896.0000,7010.5590
Floor_A,6710.6780,896.0000,6961.7450,6710.6780,846.0000,6961.7450,5110.6790,846.0000,6961.7450
Floor_A,6710.6780,896.0000,6961.7450,5110.6790,846.0000,6961.7450,5110.6790,896.0000,6961.7450
Floor_A,5110.6790,896.0000,6961.7450,5110.6790,846.0000,6961.7450,5110.6790,846.0000,8561.7450
Floor_A,5110.6790,896.0000,6961.7450,5110.6790,846.0000,8561.7450,5110.6790,896.0000,8561.7450
Floor_A,5110.6790,896.0000,8561.7450,5110.6790,846.0000,8561.7450,6710.6790,846.0000,8561.7450
Floor_A,5110.6790,896.0000,8561.7450,6710.6790,846.0000,8561.7450,6710.6790,896.0000,8561.7450
Floor_A,6710.6790,896.0000,8561.7450,6710.6790,846.0000,8561.7450,6710.6780,846.0000,6961.7450
Floor_A,6710.6790,896.0000,8561.7450,6710.6780,846.0000,6961.7450,6710.6780,896.0000,6961.7450
Floor_A,6710.6780,846.0000,6961.7450,6710.6790,846.0000,8561.7450,5110.6790,846.0000,8561.7450
Floor_A,6710.6780,846.0000,6961.7450,5110.6790,846.0000,8561.7450,5110.6790,846.0000,6961.7450
Floor_A,6710.6790,896.0000,8561.7450,6710.6780,896.0000,6961.7450,5110.6790,896.0000,6961.7450
Floor_A,6710.6790,896.0000,8561.7450,5110.6790,896.0000,6961.7450,5110.6790,896.0000,8561.7450
Floor_A,6682.0000,896.0000,8434.0000,6682.0000,846.0000,8434.0000,5082.0000,846.0000,8434.0000
Floor_A,6682.0000,896.0000,8434.0000,5082.0000,846.0000,8434.0000,5082.0000,896.0000,8434.0000
Floor_A,5082.0000,896.0000,8434.0000,5082.0000,846.0000,8434.0000,5082.0000,846.0000,10034.0000
Floor_A,5082.0000,896.0000,8434.0000,5082.0000,846.0000,10034.0000,5082.0000,896.0000,10034.0000
Floor_A,5082.0000,896.0000,10034.0000,5082.0000,846.0000,10034.0000,6682.0000,846.0000,10034.0000
Floor_A,5082.0000,896.0000,10034.0000,6682.0000,846.0000,10034.0000,6682.0000,896.0000,10034.0000
Floor_A,6682.0000,896.0000,10034.0000,6682.0000,846.0000,10034.0000,6682.0000,846.0000,8434.0000
Floor_A,6682.0000,896.0000,10034.0000,6682.0000,846.0000,8434.0000,6682.0000,896.0000,8434.0000
Floor_A,6682.0000,846.0000,8434.0000,6682.0000,846.0000,10034.0000,5082.0000,846.0000,10034.0000
Floor_A,6682.0000,846.0000,8434.0000,5082.0000,846.0000,10034.0000,5082.0000,846.0000,8434.0000
Floor_A,6682.0000,896.0000,10034.0000,6682.0000,896.0000,8434.0000,5082.0000,896.0000,8434.0000
Floor_A,6682.0000,896.0000,10034.0000,5082.0000,896.0000,8434.0000,5082.0000,896.0000,10034.0000
Floor_A,6662.0000,896.0000,9342.0000,6662.0000,846.0000,9342.0000,5062.0000,846.0000,9342.0000
Floor_A,6662.0000,896.0000,9342.0000,5062.0000,846.0000,9342.0000,5062.0000,896.0000,9342.0000
Floor_A,5062.0000,896.0000,9342.0000,5062.0000,846.0000,9342.0000,5062.0000,846.0000,10942.0000
Floor_A,5062.0000,896.0000,9342.0000,5062.0000,846.0000,10942.0000,5062.0000,896.0000,10942.0000
Floor_A,5062.0000,896.0000,10942.0000,5062.0000,846.0000,10942.0000,6662.0000,846.0000,10942.0000
Floor_A,5062.0000,896.0000,10942.0000,6662.0000,846.0000,10942.0000,6662.0000,896.0000,10942.0000
Floor_A,6662.0000,896.0000,10942.0000,6662.0000,846.0000,10942.0000,6662.0000,846.0000,9342.0000
Floor_A,6662.0000,896.0000,10942.0000,6662.0000,846.0000,9342.0000,6662.0000,896.0000,9342.0000
Floor_A,6662.0000,846.0000,9342.0000,6662.0000,846.0000,10942.0000,5062.0000,846.0000,10942.0000
Floor_A,6662.0000,846.0000,9342.0000,5062.0000,846.0000,10942.0000,5062.0000,846.0000,9342.0000
Floor_A,6662.0000,896.0000,10942.0000,6662.0000,896.0000,9342.0000,5062.0000,896.0000,9342.0000
Floor_A,6662.0000,896.0000,10942.0000,5062.0000,896.0000,9342.0000,5062.0000,896.0000,10942.0000
Floor_A,6780.0000,896.0000,3840.0000,6780.0000,846.0000,3840.0000,5180.0000,846.0000,3840.0000
Floor_A,6780.0000,896.0000,3840.0000,5180.0000,846.0000,3840.0000,5180.0000,896.0000,3840.0000
Floor_A,5180.0000,896.0000,3840.0000,5180.0000,846.0000,3840.0000,5180.0000,846.0000,5440.0000
Floor_A,5180.0000,896.0000,3840.0000,5180.0000,846.0000,5440.0000,5180.0000,896.0000,5440.0000
Floor_A,5180.0000,896.0000,5440.0000,5180.0000,846.0000,5440.0000,6780.0000,846.0000,5440.0000
Floor_A,5180.0000,896.0000,5440.0000,6780.0000,846.0000,5440.0000,6780.0000,896.0000,5440.0000
Floor_A,6780.0000,896.0000,5440.0000,6780.0000,846.0000,5440.0000,6780.0000,846.0000,3840.0000
Floor_A,6780.0000,896.0000,5440.0000,6780.0000,846.0000,3840.0000,6780.0000,896.0000,3840.0000
Floor_A,6780.0000,846.0000,3840.0000,6780.0000,846.0000,5440.0000,5180.0000,846.0000,5440.0000
Floor_A,6780.0000,846.0000,3840.0000,5180.0000,846.0000,5440.0000,5180.0000,846.0000,3840.0000
Floor_A,6780.0000,896.0000,5440.0000,6780.0000,896.0000,3840.0000,5180.0000,896.0000,3840.0000
Floor_A,6780.0000,896.0000,5440.0000,5180.0000,896.0000,3840.0000,5180.0000,896.0000,5440.0000
Floor_A,6814.2530,896.0000,2291.3660,6814.2530,846.0000,2291.3660,5214.2530,846.0000,2291.3670
Floor_A,6814.2530,896.0000,2291.3660,5214.2530,846.0000,2291.3670,5214.2530,896.0000,2291.3670
Floor_A,5214.2530,896.0000,2291.3670,5214.2530,846.0000,2291.3670,5214.2530,846.0000,3891.3670
Floor_A,5214.2530,896.0000,2291.3670,5214.2530,846.0000,3891.3670,5214.2530,896.0000,3891.3670
Floor_A,5214.2530,896.0000,3891.3670,5214.2530,846.0000,3891.3670,6814.2530,846.0000,3891.3670
Floor_A,5214.2530,896.0000,3891.3670,6814.2530,846.0000,3891.3670,6814.2530,896.0000,3891.3670
Floor_A,6814.2530,896.0000,3891.3670,6814.2530,846.0000,3891.3670,6814.2530,846.0000,2291.3660
Floor_A,6814.2530,896.0000,3891.3670,6814.2530,846.0000,2291.3660,6814.2530,896.0000,2291.3660
Floor_A,6814.2530,846.0000,2291.3660,6814.2530,846.0000,3891.3670,5214.2530,846.0000,3891.3670
Floor_A,6814.2530,846.0000,2291.3660,5214.2530,846.0000,3891.3670,5214.2530,846.0000,2291.3670
Floor_A,6814.2530,896.0000,3891.3670,6814.2530,896.0000,2291.3660,5214.2530,896.0000,2291.3670
Floor_A,6814.2530,896.0000,3891.3670,5214.2530,896.0000,2291.3670,5214.2530,896.0000,3891.3670
Floor_A,6917.6270,896.0000,-2389.4590,6917.6270,846.0000,-2389.4590,5317.6270,846.0000,-2389.4590
Floor_A,6917.6270,896.0000,-2389.4590,5317.6270,846.0000,-2389.4590,5317.6270,896.0000,-2389.4590
Floor_A,5317.6270,896.0000,-2389.4590,5317.6270,846.0000,-2389.4590,5317.6270,846.0000,-789.4590
Floor_A,5317.6270,896.0000,-2389.4590,5317.6270,846.0000,-789.4590,5317.6270,896.0000,-789.4590
Floor_A,5317.6270,896.0000,-789.4590,5317.6270,846.0000,-789.4590,6917.6270,846.0000,-789.4592
Floor_A,5317.6270,896.0000,-789.4590,6917.6270,846.0000,-789.4592,6917.6270,896.0000,-789.4592
Floor_A,6917.6270,896.0000,-789.4592,6917.6270,846.0000,-789.4592,6917.6270,846.0000,-2389.4590
Floor_A,6917.6270,896.0000,-789.4592,6917.6270,846.0000,-2389.4590,6917.6270,896.0000,-2389.4590
Floor_A,6917.6270,846.0000,-2389.4590,6917.6270,846.0000,-789.4592,5317.6270,846.0000,-789.4590
Floor_A,6917.6270,846.0000,-2389.4590,5317.6270,846.0000,-789.4590,5317.6270,846.0000,-2389.4590
Floor_A,6917.6270,896.0000,-789.4592,6917.6270,896.0000,-2389.4590,5317.6270,896.0000,-2389.4590
Floor_A,6917.6270,896.0000,-789.4592,5317.6270,896.0000,-2389.4590,5317.6270,896.0000,-789.4590
Floor_A,6950.0000,896.0000,-3855.0000,6950.0000,846.0000,-3855.0000,5350.0000,846.0000,-3855.0000
Floor_A,6950.0000,896.0000,-3855.0000,5350.0000,846.0000,-3855.0000,5350.0000,896.0000,-3855.0000
Floor_A,5350.0000,896.0000,-3855.0000,5350.0000,846.0000,-3855.0000,5350.0000,846.0000,-2255.0000
Floor_A,5350.0000,896.0000,-3855.0000,5350.0000,846.0000,-2255.0000,5350.0000,896.0000,-2255.0000
Floor_A,5350.0000,896.0000,-2255.0000,5350.0000,846.0000,-2255.0000,6950.0000,846.0000,-2255.0000
Floor_A,5350.0000,896.0000,-2255.0000,6950.0000,846.0000,-2255.0000,6950.0000,896.0000,-2255.0000
Floor_A,6950.0000,896.0000,-2255.0000,6950.0000,846.0000,-2255.0000,6950.0000,846.0000,-3855.0000
Floor_A,6950.0000,896.0000,-2255.0000,6950.0000,846.0000,-3855.0000,6950.0000,896.0000,-3855.0000
Floor_A,6950.0000,846.0000,-3855.0000,6950.0000,846.0000,-2255.0000,5350.0000,846.0000,-2255.0000
Floor_A,6950.0000,846.0000,-3855.0000,5350.0000,846.0000,-2255.0000,5350.0000,846.0000,-3855.0000
Floor_A,6950.0000,896.0000,-2255.0000,6950.0000,896.0000,-3855.0000,5350.0000,896.0000,-3855.0000
Floor_A,6950.0000,896.0000,-2255.0000,5350.0000,896.0000,-3855.0000,5350.0000,896.0000,-2255.0000
Floor_A,-3410.0000,896.0000,8193.0000,-3410.0000,846.0000,8193.0000,-5010.0000,846.0000,8193.0000
Floor_A,-3410.0000,896.0000,8193.0000,-5010.0000,846.0000,8193.0000,-5010.0000,896.0000,8193.0000
Floor_A,-5010.0000,896.0000,8193.0000,-5010.0000,846.0000,8193.0000,-5010.0000,846.0000,9793.0000
Floor_A,-5010.0000,896.0000,8193.0000,-5010.0000,846.0000,9793.0000,-5010.0000,896.0000,9793.0000
Floor_A,-5010.0000,896.0000,9793.0000,-5010.0000,846.0000,9793.0000,-3410.0000,846.0000,9793.0000
Floor_A,-5010.0000,896.0000,9793.0000,-3410.0000,846.0000,9793.0000,-3410.0000,896.0000,9793.0000
Floor_A,-3410.0000,896.0000,9793.0000,-3410.0000,846.0000,9793.0000,-3410.0000,846.0000,8193.0000
Floor_A,-3410.0000,896.0000,9793.0000,-3410.0000,846.0000,8193.0000,-3410.0000,896.0000,8193.0000
Floor_A,-3410.0000,846.0000,8193.0000,-3410.0000,846.0000,9793.0000,-5010.0000,846.0000,9793.0000
Floor_A,-3410.0000,846.0000,8193.0000,-5010.0000,846.0000,9793.0000,-5010.0000,846.0000,8193.0000
Floor_A,-3410.0000,896.0000,9793.0000,-3410.0000,896.0000,8193.0000,-5010.0000,896.0000,8193.0000
Floor_A,-3410.0000,896.0000,9793.0000,-5010.0000,896.0000,8193.0000,-5010.0000,896.0000,9793.0000
Floor_A,-3436.0000,896.0000,9354.0000,-3436.0000,846.0000,9354.0000,-5036.0000,846.0000,9354.0000
Floor_A,-3436.0000,896.0000,9354.0000,-5036.0000,846.0000,9354.0000,-5036.0000,896.0000,9354.0000
Floor_A,-5036.0000,896.0000,9354.0000,-5036.0000,846.0000,9354.0000,-5036.0000,846.0000,10954.0000
Floor_A,-5036.0000,896.0000,9354.0000,-5036.0000,846.0000,10954.0000,-5036.0000,896.0000,10954.0000
Floor_A,-5036.0000,896.0000,10954.0000,-5036.0000,846.0000,10954.0000,-3436.0000,846.0000,10954.0000
Floor_A,-5036.0000,896.0000,10954.0000,-3436.0000,846.0000,10954.0000,-3436.0000,896.0000,10954.0000
Floor_A,-3436.0000,896.0000,10954.0000,-3436.0000,846.0000,10954.0000,-3436.0000,846.0000,9354.0000
Floor_A,-3436.0000,896.0000,10954.0000,-3436.0000,846.0000,9354.0000,-3436.0000,896.0000,9354.0000
Floor_A,-3436.0000,846.0000,9354.0000,-3436.0000,846.0000,10954.0000,-5036.0000,846.0000,10954.0000
Floor_A,-3436.0000,846.0000,9354.0000,-5036.0000,846.0000,10954.0000,-5036.0000,846.0000,9354.0000
Floor_A,-3436.0000,896.0000,10954.0000,-3436.0000,896.0000,9354.0000,-5036.0000,896.0000,9354.0000
Floor_A,-3436.0000,896.0000,10954.0000,-5036.0000,896.0000,9354.0000,-5036.0000,896.0000,10954.0000
Floor_A,-3468.6780,896.0000,3620.2540,-3468.6780,846.0000,3620.2540,-5068.6780,846.0000,3620.2540
Floor_A,-3468.6780,896.0000,3620.2540,-5068.6780,846.0000,3620.2540,-5068.6780,896.0000,3620.2540
Floor_A,-5068.6780,896.0000,3620.2540,-5068.6780,846.0000,3620.2540,-5068.6780,846.0000,5220.2540
Floor_A,-5068.6780,896.0000,3620.2540,-5068.6780,846.0000,5220.2540,-5068.6780,896.0000,5220.2540
Floor_A,-5068.6780,896.0000,5220.2540,-5068.6780,846.0000,5220.2540,-3468.6780,846.0000,5220.2540
Floor_A,-5068.6780,896.0000,5220.2540,-3468.6780,846.0000,5220.2540,-3468.6780,896.0000,5220.2540
Floor_A,-3468.6780,896.0000,5220.2540,-3468.6780,846.0000,5220.2540,-3468.6780,846.0000,3620.2540
Floor_A,-3468.6780,896.0000,5220.2540,-3468.6780,846.0000,3620.2540,-3468.6780,896.0000,3620.2540
Floor_A,-3468.6780,846.0000,3620.2540,-3468.6780,846.0000,5220.2540,-5068.6780,846.0000,5220.2540
Floor_A,-3468.6780,846.0000,3620.2540,-5068.6780,846.0000,5220.2540,-5068.6780,846.0000,3620.2540
Floor_A,-3468.6780,896.0000,5220.2540,-3468.6780,896.0000,3620.2540,-5068.6780,896.0000,3620.2540
Floor_A,-3468.6780,896.0000,5220.2540,-5068.6780,896.0000,3620.2540,-5068.6780,896.0000,5220.2540
Floor_A,-3434.4250,896.0000,2071.6220,-3434.4250,846.0000,2071.6220,-5034.4250,846.0000,2071.6220
Floor_A,-3434.4250,896.0000,2071.6220,-5034.4250,846.0000,2071.6220,-5034.4250,896.0000,2071.6220
Floor_A,-5034.4250,896.0000,2071.6220,-5034.4250,846.0000,2071.6220,-5034.4250,846.0000,3671.6220
Floor_A,-5034.4250,896.0000,2071.6220,-5034.4250,846.0000,3671.6220,-5034.4250,896.0000,3671.6220
Floor_A,-5034.4250,896.0000,3671.6220,-5034.4250,846.0000,3671.6220,-3434.4250,846.0000,3671.6220
Floor_A,-5034.4250,896.0000,3671.6220,-3434.4250,846.0000,3671.6220,-3434.4250,896.0000,3671.6220
Floor_A,-3434.4250,896.0000,3671.6220,-3434.4250,846.0000,3671.6220,-3434.4250,846.0000,2071.6220
Floor_A,-3434.4250,896.0000,3671.6220,-3434.4250,846.0000,2071.6220,-3434.4250,896.0000,2071.6220
Floor_A,-3434.4250,846.0000,2071.6220,-3434.4250,846.0000,3671.6220,-5034.4250,846.0000,3671.6220
Floor_A,-3434.4250,846.0000,2071.6220,-5034.4250,846.0000,3671.6220,-5034.4250,846.0000,2071.6220
Floor_A,-3434.4250,896.0000,3671.6220,-3434.4250,896.0000,2071.6220,-5034.4250,896.0000,2071.6220
Floor_A,-3434.4250,896.0000,3671.6220,-5034.4250,896.0000,2071.6220,-5034.4250,896.0000,3671.6220
Floor_A,-3331.0520,896.0000,-2609.2040,-3331.0520,846.0000,-2609.2040,-4931.0520,846.0000,-2609.2040
Floor_A,-3331.0520,896.0000,-2609.2040,-4931.0520,846.0000,-2609.2040,-4931.0520,896.0000,-2609.2040
Floor_A,-4931.0520,896.0000,-2609.2040,-4931.0520,846.0000,-2609.2040,-4931.0520,846.0000,-1009.2040
Floor_A,-4931.0520,896.0000,-2609.2040,-4931.0520,846.0000,-1009.2040,-4931.0520,896.0000,-1009.2040
Floor_A,-4931.0520,896.0000,-1009.2040,-4931.0520,846.0000,-1009.2040,-3331.0520,846.0000,-1009.2040
Floor_A,-4931.0520,896.0000,-1009.2040,-3331.0520,846.0000,-1009.2040,-3331.0520,896.0000,-1009.2040
Floor_A,-3331.0520,896.0000,-1009.2040,-3331.0520,846.0000,-1009.2040,-3331.0520,846.0000,-2609.2040
Floor_A,-3331.0520,896.0000,-1009.2040,-3331.0520,846.0000,-2609.2040,-3331.0520,896.0000,-2609.2040
Floor_A,-3331.0520,846.0000,-2609.2040,-3331.0520,846.0000,-1009.2040,-4931.0520,846.0000,-1009.2040
Floor_A,-3331.0520,846.0000,-2609.2040,-4931.0520,846.0000,-1009.2040,-4931.0520,846.0000,-2609.2040
Floor_A,-3331.0520,896.0000,-1009.2040,-3331.0520,896.0000,-2609.2040,-4931.0520,896.0000,-2609.2040
Floor_A,-3331.0520,896.0000,-1009.2040,-4931.0520,896.0000,-2609.2040,-4931.0520,896.0000,-1009.2040
Floor_A,5441.0000,896.0000,-2240.0000,5441.0000,846.0000,-2240.0000,5441.0000,846.0000,-3840.0000
Floor_A,5441.0000,896.0000,-2240.0000,5441.0000,846.0000,-3840.0000,5441.0000,896.0000,-3840.0000
Floor_A,5441.0000,896.0000,-3840.0000,5441.0000,846.0000,-3840.0000,3841.0000,846.0000,-3840.0000
Floor_A,5441.0000,896.0000,-3840.0000,3841.0000,846.0000,-3840.0000,3841.0000,896.0000,-3840.0000
Floor_A,3841.0000,896.0000,-3840.0000,3841.0000,846.0000,-3840.0000,3841.0000,846.0000,-2240.0000
Floor_A,3841.0000,896.0000,-3840.0000,3841.0000,846.0000,-2240.0000,3841.0000,896.0000,-2240.0000
Floor_A,3841.0000,896.0000,-2240.0000,3841.0000,846.0000,-2240.0000,5441.0000,846.0000,-2240.0000
Floor_A,3841.0000,896.0000,-2240.0000,5441.0000,846.0000,-2240.0000,5441.0000,896.0000,-2240.0000
Floor_A,5441.0000,846.0000,-2240.0000,3841.0000,846.0000,-2240.0000,3841.0000,846.0000,-3840.0000
Floor_A,5441.0000,846.0000,-2240.0000,3841.0000,846.0000,-3840.0000,5441.0000,846.0000,-3840.0000
Floor_A,3841.0000,896.0000,-2240.0000,5441.0000,896.0000,-2240.0000,5441.0000,896.0000,-3840.0000
Floor_A,3841.0000,896.0000,-2240.0000,5441.0000,896.0000,-3840.0000,3841.0000,896.0000,-3840.0000
Floor_A,3892.0000,896.0000,10423.0000,3892.0000,846.0000,10423.0000,3892.0000,846.0000,8823.0000
Floor_A,3892.0000,896.0000,10423.0000,3892.0000,846.0000,8823.0000,3892.0000,896.0000,8823.0000
Floor_A,3892.0000,896.0000,8823.0000,3892.0000,846.0000,8823.0000,2292.0000,846.0000,8823.0000
Floor_A,3892.0000,896.0000,8823.0000,2292.0000,846.0000,8823.0000,2292.0000,896.0000,8823.0000
Floor_A,2292.0000,896.0000,8823.0000,2292.0000,846.0000,8823.0000,2292.0000,846.0000,10423.0000
Floor_A,2292.0000,896.0000,8823.0000,2292.0000,846.0000,10423.0000,2292.0000,896.0000,10423.0000
Floor_A,2292.0000,896.0000,10423.0000,2292.0000,846.0000,10423.0000,3892.0000,846.0000,10423.0000
Floor_A,2292.0000,896.0000,10423.0000,3892.0000,846.0000,10423.0000,3892.0000,896.0000,10423.0000
Floor_A,3892.0000,846.0000,10423.0000,2292.0000,846.0000,10423.0000,2292.0000,846.0000,8823.0000
Floor_A,3892.0000,846.0000,10423.0000,2292.0000,846.0000,8823.0000,3892.0000,846.0000,8823.0000
Floor_A,2292.0000,896.0000,10423.0000,3892.0000,896.0000,10423.0000,3892.0000,896.0000,8823.0000
Floor_A,2292.0000,896.0000,10423.0000,3892.0000,896.0000,8823.0000,2292.0000,896.0000,8823.0000
Floor_A,-2361.0000,896.0000,10423.0000,-2361.0000,846.0000,10423.0000,-2361.0000,846.0000,8823.0010
Floor_A,-2361.0000,896.0000,10423.0000,-2361.0000,846.0000,8823.0010,-2361.0000,896.0000,8823.0010
Floor_A,-2361.0000,896.0000,8823.0010,-2361.0000,846.0000,8823.0010,-3961.0000,846.0000,8823.0010
Floor_A,-2361.0000,896.0000,8823.0010,-3961.0000,846.0000,8823.0010,-3961.0000,896.0000,8823.0010
Floor_A,-3961.0000,896.0000,8823.0010,-3961.0000,846.0000,8823.0010,-3961.0000,846.0000,10423.0000
Floor_A,-3961.0000,896.0000,8823.0010,-3961.0000,846.0000,10423.0000,-3961.0000,896.0000,10423.0000
Floor_A,-3961.0000,896.0000,10423.0000,-3961.0000,846.0000,10423.0000,-2361.0000,846.0000,10423.0000
Floor_A,-3961.0000,896.0000,10423.0000,-2361.0000,846.0000,10423.0000,-2361.0000,896.0000,10423.0000
Floor_A,-2361.0000,846.0000,10423.0000,-3961.0000,846.0000,10423.0000,-3961.0000,846.0000,8823.0010
Floor_A,-2361.0000,846.0000,10423.0000,-3961.0000,846.0000,8823.0010,-2361.0000,846.0000,8823.0010
Floor_A,-3961.0000,896.0000,10423.0000,-2361.0000,896.0000,10423.0000,-2361.0000,896.0000,8823.0010
Floor_A,-3961.0000,896.0000,10423.0000,-2361.0000,896.0000,8823.0010,-3961.0000,896.0000,8823.0010
Floor_A,-789.9992,896.0000,10423.0000,-789.9992,846.0000,10423.0000,-789.9992,846.0000,8823.0000
Floor_A,-789.9992,896.0000,10423.0000,-789.9992,846.0000,8823.0000,-789.9992,896.0000,8823.0000
Floor_A,-789.9992,896.0000,8823.0000,-789.9992,846.0000,8823.0000,-2389.9990,846.0000,8823.0000
Floor_A,-789.9992,896.0000,8823.0000,-2389.9990,846.0000,8823.0000,-2389.9990,896.0000,8823.0000
Floor_A,-2389.9990,896.0000,8823.0000,-2389.9990,846.0000,8823.0000,-2389.9990,846.0000,10423.0000
Floor_A,-2389.9990,896.0000,8823.0000,-2389.9990,846.0000,10423.0000,-2389.9990,896.0000,10423.0000
Floor_A,-2389.9990,896.0000,10423.0000,-2389.9990,846.0000,10423.0000,-789.9992,846.0000,10423.0000
Floor_A,-2389.9990,896.0000,10423.0000,-789.9992,846.0000,10423.0000,-789.9992,896.0000,10423.0000
Floor_A,-789.9992,846.0000,10423.0000,-2389.9990,846.0000,10423.0000,-2389.9990,846.0000,8823.0000
Floor_A,-789.9992,846.0000,10423.0000,-2389.9990,846.0000,8823.0000,-789.9992,846.0000,8823.0000
Floor_A,-2389.9990,896.0000,10423.0000,-789.9992,896.0000,10423.0000,-789.9992,896.0000,8823.0000
Floor_A,-2389.9990,896.0000,10423.0000,-789.9992,896.0000,8823.0000,-2389.9990,896.0000,8823.0000
Floor_A,759.0012,896.0000,10423.0000,759.0012,846.0000,10423.0000,759.0012,846.0000,8823.0010
Floor_A,759.0012,896.0000,10423.0000,759.0012,846.0000,8823.0010,759.0012,896.0000,8823.0010
Floor_A,759.0012,896.0000,8823.0010,759.0012,846.0000,8823.0010,-840.9988,846.0000,8823.0010
Floor_A,759.0012,896.0000,8823.0010,-840.9988,846.0000,8823.0010,-840.9988,896.0000,8823.0010
Floor_A,-840.9988,896.0000,8823.0010,-840.9988,846.0000,8823.0010,-840.9988,846.0000,10423.0000
Floor_A,-840.9988,896.0000,8823.0010,-840.9988,846.0000,10423.0000,-840.9988,896.0000,10423.0000
Floor_A,-840.9988,896.0000,10423.0000,-840.9988,846.0000,10423.0000,759.0012,846.0000,10423.0000
Floor_A,-840.9988,896.0000,10423.0000,759.0012,846.0000,10423.0000,759.0012,896.0000,10423.0000
Floor_A,759.0012,846.0000,10423.0000,-840.9988,846.0000,10423.0000,-840.9988,846.0000,8823.0010
Floor_A,759.0012,846.0000,10423.0000,-840.9988,846.0000,8823.0010,759.0012,846.0000,8823.0010
Floor_A,-840.9988,896.0000,10423.0000,759.0012,896.0000,10423.0000,759.0012,896.0000,8823.0010
Floor_A,-840.9988,896.0000,10423.0000,759.0012,896.0000,8823.0010,-840.9988,896.0000,8823.0010
Floor_A,5441.0000,896.0000,10423.0000,5441.0000,846.0000,10423.0000,5441.0000,846.0000,8823.0010
Floor_A,5441.0000,896.0000,10423.0000,5441.0000,846.0000,8823.0010,5441.0000,896.0000,8823.0010
Floor_A,5441.0000,896.0000,8823.0010,5441.0000,846.0000,8823.0010,3841.0000,846.0000,8823.0010
Floor_A,5441.0000,896.0000,8823.0010,3841.0000,846.0000,8823.0010,3841.0000,896.0000,8823.0010
Floor_A,3841.0000,896.0000,8823.0010,3841.0000,846.0000,8823.0010,3841.0000,846.0000,10423.0000
Floor_A,3841.0000,896.0000,8823.0010,3841.0000,846.0000,10423.0000,3841.0000,896.0000,10423.0000
Floor_A,3841.0000,896.0000,10423.0000,3841.0000,846.0000,10423.0000,5441.0000,846.0000,10423.0000
Floor_A,3841.0000,896.0000,10423.0000,5441.0000,846.0000,10423.0000,5441.0000,896.0000,10423.0000
Floor_A,5441.0000,846.0000,10423.0000,3841.0000,846.0000,10423.0000,3841.0000,846.0000,8823.0010
Floor_A,5441.0000,846.0000,10423.0000,3841.0000,846.0000,8823.0010,5441.0000,846.0000,8823.0010
Floor_A,3841.0000,896.0000,10423.0000,5441.0000,896.0000,10423.0000,5441.0000,896.0000,8823.0010
Floor_A,3841.0000,896.0000,10423.0000,5441.0000,896.0000,8823.0010,3841.0000,896.0000,8823.0010
Floor_A,599.8032,506.0535,252.8747,599.8032,456.0535,252.8747,599.8032,456.0535,-1347.1250
Floor_A,599.8032,506.0535,252.8747,599.8032,456.0535,-1347.1250,599.8032,506.0535,-1347.1250
Floor_A,599.8032,506.0535,-1347.1250,599.8032,456.0535,-1347.1250,-1000.1970,456.0535,-1347.1250
Floor_A,599.8032,506.0535,-1347.1250,-1000.1970,456.0535,-1347.1250,-1000.1970,506.0535,-1347.1250
Floor_A,-1000.1970,506.0535,-1347.1250,-1000.1970,456.0535,-1347.1250,-1000.1970,456.0535,252.8747
Floor_A,-1000.1970,506.0535,-1347.1250,-1000.1970,456.0535,252.8747,-1000.1970,506.0535,252.8747
Floor_A,-1000.1970,506.0535,252.8747,-1000.1970,456.0535,252.8747,599.8032,456.0535,252.8747
Floor_A,-1000.1970,506.0535,252.8747,599.8032,456.0535,252.8747,599.8032,506.0535,252.8747
Floor_A,599.8032,456.0535,252.8747,-1000.1970,456.0535,252.8747,-1000.1970,456.0535,-1347.1250
Floor_A,599.8032,456.0535,252.8747,-1000.1970,456.0535,-1347.1250,599.8032,456.0535,-1347.1250
Floor_A,-1000.1970,506.0535,252.8747,599.8032,506.0535,252.8747,599.8032,506.0535,-1347.1250
Floor_A,-1000.1970,506.0535,252.8747,599.8032,506.0535,-1347.1250,-1000.1970,506.0535,-1347.1250
Floor_A,-872.1970,506.0535,252.8747,-872.1970,456.0535,252.8747,-872.1970,456.0535,-1347.1250
Floor_A,-872.1970,506.0535,252.8747,-872.1970,456.0535,-1347.1250,-872.1970,506.0535,-1347.1250
Floor_A,-872.1970,506.0535,-1347.1250,-872.1970,456.0535,-1347.1250,-2472.1970,456.0535,-1347.1250
Floor_A,-872.1970,506.0535,-1347.1250,-2472.1970,456.0535,-1347.1250,-2472.1970,506.0535,-1347.1250
Floor_A,-2472.1970,506.0535,-1347.1250,-2472.1970,456.0535,-1347.1250,-2472.1970,456.0535,252.8747
Floor_A,-2472.1970,506.0535,-1347.1250,-2472.1970,456.0535,252.8747,-2472.1970,506.0535,252.8747
Floor_A,-2472.1970,506.0535,252.8747,-2472.1970,456.0535,252.8747,-872.1970,456.0535,252.8747
Floor_A,-2472.1970,506.0535,252.8747,-872.1970,456.0535,252.8747,-872.1970,506.0535,252.8747
Floor_A,-872.1970,456.0535,252.8747,-2472.1970,456.0535,252.8747,-2472.1970,456.0535,-1347.1250
Floor_A,-872.1970,456.0535,252.8747,-2472.1970,456.0535,-1347.1250,-872.1970,456.0535,-1347.1250
Floor_A,-2472.1970,506.0535,252.8747,-872.1970,506.0535,252.8747,-872.1970,506.0535,-1347.1250
Floor_A,-2472.1970,506.0535,252.8747,-872.1970,506.0535,-1347.1250,-2472.1970,506.0535,-1347.1250
Floor_A,2170.8040,506.0535,252.8747,2170.8040,456.0535,252.8747,2170.8040,456.0535,-1347.1250
Floor_A,2170.8040,506.0535,252.8747,2170.8040,456.0535,-1347.1250,2170.8040,506.0535,-1347.1250
Floor_A,2170.8040,506.0535,-1347.1250,2170.8040,456.0535,-1347.1250,570.8038,456.0535,-1347.1250
Floor_A,2170.8040,506.0535,-1347.1250,570.8038,456.0535,-1347.1250,570.8038,506.0535,-1347.1250
Floor_A,570.8038,506.0535,-1347.1250,570.8038,456.0535,-1347.1250,570.8038,456.0535,252.8747
Floor_A,570.8038,506.0535,-1347.1250,570.8038,456.0535,252.8747,570.8038,506.0535,252.8747
Floor_A,570.8038,506.0535,252.8747,570.8038,456.0535,252.8747,2170.8040,456.0535,252.8747
Floor_A,570.8038,506.0535,252.8747,2170.8040,456.0535,252.8747,2170.8040,506.0535,252.8747
Floor_A,2170.8040,456.0535,252.8747,570.8038,456.0535,252.8747,570.8038,456.0535,-1347.1250
Floor_A,2170.8040,456.0535,252.8747,570.8038,456.0535,-1347.1250,2170.8040,456.0535,-1347.1250
Floor_A,570.8038,506.0535,252.8747,2170.8040,506.0535,252.8747,2170.8040,506.0535,-1347.1250
Floor_A,570.8038,506.0535,252.8747,2170.8040,506.0535,-1347.1250,570.8038,506.0535,-1347.1250
Floor_A,3719.8040,506.0535,252.8747,3719.8040,456.0535,252.8747,3719.8040,456.0535,-1347.1250
Floor_A,3719.8040,506.0535,252.8747,3719.8040,456.0535,-1347.1250,3719.8040,506.0535,-1347.1250
Floor_A,3719.8040,506.0535,-1347.1250,3719.8040,456.0535,-1347.1250,2119.8040,456.0535,-1347.1250
Floor_A,3719.8040,506.0535,-1347.1250,2119.8040,456.0535,-1347.1250,2119.8040,506.0535,-1347.1250
Floor_A,2119.8040,506.0535,-1347.1250,2119.8040,456.0535,-1347.1250,2119.8040,456.0535,252.8747
Floor_A,2119.8040,506.0535,-1347.1250,2119.8040,456.0535,252.8747,2119.8040,506.0535,252.8747
Floor_A,2119.8040,506.0535,252.8747,2119.8040,456.0535,252.8747,3719.8040,456.0535,252.8747
Floor_A,2119.8040,506.0535,252.8747,3719.8040,456.0535,252.8747,3719.8040,506.0535,252.8747
Floor_A,3719.8040,456.0535,252.8747,2119.8040,456.0535,252.8747,2119.8040,456.0535,-1347.1250
Floor_A,3719.8040,456.0535,252.8747,2119.8040,456.0535,-1347.1250,3719.8040,456.0535,-1347.1250
Floor_A,2119.8040,506.0535,252.8747,3719.8040,506.0535,252.8747,3719.8040,506.0535,-1347.1250
Floor_A,2119.8040,506.0535,252.8747,3719.8040,506.0535,-1347.1250,2119.8040,506.0535,-1347.1250
Floor_A,4779.8040,506.0535,252.8747,4779.8040,456.0535,252.8747,4779.8040,456.0535,-1347.1250
Floor_A,4779.8040,506.0535,252.8747,4779.8040,456.0535,-1347.1250,4779.8040,506.0535,-1347.1250
Floor_A,4779.8040,506.0535,-1347.1250,4779.8040,456.0535,-1347.1250,3179.8030,456.0535,-1347.1250
Floor_A,4779.8040,506.0535,-1347.1250,3179.8030,456.0535,-1347.1250,3179.8030,506.0535,-1347.1250
Floor_A,3179.8030,506.0535,-1347.1250,3179.8030,456.0535,-1347.1250,3179.8030,456.0535,252.8747
Floor_A,3179.8030,506.0535,-1347.1250,3179.8030,456.0535,252.8747,3179.8030,506.0535,252.8747
Floor_A,3179.8030,506.0535,252.8747,3179.8030,456.0535,252.8747,4779.8040,456.0535,252.8747
Floor_A,3179.8030,506.0535,252.8747,4779.8040,456.0535,252.8747,4779.8040,506.0535,252.8747
Floor_A,4779.8040,456.0535,252.8747,3179.8030,456.0535,252.8747,3179.8030,456.0535,-1347.1250
Floor_A,4779.8040,456.0535,252.8747,3179.8030,456.0535,-1347.1250,4779.8040,456.0535,-1347.1250
Floor_A,3179.8030,506.0535,252.8747,4779.8040,506.0535,252.8747,4779.8040,506.0535,-1347.1250
Floor_A,3179.8030,506.0535,252.8747,4779.8040,506.0535,-1347.1250,3179.8030,506.0535,-1347.1250
Floor_A,2170.8040,506.0535,7967.8740,2170.8040,456.0535,7967.8740,2170.8040,456.0535,6367.8740
Floor_A,2170.8040,506.0535,7967.8740,2170.8040,456.0535,6367.8740,2170.8040,506.0535,6367.8740
Floor_A,2170.8040,506.0535,6367.8740,2170.8040,456.0535,6367.8740,570.8038,456.0535,6367.8740
Floor_A,2170.8040,506.0535,6367.8740,570.8038,456.0535,6367.8740,570.8038,506.0535,6367.8740
Floor_A,570.8038,506.0535,6367.8740,570.8038,456.0535,6367.8740,570.8038,456.0535,7967.8740
Floor_A,570.8038,506.0535,6367.8740,570.8038,456.0535,7967.8740,570.8038,506.0535,7967.8740
Floor_A,570.8038,506.0535,7967.8740,570.8038,456.0535,7967.8740,2170.8040,456.0535,7967.8740
Floor_A,570.8038,506.0535,7967.8740,2170.8040,456.0535,7967.8740,2170.8040,506.0535,7967.8740
Floor_A,2170.8040,456.0535,7967.8740,570.8038,456.0535,7967.8740,570.8038,456.0535,6367.8740
Floor_A,2170.8040,456.0535,7967.8740,570.8038,456.0535,6367.8740,2170.8040,456.0535,6367.8740
Floor_A,570.8038,506.0535,7967.8740,2170.8040,506.0535,7967.8740,2170.8040,506.0535,6367.8740
Floor_A,570.8038,506.0535,7967.8740,2170.8040,506.0535,6367.8740,570.8038,506.0535,6367.8740
Floor_A,2947.8040,506.0535,4885.8740,2947.8040,456.0535,4885.8740,2947.8040,456.0535,6485.8740
Floor_A,2947.8040,506.0535,4885.8740,2947.8040,456.0535,6485.8740,2947.8040,506.0535,6485.8740
Floor_A,2947.8040,506.0535,6485.8740,2947.8040,456.0535,6485.8740,4547.8040,456.0535,6485.8740
Floor_A,2947.8040,506.0535,6485.8740,4547.8040,456.0535,6485.8740,4547.8040,506.0535,6485.8740
Floor_A,4547.8040,506.0535,6485.8740,4547.8040,456.0535,6485.8740,4547.8040,456.0535,4885.8740
Floor_A,4547.8040,506.0535,6485.8740,4547.8040,456.0535,4885.8740,4547.8040,506.0535,4885.8740
Floor_A,4547.8040,506.0535,4885.8740,4547.8040,456.0535,4885.8740,2947.8040,456.0535,4885.8740
Floor_A,4547.8040,506.0535,4885.8740,2947.8040,456.0535,4885.8740,2947.8040,506.0535,4885.8740
Floor_A,2947.8040,456.0535,4885.8740,4547.8040,456.0535,4885.8740,4547.8040,456.0535,6485.8740
Floor_A,2947.8040,456.0535,4885.8740,4547.8040,456.0535,6485.8740,2947.8040,456.0535,6485.8740
Floor_A,4547.8040,506.0535,4885.8740,2947.8040,506.0535,4885.8740,2947.8040,506.0535,6485.8740
Floor_A,4547.8040,506.0535,4885.8740,2947.8040,506.0535,6485.8740,4547.8040,506.0535,6485.8740
Floor_A,-2430.0780,506.0535,2620.5900,-2430.0780,456.0535,2620.5900,-2430.0780,456.0535,4220.5900
Floor_A,-2430.0780,506.0535,2620.5900,-2430.0780,456.0535,4220.5900,-2430.0780,506.0535,4220.5900
Floor_A,-2430.0780,506.0535,4220.5900,-2430.0780,456.0535,4220.5900,-830.0781,456.0535,4220.5900
Floor_A,-2430.0780,506.0535,4220.5900,-830.0781,456.0535,4220.5900,-830.0781,506.0535,4220.5900
Floor_A,-830.0781,506.0535,4220.5900,-830.0781,456.0535,4220.5900,-830.0781,456.0535,2620.5900
Floor_A,-830.0781,506.0535,4220.5900,-830.0781,456.0535,2620.5900,-830.0781,506.0535,2620.5900
Floor_A,-830.0781,506.0535,2620.5900,-830.0781,456.0535,2620.5900,-2430.0780,456.0535,2620.5900
Floor_A,-830.0781,506.0535,2620.5900,-2430.0780,456.0535,2620.5900,-2430.0780,506.0535,2620.5900
Floor_A,-2430.0780,456.0535,2620.5900,-830.0781,456.0535,2620.5900,-830.0781,456.0535,4220.5900
Floor_A,-2430.0780,456.0535,2620.5900,-830.0781,456.0535,4220.5900,-2430.0780,456.0535,4220.5900
Floor_A,-830.0781,506.0535,2620.5900,-2430.0780,506.0535,2620.5900,-2430.0780,506.0535,4220.5900
Floor_A,-830.0781,506.0535,2620.5900,-2430.0780,506.0535,4220.5900,-830.0781,506.0535,4220.5900
Floor_A,-2481.2910,506.0535,4168.7290,-2481.2910,456.0535,4168.7290,-2481.2910,456.0535,5768.7290
Floor_A,-2481.2910,506.0535,4168.7290,-2481.2910,456.0535,5768.7290,-2481.2910,506.0535,5768.7290
Floor_A,-2481.2910,506.0535,5768.7290,-2481.2910,456.0535,5768.7290,-881.2912,456.0535,5768.7290
Floor_A,-2481.2910,506.0535,5768.7290,-881.2912,456.0535,5768.7290,-881.2912,506.0535,5768.7290
Floor_A,-881.2912,506.0535,5768.7290,-881.2912,456.0535,5768.7290,-881.2912,456.0535,4168.7290
Floor_A,-881.2912,506.0535,5768.7290,-881.2912,456.0535,4168.7290,-881.2912,506.0535,4168.7290
Floor_A,-881.2912,506.0535,4168.7290,-881.2912,456.0535,4168.7290,-2481.2910,456.0535,4168.7290
Floor_A,-881.2912,506.0535,4168.7290,-2481.2910,456.0535,4168.7290,-2481.2910,506.0535,4168.7290
Floor_A,-2481.2910,456.0535,4168.7290,-881.2912,456.0535,4168.7290,-881.2912,456.0535,5768.7290
Floor_A,-2481.2910,456.0535,4168.7290,-881.2912,456.0535,5768.7290,-2481.2910,456.0535,5768.7290
Floor_A,-881.2912,506.0535,4168.7290,-2481.2910,506.0535,4168.7290,-2481.2910,506.0535,5768.7290
Floor_A,-881.2912,506.0535,4168.7290,-2481.2910,506.0535,5768.7290,-881.2912,506.0535,5768.7290
Floor_A,-2533.1970,506.0535,5738.8760,-2533.1970,456.0535,5738.8760,-2533.1970,456.0535,7338.8760
Floor_A,-2533.1970,506.0535,5738.8760,-2533.1970,456.0535,7338.8760,-2533.1970,506.0535,7338.8760
Floor_A,-2533.1970,506.0535,7338.8760,-2533.1970,456.0535,7338.8760,-933.1970,456.0535,7338.8760
Floor_A,-2533.1970,506.0535,7338.8760,-933.1970,456.0535,7338.8760,-933.1970,506.0535,7338.8760
Floor_A,-933.1970,506.0535,7338.8760,-933.1970,456.0535,7338.8760,-933.1970,456.0535,5738.8760
Floor_A,-933.1970,506.0535,7338.8760,-933.1970,456.0535,5738.8760,-933.1970,506.0535,5738.8760
Floor_A,-933.1970,506.0535,5738.8760,-933.1970,456.0535,5738.8760,-2533.1970,456.0535,5738.8760
Floor_A,-933.1970,506.0535,5738.8760,-2533.1970,456.0535,5738.8760,-2533.1970,506.0535,5738.8760
Floor_A,-2533.1970,456.0535,5738.8760,-933.1970,456.0535,5738.8760,-933.1970,456.0535,7338.8760
Floor_A,-2533.1970,456.0535,5738.8760,-933.1970,456.0535,7338.8760,-2533.1970,456.0535,7338.8760
Floor_A,-933.1970,506.0535,5738.8760,-2533.1970,506.0535,5738.8760,-2533.1970,506.0535,7338.8760
Floor_A,-933.1970,506.0535,5738.8760,-2533.1970,506.0535,7338.8760,-933.1970,506.0535,7338.8760
Floor_A,-2533.1970,506.0535,6640.8750,-2533.1970,456.0535,6640.8750,-2533.1970,456.0535,8240.8750
Floor_A,-2533.1970,506.0535,6640.8750,-2533.1970,456.0535,8240.8750,-2533.1970,506.0535,8240.8750
Floor_A,-2533.1970,506.0535,8240.8750,-2533.1970,456.0535,8240.8750,-933.1970,456.0535,8240.8750
Floor_A,-2533.1970,506.0535,8240.8750,-933.1970,456.0535,8240.8750,-933.1970,506.0535,8240.8750
Floor_A,-933.1970,506.0535,8240.8750,-933.1970,456.0535,8240.8750,-933.1970,456.0535,6640.8750
Floor_A,-933.1970,506.0535,8240.8750,-933.1970,456.0535,6640.8750,-933.1970,506.0535,6640.8750
Floor_A,-933.1970,506.0535,6640.8750,-933.1970,456.0535,6640.8750,-2533.1970,456.0535,6640.8750
Floor_A,-933.1970,506.0535,6640.8750,-2533.1970,456.0535,6640.8750,-2533.1970,506.0535,6640.8750
Floor_A,-2533.1970,456.0535,6640.8750,-933.1970,456.0535,6640.8750,-933.1970,456.0535,8240.8750
Floor_A,-2533.1970,456.0535,6640.8750,-933.1970,456.0535,8240.8750,-2533.1970,456.0535,8240.8750
Floor_A,-933.1970,506.0535,6640.8750,-2533.1970,506.0535,6640.8750,-2533.1970,506.0535,8240.8750
Floor_A,-933.1970,506.0535,6640.8750,-2533.1970,506.0535,8240.8750,-933.1970,506.0535,8240.8750
Floor_A,-2430.0780,506.0535,1038.8760,-2430.0780,456.0535,1038.8760,-2430.0780,456.0535,2638.8760
Floor_A,-2430.0780,506.0535,1038.8760,-2430.0780,456.0535,2638.8760,-2430.0780,506.0535,2638.8760
Floor_A,-2430.0780,506.0535,2638.8760,-2430.0780,456.0535,2638.8760,-830.0781,456.0535,2638.8760
Floor_A,-2430.0780,506.0535,2638.8760,-830.0781,456.0535,2638.8760,-830.0781,506.0535,2638.8760
Floor_A,-830.0781,506.0535,2638.8760,-830.0781,456.0535,2638.8760,-830.0781,456.0535,1038.8760
Floor_A,-830.0781,506.0535,2638.8760,-830.0781,456.0535,1038.8760,-830.0781,506.0535,1038.8760
Floor_A,-830.0781,506.0535,1038.8760,-830.0781,456.0535,1038.8760,-2430.0780,456.0535,1038.8760
Floor_A,-830.0781,506.0535,1038.8760,-2430.0780,456.0535,1038.8760,-2430.0780,506.0535,1038.8760
Floor_A,-2430.0780,456.0535,1038.8760,-830.0781,456.0535,1038.8760,-830.0781,456.0535,2638.8760
Floor_A,-2430.0780,456.0535,1038.8760,-830.0781,456.0535,2638.8760,-2430.0780,456.0535,2638.8760
Floor_A,-830.0781,506.0535,1038.8760,-2430.0780,506.0535,1038.8760,-2430.0780,506.0535,2638.8760
Floor_A,-830.0781,506.0535,1038.8760,-2430.0780,506.0535,2638.8760,-830.0781,506.0535,2638.8760
Floor_A,-2430.0780,506.0535,-514.1265,-2430.0780,456.0535,-514.1265,-2430.0780,456.0535,1085.8730
Floor_A,-2430.0780,506.0535,-514.1265,-2430.0780,456.0535,1085.8730,-2430.0780,506.0535,1085.8730
Floor_A,-2430.0780,506.0535,1085.8730,-2430.0780,456.0535,1085.8730,-830.0781,456.0535,1085.8730
Floor_A,-2430.0780,506.0535,1085.8730,-830.0781,456.0535,1085.8730,-830.0781,506.0535,1085.8730
Floor_A,-830.0781,506.0535,1085.8730,-830.0781,456.0535,1085.8730,-830.0781,456.0535,-514.1265
Floor_A,-830.0781,506.0535,1085.8730,-830.0781,456.0535,-514.1265,-830.0781,506.0535,-514.1265
Floor_A,-830.0781,506.0535,-514.1265,-830.0781,456.0535,-514.1265,-2430.0780,456.0535,-514.1265
Floor_A,-830.0781,506.0535,-514.1265,-2430.0780,456.0535,-514.1265,-2430.0780,506.0535,-514.1265
Floor_A,-2430.0780,456.0535,-514.1265,-830.0781,456.0535,-514.1265,-830.0781,456.0535,1085.8730
Floor_A,-2430.0780,456.0535,-514.1265,-830.0781,456.0535,1085.8730,-2430.0780,456.0535,1085.8730
Floor_A,-830.0781,506.0535,-514.1265,-2430.0780,506.0535,-514.1265,-2430.0780,506.0535,1085.8730
Floor_A,-830.0781,506.0535,-514.1265,-2430.0780,506.0535,1085.8730,-830.0781,506.0535,1085.8730
Floor_A,2999.7100,506.0535,3315.7260,2999.7100,456.0535,3315.7260,2999.7100,456.0535,4915.7260
Floor_A,2999.7100,506.0535,3315.7260,2999.7100,456.0535,4915.7260,2999.7100,506.0535,4915.7260
Floor_A,2999.7100,506.0535,4915.7260,2999.7100,456.0535,4915.7260,4599.7100,456.0535,4915.7260
Floor_A,2999.7100,506.0535,4915.7260,4599.7100,456.0535,4915.7260,4599.7100,506.0535,4915.7260
Floor_A,4599.7100,506.0535,4915.7260,4599.7100,456.0535,4915.7260,4599.7100,456.0535,3315.7260
Floor_A,4599.7100,506.0535,4915.7260,4599.7100,456.0535,3315.7260,4599.7100,506.0535,3315.7260
Floor_A,4599.7100,506.0535,3315.7260,4599.7100,456.0535,3315.7260,2999.7100,456.0535,3315.7260
Floor_A,4599.7100,506.0535,3315.7260,2999.7100,456.0535,3315.7260,2999.7100,506.0535,3315.7260
Floor_A,2999.7100,456.0535,3315.7260,4599.7100,456.0535,3315.7260,4599.7100,456.0535,4915.7260
Floor_A,2999.7100,456.0535,3315.7260,4599.7100,456.0535,4915.7260,2999.7100,456.0535,4915.7260
Floor_A,4599.7100,506.0535,3315.7260,2999.7100,506.0535,3315.7260,2999.7100,506.0535,4915.7260
Floor_A,4599.7100,506.0535,3315.7260,2999.7100,506.0535,4915.7260,4599.7100,506.0535,4915.7260
Floor_A,3050.9230,506.0535,1767.5870,3050.9230,456.0535,1767.5870,3050.9230,456.0535,3367.5870
Floor_A,3050.9230,506.0535,1767.5870,3050.9230,456.0535,3367.5870,3050.9230,506.0535,3367.5870
Floor_A,3050.9230,506.0535,3367.5870,3050.9230,456.0535,3367.5870,4650.9230,456.0535,3367.5870
Floor_A,3050.9230,506.0535,3367.5870,4650.9230,456.0535,3367.5870,4650.9230,506.0535,3367.5870
Floor_A,4650.9230,506.0535,3367.5870,4650.9230,456.0535,3367.5870,4650.9230,456.0535,1767.5870
Floor_A,4650.9230,506.0535,3367.5870,4650.9230,456.0535,1767.5870,4650.9230,506.0535,1767.5870
Floor_A,4650.9230,506.0535,1767.5870,4650.9230,456.0535,1767.5870,3050.9230,456.0535,1767.5870
Floor_A,4650.9230,506.0535,1767.5870,3050.9230,456.0535,1767.5870,3050.9230,506.0535,1767.5870
Floor_A,3050.9230,456.0535,1767.5870,4650.9230,456.0535,1767.5870,4650.9230,456.0535,3367.5870
Floor_A,3050.9230,456.0535,1767.5870,4650.9230,456.0535,3367.5870,3050.9230,456.0535,3367.5870
Floor_A,4650.9230,506.0535,1767.5870,3050.9230,506.0535,1767.5870,3050.9230,506.0535,3367.5870
Floor_A,4650.9230,506.0535,1767.5870,3050.9230,506.0535,3367.5870,4650.9230,506.0535,3367.5870
Floor_A,3050.9230,506.0535,185.8735,3050.9230,456.0535,185.8735,3050.9230,456.0535,1785.8730
Floor_A,3050.9230,506.0535,185.8735,3050.9230,456.0535,1785.8730,3050.9230,506.0535,1785.8730
Floor_A,3050.9230,506.0535,1785.8730,3050.9230,456.0535,1785.8730,4650.9230,456.0535,1785.8730
Floor_A,3050.9230,506.0535,1785.8730,4650.9230,456.0535,1785.8730,4650.9230,506.0535,1785.8730
Floor_A,4650.9230,506.0535,1785.8730,4650.9230,456.0535,1785.8730,4650.9230,456.0535,185.8735
Floor_A,4650.9230,506.0535,1785.8730,4650.9230,456.0535,185.8735,4650.9230,506.0535,185.8735
Floor_A,4650.9230,506.0535,185.8735,4650.9230,456.0535,185.8735,3050.9230,456.0535,185.8735
Floor_A,4650.9230,506.0535,185.8735,3050.9230,456.0535,185.8735,3050.9230,506.0535,185.8735
Floor_A,3050.9230,456.0535,185.8735,4650.9230,456.0535,185.8735,4650.9230,456.0535,1785.8730
Floor_A,3050.9230,456.0535,185.8735,4650.9230,456.0535,1785.8730,3050.9230,456.0535,1785.8730
Floor_A,4650.9230,506.0535,185.8735,3050.9230,506.0535,185.8735,3050.9230,506.0535,1785.8730
Floor_A,4650.9230,506.0535,185.8735,3050.9230,506.0535,1785.8730,4650.9230,506.0535,1785.8730
Floor_A,3719.8040,506.0535,7967.8740,3719.8040,456.0535,7967.8740,3719.8040,456.0535,6367.8740
Floor_A,3719.8040,506.0535,7967.8740,3719.8040,456.0535,6367.8740,3719.8040,506.0535,6367.8740
Floor_A,3719.8040,506.0535,6367.8740,3719.8040,456.0535,6367.8740,2119.8040,456.0535,6367.8740
Floor_A,3719.8040,506.0535,6367.8740,2119.8040,456.0535,6367.8740,2119.8040,506.0535,6367.8740
Floor_A,2119.8040,506.0535,6367.8740,2119.8040,456.0535,6367.8740,2119.8040,456.0535,7967.8740
Floor_A,2119.8040,506.0535,6367.8740,2119.8040,456.0535,7967.8740,2119.8040,506.0535,7967.8740
Floor_A,2119.8040,506.0535,7967.8740,2119.8040,456.0535,7967.8740,3719.8040,456.0535,7967.8740
Floor_A,2119.8040,506.0535,7967.8740,3719.8040,456.0535,7967.8740,3719.8040,506.0535,7967.8740
Floor_A,3719.8040,456.0535,7967.8740,2119.8040,456.0535,7967.8740,2119.8040,456.0535,6367.8740
Floor_A,3719.8040,456.0535,7967.8740,2119.8040,456.0535,6367.8740,3719.8040,456.0535,6367.8740
Floor_A,2119.8040,506.0535,7967.8740,3719.8040,506.0535,7967.8740,3719.8040,506.0535,6367.8740
Floor_A,2119.8040,506.0535,7967.8740,3719.8040,506.0535,6367.8740,2119.8040,506.0535,6367.8740
Floor_A,4825.8040,506.0535,7967.8740,4825.8040,456.0535,7967.8740,4825.8040,456.0535,6367.8740
Floor_A,4825.8040,506.0535,7967.8740,4825.8040,456.0535,6367.8740,4825.8040,506.0535,6367.8740
Floor_A,4825.8040,506.0535,6367.8740,4825.8040,456.0535,6367.8740,3225.8040,456.0535,6367.8740
Floor_A,4825.8040,506.0535,6367.8740,3225.8040,456.0535,6367.8740,3225.8040,506.0535,6367.8740
Floor_A,3225.8040,506.0535,6367.8740,3225.8040,456.0535,6367.8740,3225.8040,456.0535,7967.8740
Floor_A,3225.8040,506.0535,6367.8740,3225.8040,456.0535,7967.8740,3225.8040,506.0535,7967.8740
Floor_A,3225.8040,506.0535,7967.8740,3225.8040,456.0535,7967.8740,4825.8040,456.0535,7967.8740
Floor_A,3225.8040,506.0535,7967.8740,4825.8040,456.0535,7967.8740,4825.8040,506.0535,7967.8740
Floor_A,4825.8040,456.0535,7967.8740,3225.8040,456.0535,7967.8740,3225.8040,456.0535,6367.8740
Floor_A,4825.8040,456.0535,7967.8740,3225.8040,456.0535,6367.8740,4825.8040,456.0535,6367.8740
Floor_A,3225.8040,506.0535,7967.8740,4825.8040,506.0535,7967.8740,4825.8040,506.0535,6367.8740
Floor_A,3225.8040,506.0535,7967.8740,4825.8040,506.0535,6367.8740,3225.8040,506.0535,6367.8740
Block_Platform_Corner_1B(Mirrored),-3556.6400,504.0534,8349.8580,-3581.6400,504.0534,7949.8590,-3556.6400,504.0534,7949.8590
Block_Platform_Corner_1B(Mirrored),-3556.6400,504.0534,8349.8580,-3581.6400,504.0534,8349.8580,-3581.6400,504.0534,7949.8590
Block_Platform_Corner_1B(Mirrored),-3376.0940,504.0534,8844.3130,-3581.6400,504.0534,8349.8580,-3556.6400,504.0534,8349.8580
Block_Platform_Corner_1B(Mirrored),-3376.0940,504.0534,8844.3130,-3393.7720,504.0534,8861.9900,-3581.6400,504.0534,8349.8580
Block_Platform_Corner_1B(Mirrored),-2981.6390,504.0534,8349.8580,-3006.6400,504.0534,8349.8580,-3006.6400,504.0534,7949.8580
Block_Platform_Corner_1B(Mirrored),-2981.6390,504.0534,8349.8580,-3006.6400,504.0534,7949.8580,-2981.6400,504.0534,7949.8580
Block_Platform_Corner_1B(Mirrored),-3006.6400,504.0534,8349.8580,-3556.6400,504.0534,8349.8580,-3556.6400,504.0534,7949.8590
Block_Platform_Corner_1B(Mirrored),-3006.6400,504.0534,8349.8580,-3556.6400,504.0534,7949.8590,-3006.6400,504.0534,7949.8580
Block_Platform_Corner_1B(Mirrored),-2969.5070,504.0534,8437.7260,-2987.1850,504.0534,8455.4040,-3006.6400,504.0534,8349.8580
Block_Platform_Corner_1B(Mirrored),-2969.5070,504.0534,8437.7260,-3006.6400,504.0534,8349.8580,-2981.6390,504.0534,8349.8580
Block_Platform_Corner_1B(Mirrored),-2987.1850,504.0534,8455.4040,-3376.0940,504.0534,8844.3130,-3556.6400,504.0534,8349.8580
Block_Platform_Corner_1B(Mirrored),-2987.1850,504.0534,8455.4040,-3556.6400,504.0534,8349.8580,-3006.6400,504.0534,8349.8580
Block_Platform_Corner_1B(Mirrored),-2891.7970,904.0536,8516.2790,-2891.7970,904.0536,9066.2790,-2891.7960,504.0534,9066.2790
Block_Platform_Corner_1B(Mirrored),-2891.7970,904.0536,8516.2790,-2891.7960,504.0534,9066.2790,-2891.7970,504.0534,8516.2790
Block_Platform_Corner_1B(Mirrored),-3376.0940,904.0536,8844.3130,-3393.7720,904.0536,8861.9900,-3393.7720,504.0534,8861.9900
Block_Platform_Corner_1B(Mirrored),-3376.0940,904.0536,8844.3130,-3393.7720,504.0534,8861.9900,-3376.0940,504.0534,8844.3130
Block_Platform_Corner_1B(Mirrored),-2891.7960,504.0534,9066.2790,-2891.7960,504.0534,9091.2790,-3393.7720,504.0534,8861.9900
Block_Platform_Corner_1B(Mirrored),-2891.7960,504.0534,9066.2790,-3393.7720,504.0534,8861.9900,-3376.0940,504.0534,8844.3130
Block_Platform_Corner_1B(Mirrored),-2891.7970,504.0534,8491.2790,-2891.7970,504.0534,8516.2790,-2987.1850,504.0534,8455.4040
Block_Platform_Corner_1B(Mirrored),-2891.7970,504.0534,8491.2790,-2987.1850,504.0534,8455.4040,-2969.5070,504.0534,8437.7260
Block_Platform_Corner_1B(Mirrored),-2891.7970,504.0534,8516.2790,-2891.7960,504.0534,9066.2790,-3376.0940,504.0534,8844.3130
Block_Platform_Corner_1B(Mirrored),-2891.7970,504.0534,8516.2790,-3376.0940,504.0534,8844.3130,-2987.1850,504.0534,8455.4040
Block_Platform_Corner_1B(Mirrored),-2491.7960,904.0536,8516.2790,-2491.7960,904.0536,9066.2790,-2491.7960,504.0537,9066.2790
Block_Platform_Corner_1B(Mirrored),-2491.7960,904.0536,8516.2790,-2491.7960,504.0537,9066.2790,-2491.7960,504.0537,8516.2790
Block_Platform_Corner_1B(Mirrored),-2891.7970,904.0536,8491.2790,-2891.7970,904.0536,8516.2790,-2891.7970,504.0534,8516.2790
Block_Platform_Corner_1B(Mirrored),-2891.7970,904.0536,8491.2790,-2891.7970,504.0534,8516.2790,-2891.7970,504.0534,8491.2790
Block_Platform_Corner_1B(Mirrored),-2891.7970,504.0534,8516.2790,-2891.7970,504.0534,8491.2790,-2491.7960,504.0537,8491.2790
Block_Platform_Corner_1B(Mirrored),-2891.7970,504.0534,8516.2790,-2491.7960,504.0537,8491.2790,-2491.7960,504.0537,8516.2790
Block_Platform_Corner_1B(Mirrored),-2891.7960,504.0534,9091.2790,-2891.7960,504.0534,9066.2790,-2491.7960,504.0537,9066.2790
Block_Platform_Corner_1B(Mirrored),-2891.7960,504.0534,9091.2790,-2491.7960,504.0537,9066.2790,-2491.7960,504.0537,9091.2790
Block_Platform_Corner_1B(Mirrored),-2891.7960,504.0534,9066.2790,-2891.7970,504.0534,8516.2790,-2491.7960,504.0537,8516.2790
Block_Platform_Corner_1B(Mirrored),-2891.7960,504.0534,9066.2790,-2491.7960,504.0537,8516.2790,-2491.7960,504.0537,9066.2790
Block_Platform_Corner_1B(Mirrored),-2491.7960,904.0536,9066.2790,-2491.7960,904.0536,8516.2790,-2891.7970,904.0536,8516.2790
Block_Platform_Corner_1B(Mirrored),-2491.7960,904.0536,9066.2790,-2891.7970,904.0536,8516.2790,-2891.7970,904.0536,9066.2790
Block_Platform_Corner_1B(Mirrored),-3581.6400,904.0533,8349.8580,-3581.6400,904.0533,7949.8590,-3581.6400,504.0534,7949.8590
Block_Platform_Corner_1B(Mirrored),-3581.6400,904.0533,8349.8580,-3581.6400,504.0534,7949.8590,-3581.6400,504.0534,8349.8580
Block_Platform_Corner_1B(Mirrored),-3006.6400,904.0536,7949.8580,-2981.6400,904.0536,7949.8580,-2981.6400,504.0534,7949.8580
Block_Platform_Corner_1B(Mirrored),-3006.6400,904.0536,7949.8580,-2981.6400,504.0534,7949.8580,-3006.6400,504.0534,7949.8580
Block_Platform_Corner_1B(Mirrored),-2981.6400,904.0536,8349.8580,-2969.5080,904.0536,8437.7260,-2969.5070,504.0534,8437.7260
Block_Platform_Corner_1B(Mirrored),-2981.6400,904.0536,8349.8580,-2969.5070,504.0534,8437.7260,-2981.6390,504.0534,8349.8580
Block_Platform_Corner_1B(Mirrored),-2969.5080,904.0536,8437.7260,-2987.1850,904.0536,8455.4040,-2987.1850,504.0534,8455.4040
Block_Platform_Corner_1B(Mirrored),-2969.5080,904.0536,8437.7260,-2987.1850,504.0534,8455.4040,-2969.5070,504.0534,8437.7260
Block_Platform_Corner_1B(Mirrored),-2987.1850,904.0536,8455.4040,-3376.0940,904.0536,8844.3130,-3376.0940,504.0534,8844.3130
Block_Platform_Corner_1B(Mirrored),-2987.1850,904.0536,8455.4040,-3376.0940,504.0534,8844.3130,-2987.1850,504.0534,8455.4040
Block_Platform_Corner_1B(Mirrored),-3581.6400,904.0533,7949.8590,-3556.6400,904.0536,7949.8590,-3556.6400,504.0534,7949.8590
Block_Platform_Corner_1B(Mirrored),-3581.6400,904.0533,7949.8590,-3556.6400,504.0534,7949.8590,-3581.6400,504.0534,7949.8590
Block_Platform_Corner_1B(Mirrored),-3556.6400,904.0536,7949.8590,-3006.6400,904.0536,7949.8580,-3006.6400,504.0534,7949.8580
Block_Platform_Corner_1B(Mirrored),-3556.6400,904.0536,7949.8590,-3006.6400,504.0534,7949.8580,-3556.6400,504.0534,7949.8590
Block_Platform_Corner_1B(Mirrored),-3006.6400,904.0536,8349.8580,-3556.6400,904.0536,8349.8580,-3376.0940,904.0536,8844.3130
Block_Platform_Corner_1B(Mirrored),-3006.6400,904.0536,8349.8580,-3376.0940,904.0536,8844.3130,-2987.1850,904.0536,8455.4040
Block_Platform_Corner_1B(Mirrored),-3556.6400,904.0536,8349.8580,-3393.7720,904.0536,8861.9900,-3376.0940,904.0536,8844.3130
Block_Platform_Corner_1B(Mirrored),-3556.6400,904.0536,8349.8580,-3581.6400,904.0533,8349.8580,-3393.7720,904.0536,8861.9900
Block_Platform_Corner_1B(Mirrored),-3556.6400,904.0536,7949.8590,-3581.6400,904.0533,8349.8580,-3556.6400,904.0536,8349.8580
Block_Platform_Corner_1B(Mirrored),-3556.6400,904.0536,7949.8590,-3581.6400,904.0533,7949.8590,-3581.6400,904.0533,8349.8580
Block_Platform_Corner_1B(Mirrored),-2981.6400,904.0536,8349.8580,-3006.6400,904.0536,8349.8580,-2987.1850,904.0536,8455.4040
Block_Platform_Corner_1B(Mirrored),-2981.6400,904.0536,8349.8580,-2987.1850,904.0536,8455.4040,-2969.5080,904.0536,8437.7260
Block_Platform_Corner_1B(Mirrored),-3393.7720,904.0536,8861.9900,-3581.6400,904.0533,8349.8580,-3581.6400,504.0534,8349.8580
Block_Platform_Corner_1B(Mirrored),-3393.7720,904.0536,8861.9900,-3581.6400,504.0534,8349.8580,-3393.7720,504.0534,8861.9900
Block_Platform_Corner_1B(Mirrored),-2981.6400,904.0536,7949.8580,-2981.6400,904.0536,8349.8580,-2981.6390,504.0534,8349.8580
Block_Platform_Corner_1B(Mirrored),-2981.6400,904.0536,7949.8580,-2981.6390,504.0534,8349.8580,-2981.6400,504.0534,7949.8580
Block_Platform_Corner_1B(Mirrored),-3006.6400,904.0536,7949.8580,-3556.6400,904.0536,7949.8590,-3556.6400,904.0536,8349.8580
Block_Platform_Corner_1B(Mirrored),-3006.6400,904.0536,7949.8580,-3556.6400,904.0536,8349.8580,-3006.6400,904.0536,8349.8580
Block_Platform_Corner_1B(Mirrored),-2981.6400,904.0536,7949.8580,-3006.6400,904.0536,7949.8580,-3006.6400,904.0536,8349.8580
Block_Platform_Corner_1B(Mirrored),-2981.6400,904.0536,7949.8580,-3006.6400,904.0536,8349.8580,-2981.6400,904.0536,8349.8580
Block_Platform_Corner_1B(Mirrored),-2891.7970,904.0536,9066.2790,-2891.7970,904.0536,9091.2790,-2891.7960,504.0534,9091.2790
Block_Platform_Corner_1B(Mirrored),-2891.7970,904.0536,9066.2790,-2891.7960,504.0534,9091.2790,-2891.7960,504.0534,9066.2790
Block_Platform_Corner_1B(Mirrored),-2987.1850,904.0536,8455.4040,-3376.0940,904.0536,8844.3130,-2891.7970,904.0536,9066.2790
Block_Platform_Corner_1B(Mirrored),-2987.1850,904.0536,8455.4040,-2891.7970,904.0536,9066.2790,-2891.7970,904.0536,8516.2790
Block_Platform_Corner_1B(Mirrored),-3376.0940,904.0536,8844.3130,-3393.7720,904.0536,8861.9900,-2891.7970,904.0536,9091.2790
Block_Platform_Corner_1B(Mirrored),-3376.0940,904.0536,8844.3130,-2891.7970,904.0536,9091.2790,-2891.7970,904.0536,9066.2790
Block_Platform_Corner_1B(Mirrored),-2891.7970,904.0536,9091.2790,-3393.7720,904.0536,8861.9900,-3393.7720,504.0534,8861.9900
Block_Platform_Corner_1B(Mirrored),-2891.7970,904.0536,9091.2790,-3393.7720,504.0534,8861.9900,-2891.7960,504.0534,9091.2790
Block_Platform_Corner_1B(Mirrored),-2491.7960,904.0536,9066.2790,-2491.7960,904.0536,9091.2790,-2491.7960,504.0537,9091.2790
Block_Platform_Corner_1B(Mirrored),-2491.7960,904.0536,9066.2790,-2491.7960,504.0537,9091.2790,-2491.7960,504.0537,9066.2790
Block_Platform_Corner_1B(Mirrored),-2491.7960,904.0536,8491.2790,-2491.7960,904.0536,8516.2790,-2491.7960,504.0537,8516.2790
Block_Platform_Corner_1B(Mirrored),-2491.7960,904.0536,8491.2790,-2491.7960,504.0537,8516.2790,-2491.7960,504.0537,8491.2790
Block_Platform_Corner_1B(Mirrored),-2969.5080,904.0536,8437.7260,-2891.7970,904.0536,8491.2790,-2891.7970,504.0534,8491.2790
Block_Platform_Corner_1B(Mirrored),-2969.5080,904.0536,8437.7260,-2891.7970,504.0534,8491.2790,-2969.5070,504.0534,8437.7260
Block_Platform_Corner_1B(Mirrored),-2969.5080,904.0536,8437.7260,-2987.1850,904.0536,8455.4040,-2891.7970,904.0536,8516.2790
Block_Platform_Corner_1B(Mirrored),-2969.5080,904.0536,8437.7260,-2891.7970,904.0536,8516.2790,-2891.7970,904.0536,8491.2790
Block_Platform_Corner_1B(Mirrored),-2891.7970,904.0536,8491.2790,-2491.7960,904.0536,8491.2790,-2491.7960,504.0537,8491.2790
Block_Platform_Corner_1B(Mirrored),-2891.7970,904.0536,8491.2790,-2491.7960,504.0537,8491.2790,-2891.7970,504.0534,8491.2790
Block_Platform_Corner_1B(Mirrored),-2491.7960,904.0536,9091.2790,-2891.7970,904.0536,9091.2790,-2891.7960,504.0534,9091.2790
Block_Platform_Corner_1B(Mirrored),-2491.7960,904.0536,9091.2790,-2891.7960,504.0534,9091.2790,-2491.7960,504.0537,9091.2790
Block_Platform_Corner_1B(Mirrored),-2491.7960,904.0536,8516.2790,-2491.7960,904.0536,8491.2790,-2891.7970,904.0536,8491.2790
Block_Platform_Corner_1B(Mirrored),-2491.7960,904.0536,8516.2790,-2891.7970,904.0536,8491.2790,-2891.7970,904.0536,8516.2790
Block_Platform_Corner_1B(Mirrored),-2491.7960,904.0536,9091.2790,-2491.7960,904.0536,9066.2790,-2891.7970,904.0536,9066.2790
Block_Platform_Corner_1B(Mirrored),-2491.7960,904.0536,9091.2790,-2891.7970,904.0536,9066.2790,-2891.7970,904.0536,9091.2790
Block_Platform_1B,2713.6770,904.0001,-2486.3090,2113.6960,503.9999,-2481.6280,2113.6960,904.0001,-2481.6280
Block_Platform_1B,2713.6770,904.0001,-2486.3090,2713.6770,503.9999,-2486.3090,2113.6960,503.9999,-2481.6280
Block_Platform_1B,3313.6590,904.0001,-2490.9910,2713.6770,503.9999,-2486.3090,2713.6770,904.0001,-2486.3090
Block_Platform_1B,3313.6590,904.0001,-2490.9910,3313.6590,503.9999,-2490.9910,2713.6770,503.9999,-2486.3090
Block_Platform_1B,2118.1820,904.0001,-1906.6460,2118.1820,503.9999,-1906.6460,2118.3770,503.9999,-1881.6460
Block_Platform_1B,2118.1820,904.0001,-1906.6460,2118.3770,503.9999,-1881.6460,2118.3770,904.0001,-1881.6460
Block_Platform_1B,2713.8730,503.9999,-2461.3100,2113.8910,503.9999,-2456.6290,2113.6960,503.9999,-2481.6280
Block_Platform_1B,2713.8730,503.9999,-2461.3100,2113.6960,503.9999,-2481.6280,2713.6770,503.9999,-2486.3090
Block_Platform_1B,3313.8540,503.9999,-2465.9920,2713.8730,503.9999,-2461.3100,2713.6770,503.9999,-2486.3090
Block_Platform_1B,3313.8540,503.9999,-2465.9920,2713.6770,503.9999,-2486.3090,3313.6590,503.9999,-2490.9910
Block_Platform_1B,2113.6960,904.0001,-2481.6280,2113.6960,503.9999,-2481.6280,2113.8910,503.9999,-2456.6290
Block_Platform_1B,2113.6960,904.0001,-2481.6280,2113.8910,503.9999,-2456.6290,2113.8910,904.0001,-2456.6290
Block_Platform_1B,2113.8910,904.0001,-2456.6290,2113.8910,503.9999,-2456.6290,2118.1820,503.9999,-1906.6460
Block_Platform_1B,2113.8910,904.0001,-2456.6290,2118.1820,503.9999,-1906.6460,2118.1820,904.0001,-1906.6460
Block_Platform_1B,2718.3590,503.9999,-1886.3280,2118.3770,503.9999,-1881.6460,2118.1820,503.9999,-1906.6460
Block_Platform_1B,2718.3590,503.9999,-1886.3280,2118.1820,503.9999,-1906.6460,2718.1640,503.9999,-1911.3270
Block_Platform_1B,3318.3410,503.9999,-1891.0090,2718.3590,503.9999,-1886.3280,2718.1640,503.9999,-1911.3270
Block_Platform_1B,3318.3410,503.9999,-1891.0090,2718.1640,503.9999,-1911.3270,3318.1460,503.9999,-1916.0080
Block_Platform_1B,2718.1640,503.9999,-1911.3270,2118.1820,503.9999,-1906.6460,2113.8910,503.9999,-2456.6290
Block_Platform_1B,2718.1640,503.9999,-1911.3270,2113.8910,503.9999,-2456.6290,2713.8730,503.9999,-2461.3100
Block_Platform_1B,3318.1460,503.9999,-1916.0080,2718.1640,503.9999,-1911.3270,2713.8730,503.9999,-2461.3100
Block_Platform_1B,3318.1460,503.9999,-1916.0080,2713.8730,503.9999,-2461.3100,3313.8540,503.9999,-2465.9920
Block_Platform_1B,2718.3590,904.0001,-1886.3280,3318.3410,904.0001,-1891.0090,3318.1460,904.0001,-1916.0080
Block_Platform_1B,2718.3590,904.0001,-1886.3280,3318.1460,904.0001,-1916.0080,2718.1640,904.0001,-1911.3270
Block_Platform_1B,2118.3770,904.0001,-1881.6460,2718.3590,904.0001,-1886.3280,2718.1640,904.0001,-1911.3270
Block_Platform_1B,2118.3770,904.0001,-1881.6460,2718.1640,904.0001,-1911.3270,2118.1820,904.0001,-1906.6460
Block_Platform_1B,2718.1640,904.0001,-1911.3270,3318.1460,904.0001,-1916.0080,3313.8540,904.0001,-2465.9920
Block_Platform_1B,2718.1640,904.0001,-1911.3270,3313.8540,904.0001,-2465.9920,2713.8730,904.0001,-2461.3100
Block_Platform_1B,2118.1820,904.0001,-1906.6460,2718.1640,904.0001,-1911.3270,2713.8730,904.0001,-2461.3100
Block_Platform_1B,2118.1820,904.0001,-1906.6460,2713.8730,904.0001,-2461.3100,2113.8910,904.0001,-2456.6290
Block_Platform_1B,2118.3770,904.0001,-1881.6460,2118.3770,503.9999,-1881.6460,2718.3590,503.9999,-1886.3280
Block_Platform_1B,2118.3770,904.0001,-1881.6460,2718.3590,503.9999,-1886.3280,2718.3590,904.0001,-1886.3280
Block_Platform_1B,2718.3590,904.0001,-1886.3280,2718.3590,503.9999,-1886.3280,3318.3410,503.9999,-1891.0090
Block_Platform_1B,2718.3590,904.0001,-1886.3280,3318.3410,503.9999,-1891.0090,3318.3410,904.0001,-1891.0090
Block_Platform_1B,2113.8910,904.0001,-2456.6290,2713.6770,904.0001,-2486.3090,2113.6960,904.0001,-2481.6280
Block_Platform_1B,2113.8910,904.0001,-2456.6290,2713.8730,904.0001,-2461.3100,2713.6770,904.0001,-2486.3090
Block_Platform_1B,2713.8730,904.0001,-2461.3100,3313.6590,904.0001,-2490.9910,2713.6770,904.0001,-2486.3090
Block_Platform_1B,2713.8730,904.0001,-2461.3100,3313.8540,904.0001,-2465.9920,3313.6590,904.0001,-2490.9910
Block_Platform_1B,4513.8170,904.0001,-2475.3540,4513.8170,503.9999,-2475.3540,4513.6230,503.9999,-2500.3540
Block_Platform_1B,4513.8170,904.0001,-2475.3540,4513.6230,503.9999,-2500.3540,4513.6230,904.0001,-2500.3540
Block_Platform_1B,3918.3220,904.0001,-1895.6910,4518.3040,503.9999,-1900.3720,4518.3040,904.0001,-1900.3720
Block_Platform_1B,3918.3220,904.0001,-1895.6910,3918.3220,503.9999,-1895.6910,4518.3040,503.9999,-1900.3720
Block_Platform_1B,3318.3410,904.0001,-1891.0090,3918.3220,503.9999,-1895.6910,3918.3220,904.0001,-1895.6910
Block_Platform_1B,3318.3410,904.0001,-1891.0090,3318.3410,503.9999,-1891.0090,3918.3220,503.9999,-1895.6910
Block_Platform_1B,3913.8360,904.0001,-2470.6730,4513.8170,904.0001,-2475.3540,4513.6230,904.0001,-2500.3540
Block_Platform_1B,3913.8360,904.0001,-2470.6730,4513.6230,904.0001,-2500.3540,3913.6410,904.0001,-2495.6720
Block_Platform_1B,3313.8540,904.0001,-2465.9920,3913.8360,904.0001,-2470.6730,3913.6410,904.0001,-2495.6720
Block_Platform_1B,3313.8540,904.0001,-2465.9920,3913.6410,904.0001,-2495.6720,3313.6590,904.0001,-2490.9910
Block_Platform_1B,4518.3040,904.0001,-1900.3720,4518.3040,503.9999,-1900.3720,4518.1090,503.9999,-1925.3710
Block_Platform_1B,4518.3040,904.0001,-1900.3720,4518.1090,503.9999,-1925.3710,4518.1090,904.0001,-1925.3710
Block_Platform_1B,4518.1090,904.0001,-1925.3710,4518.1090,503.9999,-1925.3710,4513.8170,503.9999,-2475.3540
Block_Platform_1B,4518.1090,904.0001,-1925.3710,4513.8170,503.9999,-2475.3540,4513.8170,904.0001,-2475.3540
Block_Platform_1B,3918.3220,904.0001,-1895.6910,4518.3040,904.0001,-1900.3720,4518.1090,904.0001,-1925.3710
Block_Platform_1B,3918.3220,904.0001,-1895.6910,4518.1090,904.0001,-1925.3710,3918.1270,904.0001,-1920.6900
Block_Platform_1B,3318.3410,904.0001,-1891.0090,3918.3220,904.0001,-1895.6910,3918.1270,904.0001,-1920.6900
Block_Platform_1B,3318.3410,904.0001,-1891.0090,3918.1270,904.0001,-1920.6900,3318.1460,904.0001,-1916.0080
Block_Platform_1B,3918.1270,904.0001,-1920.6900,4518.1090,904.0001,-1925.3710,4513.8170,904.0001,-2475.3540
Block_Platform_1B,3918.1270,904.0001,-1920.6900,4513.8170,904.0001,-2475.3540,3913.8360,904.0001,-2470.6730
Block_Platform_1B,3318.1460,904.0001,-1916.0080,3918.1270,904.0001,-1920.6900,3913.8360,904.0001,-2470.6730
Block_Platform_1B,3318.1460,904.0001,-1916.0080,3913.8360,904.0001,-2470.6730,3313.8540,904.0001,-2465.9920
Block_Platform_1B,4513.6230,904.0001,-2500.3540,4513.6230,503.9999,-2500.3540,3913.6410,503.9999,-2495.6720
Block_Platform_1B,4513.6230,904.0001,-2500.3540,3913.6410,503.9999,-2495.6720,3913.6410,904.0001,-2495.6720
Block_Platform_1B,3913.6410,904.0001,-2495.6720,3913.6410,503.9999,-2495.6720,3313.6590,503.9999,-2490.9910
Block_Platform_1B,3913.6410,904.0001,-2495.6720,3313.6590,503.9999,-2490.9910,3313.6590,904.0001,-2490.9910
Block_Platform_1B,4513.8170,503.9999,-2475.3540,3913.6410,503.9999,-2495.6720,4513.6230,503.9999,-2500.3540
Block_Platform_1B,4513.8170,503.9999,-2475.3540,3913.8360,503.9999,-2470.6730,3913.6410,503.9999,-2495.6720
Block_Platform_1B,3913.8360,503.9999,-2470.6730,3313.6590,503.9999,-2490.9910,3913.6410,503.9999,-2495.6720
Block_Platform_1B,3913.8360,503.9999,-2470.6730,3313.8540,503.9999,-2465.9920,3313.6590,503.9999,-2490.9910
Block_Platform_1B,4518.3040,503.9999,-1900.3720,3918.1270,503.9999,-1920.6900,4518.1090,503.9999,-1925.3710
Block_Platform_1B,4518.3040,503.9999,-1900.3720,3918.3220,503.9999,-1895.6910,3918.1270,503.9999,-1920.6900
Block_Platform_1B,3918.3220,503.9999,-1895.6910,3318.1460,503.9999,-1916.0080,3918.1270,503.9999,-1920.6900
Block_Platform_1B,3918.3220,503.9999,-1895.6910,3318.3410,503.9999,-1891.0090,3318.1460,503.9999,-1916.0080
Block_Platform_1B,4518.1090,503.9999,-1925.3710,3913.8360,503.9999,-2470.6730,4513.8170,503.9999,-2475.3540
Block_Platform_1B,4518.1090,503.9999,-1925.3710,3918.1270,503.9999,-1920.6900,3913.8360,503.9999,-2470.6730
Block_Platform_1B,3918.1270,503.9999,-1920.6900,3313.8540,503.9999,-2465.9920,3913.8360,503.9999,-2470.6730
Block_Platform_1B,3918.1270,503.9999,-1920.6900,3318.1460,503.9999,-1916.0080,3313.8540,503.9999,-2465.9920
Block_Platform_1B,3313.8540,904.0001,-2465.9920,3313.8540,503.9999,-2465.9920,3313.6590,503.9999,-2490.9910
Block_Platform_1B,3313.8540,904.0001,-2465.9920,3313.6590,503.9999,-2490.9910,3313.6590,904.0001,-2490.9910
Block_Platform_1B,3318.3410,904.0001,-1891.0090,3318.3410,503.9999,-1891.0090,3318.1460,503.9999,-1916.0080
Block_Platform_1B,3318.3410,904.0001,-1891.0090,3318.1460,503.9999,-1916.0080,3318.1460,904.0001,-1916.0080
Block_Platform_1B,3318.1460,904.0001,-1916.0080,3318.1460,503.9999,-1916.0080,3313.8540,503.9999,-2465.9920
Block_Platform_1B,3318.1460,904.0001,-1916.0080,3313.8540,503.9999,-2465.9920,3313.8540,904.0001,-2465.9920
Block_Platform_1B,416.7404,904.0001,-2468.4270,-183.2414,503.9999,-2463.7450,-183.2414,904.0001,-2463.7450
Block_Platform_1B,416.7404,904.0001,-2468.4270,416.7404,503.9999,-2468.4270,-183.2414,503.9999,-2463.7450
Block_Platform_1B,1016.7220,904.0001,-2473.1080,416.7404,503.9999,-2468.4270,416.7404,904.0001,-2468.4270
Block_Platform_1B,1016.7220,904.0001,-2473.1080,1016.7220,503.9999,-2473.1080,416.7404,503.9999,-2468.4270
Block_Platform_1B,-178.7550,904.0001,-1888.7630,-178.7550,503.9999,-1888.7630,-178.5600,503.9999,-1863.7630
Block_Platform_1B,-178.7550,904.0001,-1888.7630,-178.5600,503.9999,-1863.7630,-178.5600,904.0001,-1863.7630
Block_Platform_1B,416.9354,503.9999,-2443.4270,-183.0463,503.9999,-2438.7460,-183.2414,503.9999,-2463.7450
Block_Platform_1B,416.9354,503.9999,-2443.4270,-183.2414,503.9999,-2463.7450,416.7404,503.9999,-2468.4270
Block_Platform_1B,1016.9170,503.9999,-2448.1090,416.9354,503.9999,-2443.4270,416.7404,503.9999,-2468.4270
Block_Platform_1B,1016.9170,503.9999,-2448.1090,416.7404,503.9999,-2468.4270,1016.7220,503.9999,-2473.1080
Block_Platform_1B,-183.2414,904.0001,-2463.7450,-183.2414,503.9999,-2463.7450,-183.0463,503.9999,-2438.7460
Block_Platform_1B,-183.2414,904.0001,-2463.7450,-183.0463,503.9999,-2438.7460,-183.0463,904.0001,-2438.7460
Block_Platform_1B,-183.0463,904.0001,-2438.7460,-183.0463,503.9999,-2438.7460,-178.7550,503.9999,-1888.7630
Block_Platform_1B,-183.0463,904.0001,-2438.7460,-178.7550,503.9999,-1888.7630,-178.7550,904.0001,-1888.7630
Block_Platform_1B,421.4218,503.9999,-1868.4450,-178.5600,503.9999,-1863.7630,-178.7550,503.9999,-1888.7630
Block_Platform_1B,421.4218,503.9999,-1868.4450,-178.7550,503.9999,-1888.7630,421.2267,503.9999,-1893.4440
Block_Platform_1B,1021.4040,503.9999,-1873.1260,421.4218,503.9999,-1868.4450,421.2267,503.9999,-1893.4440
Block_Platform_1B,1021.4040,503.9999,-1873.1260,421.2267,503.9999,-1893.4440,1021.2080,503.9999,-1898.1250
Block_Platform_1B,421.2267,503.9999,-1893.4440,-178.7550,503.9999,-1888.7630,-183.0463,503.9999,-2438.7460
Block_Platform_1B,421.2267,503.9999,-1893.4440,-183.0463,503.9999,-2438.7460,416.9354,503.9999,-2443.4270
Block_Platform_1B,1021.2080,503.9999,-1898.1250,421.2267,503.9999,-1893.4440,416.9354,503.9999,-2443.4270
Block_Platform_1B,1021.2080,503.9999,-1898.1250,416.9354,503.9999,-2443.4270,1016.9170,503.9999,-2448.1090
Block_Platform_1B,421.4218,904.0001,-1868.4450,1021.4040,904.0001,-1873.1260,1021.2080,904.0001,-1898.1250
Block_Platform_1B,421.4218,904.0001,-1868.4450,1021.2080,904.0001,-1898.1250,421.2267,904.0001,-1893.4440
Block_Platform_1B,-178.5600,904.0001,-1863.7630,421.4218,904.0001,-1868.4450,421.2267,904.0001,-1893.4440
Block_Platform_1B,-178.5600,904.0001,-1863.7630,421.2267,904.0001,-1893.4440,-178.7550,904.0001,-1888.7630
Block_Platform_1B,421.2267,904.0001,-1893.4440,1021.2080,904.0001,-1898.1250,1016.9170,904.0001,-2448.1090
Block_Platform_1B,421.2267,904.0001,-1893.4440,1016.9170,904.0001,-2448.1090,416.9354,904.0001,-2443.4270
Block_Platform_1B,-178.7550,904.0001,-1888.7630,421.2267,904.0001,-1893.4440,416.9354,904.0001,-2443.4270
Block_Platform_1B,-178.7550,904.0001,-1888.7630,416.9354,904.0001,-2443.4270,-183.0463,904.0001,-2438.7460
Block_Platform_1B,-178.5600,904.0001,-1863.7630,-178.5600,503.9999,-1863.7630,421.4218,503.9999,-1868.4450
Block_Platform_1B,-178.5600,904.0001,-1863.7630,421.4218,503.9999,-1868.4450,421.4218,904.0001,-1868.4450
Block_Platform_1B,421.4218,904.0001,-1868.4450,421.4218,503.9999,-1868.4450,1021.4040,503.9999,-1873.1260
Block_Platform_1B,421.4218,904.0001,-1868.4450,1021.4040,503.9999,-1873.1260,1021.4040,904.0001,-1873.1260
Block_Platform_1B,-183.0463,904.0001,-2438.7460,416.7404,904.0001,-2468.4270,-183.2414,904.0001,-2463.7450
Block_Platform_1B,-183.0463,904.0001,-2438.7460,416.9354,904.0001,-2443.4270,416.7404,904.0001,-2468.4270
Block_Platform_1B,416.9354,904.0001,-2443.4270,1016.7220,904.0001,-2473.1080,416.7404,904.0001,-2468.4270
Block_Platform_1B,416.9354,904.0001,-2443.4270,1016.9170,904.0001,-2448.1090,1016.7220,904.0001,-2473.1080
Block_Platform_1B,2216.8810,904.0001,-2457.4710,2216.8810,503.9999,-2457.4710,2216.6860,503.9999,-2482.4710
Block_Platform_1B,2216.8810,904.0001,-2457.4710,2216.6860,503.9999,-2482.4710,2216.6860,904.0001,-2482.4710
Block_Platform_1B,1621.3850,904.0001,-1877.8080,2221.3670,503.9999,-1882.4890,2221.3670,904.0001,-1882.4890
Block_Platform_1B,1621.3850,904.0001,-1877.8080,1621.3850,503.9999,-1877.8080,2221.3670,503.9999,-1882.4890
Block_Platform_1B,1021.4040,904.0001,-1873.1260,1621.3850,503.9999,-1877.8080,1621.3850,904.0001,-1877.8080
Block_Platform_1B,1021.4040,904.0001,-1873.1260,1021.4040,503.9999,-1873.1260,1621.3850,503.9999,-1877.8080
Block_Platform_1B,1616.8990,904.0001,-2452.7900,2216.8810,904.0001,-2457.4710,2216.6860,904.0001,-2482.4710
Block_Platform_1B,1616.8990,904.0001,-2452.7900,2216.6860,904.0001,-2482.4710,1616.7040,904.0001,-2477.7890
Block_Platform_1B,1016.9170,904.0001,-2448.1090,1616.8990,904.0001,-2452.7900,1616.7040,904.0001,-2477.7890
Block_Platform_1B,1016.9170,904.0001,-2448.1090,1616.7040,904.0001,-2477.7890,1016.7220,904.0001,-2473.1080
Block_Platform_1B,2221.3670,904.0001,-1882.4890,2221.3670,503.9999,-1882.4890,2221.1720,503.9999,-1907.4880
Block_Platform_1B,2221.3670,904.0001,-1882.4890,2221.1720,503.9999,-1907.4880,2221.1720,904.0001,-1907.4880
Block_Platform_1B,2221.1720,904.0001,-1907.4880,2221.1720,503.9999,-1907.4880,2216.8810,503.9999,-2457.4710
Block_Platform_1B,2221.1720,904.0001,-1907.4880,2216.8810,503.9999,-2457.4710,2216.8810,904.0001,-2457.4710
Block_Platform_1B,1621.3850,904.0001,-1877.8080,2221.3670,904.0001,-1882.4890,2221.1720,904.0001,-1907.4880
Block_Platform_1B,1621.3850,904.0001,-1877.8080,2221.1720,904.0001,-1907.4880,1621.1900,904.0001,-1902.8070
Block_Platform_1B,1021.4040,904.0001,-1873.1260,1621.3850,904.0001,-1877.8080,1621.1900,904.0001,-1902.8070
Block_Platform_1B,1021.4040,904.0001,-1873.1260,1621.1900,904.0001,-1902.8070,1021.2080,904.0001,-1898.1250
Block_Platform_1B,1621.1900,904.0001,-1902.8070,2221.1720,904.0001,-1907.4880,2216.8810,904.0001,-2457.4710
Block_Platform_1B,1621.1900,904.0001,-1902.8070,2216.8810,904.0001,-2457.4710,1616.8990,904.0001,-2452.7900
Block_Platform_1B,1021.2080,904.0001,-1898.1250,1621.1900,904.0001,-1902.8070,1616.8990,904.0001,-2452.7900
Block_Platform_1B,1021.2080,904.0001,-1898.1250,1616.8990,904.0001,-2452.7900,1016.9170,904.0001,-2448.1090
Block_Platform_1B,2216.6860,904.0001,-2482.4710,2216.6860,503.9999,-2482.4710,1616.7040,503.9999,-2477.7890
Block_Platform_1B,2216.6860,904.0001,-2482.4710,1616.7040,503.9999,-2477.7890,1616.7040,904.0001,-2477.7890
Block_Platform_1B,1616.7040,904.0001,-2477.7890,1616.7040,503.9999,-2477.7890,1016.7220,503.9999,-2473.1080
Block_Platform_1B,1616.7040,904.0001,-2477.7890,1016.7220,503.9999,-2473.1080,1016.7220,904.0001,-2473.1080
Block_Platform_1B,2216.8810,503.9999,-2457.4710,1616.7040,503.9999,-2477.7890,2216.6860,503.9999,-2482.4710
Block_Platform_1B,2216.8810,503.9999,-2457.4710,1616.8990,503.9999,-2452.7900,1616.7040,503.9999,-2477.7890
Block_Platform_1B,1616.8990,503.9999,-2452.7900,1016.7220,503.9999,-2473.1080,1616.7040,503.9999,-2477.7890
Block_Platform_1B,1616.8990,503.9999,-2452.7900,1016.9170,503.9999,-2448.1090,1016.7220,503.9999,-2473.1080
Block_Platform_1B,2221.3670,503.9999,-1882.4890,1621.1900,503.9999,-1902.8070,2221.1720,503.9999,-1907.4880
Block_Platform_1B,2221.3670,503.9999,-1882.4890,1621.3850,503.9999,-1877.8080,1621.1900,503.9999,-1902.8070
Block_Platform_1B,1621.3850,503.9999,-1877.8080,1021.2080,503.9999,-1898.1250,1621.1900,503.9999,-1902.8070
Block_Platform_1B,1621.3850,503.9999,-1877.8080,1021.4040,503.9999,-1873.1260,1021.2080,503.9999,-1898.1250
Block_Platform_1B,2221.1720,503.9999,-1907.4880,1616.8990,503.9999,-2452.7900,2216.8810,503.9999,-2457.4710
Block_Platform_1B,2221.1720,503.9999,-1907.4880,1621.1900,503.9999,-1902.8070,1616.8990,503.9999,-2452.7900
Block_Platform_1B,1621.1900,503.9999,-1902.8070,1016.9170,503.9999,-2448.1090,1616.8990,503.9999,-2452.7900
Block_Platform_1B,1621.1900,503.9999,-1902.8070,1021.2080,503.9999,-1898.1250,1016.9170,503.9999,-2448.1090
Block_Platform_1B,1016.9170,904.0001,-2448.1090,1016.9170,503.9999,-2448.1090,1016.7220,503.9999,-2473.1080
Block_Platform_1B,1016.9170,904.0001,-2448.1090,1016.7220,503.9999,-2473.1080,1016.7220,904.0001,-2473.1080
Block_Platform_1B,1021.4040,904.0001,-1873.1260,1021.4040,503.9999,-1873.1260,1021.2080,503.9999,-1898.1250
Block_Platform_1B,1021.4040,904.0001,-1873.1260,1021.2080,503.9999,-1898.1250,1021.2080,904.0001,-1898.1250
Block_Platform_1B,1021.2080,904.0001,-1898.1250,1021.2080,503.9999,-1898.1250,1016.9170,503.9999,-2448.1090
Block_Platform_1B,1021.2080,904.0001,-1898.1250,1016.9170,503.9999,-2448.1090,1016.9170,904.0001,-2448.1090
Block_Platform_1B,-1964.2230,904.0001,-2449.8440,-2564.2040,503.9999,-2445.1630,-2564.2040,904.0001,-2445.1630
Block_Platform_1B,-1964.2230,904.0001,-2449.8440,-1964.2230,503.9999,-2449.8440,-2564.2040,503.9999,-2445.1630
Block_Platform_1B,-1364.2410,904.0001,-2454.5260,-1964.2230,503.9999,-2449.8440,-1964.2230,904.0001,-2449.8440
Block_Platform_1B,-1364.2410,904.0001,-2454.5260,-1364.2410,503.9999,-2454.5260,-1964.2230,503.9999,-2449.8440
Block_Platform_1B,-2559.7180,904.0001,-1870.1810,-2559.7180,503.9999,-1870.1810,-2559.5230,503.9999,-1845.1810
Block_Platform_1B,-2559.7180,904.0001,-1870.1810,-2559.5230,503.9999,-1845.1810,-2559.5230,904.0001,-1845.1810
Block_Platform_1B,-1964.0280,503.9999,-2424.8450,-2564.0100,503.9999,-2420.1640,-2564.2040,503.9999,-2445.1630
Block_Platform_1B,-1964.0280,503.9999,-2424.8450,-2564.2040,503.9999,-2445.1630,-1964.2230,503.9999,-2449.8440
Block_Platform_1B,-1364.0460,503.9999,-2429.5270,-1964.0280,503.9999,-2424.8450,-1964.2230,503.9999,-2449.8440
Block_Platform_1B,-1364.0460,503.9999,-2429.5270,-1964.2230,503.9999,-2449.8440,-1364.2410,503.9999,-2454.5260
Block_Platform_1B,-2564.2040,904.0001,-2445.1630,-2564.2040,503.9999,-2445.1630,-2564.0100,503.9999,-2420.1640
Block_Platform_1B,-2564.2040,904.0001,-2445.1630,-2564.0100,503.9999,-2420.1640,-2564.0100,904.0001,-2420.1640
Block_Platform_1B,-2564.0100,904.0001,-2420.1640,-2564.0100,503.9999,-2420.1640,-2559.7180,503.9999,-1870.1810
Block_Platform_1B,-2564.0100,904.0001,-2420.1640,-2559.7180,503.9999,-1870.1810,-2559.7180,904.0001,-1870.1810
Block_Platform_1B,-1959.5410,503.9999,-1849.8630,-2559.5230,503.9999,-1845.1810,-2559.7180,503.9999,-1870.1810
Block_Platform_1B,-1959.5410,503.9999,-1849.8630,-2559.7180,503.9999,-1870.1810,-1959.7360,503.9999,-1874.8620
Block_Platform_1B,-1359.5600,503.9999,-1854.5440,-1959.5410,503.9999,-1849.8630,-1959.7360,503.9999,-1874.8620
Block_Platform_1B,-1359.5600,503.9999,-1854.5440,-1959.7360,503.9999,-1874.8620,-1359.7550,503.9999,-1879.5430
Block_Platform_1B,-1959.7360,503.9999,-1874.8620,-2559.7180,503.9999,-1870.1810,-2564.0100,503.9999,-2420.1640
Block_Platform_1B,-1959.7360,503.9999,-1874.8620,-2564.0100,503.9999,-2420.1640,-1964.0280,503.9999,-2424.8450
Block_Platform_1B,-1359.7550,503.9999,-1879.5430,-1959.7360,503.9999,-1874.8620,-1964.0280,503.9999,-2424.8450
Block_Platform_1B,-1359.7550,503.9999,-1879.5430,-1964.0280,503.9999,-2424.8450,-1364.0460,503.9999,-2429.5270
Block_Platform_1B,-1959.5410,904.0001,-1849.8630,-1359.5600,904.0001,-1854.5440,-1359.7550,904.0001,-1879.5430
Block_Platform_1B,-1959.5410,904.0001,-1849.8630,-1359.7550,904.0001,-1879.5430,-1959.7360,904.0001,-1874.8620
Block_Platform_1B,-2559.5230,904.0001,-1845.1810,-1959.5410,904.0001,-1849.8630,-1959.7360,904.0001,-1874.8620
Block_Platform_1B,-2559.5230,904.0001,-1845.1810,-1959.7360,904.0001,-1874.8620,-2559.7180,904.0001,-1870.1810
Block_Platform_1B,-1959.7360,904.0001,-1874.8620,-1359.7550,904.0001,-1879.5430,-1364.0460,904.0001,-2429.5270
Block_Platform_1B,-1959.7360,904.0001,-1874.8620,-1364.0460,904.0001,-2429.5270,-1964.0280,904.0001,-2424.8450
Block_Platform_1B,-2559.7180,904.0001,-1870.1810,-1959.7360,904.0001,-1874.8620,-1964.0280,904.0001,-2424.8450
Block_Platform_1B,-2559.7180,904.0001,-1870.1810,-1964.0280,904.0001,-2424.8450,-2564.0100,904.0001,-2420.1640
Block_Platform_1B,-2559.5230,904.0001,-1845.1810,-2559.5230,503.9999,-1845.1810,-1959.5410,503.9999,-1849.8630
Block_Platform_1B,-2559.5230,904.0001,-1845.1810,-1959.5410,503.9999,-1849.8630,-1959.5410,904.0001,-1849.8630
Block_Platform_1B,-1959.5410,904.0001,-1849.8630,-1959.5410,503.9999,-1849.8630,-1359.5600,503.9999,-1854.5440
Block_Platform_1B,-1959.5410,904.0001,-1849.8630,-1359.5600,503.9999,-1854.5440,-1359.5600,904.0001,-1854.5440
Block_Platform_1B,-2564.0100,904.0001,-2420.1640,-1964.2230,904.0001,-2449.8440,-2564.2040,904.0001,-2445.1630
Block_Platform_1B,-2564.0100,904.0001,-2420.1640,-1964.0280,904.0001,-2424.8450,-1964.2230,904.0001,-2449.8440
Block_Platform_1B,-1964.0280,904.0001,-2424.8450,-1364.2410,904.0001,-2454.5260,-1964.2230,904.0001,-2449.8440
Block_Platform_1B,-1964.0280,904.0001,-2424.8450,-1364.0460,904.0001,-2429.5270,-1364.2410,904.0001,-2454.5260
Block_Platform_1B,-164.0825,904.0001,-2438.8890,-164.0825,503.9999,-2438.8890,-164.2776,503.9999,-2463.8890
Block_Platform_1B,-164.0825,904.0001,-2438.8890,-164.2776,503.9999,-2463.8890,-164.2776,904.0001,-2463.8890
Block_Platform_1B,-759.5779,904.0001,-1859.2250,-159.5962,503.9999,-1863.9070,-159.5962,904.0001,-1863.9070
Block_Platform_1B,-759.5779,904.0001,-1859.2250,-759.5779,503.9999,-1859.2250,-159.5962,503.9999,-1863.9070
Block_Platform_1B,-1359.5600,904.0001,-1854.5440,-759.5779,503.9999,-1859.2250,-759.5779,904.0001,-1859.2250
Block_Platform_1B,-1359.5600,904.0001,-1854.5440,-1359.5600,503.9999,-1854.5440,-759.5779,503.9999,-1859.2250
Block_Platform_1B,-764.0643,904.0001,-2434.2080,-164.0825,904.0001,-2438.8890,-164.2776,904.0001,-2463.8890
Block_Platform_1B,-764.0643,904.0001,-2434.2080,-164.2776,904.0001,-2463.8890,-764.2593,904.0001,-2459.2070
Block_Platform_1B,-1364.0460,904.0001,-2429.5270,-764.0643,904.0001,-2434.2080,-764.2593,904.0001,-2459.2070
Block_Platform_1B,-1364.0460,904.0001,-2429.5270,-764.2593,904.0001,-2459.2070,-1364.2410,904.0001,-2454.5260
Block_Platform_1B,-159.5962,904.0001,-1863.9070,-159.5962,503.9999,-1863.9070,-159.7912,503.9999,-1888.9060
Block_Platform_1B,-159.5962,904.0001,-1863.9070,-159.7912,503.9999,-1888.9060,-159.7912,904.0001,-1888.9060
Block_Platform_1B,-159.7912,904.0001,-1888.9060,-159.7912,503.9999,-1888.9060,-164.0825,503.9999,-2438.8890
Block_Platform_1B,-159.7912,904.0001,-1888.9060,-164.0825,503.9999,-2438.8890,-164.0825,904.0001,-2438.8890
Block_Platform_1B,-759.5779,904.0001,-1859.2250,-159.5962,904.0001,-1863.9070,-159.7912,904.0001,-1888.9060
Block_Platform_1B,-759.5779,904.0001,-1859.2250,-159.7912,904.0001,-1888.9060,-759.7729,904.0001,-1884.2250
Block_Platform_1B,-1359.5600,904.0001,-1854.5440,-759.5779,904.0001,-1859.2250,-759.7729,904.0001,-1884.2250
Block_Platform_1B,-1359.5600,904.0001,-1854.5440,-759.7729,904.0001,-1884.2250,-1359.7550,904.0001,-1879.5430
Block_Platform_1B,-759.7729,904.0001,-1884.2250,-159.7912,904.0001,-1888.9060,-164.0825,904.0001,-2438.8890
Block_Platform_1B,-759.7729,904.0001,-1884.2250,-164.0825,904.0001,-2438.8890,-764.0643,904.0001,-2434.2080
Block_Platform_1B,-1359.7550,904.0001,-1879.5430,-759.7729,904.0001,-1884.2250,-764.0643,904.0001,-2434.2080
Block_Platform_1B,-1359.7550,904.0001,-1879.5430,-764.0643,904.0001,-2434.2080,-1364.0460,904.0001,-2429.5270
Block_Platform_1B,-164.2776,904.0001,-2463.8890,-164.2776,503.9999,-2463.8890,-764.2593,503.9999,-2459.2070
Block_Platform_1B,-164.2776,904.0001,-2463.8890,-764.2593,503.9999,-2459.2070,-764.2593,904.0001,-2459.2070
Block_Platform_1B,-764.2593,904.0001,-2459.2070,-764.2593,503.9999,-2459.2070,-1364.2410,503.9999,-2454.5260
Block_Platform_1B,-764.2593,904.0001,-2459.2070,-1364.2410,503.9999,-2454.5260,-1364.2410,904.0001,-2454.5260
Block_Platform_1B,-164.0825,503.9999,-2438.8890,-764.2593,503.9999,-2459.2070,-164.2776,503.9999,-2463.8890
Block_Platform_1B,-164.0825,503.9999,-2438.8890,-764.0643,503.9999,-2434.2080,-764.2593,503.9999,-2459.2070
Block_Platform_1B,-764.0643,503.9999,-2434.2080,-1364.2410,503.9999,-2454.5260,-764.2593,503.9999,-2459.2070
Block_Platform_1B,-764.0643,503.9999,-2434.2080,-1364.0460,503.9999,-2429.5270,-1364.2410,503.9999,-2454.5260
Block_Platform_1B,-159.5962,503.9999,-1863.9070,-759.7729,503.9999,-1884.2250,-159.7912,503.9999,-1888.9060
Block_Platform_1B,-159.5962,503.9999,-1863.9070,-759.5779,503.9999,-1859.2250,-759.7729,503.9999,-1884.2250
Block_Platform_1B,-759.5779,503.9999,-1859.2250,-1359.7550,503.9999,-1879.5430,-759.7729,503.9999,-1884.2250
Block_Platform_1B,-759.5779,503.9999,-1859.2250,-1359.5600,503.9999,-1854.5440,-1359.7550,503.9999,-1879.5430
Block_Platform_1B,-159.7912,503.9999,-1888.9060,-764.0643,503.9999,-2434.2080,-164.0825,503.9999,-2438.8890
Block_Platform_1B,-159.7912,503.9999,-1888.9060,-759.7729,503.9999,-1884.2250,-764.0643,503.9999,-2434.2080
Block_Platform_1B,-759.7729,503.9999,-1884.2250,-1364.0460,503.9999,-2429.5270,-764.0643,503.9999,-2434.2080
Block_Platform_1B,-759.7729,503.9999,-1884.2250,-1359.7550,503.9999,-1879.5430,-1364.0460,503.9999,-2429.5270
Block_Platform_1B,-1364.0460,904.0001,-2429.5270,-1364.0460,503.9999,-2429.5270,-1364.2410,503.9999,-2454.5260
Block_Platform_1B,-1364.0460,904.0001,-2429.5270,-1364.2410,503.9999,-2454.5260,-1364.2410,904.0001,-2454.5260
Block_Platform_1B,-1359.5600,904.0001,-1854.5440,-1359.5600,503.9999,-1854.5440,-1359.7550,503.9999,-1879.5430
Block_Platform_1B,-1359.5600,904.0001,-1854.5440,-1359.7550,503.9999,-1879.5430,-1359.7550,904.0001,-1879.5430
Block_Platform_1B,-1359.7550,904.0001,-1879.5430,-1359.7550,503.9999,-1879.5430,-1364.0460,503.9999,-2429.5270
Block_Platform_1B,-1359.7550,904.0001,-1879.5430,-1364.0460,503.9999,-2429.5270,-1364.0460,904.0001,-2429.5270
Block_Platform_Corner_1B(Mirrored),5569.0180,504.0534,-1767.3380,5597.1390,504.0534,-1367.5460,5572.1390,504.0534,-1367.3510
Block_Platform_Corner_1B(Mirrored),5569.0180,504.0534,-1767.3380,5594.0180,504.0534,-1767.5330,5597.1390,504.0534,-1367.5460
Block_Platform_Corner_1B(Mirrored),5384.6200,504.0534,-2260.3680,5594.0180,504.0534,-1767.5330,5569.0180,504.0534,-1767.3380
Block_Platform_Corner_1B(Mirrored),5384.6200,504.0534,-2260.3680,5402.1590,504.0534,-2278.1840,5594.0180,504.0534,-1767.5330
Block_Platform_Corner_1B(Mirrored),4994.0360,504.0534,-1762.8510,5019.0350,504.0534,-1763.0460,5022.1560,504.0534,-1363.0590
Block_Platform_Corner_1B(Mirrored),4994.0360,504.0534,-1762.8510,5022.1560,504.0534,-1363.0590,4997.1570,504.0534,-1362.8640
Block_Platform_Corner_1B(Mirrored),5019.0350,504.0534,-1763.0460,5569.0180,504.0534,-1767.3380,5572.1390,504.0534,-1367.3510
Block_Platform_Corner_1B(Mirrored),5019.0350,504.0534,-1763.0460,5572.1390,504.0534,-1367.3510,5022.1560,504.0534,-1363.0590
Block_Platform_Corner_1B(Mirrored),4981.2180,504.0534,-1850.6220,4998.7570,504.0534,-1868.4370,5019.0350,504.0534,-1763.0460
Block_Platform_Corner_1B(Mirrored),4981.2180,504.0534,-1850.6220,5019.0350,504.0534,-1763.0460,4994.0360,504.0534,-1762.8510
Block_Platform_Corner_1B(Mirrored),4998.7570,504.0534,-1868.4370,5384.6200,504.0534,-2260.3680,5569.0180,504.0534,-1767.3380
Block_Platform_Corner_1B(Mirrored),4998.7570,504.0534,-1868.4370,5569.0180,504.0534,-1767.3380,5019.0350,504.0534,-1763.0460
Block_Platform_Corner_1B(Mirrored),4902.8970,904.0536,-1928.5660,4898.6050,904.0536,-2478.5490,4898.6040,504.0534,-2478.5490
Block_Platform_Corner_1B(Mirrored),4902.8970,904.0536,-1928.5660,4898.6040,504.0534,-2478.5490,4902.8970,504.0534,-1928.5660
Block_Platform_Corner_1B(Mirrored),5384.6200,904.0536,-2260.3680,5402.1590,904.0536,-2278.1840,5402.1590,504.0534,-2278.1840
Block_Platform_Corner_1B(Mirrored),5384.6200,904.0536,-2260.3680,5402.1590,504.0534,-2278.1840,5384.6200,504.0534,-2260.3680
Block_Platform_Corner_1B(Mirrored),4898.6040,504.0534,-2478.5490,4898.4100,504.0534,-2503.5480,5402.1590,504.0534,-2278.1840
Block_Platform_Corner_1B(Mirrored),4898.6040,504.0534,-2478.5490,5402.1590,504.0534,-2278.1840,5384.6200,504.0534,-2260.3680
Block_Platform_Corner_1B(Mirrored),4903.0920,504.0534,-1903.5670,4902.8970,504.0534,-1928.5660,4998.7570,504.0534,-1868.4370
Block_Platform_Corner_1B(Mirrored),4903.0920,504.0534,-1903.5670,4998.7570,504.0534,-1868.4370,4981.2180,504.0534,-1850.6220
Block_Platform_Corner_1B(Mirrored),4902.8970,504.0534,-1928.5660,4898.6040,504.0534,-2478.5490,5384.6200,504.0534,-2260.3680
Block_Platform_Corner_1B(Mirrored),4902.8970,504.0534,-1928.5660,5384.6200,504.0534,-2260.3680,4998.7570,504.0534,-1868.4370
Block_Platform_Corner_1B(Mirrored),4502.9090,904.0536,-1925.4450,4498.6170,904.0536,-2475.4280,4498.6170,504.0537,-2475.4280
Block_Platform_Corner_1B(Mirrored),4502.9090,904.0536,-1925.4450,4498.6170,504.0537,-2475.4280,4502.9090,504.0537,-1925.4450
Block_Platform_Corner_1B(Mirrored),4903.0920,904.0536,-1903.5670,4902.8970,904.0536,-1928.5660,4902.8970,504.0534,-1928.5660
Block_Platform_Corner_1B(Mirrored),4903.0920,904.0536,-1903.5670,4902.8970,504.0534,-1928.5660,4903.0920,504.0534,-1903.5670
Block_Platform_Corner_1B(Mirrored),4902.8970,504.0534,-1928.5660,4903.0920,504.0534,-1903.5670,4503.1040,504.0537,-1900.4450
Block_Platform_Corner_1B(Mirrored),4902.8970,504.0534,-1928.5660,4503.1040,504.0537,-1900.4450,4502.9090,504.0537,-1925.4450
Block_Platform_Corner_1B(Mirrored),4898.4100,504.0534,-2503.5480,4898.6040,504.0534,-2478.5490,4498.6170,504.0537,-2475.4280
Block_Platform_Corner_1B(Mirrored),4898.4100,504.0534,-2503.5480,4498.6170,504.0537,-2475.4280,4498.4220,504.0537,-2500.4270
Block_Platform_Corner_1B(Mirrored),4898.6040,504.0534,-2478.5490,4902.8970,504.0534,-1928.5660,4502.9090,504.0537,-1925.4450
Block_Platform_Corner_1B(Mirrored),4898.6040,504.0534,-2478.5490,4502.9090,504.0537,-1925.4450,4498.6170,504.0537,-2475.4280
Block_Platform_Corner_1B(Mirrored),4498.6170,904.0536,-2475.4280,4502.9090,904.0536,-1925.4450,4902.8970,904.0536,-1928.5660
Block_Platform_Corner_1B(Mirrored),4498.6170,904.0536,-2475.4280,4902.8970,904.0536,-1928.5660,4898.6050,904.0536,-2478.5490
Block_Platform_Corner_1B(Mirrored),5594.0180,904.0533,-1767.5330,5597.1390,904.0533,-1367.5460,5597.1390,504.0534,-1367.5460
Block_Platform_Corner_1B(Mirrored),5594.0180,904.0533,-1767.5330,5597.1390,504.0534,-1367.5460,5594.0180,504.0534,-1767.5330
Block_Platform_Corner_1B(Mirrored),5022.1560,904.0536,-1363.0590,4997.1570,904.0536,-1362.8640,4997.1570,504.0534,-1362.8640
Block_Platform_Corner_1B(Mirrored),5022.1560,904.0536,-1363.0590,4997.1570,504.0534,-1362.8640,5022.1560,504.0534,-1363.0590
Block_Platform_Corner_1B(Mirrored),4994.0360,904.0536,-1762.8510,4981.2180,904.0536,-1850.6220,4981.2180,504.0534,-1850.6220
Block_Platform_Corner_1B(Mirrored),4994.0360,904.0536,-1762.8510,4981.2180,504.0534,-1850.6220,4994.0360,504.0534,-1762.8510
Block_Platform_Corner_1B(Mirrored),4981.2180,904.0536,-1850.6220,4998.7570,904.0536,-1868.4370,4998.7570,504.0534,-1868.4370
Block_Platform_Corner_1B(Mirrored),4981.2180,904.0536,-1850.6220,4998.7570,504.0534,-1868.4370,4981.2180,504.0534,-1850.6220
Block_Platform_Corner_1B(Mirrored),4998.7570,904.0536,-1868.4370,5384.6200,904.0536,-2260.3680,5384.6200,504.0534,-2260.3680
Block_Platform_Corner_1B(Mirrored),4998.7570,904.0536,-1868.4370,5384.6200,504.0534,-2260.3680,4998.7570,504.0534,-1868.4370
Block_Platform_Corner_1B(Mirrored),5597.1390,904.0533,-1367.5460,5572.1390,904.0536,-1367.3510,5572.1390,504.0534,-1367.3510
Block_Platform_Corner_1B(Mirrored),5597.1390,904.0533,-1367.5460,5572.1390,504.0534,-1367.3510,5597.1390,504.0534,-1367.5460
Block_Platform_Corner_1B(Mirrored),5572.1390,904.0536,-1367.3510,5022.1560,904.0536,-1363.0590,5022.1560,504.0534,-1363.0590
Block_Platform_Corner_1B(Mirrored),5572.1390,904.0536,-1367.3510,5022.1560,504.0534,-1363.0590,5572.1390,504.0534,-1367.3510
Block_Platform_Corner_1B(Mirrored),5019.0350,904.0536,-1763.0460,5569.0180,904.0536,-1767.3380,5384.6200,904.0536,-2260.3680
Block_Platform_Corner_1B(Mirrored),5019.0350,904.0536,-1763.0460,5384.6200,904.0536,-2260.3680,4998.7570,904.0536,-1868.4370
Block_Platform_Corner_1B(Mirrored),5569.0180,904.0536,-1767.3380,5402.1590,904.0536,-2278.1840,5384.6200,904.0536,-2260.3680
Block_Platform_Corner_1B(Mirrored),5569.0180,904.0536,-1767.3380,5594.0180,904.0533,-1767.5330,5402.1590,904.0536,-2278.1840
Block_Platform_Corner_1B(Mirrored),5572.1390,904.0536,-1367.3510,5594.0180,904.0533,-1767.5330,5569.0180,904.0536,-1767.3380
Block_Platform_Corner_1B(Mirrored),5572.1390,904.0536,-1367.3510,5597.1390,904.0533,-1367.5460,5594.0180,904.0533,-1767.5330
Block_Platform_Corner_1B(Mirrored),4994.0360,904.0536,-1762.8510,5019.0350,904.0536,-1763.0460,4998.7570,904.0536,-1868.4370
Block_Platform_Corner_1B(Mirrored),4994.0360,904.0536,-1762.8510,4998.7570,904.0536,-1868.4370,4981.2180,904.0536,-1850.6220
Block_Platform_Corner_1B(Mirrored),5402.1590,904.0536,-2278.1840,5594.0180,904.0533,-1767.5330,5594.0180,504.0534,-1767.5330
Block_Platform_Corner_1B(Mirrored),5402.1590,904.0536,-2278.1840,5594.0180,504.0534,-1767.5330,5402.1590,504.0534,-2278.1840
Block_Platform_Corner_1B(Mirrored),4997.1570,904.0536,-1362.8640,4994.0360,904.0536,-1762.8510,4994.0360,504.0534,-1762.8510
Block_Platform_Corner_1B(Mirrored),4997.1570,904.0536,-1362.8640,4994.0360,504.0534,-1762.8510,4997.1570,504.0534,-1362.8640
Block_Platform_Corner_1B(Mirrored),5022.1560,904.0536,-1363.0590,5572.1390,904.0536,-1367.3510,5569.0180,904.0536,-1767.3380
Block_Platform_Corner_1B(Mirrored),5022.1560,904.0536,-1363.0590,5569.0180,904.0536,-1767.3380,5019.0350,904.0536,-1763.0460
Block_Platform_Corner_1B(Mirrored),4997.1570,904.0536,-1362.8640,5022.1560,904.0536,-1363.0590,5019.0350,904.0536,-1763.0460
Block_Platform_Corner_1B(Mirrored),4997.1570,904.0536,-1362.8640,5019.0350,904.0536,-1763.0460,4994.0360,904.0536,-1762.8510
Block_Platform_Corner_1B(Mirrored),4898.6050,904.0536,-2478.5490,4898.4100,904.0536,-2503.5480,4898.4100,504.0534,-2503.5480
Block_Platform_Corner_1B(Mirrored),4898.6050,904.0536,-2478.5490,4898.4100,504.0534,-2503.5480,4898.6040,504.0534,-2478.5490
Block_Platform_Corner_1B(Mirrored),4998.7570,904.0536,-1868.4370,5384.6200,904.0536,-2260.3680,4898.6050,904.0536,-2478.5490
Block_Platform_Corner_1B(Mirrored),4998.7570,904.0536,-1868.4370,4898.6050,904.0536,-2478.5490,4902.8970,904.0536,-1928.5660
Block_Platform_Corner_1B(Mirrored),5384.6200,904.0536,-2260.3680,5402.1590,904.0536,-2278.1840,4898.4100,904.0536,-2503.5480
Block_Platform_Corner_1B(Mirrored),5384.6200,904.0536,-2260.3680,4898.4100,904.0536,-2503.5480,4898.6050,904.0536,-2478.5490
Block_Platform_Corner_1B(Mirrored),4898.4100,904.0536,-2503.5480,5402.1590,904.0536,-2278.1840,5402.1590,504.0534,-2278.1840
Block_Platform_Corner_1B(Mirrored),4898.4100,904.0536,-2503.5480,5402.1590,504.0534,-2278.1840,4898.4100,504.0534,-2503.5480
Block_Platform_Corner_1B(Mirrored),4498.6170,904.0536,-2475.4280,4498.4220,904.0536,-2500.4270,4498.4220,504.0537,-2500.4270
Block_Platform_Corner_1B(Mirrored),4498.6170,904.0536,-2475.4280,4498.4220,504.0537,-2500.4270,4498.6170,504.0537,-2475.4280
Block_Platform_Corner_1B(Mirrored),4503.1040,904.0536,-1900.4450,4502.9090,904.0536,-1925.4450,4502.9090,504.0537,-1925.4450
Block_Platform_Corner_1B(Mirrored),4503.1040,904.0536,-1900.4450,4502.9090,504.0537,-1925.4450,4503.1040,504.0537,-1900.4450
Block_Platform_Corner_1B(Mirrored),4981.2180,904.0536,-1850.6220,4903.0920,904.0536,-1903.5670,4903.0920,504.0534,-1903.5670
Block_Platform_Corner_1B(Mirrored),4981.2180,904.0536,-1850.6220,4903.0920,504.0534,-1903.5670,4981.2180,504.0534,-1850.6220
Block_Platform_Corner_1B(Mirrored),4981.2180,904.0536,-1850.6220,4998.7570,904.0536,-1868.4370,4902.8970,904.0536,-1928.5660
Block_Platform_Corner_1B(Mirrored),4981.2180,904.0536,-1850.6220,4902.8970,904.0536,-1928.5660,4903.0920,904.0536,-1903.5670
Block_Platform_Corner_1B(Mirrored),4903.0920,904.0536,-1903.5670,4503.1040,904.0536,-1900.4450,4503.1040,504.0537,-1900.4450
Block_Platform_Corner_1B(Mirrored),4903.0920,904.0536,-1903.5670,4503.1040,504.0537,-1900.4450,4903.0920,504.0534,-1903.5670
Block_Platform_Corner_1B(Mirrored),4498.4220,904.0536,-2500.4270,4898.4100,904.0536,-2503.5480,4898.4100,504.0534,-2503.5480
Block_Platform_Corner_1B(Mirrored),4498.4220,904.0536,-2500.4270,4898.4100,504.0534,-2503.5480,4498.4220,504.0537,-2500.4270
Block_Platform_Corner_1B(Mirrored),4502.9090,904.0536,-1925.4450,4503.1040,904.0536,-1900.4450,4903.0920,904.0536,-1903.5670
Block_Platform_Corner_1B(Mirrored),4502.9090,904.0536,-1925.4450,4903.0920,904.0536,-1903.5670,4902.8970,904.0536,-1928.5660
Block_Platform_Corner_1B(Mirrored),4498.4220,904.0536,-2500.4270,4498.6170,904.0536,-2475.4280,4898.6050,904.0536,-2478.5490
Block_Platform_Corner_1B(Mirrored),4498.4220,904.0536,-2500.4270,4898.6050,904.0536,-2478.5490,4898.4100,904.0536,-2503.5480
Block_Platform_Corner_1B,-3564.2050,506.0536,-1689.1160,-3564.2050,506.0536,-1289.1160,-3589.2050,506.0536,-1289.1160
Block_Platform_Corner_1B,-3564.2050,506.0536,-1689.1160,-3589.2050,506.0536,-1289.1160,-3589.2050,506.0536,-1689.1160
Block_Platform_Corner_1B,-3383.6590,506.0536,-2183.5700,-3564.2050,506.0536,-1689.1160,-3589.2050,506.0536,-1689.1160
Block_Platform_Corner_1B,-3383.6590,506.0536,-2183.5700,-3589.2050,506.0536,-1689.1160,-3401.3370,506.0536,-2201.2480
Block_Platform_Corner_1B,-2989.2050,506.0536,-1689.1160,-2989.2050,506.0536,-1289.1160,-3014.2050,506.0536,-1289.1160
Block_Platform_Corner_1B,-2989.2050,506.0536,-1689.1160,-3014.2050,506.0536,-1289.1160,-3014.2050,506.0536,-1689.1160
Block_Platform_Corner_1B,-3014.2050,506.0536,-1689.1160,-3014.2050,506.0536,-1289.1160,-3564.2050,506.0536,-1289.1160
Block_Platform_Corner_1B,-3014.2050,506.0536,-1689.1160,-3564.2050,506.0536,-1289.1160,-3564.2050,506.0536,-1689.1160
Block_Platform_Corner_1B,-2977.0730,506.0536,-1776.9840,-2989.2050,506.0536,-1689.1160,-3014.2050,506.0536,-1689.1160
Block_Platform_Corner_1B,-2977.0730,506.0536,-1776.9840,-3014.2050,506.0536,-1689.1160,-2994.7500,506.0536,-1794.6620
Block_Platform_Corner_1B,-2994.7500,506.0536,-1794.6620,-3014.2050,506.0536,-1689.1160,-3564.2050,506.0536,-1689.1160
Block_Platform_Corner_1B,-2994.7500,506.0536,-1794.6620,-3564.2050,506.0536,-1689.1160,-3383.6590,506.0536,-2183.5700
Block_Platform_Corner_1B,-2899.3620,906.0538,-1855.5370,-2899.3620,506.0536,-1855.5370,-2899.3620,506.0536,-2405.5370
Block_Platform_Corner_1B,-2899.3620,906.0538,-1855.5370,-2899.3620,506.0536,-2405.5370,-2899.3620,906.0538,-2405.5370
Block_Platform_Corner_1B,-3383.6590,906.0538,-2183.5700,-3383.6590,506.0536,-2183.5700,-3401.3370,506.0536,-2201.2480
Block_Platform_Corner_1B,-3383.6590,906.0538,-2183.5700,-3401.3370,506.0536,-2201.2480,-3401.3370,906.0538,-2201.2480
Block_Platform_Corner_1B,-2899.3620,506.0536,-2405.5370,-3383.6590,506.0536,-2183.5700,-3401.3370,506.0536,-2201.2480
Block_Platform_Corner_1B,-2899.3620,506.0536,-2405.5370,-3401.3370,506.0536,-2201.2480,-2899.3620,506.0536,-2430.5370
Block_Platform_Corner_1B,-2899.3620,506.0536,-1830.5370,-2977.0730,506.0536,-1776.9840,-2994.7500,506.0536,-1794.6620
Block_Platform_Corner_1B,-2899.3620,506.0536,-1830.5370,-2994.7500,506.0536,-1794.6620,-2899.3620,506.0536,-1855.5370
Block_Platform_Corner_1B,-2899.3620,506.0536,-1855.5370,-2994.7500,506.0536,-1794.6620,-3383.6590,506.0536,-2183.5700
Block_Platform_Corner_1B,-2899.3620,506.0536,-1855.5370,-3383.6590,506.0536,-2183.5700,-2899.3620,506.0536,-2405.5370
Block_Platform_Corner_1B,-2499.3620,906.0538,-1855.5370,-2499.3620,506.0536,-1855.5370,-2499.3620,506.0536,-2405.5370
Block_Platform_Corner_1B,-2499.3620,906.0538,-1855.5370,-2499.3620,506.0536,-2405.5370,-2499.3620,906.0538,-2405.5370
Block_Platform_Corner_1B,-2899.3620,906.0538,-1830.5370,-2899.3620,506.0536,-1830.5370,-2899.3620,506.0536,-1855.5370
Block_Platform_Corner_1B,-2899.3620,906.0538,-1830.5370,-2899.3620,506.0536,-1855.5370,-2899.3620,906.0538,-1855.5370
Block_Platform_Corner_1B,-2899.3620,506.0536,-1855.5370,-2499.3620,506.0536,-1855.5370,-2499.3620,506.0536,-1830.5370
Block_Platform_Corner_1B,-2899.3620,506.0536,-1855.5370,-2499.3620,506.0536,-1830.5370,-2899.3620,506.0536,-1830.5370
Block_Platform_Corner_1B,-2899.3620,506.0536,-2430.5370,-2499.3620,506.0536,-2430.5370,-2499.3620,506.0536,-2405.5370
Block_Platform_Corner_1B,-2899.3620,506.0536,-2430.5370,-2499.3620,506.0536,-2405.5370,-2899.3620,506.0536,-2405.5370
Block_Platform_Corner_1B,-2899.3620,506.0536,-2405.5370,-2499.3620,506.0536,-2405.5370,-2499.3620,506.0536,-1855.5370
Block_Platform_Corner_1B,-2899.3620,506.0536,-2405.5370,-2499.3620,506.0536,-1855.5370,-2899.3620,506.0536,-1855.5370
Block_Platform_Corner_1B,-2499.3620,906.0538,-2405.5370,-2899.3620,906.0538,-2405.5370,-2899.3620,906.0538,-1855.5370
Block_Platform_Corner_1B,-2499.3620,906.0538,-2405.5370,-2899.3620,906.0538,-1855.5370,-2499.3620,906.0538,-1855.5370
Block_Platform_Corner_1B,-3589.2050,906.0538,-1689.1160,-3589.2050,506.0536,-1689.1160,-3589.2050,506.0536,-1289.1160
Block_Platform_Corner_1B,-3589.2050,906.0538,-1689.1160,-3589.2050,506.0536,-1289.1160,-3589.2050,906.0538,-1289.1160
Block_Platform_Corner_1B,-3014.2050,906.0538,-1289.1160,-3014.2050,506.0536,-1289.1160,-2989.2050,506.0536,-1289.1160
Block_Platform_Corner_1B,-3014.2050,906.0538,-1289.1160,-2989.2050,506.0536,-1289.1160,-2989.2050,906.0538,-1289.1160
Block_Platform_Corner_1B,-2989.2050,906.0538,-1689.1160,-2989.2050,506.0536,-1689.1160,-2977.0730,506.0536,-1776.9840
Block_Platform_Corner_1B,-2989.2050,906.0538,-1689.1160,-2977.0730,506.0536,-1776.9840,-2977.0730,906.0538,-1776.9840
Block_Platform_Corner_1B,-2977.0730,906.0538,-1776.9840,-2977.0730,506.0536,-1776.9840,-2994.7500,506.0536,-1794.6620
Block_Platform_Corner_1B,-2977.0730,906.0538,-1776.9840,-2994.7500,506.0536,-1794.6620,-2994.7500,906.0538,-1794.6620
Block_Platform_Corner_1B,-2994.7500,906.0538,-1794.6620,-2994.7500,506.0536,-1794.6620,-3383.6590,506.0536,-2183.5700
Block_Platform_Corner_1B,-2994.7500,906.0538,-1794.6620,-3383.6590,506.0536,-2183.5700,-3383.6590,906.0538,-2183.5700
Block_Platform_Corner_1B,-3589.2050,906.0538,-1289.1160,-3589.2050,506.0536,-1289.1160,-3564.2050,506.0536,-1289.1160
Block_Platform_Corner_1B,-3589.2050,906.0538,-1289.1160,-3564.2050,506.0536,-1289.1160,-3564.2050,906.0538,-1289.1160
Block_Platform_Corner_1B,-3564.2050,906.0538,-1289.1160,-3564.2050,506.0536,-1289.1160,-3014.2050,506.0536,-1289.1160
Block_Platform_Corner_1B,-3564.2050,906.0538,-1289.1160,-3014.2050,506.0536,-1289.1160,-3014.2050,906.0538,-1289.1160
Block_Platform_Corner_1B,-3014.2050,906.0538,-1689.1160,-2994.7500,906.0538,-1794.6620,-3383.6590,906.0538,-2183.5700
Block_Platform_Corner_1B,-3014.2050,906.0538,-1689.1160,-3383.6590,906.0538,-2183.5700,-3564.2050,906.0538,-1689.1160
Block_Platform_Corner_1B,-3564.2050,906.0538,-1689.1160,-3383.6590,906.0538,-2183.5700,-3401.3370,906.0538,-2201.2480
Block_Platform_Corner_1B,-3564.2050,906.0538,-1689.1160,-3401.3370,906.0538,-2201.2480,-3589.2050,906.0538,-1689.1160
Block_Platform_Corner_1B,-3564.2050,906.0538,-1289.1160,-3564.2050,906.0538,-1689.1160,-3589.2050,906.0538,-1689.1160
Block_Platform_Corner_1B,-3564.2050,906.0538,-1289.1160,-3589.2050,906.0538,-1689.1160,-3589.2050,906.0538,-1289.1160
Block_Platform_Corner_1B,-2989.2050,906.0538,-1689.1160,-2977.0730,906.0538,-1776.9840,-2994.7500,906.0538,-1794.6620
Block_Platform_Corner_1B,-2989.2050,906.0538,-1689.1160,-2994.7500,906.0538,-1794.6620,-3014.2050,906.0538,-1689.1160
Block_Platform_Corner_1B,-3401.3370,906.0538,-2201.2480,-3401.3370,506.0536,-2201.2480,-3589.2050,506.0536,-1689.1160
Block_Platform_Corner_1B,-3401.3370,906.0538,-2201.2480,-3589.2050,506.0536,-1689.1160,-3589.2050,906.0538,-1689.1160
Block_Platform_Corner_1B,-2989.2050,906.0538,-1289.1160,-2989.2050,506.0536,-1289.1160,-2989.2050,506.0536,-1689.1160
Block_Platform_Corner_1B,-2989.2050,906.0538,-1289.1160,-2989.2050,506.0536,-1689.1160,-2989.2050,906.0538,-1689.1160
Block_Platform_Corner_1B,-3014.2050,906.0538,-1289.1160,-3014.2050,906.0538,-1689.1160,-3564.2050,906.0538,-1689.1160
Block_Platform_Corner_1B,-3014.2050,906.0538,-1289.1160,-3564.2050,906.0538,-1689.1160,-3564.2050,906.0538,-1289.1160
Block_Platform_Corner_1B,-2989.2050,906.0538,-1289.1160,-2989.2050,906.0538,-1689.1160,-3014.2050,906.0538,-1689.1160
Block_Platform_Corner_1B,-2989.2050,906.0538,-1289.1160,-3014.2050,906.0538,-1689.1160,-3014.2050,906.0538,-1289.1160
Block_Platform_Corner_1B,-2899.3620,906.0538,-2405.5370,-2899.3620,506.0536,-2405.5370,-2899.3620,506.0536,-2430.5370
Block_Platform_Corner_1B,-2899.3620,906.0538,-2405.5370,-2899.3620,506.0536,-2430.5370,-2899.3620,906.0538,-2430.5370
Block_Platform_Corner_1B,-2994.7500,906.0538,-1794.6620,-2899.3620,906.0538,-1855.5370,-2899.3620,906.0538,-2405.5370
Block_Platform_Corner_1B,-2994.7500,906.0538,-1794.6620,-2899.3620,906.0538,-2405.5370,-3383.6590,906.0538,-2183.5700
Block_Platform_Corner_1B,-3383.6590,906.0538,-2183.5700,-2899.3620,906.0538,-2405.5370,-2899.3620,906.0538,-2430.5370
Block_Platform_Corner_1B,-3383.6590,906.0538,-2183.5700,-2899.3620,906.0538,-2430.5370,-3401.3370,906.0538,-2201.2480
Block_Platform_Corner_1B,-2899.3620,906.0538,-2430.5370,-2899.3620,506.0536,-2430.5370,-3401.3370,506.0536,-2201.2480
Block_Platform_Corner_1B,-2899.3620,906.0538,-2430.5370,-3401.3370,506.0536,-2201.2480,-3401.3370,906.0538,-2201.2480
Block_Platform_Corner_1B,-2499.3620,906.0538,-2405.5370,-2499.3620,506.0536,-2405.5370,-2499.3620,506.0536,-2430.5370
Block_Platform_Corner_1B,-2499.3620,906.0538,-2405.5370,-2499.3620,506.0536,-2430.5370,-2499.3620,906.0538,-2430.5370
Block_Platform_Corner_1B,-2499.3620,906.0538,-1830.5370,-2499.3620,506.0536,-1830.5370,-2499.3620,506.0536,-1855.5370
Block_Platform_Corner_1B,-2499.3620,906.0538,-1830.5370,-2499.3620,506.0536,-1855.5370,-2499.3620,906.0538,-1855.5370
Block_Platform_Corner_1B,-2977.0730,906.0538,-1776.9840,-2977.0730,506.0536,-1776.9840,-2899.3620,506.0536,-1830.5370
Block_Platform_Corner_1B,-2977.0730,906.0538,-1776.9840,-2899.3620,506.0536,-1830.5370,-2899.3620,906.0538,-1830.5370
Block_Platform_Corner_1B,-2977.0730,906.0538,-1776.9840,-2899.3620,906.0538,-1830.5370,-2899.3620,906.0538,-1855.5370
Block_Platform_Corner_1B,-2977.0730,906.0538,-1776.9840,-2899.3620,906.0538,-1855.5370,-2994.7500,906.0538,-1794.6620
Block_Platform_Corner_1B,-2899.3620,906.0538,-1830.5370,-2899.3620,506.0536,-1830.5370,-2499.3620,506.0536,-1830.5370
Block_Platform_Corner_1B,-2899.3620,906.0538,-1830.5370,-2499.3620,506.0536,-1830.5370,-2499.3620,906.0538,-1830.5370
Block_Platform_Corner_1B,-2499.3620,906.0538,-2430.5370,-2499.3620,506.0536,-2430.5370,-2899.3620,506.0536,-2430.5370
Block_Platform_Corner_1B,-2499.3620,906.0538,-2430.5370,-2899.3620,506.0536,-2430.5370,-2899.3620,906.0538,-2430.5370
Block_Platform_Corner_1B,-2499.3620,906.0538,-1855.5370,-2899.3620,906.0538,-1855.5370,-2899.3620,906.0538,-1830.5370
Block_Platform_Corner_1B,-2499.3620,906.0538,-1855.5370,-2899.3620,906.0538,-1830.5370,-2499.3620,906.0538,-1830.5370
Block_Platform_Corner_1B,-2499.3620,906.0538,-2430.5370,-2899.3620,906.0538,-2430.5370,-2899.3620,906.0538,-2405.5370
Block_Platform_Corner_1B,-2499.3620,906.0538,-2430.5370,-2899.3620,906.0538,-2405.5370,-2499.3620,906.0538,-2405.5370
Block_Platform_Corner_1B,5575.2460,506.0536,8338.8570,5575.2460,506.0536,7938.8570,5600.2470,506.0536,7938.8570
Block_Platform_Corner_1B,5575.2460,506.0536,8338.8570,5600.2470,506.0536,7938.8570,5600.2470,506.0536,8338.8570
Block_Platform_Corner_1B,5394.7010,506.0536,8833.3110,5575.2460,506.0536,8338.8570,5600.2470,506.0536,8338.8570
Block_Platform_Corner_1B,5394.7010,506.0536,8833.3110,5600.2470,506.0536,8338.8570,5412.3780,506.0536,8850.9880
Block_Platform_Corner_1B,5000.2460,506.0536,8338.8570,5000.2460,506.0536,7938.8560,5025.2460,506.0536,7938.8560
Block_Platform_Corner_1B,5000.2460,506.0536,8338.8570,5025.2460,506.0536,7938.8560,5025.2460,506.0536,8338.8570
Block_Platform_Corner_1B,5025.2460,506.0536,8338.8570,5025.2460,506.0536,7938.8560,5575.2460,506.0536,7938.8570
Block_Platform_Corner_1B,5025.2460,506.0536,8338.8570,5575.2460,506.0536,7938.8570,5575.2460,506.0536,8338.8570
Block_Platform_Corner_1B,4988.1140,506.0536,8426.7250,5000.2460,506.0536,8338.8570,5025.2460,506.0536,8338.8570
Block_Platform_Corner_1B,4988.1140,506.0536,8426.7250,5025.2460,506.0536,8338.8570,5005.7920,506.0536,8444.4020
Block_Platform_Corner_1B,5005.7920,506.0536,8444.4020,5025.2460,506.0536,8338.8570,5575.2460,506.0536,8338.8570
Block_Platform_Corner_1B,5005.7920,506.0536,8444.4020,5575.2460,506.0536,8338.8570,5394.7010,506.0536,8833.3110
Block_Platform_Corner_1B,4910.4030,906.0538,8505.2780,4910.4030,506.0536,8505.2780,4910.4030,506.0536,9055.2780
Block_Platform_Corner_1B,4910.4030,906.0538,8505.2780,4910.4030,506.0536,9055.2780,4910.4030,906.0538,9055.2780
Block_Platform_Corner_1B,5394.7010,906.0538,8833.3110,5394.7010,506.0536,8833.3110,5412.3780,506.0536,8850.9880
Block_Platform_Corner_1B,5394.7010,906.0538,8833.3110,5412.3780,506.0536,8850.9880,5412.3780,906.0538,8850.9880
Block_Platform_Corner_1B,4910.4030,506.0536,9055.2780,5394.7010,506.0536,8833.3110,5412.3780,506.0536,8850.9880
Block_Platform_Corner_1B,4910.4030,506.0536,9055.2780,5412.3780,506.0536,8850.9880,4910.4030,506.0536,9080.2780
Block_Platform_Corner_1B,4910.4030,506.0536,8480.2780,4988.1140,506.0536,8426.7250,5005.7920,506.0536,8444.4020
Block_Platform_Corner_1B,4910.4030,506.0536,8480.2780,5005.7920,506.0536,8444.4020,4910.4030,506.0536,8505.2780
Block_Platform_Corner_1B,4910.4030,506.0536,8505.2780,5005.7920,506.0536,8444.4020,5394.7010,506.0536,8833.3110
Block_Platform_Corner_1B,4910.4030,506.0536,8505.2780,5394.7010,506.0536,8833.3110,4910.4030,506.0536,9055.2780
Block_Platform_Corner_1B,4510.4030,906.0538,8505.2780,4510.4030,506.0536,8505.2780,4510.4030,506.0536,9055.2780
Block_Platform_Corner_1B,4510.4030,906.0538,8505.2780,4510.4030,506.0536,9055.2780,4510.4030,906.0538,9055.2780
Block_Platform_Corner_1B,4910.4030,906.0538,8480.2780,4910.4030,506.0536,8480.2780,4910.4030,506.0536,8505.2780
Block_Platform_Corner_1B,4910.4030,906.0538,8480.2780,4910.4030,506.0536,8505.2780,4910.4030,906.0538,8505.2780
Block_Platform_Corner_1B,4910.4030,506.0536,8505.2780,4510.4030,506.0536,8505.2780,4510.4030,506.0536,8480.2780
Block_Platform_Corner_1B,4910.4030,506.0536,8505.2780,4510.4030,506.0536,8480.2780,4910.4030,506.0536,8480.2780
Block_Platform_Corner_1B,4910.4030,506.0536,9080.2780,4510.4030,506.0536,9080.2780,4510.4030,506.0536,9055.2780
Block_Platform_Corner_1B,4910.4030,506.0536,9080.2780,4510.4030,506.0536,9055.2780,4910.4030,506.0536,9055.2780
Block_Platform_Corner_1B,4910.4030,506.0536,9055.2780,4510.4030,506.0536,9055.2780,4510.4030,506.0536,8505.2780
Block_Platform_Corner_1B,4910.4030,506.0536,9055.2780,4510.4030,506.0536,8505.2780,4910.4030,506.0536,8505.2780
Block_Platform_Corner_1B,4510.4030,906.0538,9055.2780,4910.4030,906.0538,9055.2780,4910.4030,906.0538,8505.2780
Block_Platform_Corner_1B,4510.4030,906.0538,9055.2780,4910.4030,906.0538,8505.2780,4510.4030,906.0538,8505.2780
Block_Platform_Corner_1B,5600.2470,906.0538,8338.8570,5600.2470,506.0536,8338.8570,5600.2470,506.0536,7938.8570
Block_Platform_Corner_1B,5600.2470,906.0538,8338.8570,5600.2470,506.0536,7938.8570,5600.2470,906.0538,7938.8570
Block_Platform_Corner_1B,5025.2460,906.0538,7938.8560,5025.2460,506.0536,7938.8560,5000.2460,506.0536,7938.8560
Block_Platform_Corner_1B,5025.2460,906.0538,7938.8560,5000.2460,506.0536,7938.8560,5000.2460,906.0538,7938.8560
Block_Platform_Corner_1B,5000.2460,906.0538,8338.8570,5000.2460,506.0536,8338.8570,4988.1140,506.0536,8426.7250
Block_Platform_Corner_1B,5000.2460,906.0538,8338.8570,4988.1140,506.0536,8426.7250,4988.1140,906.0538,8426.7250
Block_Platform_Corner_1B,4988.1140,906.0538,8426.7250,4988.1140,506.0536,8426.7250,5005.7920,506.0536,8444.4020
Block_Platform_Corner_1B,4988.1140,906.0538,8426.7250,5005.7920,506.0536,8444.4020,5005.7920,906.0538,8444.4020
Block_Platform_Corner_1B,5005.7920,906.0538,8444.4020,5005.7920,506.0536,8444.4020,5394.7010,506.0536,8833.3110
Block_Platform_Corner_1B,5005.7920,906.0538,8444.4020,5394.7010,506.0536,8833.3110,5394.7010,906.0538,8833.3110
Block_Platform_Corner_1B,5600.2470,906.0538,7938.8570,5600.2470,506.0536,7938.8570,5575.2460,506.0536,7938.8570
Block_Platform_Corner_1B,5600.2470,906.0538,7938.8570,5575.2460,506.0536,7938.8570,5575.2460,906.0538,7938.8570
Block_Platform_Corner_1B,5575.2460,906.0538,7938.8570,5575.2460,506.0536,7938.8570,5025.2460,506.0536,7938.8560
Block_Platform_Corner_1B,5575.2460,906.0538,7938.8570,5025.2460,506.0536,7938.8560,5025.2460,906.0538,7938.8560
Block_Platform_Corner_1B,5025.2460,906.0538,8338.8570,5005.7920,906.0538,8444.4020,5394.7010,906.0538,8833.3110
Block_Platform_Corner_1B,5025.2460,906.0538,8338.8570,5394.7010,906.0538,8833.3110,5575.2460,906.0538,8338.8570
Block_Platform_Corner_1B,5575.2460,906.0538,8338.8570,5394.7010,906.0538,8833.3110,5412.3780,906.0538,8850.9880
Block_Platform_Corner_1B,5575.2460,906.0538,8338.8570,5412.3780,906.0538,8850.9880,5600.2470,906.0538,8338.8570
Block_Platform_Corner_1B,5575.2460,906.0538,7938.8570,5575.2460,906.0538,8338.8570,5600.2470,906.0538,8338.8570
Block_Platform_Corner_1B,5575.2460,906.0538,7938.8570,5600.2470,906.0538,8338.8570,5600.2470,906.0538,7938.8570
Block_Platform_Corner_1B,5000.2460,906.0538,8338.8570,4988.1140,906.0538,8426.7250,5005.7920,906.0538,8444.4020
Block_Platform_Corner_1B,5000.2460,906.0538,8338.8570,5005.7920,906.0538,8444.4020,5025.2460,906.0538,8338.8570
Block_Platform_Corner_1B,5412.3780,906.0538,8850.9880,5412.3780,506.0536,8850.9880,5600.2470,506.0536,8338.8570
Block_Platform_Corner_1B,5412.3780,906.0538,8850.9880,5600.2470,506.0536,8338.8570,5600.2470,906.0538,8338.8570
Block_Platform_Corner_1B,5000.2460,906.0538,7938.8560,5000.2460,506.0536,7938.8560,5000.2460,506.0536,8338.8570
Block_Platform_Corner_1B,5000.2460,906.0538,7938.8560,5000.2460,506.0536,8338.8570,5000.2460,906.0538,8338.8570
Block_Platform_Corner_1B,5025.2460,906.0538,7938.8560,5025.2460,906.0538,8338.8570,5575.2460,906.0538,8338.8570
Block_Platform_Corner_1B,5025.2460,906.0538,7938.8560,5575.2460,906.0538,8338.8570,5575.2460,906.0538,7938.8570
Block_Platform_Corner_1B,5000.2460,906.0538,7938.8560,5000.2460,906.0538,8338.8570,5025.2460,906.0538,8338.8570
Block_Platform_Corner_1B,5000.2460,906.0538,7938.8560,5025.2460,906.0538,8338.8570,5025.2460,906.0538,7938.8560
Block_Platform_Corner_1B,4910.4030,906.0538,9055.2780,4910.4030,506.0536,9055.2780,4910.4030,506.0536,9080.2780
Block_Platform_Corner_1B,4910.4030,906.0538,9055.2780,4910.4030,506.0536,9080.2780,4910.4030,906.0538,9080.2780
Block_Platform_Corner_1B,5005.7920,906.0538,8444.4020,4910.4030,906.0538,8505.2780,4910.4030,906.0538,9055.2780
Block_Platform_Corner_1B,5005.7920,906.0538,8444.4020,4910.4030,906.0538,9055.2780,5394.7010,906.0538,8833.3110
Block_Platform_Corner_1B,5394.7010,906.0538,8833.3110,4910.4030,906.0538,9055.2780,4910.4030,906.0538,9080.2780
Block_Platform_Corner_1B,5394.7010,906.0538,8833.3110,4910.4030,906.0538,9080.2780,5412.3780,906.0538,8850.9880
Block_Platform_Corner_1B,4910.4030,906.0538,9080.2780,4910.4030,506.0536,9080.2780,5412.3780,506.0536,8850.9880
Block_Platform_Corner_1B,4910.4030,906.0538,9080.2780,5412.3780,506.0536,8850.9880,5412.3780,906.0538,8850.9880
Block_Platform_Corner_1B,4510.4030,906.0538,9055.2780,4510.4030,506.0536,9055.2780,4510.4030,506.0536,9080.2780
Block_Platform_Corner_1B,4510.4030,906.0538,9055.2780,4510.4030,506.0536,9080.2780,4510.4030,906.0538,9080.2780
Block_Platform_Corner_1B,4510.4030,906.0538,8480.2780,4510.4030,506.0536,8480.2780,4510.4030,506.0536,8505.2780
Block_Platform_Corner_1B,4510.4030,906.0538,8480.2780,4510.4030,506.0536,8505.2780,4510.4030,906.0538,8505.2780
Block_Platform_Corner_1B,4988.1140,906.0538,8426.7250,4988.1140,506.0536,8426.7250,4910.4030,506.0536,8480.2780
Block_Platform_Corner_1B,4988.1140,906.0538,8426.7250,4910.4030,506.0536,8480.2780,4910.4030,906.0538,8480.2780
Block_Platform_Corner_1B,4988.1140,906.0538,8426.7250,4910.4030,906.0538,8480.2780,4910.4030,906.0538,8505.2780
Block_Platform_Corner_1B,4988.1140,906.0538,8426.7250,4910.4030,906.0538,8505.2780,5005.7920,906.0538,8444.4020
Block_Platform_Corner_1B,4910.4030,906.0538,8480.2780,4910.4030,506.0536,8480.2780,4510.4030,506.0536,8480.2780
Block_Platform_Corner_1B,4910.4030,906.0538,8480.2780,4510.4030,506.0536,8480.2780,4510.4030,906.0538,8480.2780
Block_Platform_Corner_1B,4510.4030,906.0538,9080.2780,4510.4030,506.0536,9080.2780,4910.4030,506.0536,9080.2780
Block_Platform_Corner_1B,4510.4030,906.0538,9080.2780,4910.4030,506.0536,9080.2780,4910.4030,906.0538,9080.2780
Block_Platform_Corner_1B,4510.4030,906.0538,8505.2780,4910.4030,906.0538,8505.2780,4910.4030,906.0538,8480.2780
Block_Platform_Corner_1B,4510.4030,906.0538,8505.2780,4910.4030,906.0538,8480.2780,4510.4030,906.0538,8480.2780
Block_Platform_Corner_1B,4510.4030,906.0538,9080.2780,4910.4030,906.0538,9080.2780,4910.4030,906.0538,9055.2780
Block_Platform_Corner_1B,4510.4030,906.0538,9080.2780,4910.4030,906.0538,9055.2780,4510.4030,906.0538,9055.2780
