ObjectName,v1x,v1y,v1z,v2x,v2y,v2z,v3x,v3y,v3z
Road_floor,-765.2531,-0.0050,8007.4400,-1765.2530,-0.0050,7007.4400,-1765.2530,-0.0050,8007.4400
Road_floor,-1765.2530,-0.0050,7007.4400,-765.2531,-0.0050,8007.4400,-765.2531,-0.0050,7007.4400
Road_floor,220.2671,-0.0050,8007.4400,-779.7328,-0.0050,7007.4400,-779.7328,-0.0050,8007.4400
Road_floor,-779.7328,-0.0050,7007.4400,220.2671,-0.0050,8007.4400,220.2671,-0.0050,7007.4400
Road_floor,-765.2531,-0.0050,8979.3600,-1765.2530,-0.0050,7979.3600,-1765.2530,-0.0050,8979.3600
Road_floor,-1765.2530,-0.0050,7979.3600,-765.2531,-0.0050,8979.3600,-765.2531,-0.0050,7979.3600
Road_floor,-1738.4800,-0.0050,8022.0000,-2738.4790,-0.0050,7022.0000,-2738.4790,-0.0050,8022.0000
Road_floor,-2738.4790,-0.0050,7022.0000,-1738.4800,-0.0050,8022.0000,-1738.4800,-0.0050,7022.0000
Road_floor,-1738.4800,-0.0050,8979.3600,-2738.4790,-0.0050,7979.3600,-2738.4790,-0.0050,8979.3600
Road_floor,-2738.4790,-0.0050,7979.3600,-1738.4800,-0.0050,8979.3600,-1738.4800,-0.0050,7979.3600
Road_floor,220.2671,-0.0050,8979.3600,-779.7328,-0.0050,7979.3600,-779.7328,-0.0050,8979.3600
Road_floor,-779.7328,-0.0050,7979.3600,220.2671,-0.0050,8979.3600,220.2671,-0.0050,7979.3600
Road_floor,-765.2531,-0.0050,9933.0000,-1765.2530,-0.0050,8933.0000,-1765.2530,-0.0050,9933.0000
Road_floor,-1765.2530,-0.0050,8933.0000,-765.2531,-0.0050,9933.0000,-765.2531,-0.0050,8933.0000
Road_floor,220.2671,-0.0050,9933.0000,-779.7328,-0.0050,8933.0000,-779.7328,-0.0050,9933.0000
Road_floor,-779.7328,-0.0050,8933.0000,220.2671,-0.0050,9933.0000,220.2671,-0.0050,8933.0000
Road_floor,-765.2531,-0.0050,10904.9200,-1765.2530,-0.0050,9904.9200,-1765.2530,-0.0050,10904.9200
Road_floor,-1765.2530,-0.0050,9904.9200,-765.2531,-0.0050,10904.9200,-765.2531,-0.0050,9904.9200
Road_floor,-1738.4800,-0.0050,9947.5610,-2738.4790,-0.0050,8947.5610,-2738.4790,-0.0050,9947.5610
Road_floor,-2738.4790,-0.0050,8947.5610,-1738.4800,-0.0050,9947.5610,-1738.4800,-0.0050,8947.5610
Road_floor,-1738.4800,-0.0050,10904.9200,-2738.4790,-0.0050,9904.9200,-2738.4790,-0.0050,10904.9200
Road_floor,-2738.4790,-0.0050,9904.9200,-1738.4800,-0.0050,10904.9200,-1738.4800,-0.0050,9904.9200
Road_floor,220.2671,-0.0050,10904.9200,-779.7328,-0.0050,9904.9200,-779.7328,-0.0050,10904.9200
Road_floor,-779.7328,-0.0050,9904.9200,220.2671,-0.0050,10904.9200,220.2671,-0.0050,9904.9200
UNIConcrete,221.2839,231.4406,6987.8090,-251.2835,227.7193,6995.3380,-251.2835,231.4406,6987.8100
UNIConcrete,-251.2835,227.7193,6995.3380,221.2839,231.4406,6987.8090,221.2839,227.7193,6995.3380
UNIConcrete,221.2839,244.1739,6993.5980,-251.2835,231.4406,6987.8100,-251.2835,244.1739,6993.5980
UNIConcrete,-251.2835,231.4406,6987.8100,221.2839,244.1739,6993.5980,221.2839,231.4406,6987.8090
UNIConcrete,221.2839,244.1741,7032.4010,-251.2835,244.1739,6993.5980,-251.2835,244.1741,7032.4010
UNIConcrete,-251.2835,244.1739,6993.5980,221.2839,244.1741,7032.4010,221.2839,244.1739,6993.5980
UNIConcrete,221.2839,-4.1741,6995.3380,-251.2835,227.7193,6995.3380,221.2839,227.7193,6995.3380
UNIConcrete,-251.2835,227.7193,6995.3380,221.2839,-4.1741,6995.3380,-251.2835,-4.1741,6995.3380
UNIConcrete,221.2839,-4.1739,7030.6600,-251.2835,227.7195,7030.6600,-251.2835,-4.1739,7030.6600
UNIConcrete,-251.2835,227.7195,7030.6600,221.2839,-4.1739,7030.6600,221.2837,227.7195,7030.6600
UNIConcrete,221.2839,244.1741,7032.4010,-251.2837,231.4408,7038.1890,221.2837,231.4408,7038.1890
UNIConcrete,-251.2837,231.4408,7038.1890,221.2839,244.1741,7032.4010,-251.2835,244.1741,7032.4010
UNIConcrete,221.2837,231.4408,7038.1890,-251.2835,227.7195,7030.6600,221.2837,227.7195,7030.6600
UNIConcrete,-251.2835,227.7195,7030.6600,221.2837,231.4408,7038.1890,-251.2837,231.4408,7038.1890
UNIConcrete,-243.7229,231.4406,6987.2760,-716.2903,227.7193,6994.8050,-716.2903,231.4406,6987.2760
UNIConcrete,-716.2903,227.7193,6994.8050,-243.7229,231.4406,6987.2760,-243.7229,227.7193,6994.8050
UNIConcrete,-243.7229,244.1739,6993.0640,-716.2903,231.4406,6987.2760,-716.2903,244.1739,6993.0640
UNIConcrete,-716.2903,231.4406,6987.2760,-243.7229,244.1739,6993.0640,-243.7229,231.4406,6987.2760
UNIConcrete,-243.7229,244.1741,7031.8680,-716.2903,244.1739,6993.0640,-716.2903,244.1741,7031.8680
UNIConcrete,-716.2903,244.1739,6993.0640,-243.7229,244.1741,7031.8680,-243.7229,244.1739,6993.0640
UNIConcrete,-243.7229,-4.1741,6994.8050,-716.2903,227.7193,6994.8050,-243.7229,227.7193,6994.8050
UNIConcrete,-716.2903,227.7193,6994.8050,-243.7229,-4.1741,6994.8050,-716.2903,-4.1741,6994.8050
UNIConcrete,-243.7229,-4.1739,7030.1260,-716.2903,227.7195,7030.1260,-716.2903,-4.1739,7030.1260
UNIConcrete,-716.2903,227.7195,7030.1260,-243.7229,-4.1739,7030.1260,-243.7231,227.7195,7030.1260
UNIConcrete,-243.7229,244.1741,7031.8680,-716.2905,231.4408,7037.6560,-243.7231,231.4408,7037.6560
UNIConcrete,-716.2905,231.4408,7037.6560,-243.7229,244.1741,7031.8680,-716.2903,244.1741,7031.8680
UNIConcrete,-243.7231,231.4408,7037.6560,-716.2903,227.7195,7030.1260,-243.7231,227.7195,7030.1260
UNIConcrete,-716.2903,227.7195,7030.1260,-243.7231,231.4408,7037.6560,-716.2905,231.4408,7037.6560
UNIConcrete,-705.7155,231.4406,6986.7380,-1178.2830,227.7193,6994.2670,-1178.2830,231.4406,6986.7390
UNIConcrete,-1178.2830,227.7193,6994.2670,-705.7155,231.4406,6986.7380,-705.7155,227.7193,6994.2670
UNIConcrete,-705.7155,244.1739,6992.5260,-1178.2830,231.4406,6986.7390,-1178.2830,244.1739,6992.5260
UNIConcrete,-1178.2830,231.4406,6986.7390,-705.7155,244.1739,6992.5260,-705.7155,231.4406,6986.7380
UNIConcrete,-705.7155,244.1741,7031.3300,-1178.2830,244.1739,6992.5260,-1178.2830,244.1741,7031.3300
UNIConcrete,-1178.2830,244.1739,6992.5260,-705.7155,244.1741,7031.3300,-705.7155,244.1739,6992.5260
UNIConcrete,-705.7155,-4.1741,6994.2670,-1178.2830,227.7193,6994.2670,-705.7155,227.7193,6994.2670
UNIConcrete,-1178.2830,227.7193,6994.2670,-705.7155,-4.1741,6994.2670,-1178.2830,-4.1741,6994.2670
UNIConcrete,-705.7155,-4.1739,7029.5880,-1178.2830,227.7195,7029.5880,-1178.2830,-4.1739,7029.5880
UNIConcrete,-1178.2830,227.7195,7029.5880,-705.7155,-4.1739,7029.5880,-705.7156,227.7195,7029.5880
UNIConcrete,-705.7155,244.1741,7031.3300,-1178.2830,231.4408,7037.1190,-705.7156,231.4408,7037.1190
UNIConcrete,-1178.2830,231.4408,7037.1190,-705.7155,244.1741,7031.3300,-1178.2830,244.1741,7031.3300
UNIConcrete,-705.7156,231.4408,7037.1190,-1178.2830,227.7195,7029.5880,-705.7156,227.7195,7029.5880
UNIConcrete,-1178.2830,227.7195,7029.5880,-705.7156,231.4408,7037.1190,-1178.2830,231.4408,7037.1190
UNIConcrete,-1170.7130,231.4406,6986.1840,-1643.2800,227.7193,6993.7130,-1643.2800,231.4406,6986.1850
UNIConcrete,-1643.2800,227.7193,6993.7130,-1170.7130,231.4406,6986.1840,-1170.7130,227.7193,6993.7130
UNIConcrete,-1170.7130,244.1739,6991.9720,-1643.2800,231.4406,6986.1850,-1643.2800,244.1739,6991.9720
UNIConcrete,-1643.2800,231.4406,6986.1850,-1170.7130,244.1739,6991.9720,-1170.7130,231.4406,6986.1840
UNIConcrete,-1170.7130,244.1741,7030.7760,-1643.2800,244.1739,6991.9720,-1643.2800,244.1741,7030.7760
UNIConcrete,-1643.2800,244.1739,6991.9720,-1170.7130,244.1741,7030.7760,-1170.7130,244.1739,6991.9720
UNIConcrete,-1170.7130,-4.1741,6993.7130,-1643.2800,227.7193,6993.7130,-1170.7130,227.7193,6993.7130
UNIConcrete,-1643.2800,227.7193,6993.7130,-1170.7130,-4.1741,6993.7130,-1643.2800,-4.1741,6993.7130
UNIConcrete,-1170.7130,-4.1739,7029.0340,-1643.2800,227.7195,7029.0340,-1643.2800,-4.1739,7029.0340
UNIConcrete,-1643.2800,227.7195,7029.0340,-1170.7130,-4.1739,7029.0340,-1170.7130,227.7195,7029.0340
UNIConcrete,-1170.7130,244.1741,7030.7760,-1643.2800,231.4408,7036.5640,-1170.7130,231.4408,7036.5640
UNIConcrete,-1643.2800,231.4408,7036.5640,-1170.7130,244.1741,7030.7760,-1643.2800,244.1741,7030.7760
UNIConcrete,-1170.7130,231.4408,7036.5640,-1643.2800,227.7195,7029.0340,-1170.7130,227.7195,7029.0340
UNIConcrete,-1643.2800,227.7195,7029.0340,-1170.7130,231.4408,7036.5640,-1643.2800,231.4408,7036.5640
UNIConcrete,-1611.7050,231.4406,6985.6890,-2084.2720,227.7193,6993.2180,-2084.2720,231.4406,6985.6890
UNIConcrete,-2084.2720,227.7193,6993.2180,-1611.7050,231.4406,6985.6890,-1611.7050,227.7193,6993.2180
UNIConcrete,-1611.7050,244.1739,6991.4770,-2084.2720,231.4406,6985.6890,-2084.2720,244.1739,6991.4770
UNIConcrete,-2084.2720,231.4406,6985.6890,-1611.7050,244.1739,6991.4770,-1611.7050,231.4406,6985.6890
UNIConcrete,-1611.7050,244.1741,7030.2810,-2084.2720,244.1739,6991.4770,-2084.2720,244.1741,7030.2810
UNIConcrete,-2084.2720,244.1739,6991.4770,-1611.7050,244.1741,7030.2810,-1611.7050,244.1739,6991.4770
UNIConcrete,-1611.7050,-4.1741,6993.2180,-2084.2720,227.7193,6993.2180,-1611.7050,227.7193,6993.2180
UNIConcrete,-2084.2720,227.7193,6993.2180,-1611.7050,-4.1741,6993.2180,-2084.2720,-4.1741,6993.2180
UNIConcrete,-1611.7050,-4.1739,7028.5390,-2084.2720,227.7195,7028.5390,-2084.2720,-4.1739,7028.5390
UNIConcrete,-2084.2720,227.7195,7028.5390,-1611.7050,-4.1739,7028.5390,-1611.7050,227.7195,7028.5390
UNIConcrete,-1611.7050,244.1741,7030.2810,-2084.2720,231.4408,7036.0690,-1611.7050,231.4408,7036.0690
UNIConcrete,-2084.2720,231.4408,7036.0690,-1611.7050,244.1741,7030.2810,-2084.2720,244.1741,7030.2810
UNIConcrete,-1611.7050,231.4408,7036.0690,-2084.2720,227.7195,7028.5390,-1611.7050,227.7195,7028.5390
UNIConcrete,-2084.2720,227.7195,7028.5390,-1611.7050,231.4408,7036.0690,-2084.2720,231.4408,7036.0690
UNIConcrete,-2076.7130,231.4406,6985.1520,-2549.2800,227.7193,6992.6820,-2549.2800,231.4406,6985.1530
UNIConcrete,-2549.2800,227.7193,6992.6820,-2076.7130,231.4406,6985.1520,-2076.7130,227.7193,6992.6820
UNIConcrete,-2076.7130,244.1739,6990.9410,-2549.2800,231.4406,6985.1530,-2549.2800,244.1739,6990.9410
UNIConcrete,-2549.2800,231.4406,6985.1530,-2076.7130,244.1739,6990.9410,-2076.7130,231.4406,6985.1520
UNIConcrete,-2076.7130,244.1741,7029.7450,-2549.2800,244.1739,6990.9410,-2549.2800,244.1741,7029.7450
UNIConcrete,-2549.2800,244.1739,6990.9410,-2076.7130,244.1741,7029.7450,-2076.7130,244.1739,6990.9410
UNIConcrete,-2076.7130,-4.1741,6992.6820,-2549.2800,227.7193,6992.6820,-2076.7130,227.7193,6992.6820
UNIConcrete,-2549.2800,227.7193,6992.6820,-2076.7130,-4.1741,6992.6820,-2549.2800,-4.1741,6992.6820
UNIConcrete,-2076.7130,-4.1739,7028.0030,-2549.2800,227.7195,7028.0030,-2549.2800,-4.1739,7028.0030
UNIConcrete,-2549.2800,227.7195,7028.0030,-2076.7130,-4.1739,7028.0030,-2076.7130,227.7195,7028.0030
UNIConcrete,-2076.7130,244.1741,7029.7450,-2549.2800,231.4408,7035.5330,-2076.7130,231.4408,7035.5330
UNIConcrete,-2549.2800,231.4408,7035.5330,-2076.7130,244.1741,7029.7450,-2549.2800,244.1741,7029.7450
UNIConcrete,-2076.7130,231.4408,7035.5330,-2549.2800,227.7195,7028.0030,-2076.7130,227.7195,7028.0030
UNIConcrete,-2549.2800,227.7195,7028.0030,-2076.7130,231.4408,7035.5330,-2549.2800,231.4408,7035.5330
UNIConcrete,-2538.7100,231.4406,6984.6240,-3011.2780,227.7193,6992.1530,-3011.2780,231.4406,6984.6250
UNIConcrete,-3011.2780,227.7193,6992.1530,-2538.7100,231.4406,6984.6240,-2538.7100,227.7193,6992.1530
UNIConcrete,-2538.7100,244.1739,6990.4120,-3011.2780,231.4406,6984.6250,-3011.2780,244.1739,6990.4120
UNIConcrete,-3011.2780,231.4406,6984.6250,-2538.7100,244.1739,6990.4120,-2538.7100,231.4406,6984.6240
UNIConcrete,-2538.7100,244.1741,7029.2160,-3011.2780,244.1739,6990.4120,-3011.2780,244.1741,7029.2160
UNIConcrete,-3011.2780,244.1739,6990.4120,-2538.7100,244.1741,7029.2160,-2538.7100,244.1739,6990.4120
UNIConcrete,-2538.7100,-4.1741,6992.1530,-3011.2780,227.7193,6992.1530,-2538.7100,227.7193,6992.1530
UNIConcrete,-3011.2780,227.7193,6992.1530,-2538.7100,-4.1741,6992.1530,-3011.2780,-4.1741,6992.1530
UNIConcrete,-2538.7100,-4.1739,7027.4740,-3011.2780,227.7195,7027.4740,-3011.2780,-4.1739,7027.4740
UNIConcrete,-3011.2780,227.7195,7027.4740,-2538.7100,-4.1739,7027.4740,-2538.7110,227.7195,7027.4740
UNIConcrete,-2538.7100,244.1741,7029.2160,-3011.2780,231.4408,7035.0040,-2538.7110,231.4408,7035.0040
UNIConcrete,-3011.2780,231.4408,7035.0040,-2538.7100,244.1741,7029.2160,-3011.2780,244.1741,7029.2160
UNIConcrete,-2538.7110,231.4408,7035.0040,-3011.2780,227.7195,7027.4740,-2538.7110,227.7195,7027.4740
UNIConcrete,-3011.2780,227.7195,7027.4740,-2538.7110,231.4408,7035.0040,-3011.2780,231.4408,7035.0040
UNIConcrete,221.2832,231.4406,10890.8800,-251.2842,227.7193,10898.4100,-251.2842,231.4406,10890.8800
UNIConcrete,-251.2842,227.7193,10898.4100,221.2832,231.4406,10890.8800,221.2832,227.7193,10898.4100
UNIConcrete,221.2832,244.1739,10896.6700,-251.2842,231.4406,10890.8800,-251.2842,244.1739,10896.6700
UNIConcrete,-251.2842,231.4406,10890.8800,221.2832,244.1739,10896.6700,221.2832,231.4406,10890.8800
UNIConcrete,221.2832,244.1741,10935.4700,-251.2842,244.1739,10896.6700,-251.2842,244.1741,10935.4700
UNIConcrete,-251.2842,244.1739,10896.6700,221.2832,244.1741,10935.4700,221.2832,244.1739,10896.6700
UNIConcrete,221.2832,-4.1741,10898.4100,-251.2842,227.7193,10898.4100,221.2832,227.7193,10898.4100
UNIConcrete,-251.2842,227.7193,10898.4100,221.2832,-4.1741,10898.4100,-251.2842,-4.1741,10898.4100
UNIConcrete,221.2832,-4.1739,10933.7300,-251.2842,227.7195,10933.7300,-251.2842,-4.1739,10933.7300
UNIConcrete,-251.2842,227.7195,10933.7300,221.2832,-4.1739,10933.7300,221.2830,227.7195,10933.7300
UNIConcrete,221.2832,244.1741,10935.4700,-251.2844,231.4408,10941.2600,221.2830,231.4408,10941.2600
UNIConcrete,-251.2844,231.4408,10941.2600,221.2832,244.1741,10935.4700,-251.2842,244.1741,10935.4700
UNIConcrete,221.2830,231.4408,10941.2600,-251.2842,227.7195,10933.7300,221.2830,227.7195,10933.7300
UNIConcrete,-251.2842,227.7195,10933.7300,221.2830,231.4408,10941.2600,-251.2844,231.4408,10941.2600
UNIConcrete,-243.7236,231.4406,10890.3500,-716.2910,227.7193,10897.8800,-716.2910,231.4406,10890.3500
UNIConcrete,-716.2910,227.7193,10897.8800,-243.7236,231.4406,10890.3500,-243.7236,227.7193,10897.8800
UNIConcrete,-243.7236,244.1739,10896.1400,-716.2910,231.4406,10890.3500,-716.2910,244.1739,10896.1400
UNIConcrete,-716.2910,231.4406,10890.3500,-243.7236,244.1739,10896.1400,-243.7236,231.4406,10890.3500
UNIConcrete,-243.7236,244.1741,10934.9400,-716.2910,244.1739,10896.1400,-716.2910,244.1741,10934.9400
UNIConcrete,-716.2910,244.1739,10896.1400,-243.7236,244.1741,10934.9400,-243.7236,244.1739,10896.1400
UNIConcrete,-243.7236,-4.1741,10897.8800,-716.2910,227.7193,10897.8800,-243.7236,227.7193,10897.8800
UNIConcrete,-716.2910,227.7193,10897.8800,-243.7236,-4.1741,10897.8800,-716.2910,-4.1741,10897.8800
UNIConcrete,-243.7236,-4.1739,10933.2000,-716.2910,227.7195,10933.2000,-716.2910,-4.1739,10933.2000
UNIConcrete,-716.2910,227.7195,10933.2000,-243.7236,-4.1739,10933.2000,-243.7238,227.7195,10933.2000
UNIConcrete,-243.7236,244.1741,10934.9400,-716.2911,231.4408,10940.7300,-243.7238,231.4408,10940.7300
UNIConcrete,-716.2911,231.4408,10940.7300,-243.7236,244.1741,10934.9400,-716.2910,244.1741,10934.9400
UNIConcrete,-243.7238,231.4408,10940.7300,-716.2910,227.7195,10933.2000,-243.7238,227.7195,10933.2000
UNIConcrete,-716.2910,227.7195,10933.2000,-243.7238,231.4408,10940.7300,-716.2911,231.4408,10940.7300
UNIConcrete,-1170.7130,231.4406,10889.2600,-1643.2810,227.7193,10896.7900,-1643.2810,231.4406,10889.2600
UNIConcrete,-1643.2810,227.7193,10896.7900,-1170.7130,231.4406,10889.2600,-1170.7130,227.7193,10896.7900
UNIConcrete,-1170.7130,244.1739,10895.0400,-1643.2810,231.4406,10889.2600,-1643.2810,244.1739,10895.0400
UNIConcrete,-1643.2810,231.4406,10889.2600,-1170.7130,244.1739,10895.0400,-1170.7130,231.4406,10889.2600
UNIConcrete,-1170.7130,244.1741,10933.8500,-1643.2810,244.1739,10895.0400,-1643.2810,244.1741,10933.8500
UNIConcrete,-1643.2810,244.1739,10895.0400,-1170.7130,244.1741,10933.8500,-1170.7130,244.1739,10895.0400
UNIConcrete,-1170.7130,-4.1741,10896.7900,-1643.2810,227.7193,10896.7900,-1170.7130,227.7193,10896.7900
UNIConcrete,-1643.2810,227.7193,10896.7900,-1170.7130,-4.1741,10896.7900,-1643.2810,-4.1741,10896.7900
UNIConcrete,-1170.7130,-4.1739,10932.1100,-1643.2810,227.7195,10932.1100,-1643.2810,-4.1739,10932.1100
UNIConcrete,-1643.2810,227.7195,10932.1100,-1170.7130,-4.1739,10932.1100,-1170.7130,227.7195,10932.1100
UNIConcrete,-1170.7130,244.1741,10933.8500,-1643.2810,231.4408,10939.6400,-1170.7130,231.4408,10939.6400
UNIConcrete,-1643.2810,231.4408,10939.6400,-1170.7130,244.1741,10933.8500,-1643.2810,244.1741,10933.8500
UNIConcrete,-1170.7130,231.4408,10939.6400,-1643.2810,227.7195,10932.1100,-1170.7130,227.7195,10932.1100
UNIConcrete,-1643.2810,227.7195,10932.1100,-1170.7130,231.4408,10939.6400,-1643.2810,231.4408,10939.6400
UNIConcrete,-705.7161,231.4406,10889.8100,-1178.2830,227.7193,10897.3400,-1178.2830,231.4406,10889.8100
UNIConcrete,-1178.2830,227.7193,10897.3400,-705.7161,231.4406,10889.8100,-705.7161,227.7193,10897.3400
UNIConcrete,-705.7161,244.1739,10895.6000,-1178.2830,231.4406,10889.8100,-1178.2830,244.1739,10895.6000
UNIConcrete,-1178.2830,231.4406,10889.8100,-705.7161,244.1739,10895.6000,-705.7161,231.4406,10889.8100
UNIConcrete,-705.7161,244.1741,10934.4000,-1178.2830,244.1739,10895.6000,-1178.2830,244.1741,10934.4000
UNIConcrete,-1178.2830,244.1739,10895.6000,-705.7161,244.1741,10934.4000,-705.7161,244.1739,10895.6000
UNIConcrete,-705.7161,-4.1741,10897.3400,-1178.2830,227.7193,10897.3400,-705.7161,227.7193,10897.3400
UNIConcrete,-1178.2830,227.7193,10897.3400,-705.7161,-4.1741,10897.3400,-1178.2830,-4.1741,10897.3400
UNIConcrete,-705.7161,-4.1739,10932.6600,-1178.2830,227.7195,10932.6600,-1178.2830,-4.1739,10932.6600
UNIConcrete,-1178.2830,227.7195,10932.6600,-705.7161,-4.1739,10932.6600,-705.7163,227.7195,10932.6600
UNIConcrete,-705.7161,244.1741,10934.4000,-1178.2840,231.4408,10940.1900,-705.7163,231.4408,10940.1900
UNIConcrete,-1178.2840,231.4408,10940.1900,-705.7161,244.1741,10934.4000,-1178.2830,244.1741,10934.4000
UNIConcrete,-705.7163,231.4408,10940.1900,-1178.2830,227.7195,10932.6600,-705.7163,227.7195,10932.6600
UNIConcrete,-1178.2830,227.7195,10932.6600,-705.7163,231.4408,10940.1900,-1178.2840,231.4408,10940.1900
UNIConcrete,259.7329,231.4406,9983.2850,252.2037,227.7193,9510.7180,259.7329,231.4406,9510.7180
UNIConcrete,252.2037,227.7193,9510.7180,259.7329,231.4406,9983.2850,252.2037,227.7193,9983.2850
UNIConcrete,253.9447,244.1739,9983.2850,259.7329,231.4406,9510.7180,253.9447,244.1739,9510.7180
UNIConcrete,259.7329,231.4406,9510.7180,253.9447,244.1739,9983.2850,259.7329,231.4406,9983.2850
UNIConcrete,215.1410,244.1741,9983.2850,253.9447,244.1739,9510.7180,215.1410,244.1741,9510.7180
UNIConcrete,253.9447,244.1739,9510.7180,215.1410,244.1741,9983.2850,253.9447,244.1739,9983.2850
UNIConcrete,252.2037,-4.1741,9983.2850,252.2037,227.7193,9510.7180,252.2037,227.7193,9983.2850
UNIConcrete,252.2037,227.7193,9510.7180,252.2037,-4.1741,9983.2850,252.2037,-4.1741,9510.7180
UNIConcrete,216.8828,-4.1739,9983.2850,216.8828,227.7195,9510.7180,216.8828,-4.1739,9510.7180
UNIConcrete,216.8828,227.7195,9510.7180,216.8828,-4.1739,9983.2850,216.8828,227.7195,9983.2850
UNIConcrete,215.1410,244.1741,9983.2850,209.3528,231.4408,9510.7170,209.3528,231.4408,9983.2850
UNIConcrete,209.3528,231.4408,9510.7170,215.1410,244.1741,9983.2850,215.1410,244.1741,9510.7180
UNIConcrete,209.3528,231.4408,9983.2850,216.8828,227.7195,9510.7180,216.8828,227.7195,9983.2850
UNIConcrete,216.8828,227.7195,9510.7180,209.3528,231.4408,9983.2850,209.3528,231.4408,9510.7170
UNIConcrete,-2725.8100,231.4406,9057.2840,-2733.3390,227.7193,8584.7170,-2725.8100,231.4406,8584.7170
UNIConcrete,-2733.3390,227.7193,8584.7170,-2725.8100,231.4406,9057.2840,-2733.3390,227.7193,9057.2840
UNIConcrete,-2731.5980,244.1739,9057.2840,-2725.8100,231.4406,8584.7170,-2731.5980,244.1739,8584.7170
UNIConcrete,-2725.8100,231.4406,8584.7170,-2731.5980,244.1739,9057.2840,-2725.8100,231.4406,9057.2840
UNIConcrete,-2770.4020,244.1741,9057.2840,-2731.5980,244.1739,8584.7170,-2770.4020,244.1741,8584.7170
UNIConcrete,-2731.5980,244.1739,8584.7170,-2770.4020,244.1741,9057.2840,-2731.5980,244.1739,9057.2840
UNIConcrete,-2733.3390,-4.1741,9057.2840,-2733.3390,227.7193,8584.7170,-2733.3390,227.7193,9057.2840
UNIConcrete,-2733.3390,227.7193,8584.7170,-2733.3390,-4.1741,9057.2840,-2733.3390,-4.1741,8584.7170
UNIConcrete,-2768.6600,-4.1739,9057.2840,-2768.6600,227.7195,8584.7170,-2768.6600,-4.1739,8584.7170
UNIConcrete,-2768.6600,227.7195,8584.7170,-2768.6600,-4.1739,9057.2840,-2768.6600,227.7195,9057.2840
UNIConcrete,-2770.4020,244.1741,9057.2840,-2776.1900,231.4408,8584.7160,-2776.1900,231.4408,9057.2840
UNIConcrete,-2776.1900,231.4408,8584.7160,-2770.4020,244.1741,9057.2840,-2770.4020,244.1741,8584.7170
UNIConcrete,-2776.1900,231.4408,9057.2840,-2768.6600,227.7195,8584.7170,-2768.6600,227.7195,9057.2840
UNIConcrete,-2768.6600,227.7195,8584.7170,-2776.1900,231.4408,9057.2840,-2776.1900,231.4408,8584.7160
UNIConcrete,-2726.8100,231.4406,8585.5840,-2734.3390,227.7193,8113.0160,-2726.8100,231.4406,8113.0160
UNIConcrete,-2734.3390,227.7193,8113.0160,-2726.8100,231.4406,8585.5840,-2734.3390,227.7193,8585.5840
UNIConcrete,-2732.5980,244.1739,8585.5840,-2726.8100,231.4406,8113.0160,-2732.5980,244.1739,8113.0160
UNIConcrete,-2726.8100,231.4406,8113.0160,-2732.5980,244.1739,8585.5840,-2726.8100,231.4406,8585.5840
UNIConcrete,-2771.4020,244.1741,8585.5840,-2732.5980,244.1739,8113.0160,-2771.4020,244.1741,8113.0160
UNIConcrete,-2732.5980,244.1739,8113.0160,-2771.4020,244.1741,8585.5840,-2732.5980,244.1739,8585.5840
UNIConcrete,-2734.3390,-4.1741,8585.5840,-2734.3390,227.7193,8113.0160,-2734.3390,227.7193,8585.5840
UNIConcrete,-2734.3390,227.7193,8113.0160,-2734.3390,-4.1741,8585.5840,-2734.3390,-4.1741,8113.0160
UNIConcrete,-2769.6600,-4.1739,8585.5840,-2769.6600,227.7195,8113.0160,-2769.6600,-4.1739,8113.0160
UNIConcrete,-2769.6600,227.7195,8113.0160,-2769.6600,-4.1739,8585.5840,-2769.6600,227.7195,8585.5840
UNIConcrete,-2771.4020,244.1741,8585.5840,-2777.1900,231.4408,8113.0160,-2777.1900,231.4408,8585.5840
UNIConcrete,-2777.1900,231.4408,8113.0160,-2771.4020,244.1741,8585.5840,-2771.4020,244.1741,8113.0160
UNIConcrete,-2777.1900,231.4408,8585.5840,-2769.6600,227.7195,8113.0160,-2769.6600,227.7195,8585.5840
UNIConcrete,-2769.6600,227.7195,8113.0160,-2777.1900,231.4408,8585.5840,-2777.1900,231.4408,8113.0160
UNIConcrete,-2726.8100,231.4406,8122.2840,-2734.3390,227.7193,7649.7160,-2726.8100,231.4406,7649.7160
UNIConcrete,-2734.3390,227.7193,7649.7160,-2726.8100,231.4406,8122.2840,-2734.3390,227.7193,8122.2840
UNIConcrete,-2732.5980,244.1739,8122.2840,-2726.8100,231.4406,7649.7160,-2732.5980,244.1739,7649.7160
UNIConcrete,-2726.8100,231.4406,7649.7160,-2732.5980,244.1739,8122.2840,-2726.8100,231.4406,8122.2840
UNIConcrete,-2771.4020,244.1741,8122.2840,-2732.5980,244.1739,7649.7160,-2771.4020,244.1741,7649.7160
UNIConcrete,-2732.5980,244.1739,7649.7160,-2771.4020,244.1741,8122.2840,-2732.5980,244.1739,8122.2840
UNIConcrete,-2734.3390,-4.1741,8122.2840,-2734.3390,227.7193,7649.7160,-2734.3390,227.7193,8122.2840
UNIConcrete,-2734.3390,227.7193,7649.7160,-2734.3390,-4.1741,8122.2840,-2734.3390,-4.1741,7649.7160
UNIConcrete,-2769.6600,-4.1739,8122.2840,-2769.6600,227.7195,7649.7160,-2769.6600,-4.1739,7649.7160
UNIConcrete,-2769.6600,227.7195,7649.7160,-2769.6600,-4.1739,8122.2840,-2769.6600,227.7195,8122.2840
UNIConcrete,-2771.4020,244.1741,8122.2840,-2777.1900,231.4408,7649.7160,-2777.1900,231.4408,8122.2840
UNIConcrete,-2777.1900,231.4408,7649.7160,-2771.4020,244.1741,8122.2840,-2771.4020,244.1741,7649.7160
UNIConcrete,-2777.1900,231.4408,8122.2840,-2769.6600,227.7195,7649.7160,-2769.6600,227.7195,8122.2840
UNIConcrete,-2769.6600,227.7195,7649.7160,-2777.1900,231.4408,8122.2840,-2777.1900,231.4408,7649.7160
UNIConcrete,-2728.8100,231.4406,7660.2840,-2736.3390,227.7193,7187.7170,-2728.8100,231.4406,7187.7170
UNIConcrete,-2736.3390,227.7193,7187.7170,-2728.8100,231.4406,7660.2840,-2736.3390,227.7193,7660.2840
UNIConcrete,-2734.5980,244.1739,7660.2840,-2728.8100,231.4406,7187.7170,-2734.5980,244.1739,7187.7170
UNIConcrete,-2728.8100,231.4406,7187.7170,-2734.5980,244.1739,7660.2840,-2728.8100,231.4406,7660.2840
UNIConcrete,-2773.4020,244.1741,7660.2840,-2734.5980,244.1739,7187.7170,-2773.4020,244.1741,7187.7170
UNIConcrete,-2734.5980,244.1739,7187.7170,-2773.4020,244.1741,7660.2840,-2734.5980,244.1739,7660.2840
UNIConcrete,-2736.3390,-4.1741,7660.2840,-2736.3390,227.7193,7187.7170,-2736.3390,227.7193,7660.2840
UNIConcrete,-2736.3390,227.7193,7187.7170,-2736.3390,-4.1741,7660.2840,-2736.3390,-4.1741,7187.7170
UNIConcrete,-2771.6600,-4.1739,7660.2840,-2771.6600,227.7195,7187.7170,-2771.6600,-4.1739,7187.7170
UNIConcrete,-2771.6600,227.7195,7187.7170,-2771.6600,-4.1739,7660.2840,-2771.6600,227.7195,7660.2840
UNIConcrete,-2773.4020,244.1741,7660.2840,-2779.1900,231.4408,7187.7160,-2779.1900,231.4408,7660.2840
UNIConcrete,-2779.1900,231.4408,7187.7160,-2773.4020,244.1741,7660.2840,-2773.4020,244.1741,7187.7170
UNIConcrete,-2779.1900,231.4408,7660.2840,-2771.6600,227.7195,7187.7170,-2771.6600,227.7195,7660.2840
UNIConcrete,-2771.6600,227.7195,7187.7170,-2779.1900,231.4408,7660.2840,-2779.1900,231.4408,7187.7160
UNIConcrete,-2729.8100,231.4406,7282.2840,-2737.3390,227.7193,6809.7170,-2729.8100,231.4406,6809.7170
UNIConcrete,-2737.3390,227.7193,6809.7170,-2729.8100,231.4406,7282.2840,-2737.3390,227.7193,7282.2840
UNIConcrete,-2735.5980,244.1739,7282.2840,-2729.8100,231.4406,6809.7170,-2735.5980,244.1739,6809.7170
UNIConcrete,-2729.8100,231.4406,6809.7170,-2735.5980,244.1739,7282.2840,-2729.8100,231.4406,7282.2840
UNIConcrete,-2774.4020,244.1741,7282.2840,-2735.5980,244.1739,6809.7170,-2774.4020,244.1741,6809.7170
UNIConcrete,-2735.5980,244.1739,6809.7170,-2774.4020,244.1741,7282.2840,-2735.5980,244.1739,7282.2840
UNIConcrete,-2737.3390,-4.1741,7282.2840,-2737.3390,227.7193,6809.7170,-2737.3390,227.7193,7282.2840
UNIConcrete,-2737.3390,227.7193,6809.7170,-2737.3390,-4.1741,7282.2840,-2737.3390,-4.1741,6809.7170
UNIConcrete,-2772.6600,-4.1739,7282.2840,-2772.6600,227.7195,6809.7170,-2772.6600,-4.1739,6809.7170
UNIConcrete,-2772.6600,227.7195,6809.7170,-2772.6600,-4.1739,7282.2840,-2772.6600,227.7195,7282.2840
UNIConcrete,-2774.4020,244.1741,7282.2840,-2780.1900,231.4408,6809.7160,-2780.1900,231.4408,7282.2840
UNIConcrete,-2780.1900,231.4408,6809.7160,-2774.4020,244.1741,7282.2840,-2774.4020,244.1741,6809.7170
UNIConcrete,-2780.1900,231.4408,7282.2840,-2772.6600,227.7195,6809.7170,-2772.6600,227.7195,7282.2840
UNIConcrete,-2772.6600,227.7195,6809.7170,-2780.1900,231.4408,7282.2840,-2780.1900,231.4408,6809.7160
UNIConcrete,258.1903,231.4406,9564.2840,250.6611,227.7193,9091.7160,258.1903,231.4406,9091.7160
UNIConcrete,250.6611,227.7193,9091.7160,258.1903,231.4406,9564.2840,250.6611,227.7193,9564.2840
UNIConcrete,252.4021,244.1739,9564.2840,258.1903,231.4406,9091.7160,252.4021,244.1739,9091.7160
UNIConcrete,258.1903,231.4406,9091.7160,252.4021,244.1739,9564.2840,258.1903,231.4406,9564.2840
UNIConcrete,213.5984,244.1741,9564.2840,252.4021,244.1739,9091.7160,213.5984,244.1741,9091.7160
UNIConcrete,252.4021,244.1739,9091.7160,213.5984,244.1741,9564.2840,252.4021,244.1739,9564.2840
UNIConcrete,250.6611,-4.1741,9564.2840,250.6611,227.7193,9091.7160,250.6611,227.7193,9564.2840
UNIConcrete,250.6611,227.7193,9091.7160,250.6611,-4.1741,9564.2840,250.6611,-4.1741,9091.7160
UNIConcrete,215.3402,-4.1739,9564.2840,215.3402,227.7195,9091.7160,215.3402,-4.1739,9091.7160
UNIConcrete,215.3402,227.7195,9091.7160,215.3402,-4.1739,9564.2840,215.3402,227.7195,9564.2840
UNIConcrete,213.5984,244.1741,9564.2840,207.8102,231.4408,9091.7160,207.8102,231.4408,9564.2840
UNIConcrete,207.8102,231.4408,9091.7160,213.5984,244.1741,9564.2840,213.5984,244.1741,9091.7160
UNIConcrete,207.8102,231.4408,9564.2840,215.3402,227.7195,9091.7160,215.3402,227.7195,9564.2840
UNIConcrete,215.3402,227.7195,9091.7160,207.8102,231.4408,9564.2840,207.8102,231.4408,9091.7160
UNIConcrete,260.4478,231.4406,10445.2800,252.9186,227.7193,9972.7080,260.4478,231.4406,9972.7080
UNIConcrete,252.9186,227.7193,9972.7080,260.4478,231.4406,10445.2800,252.9186,227.7193,10445.2800
UNIConcrete,254.6596,244.1739,10445.2800,260.4478,231.4406,9972.7080,254.6596,244.1739,9972.7080
UNIConcrete,260.4478,231.4406,9972.7080,254.6596,244.1739,10445.2800,260.4478,231.4406,10445.2800
UNIConcrete,215.8560,244.1741,10445.2800,254.6596,244.1739,9972.7080,215.8560,244.1741,9972.7080
UNIConcrete,254.6596,244.1739,9972.7080,215.8560,244.1741,10445.2800,254.6596,244.1739,10445.2800
UNIConcrete,252.9186,-4.1741,10445.2800,252.9186,227.7193,9972.7080,252.9186,227.7193,10445.2800
UNIConcrete,252.9186,227.7193,9972.7080,252.9186,-4.1741,10445.2800,252.9186,-4.1741,9972.7080
UNIConcrete,217.5977,-4.1739,10445.2800,217.5977,227.7195,9972.7080,217.5977,-4.1739,9972.7080
UNIConcrete,217.5977,227.7195,9972.7080,217.5977,-4.1739,10445.2800,217.5977,227.7195,10445.2800
UNIConcrete,215.8560,244.1741,10445.2800,210.0677,231.4408,9972.7070,210.0677,231.4408,10445.2800
UNIConcrete,210.0677,231.4408,9972.7070,215.8560,244.1741,10445.2800,215.8560,244.1741,9972.7080
UNIConcrete,210.0677,231.4408,10445.2800,217.5977,227.7195,9972.7080,217.5977,227.7195,10445.2800
UNIConcrete,217.5977,227.7195,9972.7080,210.0677,231.4408,10445.2800,210.0677,231.4408,9972.7070
UNIConcrete,261.1903,231.4406,10910.2800,253.6611,227.7193,10437.7200,261.1903,231.4406,10437.7200
UNIConcrete,253.6611,227.7193,10437.7200,261.1903,231.4406,10910.2800,253.6611,227.7193,10910.2800
UNIConcrete,255.4021,244.1739,10910.2800,261.1903,231.4406,10437.7200,255.4021,244.1739,10437.7200
UNIConcrete,261.1903,231.4406,10437.7200,255.4021,244.1739,10910.2800,261.1903,231.4406,10910.2800
UNIConcrete,216.5984,244.1741,10910.2800,255.4021,244.1739,10437.7200,216.5984,244.1741,10437.7200
UNIConcrete,255.4021,244.1739,10437.7200,216.5984,244.1741,10910.2800,255.4021,244.1739,10910.2800
UNIConcrete,253.6611,-4.1741,10910.2800,253.6611,227.7193,10437.7200,253.6611,227.7193,10910.2800
UNIConcrete,253.6611,227.7193,10437.7200,253.6611,-4.1741,10910.2800,253.6611,-4.1741,10437.7200
UNIConcrete,218.3402,-4.1739,10910.2800,218.3402,227.7195,10437.7200,218.3402,-4.1739,10437.7200
UNIConcrete,218.3402,227.7195,10437.7200,218.3402,-4.1739,10910.2800,218.3402,227.7195,10910.2800
UNIConcrete,216.5984,244.1741,10910.2800,210.8102,231.4408,10437.7200,210.8102,231.4408,10910.2800
UNIConcrete,210.8102,231.4408,10437.7200,216.5984,244.1741,10910.2800,216.5984,244.1741,10437.7200
UNIConcrete,210.8102,231.4408,10910.2800,218.3402,227.7195,10437.7200,218.3402,227.7195,10910.2800
UNIConcrete,218.3402,227.7195,10437.7200,210.8102,231.4408,10910.2800,210.8102,231.4408,10437.7200
UNIConcrete,-2538.7110,231.4406,10887.7000,-3011.2790,227.7193,10895.2200,-3011.2790,231.4406,10887.7000
UNIConcrete,-3011.2790,227.7193,10895.2200,-2538.7110,231.4406,10887.7000,-2538.7110,227.7193,10895.2200
UNIConcrete,-2538.7110,244.1739,10893.4800,-3011.2790,231.4406,10887.7000,-3011.2790,244.1739,10893.4800
UNIConcrete,-3011.2790,231.4406,10887.7000,-2538.7110,244.1739,10893.4800,-2538.7110,231.4406,10887.7000
UNIConcrete,-2538.7110,244.1741,10932.2900,-3011.2790,244.1739,10893.4800,-3011.2790,244.1741,10932.2900
UNIConcrete,-3011.2790,244.1739,10893.4800,-2538.7110,244.1741,10932.2900,-2538.7110,244.1739,10893.4800
UNIConcrete,-2538.7110,-4.1741,10895.2200,-3011.2790,227.7193,10895.2200,-2538.7110,227.7193,10895.2200
UNIConcrete,-3011.2790,227.7193,10895.2200,-2538.7110,-4.1741,10895.2200,-3011.2790,-4.1741,10895.2200
UNIConcrete,-2538.7110,-4.1739,10930.5500,-3011.2790,227.7195,10930.5500,-3011.2790,-4.1739,10930.5500
UNIConcrete,-3011.2790,227.7195,10930.5500,-2538.7110,-4.1739,10930.5500,-2538.7110,227.7195,10930.5500
UNIConcrete,-2538.7110,244.1741,10932.2900,-3011.2790,231.4408,10938.0800,-2538.7110,231.4408,10938.0800
UNIConcrete,-3011.2790,231.4408,10938.0800,-2538.7110,244.1741,10932.2900,-3011.2790,244.1741,10932.2900
UNIConcrete,-2538.7110,231.4408,10938.0800,-3011.2790,227.7195,10930.5500,-2538.7110,227.7195,10930.5500
UNIConcrete,-3011.2790,227.7195,10930.5500,-2538.7110,231.4408,10938.0800,-3011.2790,231.4408,10938.0800
UNIConcrete,-2076.7140,231.4406,10888.2200,-2549.2810,227.7193,10895.7500,-2549.2810,231.4406,10888.2200
UNIConcrete,-2549.2810,227.7193,10895.7500,-2076.7140,231.4406,10888.2200,-2076.7140,227.7193,10895.7500
UNIConcrete,-2076.7140,244.1739,10894.0100,-2549.2810,231.4406,10888.2200,-2549.2810,244.1739,10894.0100
UNIConcrete,-2549.2810,231.4406,10888.2200,-2076.7140,244.1739,10894.0100,-2076.7140,231.4406,10888.2200
UNIConcrete,-2076.7140,244.1741,10932.8200,-2549.2810,244.1739,10894.0100,-2549.2810,244.1741,10932.8200
UNIConcrete,-2549.2810,244.1739,10894.0100,-2076.7140,244.1741,10932.8200,-2076.7140,244.1739,10894.0100
UNIConcrete,-2076.7140,-4.1741,10895.7500,-2549.2810,227.7193,10895.7500,-2076.7140,227.7193,10895.7500
UNIConcrete,-2549.2810,227.7193,10895.7500,-2076.7140,-4.1741,10895.7500,-2549.2810,-4.1741,10895.7500
UNIConcrete,-2076.7140,-4.1739,10931.0700,-2549.2810,227.7195,10931.0700,-2549.2810,-4.1739,10931.0700
UNIConcrete,-2549.2810,227.7195,10931.0700,-2076.7140,-4.1739,10931.0700,-2076.7140,227.7195,10931.0700
UNIConcrete,-2076.7140,244.1741,10932.8200,-2549.2810,231.4408,10938.6000,-2076.7140,231.4408,10938.6000
UNIConcrete,-2549.2810,231.4408,10938.6000,-2076.7140,244.1741,10932.8200,-2549.2810,244.1741,10932.8200
UNIConcrete,-2076.7140,231.4408,10938.6000,-2549.2810,227.7195,10931.0700,-2076.7140,227.7195,10931.0700
UNIConcrete,-2549.2810,227.7195,10931.0700,-2076.7140,231.4408,10938.6000,-2549.2810,231.4408,10938.6000
UNIConcrete,-1611.7050,231.4406,10888.7600,-2084.2730,227.7193,10896.2900,-2084.2730,231.4406,10888.7600
UNIConcrete,-2084.2730,227.7193,10896.2900,-1611.7050,231.4406,10888.7600,-1611.7050,227.7193,10896.2900
UNIConcrete,-1611.7050,244.1739,10894.5500,-2084.2730,231.4406,10888.7600,-2084.2730,244.1739,10894.5500
UNIConcrete,-2084.2730,231.4406,10888.7600,-1611.7050,244.1739,10894.5500,-1611.7050,231.4406,10888.7600
UNIConcrete,-1611.7050,244.1741,10933.3500,-2084.2730,244.1739,10894.5500,-2084.2730,244.1741,10933.3500
UNIConcrete,-2084.2730,244.1739,10894.5500,-1611.7050,244.1741,10933.3500,-1611.7050,244.1739,10894.5500
UNIConcrete,-1611.7050,-4.1741,10896.2900,-2084.2730,227.7193,10896.2900,-1611.7050,227.7193,10896.2900
UNIConcrete,-2084.2730,227.7193,10896.2900,-1611.7050,-4.1741,10896.2900,-2084.2730,-4.1741,10896.2900
UNIConcrete,-1611.7050,-4.1739,10931.6100,-2084.2730,227.7195,10931.6100,-2084.2730,-4.1739,10931.6100
UNIConcrete,-2084.2730,227.7195,10931.6100,-1611.7050,-4.1739,10931.6100,-1611.7060,227.7195,10931.6100
UNIConcrete,-1611.7050,244.1741,10933.3500,-2084.2730,231.4408,10939.1400,-1611.7060,231.4408,10939.1400
UNIConcrete,-2084.2730,231.4408,10939.1400,-1611.7050,244.1741,10933.3500,-2084.2730,244.1741,10933.3500
UNIConcrete,-1611.7060,231.4408,10939.1400,-2084.2730,227.7195,10931.6100,-1611.7060,227.7195,10931.6100
UNIConcrete,-2084.2730,227.7195,10931.6100,-1611.7060,231.4408,10939.1400,-2084.2730,231.4408,10939.1400
Hangar_v3_basic,-3794.1460,-17.9395,10897.5500,-3794.1450,416.9490,10484.2000,-3794.1470,-17.9397,10484.2000
Hangar_v3_basic,-3794.1450,416.9490,10484.2000,-3794.1460,-17.9395,10897.5500,-3794.1430,416.9490,10897.5500
Hangar_v3_basic,-3787.8230,417.7483,9663.0630,-3520.7720,575.3766,9663.0620,-3520.7730,417.7468,9663.0620
Hangar_v3_basic,-3520.7720,575.3766,9663.0620,-3787.8230,417.7483,9663.0630,-3787.8220,575.3781,9663.0630
Hangar_v3_basic,-3794.1440,917.9473,10277.5300,-3530.0740,667.4594,9655.6470,-3794.1490,667.4611,9655.6480
Hangar_v3_basic,-3530.0740,667.4594,9655.6470,-3794.1440,917.9473,10277.5300,-3530.0690,917.9455,10277.5300
Hangar_v3_basic,-3367.3670,356.7739,9657.5030,-3650.1520,289.7894,9561.8370,-3650.1510,356.7756,9657.5040
Hangar_v3_basic,-3650.1520,289.7894,9561.8370,-3367.3670,356.7739,9657.5030,-3367.3680,289.8027,9561.8360
Hangar_v3_basic,-2755.2230,554.3500,9802.8560,-2755.2220,454.2380,10098.4100,-2755.2240,454.2380,9802.8560
Hangar_v3_basic,-2755.2220,454.2380,10098.4100,-2755.2230,554.3500,9802.8560,-2755.2210,554.3502,10098.4100
Hangar_v3_basic,-3794.1470,-17.9397,10484.2000,-3794.1460,416.9488,10070.8500,-3794.1490,-17.9400,10070.8500
Hangar_v3_basic,-3794.1460,416.9488,10070.8500,-3794.1470,-17.9397,10484.2000,-3794.1450,416.9490,10484.2000
Hangar_v3_basic,-3794.1510,-17.9401,9657.5060,-3624.4640,237.4243,9657.5040,-3624.4650,-17.9412,9657.5040
Hangar_v3_basic,-3624.4640,237.4243,9657.5040,-3794.1510,-17.9401,9657.5060,-3794.1480,416.9485,9657.5060
Hangar_v3_basic,-3794.1480,416.9485,9657.5060,-3399.5320,237.4229,9657.5030,-3624.4640,237.4243,9657.5040
Hangar_v3_basic,-3399.5320,237.4229,9657.5030,-3794.1480,416.9485,9657.5060,-3265.9960,416.9452,9657.5020
Hangar_v3_basic,-3265.9990,-17.9435,9657.5030,-3399.5320,237.4229,9657.5030,-3265.9960,416.9452,9657.5020
Hangar_v3_basic,-3399.5320,237.4229,9657.5030,-3265.9990,-17.9435,9657.5030,-3399.5340,-17.9427,9657.5030
Hangar_v3_basic,-3265.9990,-17.9435,9657.5030,-2737.8470,416.9413,9657.5000,-2737.8500,-17.9474,9657.5000
Hangar_v3_basic,-2737.8470,416.9413,9657.5000,-3265.9990,-17.9435,9657.5030,-3265.9960,416.9452,9657.5020
Hangar_v3_basic,-2737.8440,416.9415,10484.2000,-2737.8450,375.6041,10535.3400,-2737.8440,375.6041,10484.2000
Hangar_v3_basic,-2737.8450,375.6041,10535.3400,-2737.8440,416.9415,10484.2000,-2737.8420,416.9418,10897.5500
Hangar_v3_basic,-2737.8430,270.0165,10802.3500,-2737.8450,375.6041,10535.3400,-2737.8420,416.9418,10897.5500
Hangar_v3_basic,-2737.8450,375.6041,10535.3400,-2737.8430,270.0165,10802.3500,-2737.8450,270.0165,10625.7700
Hangar_v3_basic,-2737.8420,416.9418,10897.5500,-2737.8440,197.8087,10802.3500,-2737.8430,270.0165,10802.3500
Hangar_v3_basic,-2737.8440,197.8087,10802.3500,-2737.8420,416.9418,10897.5500,-2737.8450,-17.9468,10897.5500
Hangar_v3_basic,-2737.8460,197.8087,10625.7700,-2737.8450,375.6041,10535.3400,-2737.8450,270.0165,10625.7700
Hangar_v3_basic,-2737.8450,-17.9468,10897.5500,-2737.8460,197.8087,10625.7700,-2737.8440,197.8087,10802.3500
Hangar_v3_basic,-2737.8450,375.6041,10535.3400,-2737.8460,197.8087,10625.7700,-2737.8470,-17.9471,10535.3400
Hangar_v3_basic,-2737.8460,197.8087,10625.7700,-2737.8450,-17.9468,10897.5500,-2737.8470,-17.9471,10535.3400
Hangar_v3_basic,-2737.8460,416.9413,10070.8500,-2737.8440,375.6041,10484.2000,-2737.8460,375.6040,10070.8500
Hangar_v3_basic,-2737.8440,375.6041,10484.2000,-2737.8460,416.9413,10070.8500,-2737.8440,416.9415,10484.2000
Hangar_v3_basic,-3794.1460,-17.9395,10897.5500,-3265.9920,416.9454,10897.5500,-3794.1430,416.9490,10897.5500
Hangar_v3_basic,-3265.9920,416.9454,10897.5500,-3794.1460,-17.9395,10897.5500,-3265.9950,-17.9432,10897.5500
Hangar_v3_basic,-2737.8420,416.9418,10897.5500,-3265.9950,-17.9432,10897.5500,-2737.8450,-17.9468,10897.5500
Hangar_v3_basic,-3265.9950,-17.9432,10897.5500,-2737.8420,416.9418,10897.5500,-3265.9920,416.9454,10897.5500
Hangar_v3_basic,-3530.0690,917.9455,10277.5300,-3266.0000,667.4576,9655.6460,-3530.0740,667.4594,9655.6470
Hangar_v3_basic,-3266.0000,667.4576,9655.6460,-3530.0690,917.9455,10277.5300,-3265.9950,917.9437,10277.5300
Hangar_v3_basic,-3265.9950,917.9437,10277.5300,-3001.9240,667.4557,9655.6450,-3266.0000,667.4576,9655.6460
Hangar_v3_basic,-3001.9240,667.4557,9655.6450,-3265.9950,917.9437,10277.5300,-3001.9190,917.9418,10277.5300
Hangar_v3_basic,-3001.9190,917.9418,10277.5300,-2737.8500,667.4539,9655.6440,-3001.9240,667.4557,9655.6450
Hangar_v3_basic,-2737.8500,667.4539,9655.6440,-3001.9190,917.9418,10277.5300,-2737.8450,917.9401,10277.5300
Hangar_v3_basic,-3794.1440,917.9473,10277.5300,-3530.0670,667.4796,10899.4000,-3530.0690,917.9455,10277.5300
Hangar_v3_basic,-3530.0670,667.4796,10899.4000,-3794.1440,917.9473,10277.5300,-3794.1410,667.4813,10899.4100
Hangar_v3_basic,-3530.0690,917.9455,10277.5300,-3265.9930,667.4778,10899.4000,-3265.9950,917.9437,10277.5300
Hangar_v3_basic,-3265.9930,667.4778,10899.4000,-3530.0690,917.9455,10277.5300,-3530.0670,667.4796,10899.4000
Hangar_v3_basic,-3265.9950,917.9437,10277.5300,-3001.9170,667.4760,10899.4000,-3001.9190,917.9418,10277.5300
Hangar_v3_basic,-3001.9170,667.4760,10899.4000,-3265.9950,917.9437,10277.5300,-3265.9930,667.4778,10899.4000
Hangar_v3_basic,-3001.9190,917.9418,10277.5300,-2737.8440,667.4741,10899.4000,-2737.8450,917.9401,10277.5300
Hangar_v3_basic,-2737.8440,667.4741,10899.4000,-3001.9190,917.9418,10277.5300,-3001.9170,667.4760,10899.4000
Hangar_v3_basic,-3520.7730,417.7468,9663.0620,-3261.4290,575.3751,9663.0610,-3261.4300,417.7453,9663.0610
Hangar_v3_basic,-3261.4290,575.3751,9663.0610,-3520.7730,417.7468,9663.0620,-3520.7720,575.3766,9663.0620
Hangar_v3_basic,-3261.4300,417.7453,9663.0610,-3002.0850,575.3735,9663.0570,-3002.0860,417.7436,9663.0570
Hangar_v3_basic,-3002.0850,575.3735,9663.0570,-3261.4300,417.7453,9663.0610,-3261.4290,575.3751,9663.0610
Hangar_v3_basic,-3002.0860,417.7436,9663.0570,-2742.7390,575.3710,9663.0530,-2742.7400,417.7411,9663.0530
Hangar_v3_basic,-2742.7390,575.3710,9663.0530,-3002.0860,417.7436,9663.0570,-3002.0850,575.3735,9663.0570
Hangar_v3_basic,-3787.8180,417.7491,10891.9500,-3520.7680,575.3772,10891.9500,-3787.8170,575.3790,10891.9500
Hangar_v3_basic,-3520.7680,575.3772,10891.9500,-3787.8180,417.7491,10891.9500,-3520.7690,417.7473,10891.9500
Hangar_v3_basic,-3520.7690,417.7473,10891.9500,-3261.4250,575.3757,10891.9500,-3520.7680,575.3772,10891.9500
Hangar_v3_basic,-3261.4250,575.3757,10891.9500,-3520.7690,417.7473,10891.9500,-3261.4260,417.7458,10891.9500
Hangar_v3_basic,-3261.4260,417.7458,10891.9500,-3002.0810,575.3740,10891.9400,-3261.4250,575.3757,10891.9500
Hangar_v3_basic,-3002.0810,575.3740,10891.9400,-3261.4260,417.7458,10891.9500,-3002.0820,417.7441,10891.9400
Hangar_v3_basic,-3002.0820,417.7441,10891.9400,-2742.7370,575.3719,10891.9400,-3002.0810,575.3740,10891.9400
Hangar_v3_basic,-2742.7370,575.3719,10891.9400,-3002.0820,417.7441,10891.9400,-2742.7380,417.7420,10891.9400
Hangar_v3_basic,-2737.8480,576.4354,9967.5140,-2737.8470,657.6611,9657.5040,-2737.8460,782.5229,9967.5150
Hangar_v3_basic,-2737.8470,657.6611,9657.5040,-2737.8480,576.4354,9967.5140,-2737.8480,576.4359,9657.5040
Hangar_v3_basic,-2737.8450,907.3848,10277.5300,-2737.8480,576.4354,9967.5140,-2737.8460,782.5229,9967.5150
Hangar_v3_basic,-2737.8480,576.4354,9967.5140,-2737.8450,907.3848,10277.5300,-2737.8470,576.4355,10277.5200
Hangar_v3_basic,-2737.8440,782.5241,10587.5400,-2737.8470,576.4355,10277.5200,-2737.8450,907.3848,10277.5300
Hangar_v3_basic,-2737.8470,576.4355,10277.5200,-2737.8440,782.5241,10587.5400,-2737.8460,576.4355,10587.5300
Hangar_v3_basic,-2737.8440,657.6622,10897.5500,-2737.8460,576.4355,10587.5300,-2737.8440,782.5241,10587.5400
Hangar_v3_basic,-2737.8460,576.4355,10587.5300,-2737.8440,657.6622,10897.5500,-2737.8440,576.4363,10897.5400
Hangar_v3_basic,-3794.1450,576.4434,9967.5160,-3794.1460,657.6691,9657.5070,-3794.1460,576.4432,9657.5080
Hangar_v3_basic,-3794.1460,657.6691,9657.5070,-3794.1450,576.4434,9967.5160,-3794.1440,782.5309,9967.5180
Hangar_v3_basic,-3794.1420,907.3928,10277.5300,-3794.1450,576.4434,9967.5160,-3794.1440,576.4435,10277.5300
Hangar_v3_basic,-3794.1450,576.4434,9967.5160,-3794.1420,907.3928,10277.5300,-3794.1440,782.5309,9967.5180
Hangar_v3_basic,-3794.1420,782.5321,10587.5400,-3794.1440,576.4435,10277.5300,-3794.1430,576.4436,10587.5400
Hangar_v3_basic,-3794.1440,576.4435,10277.5300,-3794.1420,782.5321,10587.5400,-3794.1420,907.3928,10277.5300
Hangar_v3_basic,-3794.1410,657.6702,10897.5500,-3794.1430,576.4436,10587.5400,-3794.1410,576.4437,10897.5500
Hangar_v3_basic,-3794.1430,576.4436,10587.5400,-3794.1410,657.6702,10897.5500,-3794.1420,782.5321,10587.5400
Hangar_v3_basic,-3001.9220,576.4380,9657.5030,-2737.8470,657.6611,9657.5040,-2737.8480,576.4359,9657.5040
Hangar_v3_basic,-2737.8470,657.6611,9657.5040,-3001.9220,576.4380,9657.5030,-3001.9220,657.6631,9657.5030
Hangar_v3_basic,-3001.9220,576.4380,9657.5030,-3265.9970,657.6642,9657.5050,-3001.9220,657.6631,9657.5030
Hangar_v3_basic,-3265.9970,657.6642,9657.5050,-3001.9220,576.4380,9657.5030,-3265.9970,576.4398,9657.5040
Hangar_v3_basic,-3265.9970,576.4398,9657.5040,-3530.0690,657.6655,9657.5060,-3265.9970,657.6642,9657.5050
Hangar_v3_basic,-3530.0690,657.6655,9657.5060,-3265.9970,576.4398,9657.5040,-3530.0700,576.4415,9657.5060
Hangar_v3_basic,-3530.0700,576.4415,9657.5060,-3794.1460,657.6691,9657.5070,-3530.0690,657.6655,9657.5060
Hangar_v3_basic,-3794.1460,657.6691,9657.5070,-3530.0700,576.4415,9657.5060,-3794.1460,576.4432,9657.5080
Hangar_v3_basic,-3001.9170,576.4386,10897.5400,-2737.8440,657.6622,10897.5500,-3001.9170,657.6636,10897.5400
Hangar_v3_basic,-2737.8440,657.6622,10897.5500,-3001.9170,576.4386,10897.5400,-2737.8440,576.4363,10897.5400
Hangar_v3_basic,-3001.9170,576.4386,10897.5400,-3265.9920,657.6648,10897.5500,-3265.9920,576.4403,10897.5500
Hangar_v3_basic,-3265.9920,657.6648,10897.5500,-3001.9170,576.4386,10897.5400,-3001.9170,657.6636,10897.5400
Hangar_v3_basic,-3265.9920,576.4403,10897.5500,-3530.0640,657.6661,10897.5500,-3530.0650,576.4420,10897.5500
Hangar_v3_basic,-3530.0640,657.6661,10897.5500,-3265.9920,576.4403,10897.5500,-3265.9920,657.6648,10897.5500
Hangar_v3_basic,-3530.0650,576.4420,10897.5500,-3794.1410,657.6702,10897.5500,-3794.1410,576.4437,10897.5500
Hangar_v3_basic,-3794.1410,657.6702,10897.5500,-3530.0650,576.4420,10897.5500,-3530.0640,657.6661,10897.5500
Hangar_v3_basic,-3787.8200,575.3781,9970.2830,-3787.8220,564.8268,9774.8650,-3787.8200,564.8268,9970.2830
Hangar_v3_basic,-3787.8220,564.8268,9774.8650,-3787.8200,575.3781,9970.2830,-3787.8220,575.3781,9663.0630
Hangar_v3_basic,-3787.8220,575.3781,9663.0630,-3787.8220,499.6761,9774.8650,-3787.8220,564.8268,9774.8650
Hangar_v3_basic,-3787.8220,499.6761,9774.8650,-3787.8220,575.3781,9663.0630,-3787.8230,417.7483,9663.0630
Hangar_v3_basic,-3787.8210,417.7482,9970.2830,-3787.8220,499.6761,9774.8650,-3787.8230,417.7483,9663.0630
Hangar_v3_basic,-3787.8220,499.6761,9774.8650,-3787.8210,417.7482,9970.2830,-3787.8210,499.6762,9970.2830
Hangar_v3_basic,-3787.8190,575.3785,10277.5000,-3787.8200,564.8268,9970.2830,-3787.8190,564.8270,10277.5000
Hangar_v3_basic,-3787.8200,564.8268,9970.2830,-3787.8190,575.3785,10277.5000,-3787.8200,575.3781,9970.2830
Hangar_v3_basic,-3787.8170,575.3787,10584.7300,-3787.8190,564.8270,10277.5000,-3787.8170,564.8271,10584.7300
Hangar_v3_basic,-3787.8190,564.8270,10277.5000,-3787.8170,575.3787,10584.7300,-3787.8190,575.3785,10277.5000
Hangar_v3_basic,-3787.8170,564.8271,10584.7300,-3787.8170,575.3790,10891.9500,-3787.8170,575.3787,10584.7300
Hangar_v3_basic,-3787.8170,575.3790,10891.9500,-3787.8170,564.8271,10584.7300,-3787.8180,564.8272,10780.1400
Hangar_v3_basic,-3787.8180,499.6765,10780.1400,-3787.8170,575.3790,10891.9500,-3787.8180,564.8272,10780.1400
Hangar_v3_basic,-3787.8170,575.3790,10891.9500,-3787.8180,499.6765,10780.1400,-3787.8180,417.7491,10891.9500
Hangar_v3_basic,-3787.8180,499.6765,10780.1400,-3787.8190,417.7489,10584.7300,-3787.8180,417.7491,10891.9500
Hangar_v3_basic,-3787.8190,417.7489,10584.7300,-3787.8180,499.6765,10780.1400,-3787.8180,499.6765,10584.7300
Hangar_v3_basic,-2742.7380,417.7408,9970.2720,-2742.7400,447.6035,9797.8670,-2742.7370,447.6036,9970.2720
Hangar_v3_basic,-2742.7400,447.6035,9797.8670,-2742.7380,417.7408,9970.2720,-2742.7400,417.7411,9663.0530
Hangar_v3_basic,-2742.7390,575.3710,9663.0530,-2742.7400,447.6035,9797.8670,-2742.7400,417.7411,9663.0530
Hangar_v3_basic,-2742.7400,447.6035,9797.8670,-2742.7390,575.3710,9663.0530,-2742.7390,560.9850,9797.8670
Hangar_v3_basic,-2742.7370,575.3707,9970.2720,-2742.7390,560.9850,9797.8670,-2742.7390,575.3710,9663.0530
Hangar_v3_basic,-2742.7390,560.9850,9797.8670,-2742.7370,575.3707,9970.2720,-2742.7380,560.9851,9970.2720
Hangar_v3_basic,-2742.7370,575.3707,9970.2720,-2742.7370,560.9851,10103.4000,-2742.7380,560.9851,9970.2720
Hangar_v3_basic,-2742.7370,560.9851,10103.4000,-2742.7370,575.3707,9970.2720,-2742.7360,575.3710,10277.5000
Hangar_v3_basic,-2742.7370,417.7411,10277.5000,-2742.7370,560.9851,10103.4000,-2742.7360,575.3710,10277.5000
Hangar_v3_basic,-2742.7370,560.9851,10103.4000,-2742.7370,417.7411,10277.5000,-2742.7370,447.6037,10103.4000
Hangar_v3_basic,-2742.7380,417.7408,9970.2720,-2742.7370,447.6037,10103.4000,-2742.7370,417.7411,10277.5000
Hangar_v3_basic,-2742.7370,447.6037,10103.4000,-2742.7380,417.7408,9970.2720,-2742.7370,447.6036,9970.2720
Hangar_v3_basic,-2742.7350,560.9853,10442.7100,-2742.7350,575.3712,10584.7200,-2742.7350,560.9853,10584.7200
Hangar_v3_basic,-2742.7350,575.3712,10584.7200,-2742.7350,560.9853,10442.7100,-2742.7360,575.3710,10277.5000
Hangar_v3_basic,-2742.7360,447.6037,10442.7100,-2742.7360,575.3710,10277.5000,-2742.7350,560.9853,10442.7100
Hangar_v3_basic,-2742.7360,575.3710,10277.5000,-2742.7360,447.6037,10442.7100,-2742.7370,417.7411,10277.5000
Hangar_v3_basic,-2742.7360,447.6037,10442.7100,-2742.7360,417.7413,10584.7200,-2742.7370,417.7411,10277.5000
Hangar_v3_basic,-2742.7360,417.7413,10584.7200,-2742.7360,447.6037,10442.7100,-2742.7360,447.6037,10584.7200
Hangar_v3_basic,-2742.7350,575.3712,10584.7200,-2742.7360,560.9854,10748.2400,-2742.7350,560.9853,10584.7200
Hangar_v3_basic,-2742.7360,560.9854,10748.2400,-2742.7350,575.3712,10584.7200,-2742.7370,575.3719,10891.9400
Hangar_v3_basic,-2742.7380,417.7420,10891.9400,-2742.7360,560.9854,10748.2400,-2742.7370,575.3719,10891.9400
Hangar_v3_basic,-2742.7360,560.9854,10748.2400,-2742.7380,417.7420,10891.9400,-2742.7360,447.6038,10748.2400
Hangar_v3_basic,-2742.7360,417.7413,10584.7200,-2742.7360,447.6038,10748.2400,-2742.7380,417.7420,10891.9400
Hangar_v3_basic,-2742.7360,447.6038,10748.2400,-2742.7360,417.7413,10584.7200,-2742.7360,447.6037,10584.7200
Hangar_v3_basic,-2756.4640,-17.9473,10281.5300,-2756.4610,365.7993,10010.8100,-2756.4600,365.7995,10281.5300
Hangar_v3_basic,-2756.4610,365.7993,10010.8100,-2756.4640,-17.9473,10281.5300,-2756.4650,-17.9476,10010.8100
Hangar_v3_basic,-2756.4640,-17.9473,10281.5300,-2756.4600,365.8001,10527.9800,-2756.4640,-17.9468,10527.9800
Hangar_v3_basic,-2756.4600,365.8001,10527.9800,-2756.4640,-17.9473,10281.5300,-2756.4600,365.7995,10281.5300
Hangar_v3_basic,-3619.4330,-17.9413,9670.2170,-3404.5660,230.7278,9670.2090,-3404.5670,-17.9427,9670.2130
Hangar_v3_basic,-3404.5660,230.7278,9670.2090,-3619.4330,-17.9413,9670.2170,-3619.4320,230.7291,9670.2130
Hangar_v3_basic,-3778.3600,558.7240,9779.8970,-3778.3580,506.3715,10109.9600,-3778.3570,558.7241,10109.9600
Hangar_v3_basic,-3778.3580,506.3715,10109.9600,-3778.3600,558.7240,9779.8970,-3778.3600,506.3714,9779.8970
Hangar_v3_basic,-3778.3570,558.7241,10445.0500,-3778.3580,506.3713,10775.1100,-3778.3570,558.7240,10775.1100
Hangar_v3_basic,-3778.3580,506.3713,10775.1100,-3778.3570,558.7241,10445.0500,-3778.3570,506.3714,10445.0500
Hangar_v3_basic,-3778.3570,558.7241,10109.9600,-3778.3570,506.3714,10445.0500,-3778.3570,558.7241,10445.0500
Hangar_v3_basic,-3778.3570,506.3714,10445.0500,-3778.3570,558.7241,10109.9600,-3778.3580,506.3715,10109.9600
Hangar_v3_basic,-3787.8200,417.7486,10277.5000,-3787.8210,499.6762,9970.2830,-3787.8210,417.7482,9970.2830
Hangar_v3_basic,-3787.8210,499.6762,9970.2830,-3787.8200,417.7486,10277.5000,-3787.8200,499.6763,10277.5000
Hangar_v3_basic,-3787.8190,417.7489,10584.7300,-3787.8200,499.6763,10277.5000,-3787.8200,417.7486,10277.5000
Hangar_v3_basic,-3787.8200,499.6763,10277.5000,-3787.8190,417.7489,10584.7300,-3787.8180,499.6765,10584.7300
Hangar_v3_basic,-2757.7510,266.6686,9754.8710,-2757.7510,201.1562,9926.4160,-2757.7520,201.1560,9754.8710
Hangar_v3_basic,-2757.7510,201.1562,9926.4160,-2757.7510,266.6686,9754.8710,-2757.7500,266.6689,9926.4160
Hangar_v3_basic,-2723.2200,365.7997,10535.3400,-2737.8470,-17.9472,10535.3400,-2723.2230,-17.9472,10535.3400
Hangar_v3_basic,-2737.8470,-17.9472,10535.3400,-2723.2200,365.7997,10535.3400,-2737.8450,365.7998,10535.3400
Hangar_v3_basic,-2756.4600,365.8000,10527.9800,-2723.2230,-17.9472,10527.9800,-2756.4630,-17.9470,10527.9800
Hangar_v3_basic,-2723.2230,-17.9472,10527.9800,-2756.4600,365.8000,10527.9800,-2723.2200,365.7998,10527.9800
Hangar_v3_basic,-2723.2200,365.7998,10527.9800,-2723.2230,-17.9472,10535.3400,-2723.2230,-17.9472,10527.9800
Hangar_v3_basic,-2723.2230,-17.9472,10535.3400,-2723.2200,365.7998,10527.9800,-2723.2200,365.7997,10535.3400
Hangar_v3_basic,-2723.2250,-17.9477,10003.4500,-2737.8460,365.7993,10003.4500,-2723.2210,365.7992,10003.4500
Hangar_v3_basic,-2737.8460,365.7993,10003.4500,-2723.2250,-17.9477,10003.4500,-2737.8500,-17.9476,10003.4500
Hangar_v3_basic,-2756.4660,-17.9476,10010.8100,-2723.2210,365.7991,10010.8100,-2756.4610,365.7993,10010.8100
Hangar_v3_basic,-2723.2210,365.7991,10010.8100,-2756.4660,-17.9476,10010.8100,-2723.2250,-17.9478,10010.8100
Hangar_v3_basic,-2723.2250,-17.9478,10010.8100,-2723.2210,365.7992,10003.4500,-2723.2210,365.7991,10010.8100
Hangar_v3_basic,-2723.2210,365.7992,10003.4500,-2723.2250,-17.9478,10010.8100,-2723.2250,-17.9477,10003.4500
Hangar_v3_basic,-2723.2220,375.6036,10003.4500,-2737.8450,375.6043,10535.3400,-2723.2200,375.6042,10535.3400
Hangar_v3_basic,-2737.8450,375.6043,10535.3400,-2723.2220,375.6036,10003.4500,-2737.8470,375.6038,10003.4500
Hangar_v3_basic,-2756.4620,365.7995,10003.4500,-2737.8450,365.8000,10535.3400,-2756.4600,365.8001,10535.3400
Hangar_v3_basic,-2737.8470,365.7995,10003.4500,-2737.8450,365.8000,10535.3400,-2756.4620,365.7995,10003.4500
Hangar_v3_basic,-2737.8470,365.7995,10003.4500,-2723.2200,365.8000,10535.3400,-2737.8450,365.8000,10535.3400
Hangar_v3_basic,-2723.2220,365.7994,10003.4500,-2723.2200,365.8000,10535.3400,-2737.8470,365.7995,10003.4500
Hangar_v3_basic,-2723.2220,365.7994,10003.4500,-2723.2200,375.6042,10535.3400,-2723.2200,365.8000,10535.3400
Hangar_v3_basic,-2723.2200,375.6042,10535.3400,-2723.2220,365.7994,10003.4500,-2723.2220,375.6036,10003.4500
Hangar_v3_basic,-2737.8460,375.6040,10070.8500,-2737.8470,416.9413,9657.5000,-2737.8460,416.9413,10070.8500
Hangar_v3_basic,-2737.8470,416.9413,9657.5000,-2737.8460,375.6040,10070.8500,-2737.8470,375.6040,10003.4500
Hangar_v3_basic,-2737.8470,270.0163,9928.9330,-2737.8470,416.9413,9657.5000,-2737.8470,375.6040,10003.4500
Hangar_v3_basic,-2737.8470,416.9413,9657.5000,-2737.8470,270.0163,9928.9330,-2737.8480,270.0163,9752.3550
Hangar_v3_basic,-2737.8470,375.6040,10003.4500,-2737.8480,197.8085,9928.9330,-2737.8470,270.0163,9928.9330
Hangar_v3_basic,-2737.8480,197.8085,9928.9330,-2737.8470,375.6040,10003.4500,-2737.8490,-17.9474,10003.4400
Hangar_v3_basic,-2737.8480,197.8084,9752.3550,-2737.8470,416.9413,9657.5000,-2737.8480,270.0163,9752.3550
Hangar_v3_basic,-2737.8490,-17.9474,10003.4400,-2737.8480,197.8084,9752.3550,-2737.8480,197.8085,9928.9330
Hangar_v3_basic,-2737.8470,416.9413,9657.5000,-2737.8480,197.8084,9752.3550,-2737.8500,-17.9474,9657.5000
Hangar_v3_basic,-2737.8480,197.8084,9752.3550,-2737.8490,-17.9474,10003.4400,-2737.8500,-17.9474,9657.5000
Hangar_v3_basic,-2723.2200,365.8000,10535.3400,-2737.8450,375.6043,10535.3400,-2737.8450,365.8000,10535.3400
Hangar_v3_basic,-2737.8450,375.6043,10535.3400,-2723.2200,365.8000,10535.3400,-2723.2200,375.6042,10535.3400
Hangar_v3_basic,-2737.8470,375.6038,10003.4500,-2723.2220,365.7994,10003.4500,-2737.8470,365.7995,10003.4500
Hangar_v3_basic,-2723.2220,365.7994,10003.4500,-2737.8470,375.6038,10003.4500,-2723.2220,375.6036,10003.4500
Hangar_v3_basic,-2732.9290,554.3500,10103.4000,-2742.7370,454.2382,10103.4000,-2732.9290,454.2382,10103.4000
Hangar_v3_basic,-2742.7370,454.2382,10103.4000,-2732.9290,554.3500,10103.4000,-2742.7360,554.3501,10103.4000
Hangar_v3_basic,-2755.2210,554.3502,10098.4100,-2732.9290,454.2382,10098.4100,-2755.2220,454.2383,10098.4100
Hangar_v3_basic,-2732.9290,454.2382,10098.4100,-2755.2210,554.3502,10098.4100,-2732.9290,554.3500,10098.4100
Hangar_v3_basic,-2732.9290,554.3500,10098.4100,-2732.9290,454.2382,10103.4000,-2732.9290,454.2382,10098.4100
Hangar_v3_basic,-2732.9290,454.2382,10103.4000,-2732.9290,554.3500,10098.4100,-2732.9290,554.3500,10103.4000
Hangar_v3_basic,-2732.9300,560.9849,9797.8670,-2742.7360,560.9850,10103.4000,-2732.9290,560.9849,10103.4000
Hangar_v3_basic,-2742.7360,560.9850,10103.4000,-2732.9300,560.9849,9797.8670,-2742.7380,560.9849,9797.8670
Hangar_v3_basic,-2755.2230,554.3502,9797.8670,-2742.7360,554.3503,10103.4000,-2755.2210,554.3503,10103.4000
Hangar_v3_basic,-2742.7380,554.3502,9797.8670,-2742.7360,554.3503,10103.4000,-2755.2230,554.3502,9797.8670
Hangar_v3_basic,-2742.7380,554.3502,9797.8670,-2732.9290,554.3502,10103.4000,-2742.7360,554.3503,10103.4000
Hangar_v3_basic,-2732.9310,554.3501,9797.8670,-2732.9290,554.3502,10103.4000,-2742.7380,554.3502,9797.8670
Hangar_v3_basic,-2732.9310,554.3501,9797.8670,-2732.9290,560.9849,10103.4000,-2732.9290,554.3502,10103.4000
Hangar_v3_basic,-2732.9290,560.9849,10103.4000,-2732.9310,554.3501,9797.8670,-2732.9300,560.9849,9797.8670
Hangar_v3_basic,-2732.9290,554.3502,10103.4000,-2742.7360,560.9850,10103.4000,-2742.7360,554.3503,10103.4000
Hangar_v3_basic,-2742.7360,560.9850,10103.4000,-2732.9290,554.3502,10103.4000,-2732.9290,560.9849,10103.4000
Hangar_v3_basic,-2742.7380,560.9849,9797.8670,-2732.9310,554.3501,9797.8670,-2742.7380,554.3502,9797.8670
Hangar_v3_basic,-2732.9310,554.3501,9797.8670,-2742.7380,560.9849,9797.8670,-2732.9300,560.9849,9797.8670
Hangar_v3_basic,-2732.9290,447.6034,10103.4000,-2742.7380,447.6034,9797.8640,-2732.9300,447.6033,9797.8640
Hangar_v3_basic,-2742.7380,447.6034,9797.8640,-2732.9290,447.6034,10103.4000,-2742.7360,447.6035,10103.4000
Hangar_v3_basic,-2755.2220,454.2383,10103.4000,-2742.7380,454.2382,9797.8640,-2755.2230,454.2383,9797.8640
Hangar_v3_basic,-2742.7360,454.2382,10103.4000,-2742.7380,454.2382,9797.8640,-2755.2220,454.2383,10103.4000
Hangar_v3_basic,-2742.7360,454.2382,10103.4000,-2732.9300,454.2381,9797.8640,-2742.7380,454.2382,9797.8640
Hangar_v3_basic,-2732.9290,454.2381,10103.4000,-2732.9300,454.2381,9797.8640,-2742.7360,454.2382,10103.4000
Hangar_v3_basic,-2732.9290,454.2381,10103.4000,-2732.9300,447.6033,9797.8640,-2732.9300,454.2381,9797.8640
Hangar_v3_basic,-2732.9300,447.6033,9797.8640,-2732.9290,454.2381,10103.4000,-2732.9290,447.6034,10103.4000
Hangar_v3_basic,-2732.9300,454.2381,9797.8640,-2742.7380,447.6034,9797.8640,-2742.7380,454.2382,9797.8640
Hangar_v3_basic,-2742.7380,447.6034,9797.8640,-2732.9300,454.2381,9797.8640,-2732.9300,447.6033,9797.8640
Hangar_v3_basic,-2742.7360,447.6035,10103.4000,-2732.9290,454.2381,10103.4000,-2742.7360,454.2382,10103.4000
Hangar_v3_basic,-2732.9290,454.2381,10103.4000,-2742.7360,447.6035,10103.4000,-2732.9290,447.6034,10103.4000
Hangar_v3_basic,-2732.9310,554.3500,9797.8690,-2742.7390,454.2381,9797.8670,-2742.7380,554.3500,9797.8690
Hangar_v3_basic,-2742.7390,454.2381,9797.8670,-2732.9310,554.3500,9797.8690,-2732.9310,454.2381,9797.8670
Hangar_v3_basic,-2755.2230,554.3500,9802.8560,-2732.9310,454.2380,9802.8540,-2732.9300,554.3499,9802.8560
Hangar_v3_basic,-2732.9310,454.2380,9802.8540,-2755.2230,554.3500,9802.8560,-2755.2240,454.2381,9802.8540
Hangar_v3_basic,-2732.9300,554.3499,9802.8560,-2732.9310,454.2381,9797.8670,-2732.9310,554.3500,9797.8690
Hangar_v3_basic,-2732.9310,454.2381,9797.8670,-2732.9300,554.3499,9802.8560,-2732.9310,454.2380,9802.8540
Hangar_v3_basic,-2755.2220,554.3505,10447.7000,-2755.2210,454.2385,10743.2600,-2755.2230,454.2384,10447.7000
Hangar_v3_basic,-2755.2210,454.2385,10743.2600,-2755.2220,554.3505,10447.7000,-2755.2200,554.3506,10743.2600
Hangar_v3_basic,-2732.9270,554.3505,10748.2500,-2742.7360,454.2386,10748.2400,-2732.9280,454.2386,10748.2400
Hangar_v3_basic,-2742.7360,454.2386,10748.2400,-2732.9270,554.3505,10748.2500,-2742.7350,554.3505,10748.2500
Hangar_v3_basic,-2755.2200,554.3507,10743.2600,-2732.9280,454.2386,10743.2600,-2755.2200,454.2388,10743.2600
Hangar_v3_basic,-2732.9280,454.2386,10743.2600,-2755.2200,554.3507,10743.2600,-2732.9270,554.3505,10743.2600
Hangar_v3_basic,-2732.9270,554.3505,10743.2600,-2732.9280,454.2386,10748.2400,-2732.9280,454.2386,10743.2600
Hangar_v3_basic,-2732.9280,454.2386,10748.2400,-2732.9270,554.3505,10743.2600,-2732.9270,554.3505,10748.2500
Hangar_v3_basic,-2732.9290,560.9854,10442.7100,-2742.7350,560.9855,10748.2500,-2732.9270,560.9854,10748.2500
Hangar_v3_basic,-2742.7350,560.9855,10748.2500,-2732.9290,560.9854,10442.7100,-2742.7370,560.9854,10442.7100
Hangar_v3_basic,-2755.2220,554.3506,10442.7100,-2742.7350,554.3507,10748.2500,-2755.2200,554.3508,10748.2500
Hangar_v3_basic,-2742.7370,554.3506,10442.7100,-2742.7350,554.3507,10748.2500,-2755.2220,554.3506,10442.7100
Hangar_v3_basic,-2742.7370,554.3506,10442.7100,-2732.9270,554.3506,10748.2500,-2742.7350,554.3507,10748.2500
Hangar_v3_basic,-2732.9290,554.3505,10442.7100,-2732.9270,554.3506,10748.2500,-2742.7370,554.3506,10442.7100
Hangar_v3_basic,-2732.9290,554.3505,10442.7100,-2732.9270,560.9854,10748.2500,-2732.9270,554.3506,10748.2500
Hangar_v3_basic,-2732.9270,560.9854,10748.2500,-2732.9290,554.3505,10442.7100,-2732.9290,560.9854,10442.7100
Hangar_v3_basic,-2732.9270,554.3506,10748.2500,-2742.7350,560.9855,10748.2500,-2742.7350,554.3507,10748.2500
Hangar_v3_basic,-2742.7350,560.9855,10748.2500,-2732.9270,554.3506,10748.2500,-2732.9270,560.9854,10748.2500
Hangar_v3_basic,-2742.7370,560.9854,10442.7100,-2732.9290,554.3505,10442.7100,-2742.7370,554.3506,10442.7100
Hangar_v3_basic,-2732.9290,554.3505,10442.7100,-2742.7370,560.9854,10442.7100,-2732.9290,560.9854,10442.7100
Hangar_v3_basic,-2732.9270,447.6039,10748.2400,-2742.7370,447.6038,10442.7100,-2732.9290,447.6038,10442.7100
Hangar_v3_basic,-2742.7370,447.6038,10442.7100,-2732.9270,447.6039,10748.2400,-2742.7350,447.6039,10748.2400
Hangar_v3_basic,-2755.2200,454.2388,10748.2400,-2742.7370,454.2386,10442.7100,-2755.2220,454.2387,10442.7100
Hangar_v3_basic,-2742.7350,454.2386,10748.2400,-2742.7370,454.2386,10442.7100,-2755.2200,454.2388,10748.2400
Hangar_v3_basic,-2742.7350,454.2386,10748.2400,-2732.9290,454.2386,10442.7100,-2742.7370,454.2386,10442.7100
Hangar_v3_basic,-2732.9270,454.2386,10748.2400,-2732.9290,454.2386,10442.7100,-2742.7350,454.2386,10748.2400
Hangar_v3_basic,-2732.9270,454.2386,10748.2400,-2732.9290,447.6038,10442.7100,-2732.9290,454.2386,10442.7100
Hangar_v3_basic,-2732.9290,447.6038,10442.7100,-2732.9270,454.2386,10748.2400,-2732.9270,447.6039,10748.2400
Hangar_v3_basic,-2732.9290,454.2386,10442.7100,-2742.7370,447.6038,10442.7100,-2742.7370,454.2386,10442.7100
Hangar_v3_basic,-2742.7370,447.6038,10442.7100,-2732.9290,454.2386,10442.7100,-2732.9290,447.6038,10442.7100
Hangar_v3_basic,-2742.7350,447.6039,10748.2400,-2732.9270,454.2386,10748.2400,-2742.7350,454.2386,10748.2400
Hangar_v3_basic,-2732.9270,454.2386,10748.2400,-2742.7350,447.6039,10748.2400,-2732.9270,447.6039,10748.2400
Hangar_v3_basic,-2732.9290,554.3504,10442.7100,-2742.7370,454.2386,10442.7100,-2742.7370,554.3505,10442.7100
Hangar_v3_basic,-2742.7370,454.2386,10442.7100,-2732.9290,554.3504,10442.7100,-2732.9300,454.2385,10442.7100
Hangar_v3_basic,-2755.2220,554.3505,10447.7000,-2732.9300,454.2385,10447.7000,-2732.9290,554.3503,10447.7000
Hangar_v3_basic,-2732.9300,454.2385,10447.7000,-2755.2220,554.3505,10447.7000,-2755.2230,454.2386,10447.7000
Hangar_v3_basic,-2732.9290,554.3503,10447.7000,-2732.9300,454.2385,10442.7100,-2732.9290,554.3504,10442.7100
Hangar_v3_basic,-2732.9300,454.2385,10442.7100,-2732.9290,554.3503,10447.7000,-2732.9300,454.2385,10447.7000
Hangar_v3_basic,-2735.0520,266.6688,9931.4490,-2745.0390,201.1561,9931.4490,-2735.0520,201.1561,9931.4490
Hangar_v3_basic,-2745.0390,201.1561,9931.4490,-2735.0520,266.6688,9931.4490,-2745.0390,266.6688,9931.4490
Hangar_v3_basic,-2757.7510,266.6689,9926.4170,-2735.0520,201.1561,9926.4170,-2757.7510,201.1563,9926.4170
Hangar_v3_basic,-2735.0520,201.1561,9926.4170,-2757.7510,266.6689,9926.4170,-2735.0520,266.6688,9926.4170
Hangar_v3_basic,-2735.0520,266.6688,9926.4170,-2735.0520,201.1561,9931.4490,-2735.0520,201.1561,9926.4170
Hangar_v3_basic,-2735.0520,201.1561,9931.4490,-2735.0520,266.6688,9926.4170,-2735.0520,266.6688,9931.4490
Hangar_v3_basic,-2735.0520,273.3637,9749.8390,-2745.0390,273.3639,9931.4490,-2735.0520,273.3639,9931.4490
Hangar_v3_basic,-2745.0390,273.3639,9931.4490,-2735.0520,273.3637,9749.8390,-2745.0390,273.3637,9749.8390
Hangar_v3_basic,-2745.0400,266.6686,9749.8390,-2757.7510,266.6689,9931.4490,-2757.7520,266.6687,9749.8390
Hangar_v3_basic,-2735.0530,266.6686,9749.8390,-2757.7510,266.6689,9931.4490,-2745.0400,266.6686,9749.8390
Hangar_v3_basic,-2735.0530,266.6686,9749.8390,-2735.0520,266.6689,9931.4490,-2757.7510,266.6689,9931.4490
Hangar_v3_basic,-2735.0530,266.6686,9749.8390,-2735.0520,273.3639,9931.4490,-2735.0520,266.6689,9931.4490
Hangar_v3_basic,-2735.0520,273.3639,9931.4490,-2735.0530,266.6686,9749.8390,-2735.0520,273.3637,9749.8390
Hangar_v3_basic,-2735.0520,266.6689,9931.4490,-2745.0390,273.3639,9931.4490,-2745.0390,266.6689,9931.4490
Hangar_v3_basic,-2745.0390,273.3639,9931.4490,-2735.0520,266.6689,9931.4490,-2735.0520,273.3639,9931.4490
Hangar_v3_basic,-2745.0390,273.3637,9749.8390,-2735.0530,266.6686,9749.8390,-2745.0400,266.6686,9749.8390
Hangar_v3_basic,-2735.0530,266.6686,9749.8390,-2745.0390,273.3637,9749.8390,-2735.0520,273.3637,9749.8390
Hangar_v3_basic,-2735.0520,201.1559,9749.8390,-2745.0380,194.4609,9749.8390,-2745.0380,201.1559,9749.8390
Hangar_v3_basic,-2745.0380,194.4609,9749.8390,-2735.0520,201.1559,9749.8390,-2735.0520,194.4608,9749.8390
Hangar_v3_basic,-2745.0380,194.4611,9931.4490,-2735.0510,201.1560,9931.4490,-2745.0380,201.1561,9931.4490
Hangar_v3_basic,-2735.0510,201.1560,9931.4490,-2745.0380,194.4611,9931.4490,-2735.0510,194.4610,9931.4490
Hangar_v3_basic,-2735.0520,194.4608,9749.8390,-2745.0380,194.4611,9931.4490,-2745.0380,194.4609,9749.8390
Hangar_v3_basic,-2745.0380,194.4611,9931.4490,-2735.0520,194.4608,9749.8390,-2735.0510,194.4610,9931.4490
Hangar_v3_basic,-2757.7510,201.1562,9931.4490,-2745.0380,201.1559,9749.8390,-2757.7510,201.1560,9749.8390
Hangar_v3_basic,-2757.7510,201.1562,9931.4490,-2735.0520,201.1559,9749.8390,-2745.0380,201.1559,9749.8390
Hangar_v3_basic,-2757.7510,201.1562,9931.4490,-2735.0510,201.1560,9931.4490,-2735.0520,201.1559,9749.8390
Hangar_v3_basic,-2735.0520,201.1559,9749.8390,-2735.0510,194.4610,9931.4490,-2735.0520,194.4608,9749.8390
Hangar_v3_basic,-2735.0510,194.4610,9931.4490,-2735.0520,201.1559,9749.8390,-2735.0510,201.1560,9931.4490
Hangar_v3_basic,-2735.0530,266.6685,9749.8390,-2745.0400,201.1559,9749.8390,-2745.0400,266.6686,9749.8390
Hangar_v3_basic,-2745.0400,201.1559,9749.8390,-2735.0530,266.6685,9749.8390,-2735.0530,201.1559,9749.8390
Hangar_v3_basic,-2757.7520,266.6686,9754.8710,-2735.0530,201.1558,9754.8710,-2735.0530,266.6685,9754.8710
Hangar_v3_basic,-2735.0530,201.1558,9754.8710,-2757.7520,266.6686,9754.8710,-2757.7520,201.1559,9754.8710
Hangar_v3_basic,-2735.0530,266.6685,9754.8710,-2735.0530,201.1559,9749.8390,-2735.0530,266.6685,9749.8390
Hangar_v3_basic,-2735.0530,201.1559,9749.8390,-2735.0530,266.6685,9754.8710,-2735.0530,201.1558,9754.8710
Hangar_v3_basic,-2757.7480,266.6688,10628.2900,-2757.7490,201.1565,10799.8300,-2757.7490,201.1562,10628.2900
Hangar_v3_basic,-2757.7490,201.1565,10799.8300,-2757.7480,266.6688,10628.2900,-2757.7480,266.6692,10799.8300
Hangar_v3_basic,-2735.0490,266.6690,10804.8700,-2745.0370,201.1563,10804.8700,-2735.0500,201.1564,10804.8700
Hangar_v3_basic,-2745.0370,201.1563,10804.8700,-2735.0490,266.6690,10804.8700,-2745.0360,266.6690,10804.8700
Hangar_v3_basic,-2757.7480,266.6692,10799.8300,-2735.0500,201.1564,10799.8300,-2757.7490,201.1565,10799.8300
Hangar_v3_basic,-2735.0500,201.1564,10799.8300,-2757.7480,266.6692,10799.8300,-2735.0490,266.6690,10799.8300
Hangar_v3_basic,-2735.0490,266.6690,10799.8300,-2735.0500,201.1564,10804.8700,-2735.0500,201.1564,10799.8300
Hangar_v3_basic,-2735.0500,201.1564,10804.8700,-2735.0490,266.6690,10799.8300,-2735.0490,266.6690,10804.8700
Hangar_v3_basic,-2735.0500,273.3639,10623.2500,-2745.0360,273.3642,10804.8700,-2735.0490,273.3641,10804.8700
Hangar_v3_basic,-2745.0360,273.3642,10804.8700,-2735.0500,273.3639,10623.2500,-2745.0370,273.3640,10623.2500
Hangar_v3_basic,-2745.0370,266.6689,10623.2500,-2757.7480,266.6691,10804.8700,-2757.7490,266.6689,10623.2500
Hangar_v3_basic,-2735.0500,266.6688,10623.2500,-2757.7480,266.6691,10804.8700,-2745.0370,266.6689,10623.2500
Hangar_v3_basic,-2735.0500,266.6688,10623.2500,-2735.0490,266.6691,10804.8700,-2757.7480,266.6691,10804.8700
Hangar_v3_basic,-2735.0500,266.6688,10623.2500,-2735.0490,273.3641,10804.8700,-2735.0490,266.6691,10804.8700
Hangar_v3_basic,-2735.0490,273.3641,10804.8700,-2735.0500,266.6688,10623.2500,-2735.0500,273.3639,10623.2500
Hangar_v3_basic,-2735.0490,266.6691,10804.8700,-2745.0360,273.3642,10804.8700,-2745.0360,266.6692,10804.8700
Hangar_v3_basic,-2745.0360,273.3642,10804.8700,-2735.0490,266.6691,10804.8700,-2735.0490,273.3641,10804.8700
Hangar_v3_basic,-2745.0370,273.3640,10623.2500,-2735.0500,266.6688,10623.2500,-2745.0370,266.6689,10623.2500
Hangar_v3_basic,-2735.0500,266.6688,10623.2500,-2745.0370,273.3640,10623.2500,-2735.0500,273.3639,10623.2500
Hangar_v3_basic,-2735.0490,201.1561,10623.2500,-2745.0360,194.4611,10623.2500,-2745.0360,201.1562,10623.2500
Hangar_v3_basic,-2745.0360,194.4611,10623.2500,-2735.0490,201.1561,10623.2500,-2735.0490,194.4610,10623.2500
Hangar_v3_basic,-2745.0350,194.4613,10804.8600,-2735.0480,201.1563,10804.8600,-2745.0350,201.1563,10804.8600
Hangar_v3_basic,-2735.0480,201.1563,10804.8600,-2745.0350,194.4613,10804.8600,-2735.0480,194.4612,10804.8600
Hangar_v3_basic,-2735.0490,194.4610,10623.2500,-2745.0350,194.4613,10804.8600,-2745.0360,194.4611,10623.2500
Hangar_v3_basic,-2745.0350,194.4613,10804.8600,-2735.0490,194.4610,10623.2500,-2735.0480,194.4612,10804.8600
Hangar_v3_basic,-2757.7480,201.1564,10804.8600,-2745.0360,201.1562,10623.2500,-2757.7490,201.1563,10623.2500
Hangar_v3_basic,-2757.7480,201.1564,10804.8600,-2735.0490,201.1561,10623.2500,-2745.0360,201.1562,10623.2500
Hangar_v3_basic,-2757.7480,201.1564,10804.8600,-2735.0480,201.1563,10804.8600,-2735.0490,201.1561,10623.2500
Hangar_v3_basic,-2735.0490,201.1561,10623.2500,-2735.0480,194.4612,10804.8600,-2735.0490,194.4610,10623.2500
Hangar_v3_basic,-2735.0480,194.4612,10804.8600,-2735.0490,201.1561,10623.2500,-2735.0480,201.1563,10804.8600
Hangar_v3_basic,-2735.0500,266.6688,10623.2500,-2745.0370,201.1562,10623.2500,-2745.0370,266.6689,10623.2500
Hangar_v3_basic,-2745.0370,201.1562,10623.2500,-2735.0500,266.6688,10623.2500,-2735.0500,201.1561,10623.2500
Hangar_v3_basic,-2757.7490,266.6688,10628.2900,-2735.0500,201.1560,10628.2900,-2735.0500,266.6687,10628.2900
Hangar_v3_basic,-2735.0500,201.1560,10628.2900,-2757.7490,266.6688,10628.2900,-2757.7490,201.1562,10628.2900
Hangar_v3_basic,-2735.0500,266.6687,10628.2900,-2735.0500,201.1561,10623.2500,-2735.0500,266.6688,10623.2500
Hangar_v3_basic,-2735.0500,201.1561,10623.2500,-2735.0500,266.6687,10628.2900,-2735.0500,201.1560,10628.2900
Hangar_v3_basic,-3399.5340,230.7276,9647.5130,-3399.5350,-17.9427,9657.5030,-3399.5350,-17.9427,9647.5150
Hangar_v3_basic,-3399.5350,-17.9427,9657.5030,-3399.5340,230.7276,9647.5130,-3399.5340,230.7275,9657.5010
Hangar_v3_basic,-3404.5660,230.7277,9670.2120,-3404.5670,-17.9427,9647.5150,-3404.5670,-17.9426,9670.2130
Hangar_v3_basic,-3404.5670,-17.9427,9647.5150,-3404.5660,230.7277,9670.2120,-3404.5660,230.7276,9647.5130
Hangar_v3_basic,-3404.5660,230.7276,9647.5130,-3399.5350,-17.9427,9647.5150,-3404.5670,-17.9427,9647.5150
Hangar_v3_basic,-3399.5350,-17.9427,9647.5150,-3404.5660,230.7276,9647.5130,-3399.5340,230.7276,9647.5130
Hangar_v3_basic,-3624.4650,-17.9412,9647.5170,-3624.4640,230.7290,9657.5020,-3624.4640,230.7290,9647.5140
Hangar_v3_basic,-3624.4640,230.7290,9657.5020,-3624.4650,-17.9412,9647.5170,-3624.4650,-17.9412,9657.5040
Hangar_v3_basic,-3619.4330,-17.9413,9670.2170,-3619.4320,230.7289,9647.5140,-3619.4320,230.7289,9670.2130
Hangar_v3_basic,-3619.4320,230.7289,9647.5140,-3619.4330,-17.9413,9670.2170,-3619.4330,-17.9413,9647.5170
Hangar_v3_basic,-3619.4330,-17.9413,9647.5170,-3624.4640,230.7290,9647.5140,-3619.4320,230.7289,9647.5140
Hangar_v3_basic,-3624.4640,230.7290,9647.5140,-3619.4330,-17.9413,9647.5170,-3624.4650,-17.9412,9647.5170
Hangar_v3_basic,-3624.4630,237.4242,9647.5140,-3399.5340,237.4228,9657.5010,-3399.5340,237.4228,9647.5130
Hangar_v3_basic,-3399.5340,237.4228,9657.5010,-3624.4630,237.4242,9647.5140,-3624.4630,237.4242,9657.5020
Hangar_v3_basic,-3624.4630,230.7291,9670.2130,-3399.5340,230.7277,9657.5010,-3399.5340,230.7277,9670.2120
Hangar_v3_basic,-3624.4630,230.7292,9657.5020,-3399.5340,230.7277,9657.5010,-3624.4630,230.7291,9670.2130
Hangar_v3_basic,-3624.4630,230.7292,9657.5020,-3399.5340,230.7277,9647.5130,-3399.5340,230.7277,9657.5010
Hangar_v3_basic,-3624.4630,230.7292,9647.5140,-3399.5340,230.7277,9647.5130,-3624.4630,230.7292,9657.5020
Hangar_v3_basic,-3624.4630,230.7292,9647.5140,-3399.5340,237.4228,9647.5130,-3399.5340,230.7277,9647.5130
Hangar_v3_basic,-3399.5340,237.4228,9647.5130,-3624.4630,230.7292,9647.5140,-3624.4630,237.4242,9647.5140
Hangar_v3_basic,-3399.5340,230.7277,9647.5130,-3399.5340,237.4228,9657.5010,-3399.5340,230.7277,9657.5010
Hangar_v3_basic,-3399.5340,237.4228,9657.5010,-3399.5340,230.7277,9647.5130,-3399.5340,237.4228,9647.5130
Hangar_v3_basic,-3624.4630,237.4242,9657.5020,-3624.4630,230.7292,9647.5140,-3624.4630,230.7292,9657.5020
Hangar_v3_basic,-3624.4630,230.7292,9647.5140,-3624.4630,237.4242,9657.5020,-3624.4630,237.4242,9647.5140
Hangar_v3_basic,-3795.2540,506.3712,9774.8650,-3787.8210,558.7236,9774.8650,-3787.8210,506.3712,9774.8650
Hangar_v3_basic,-3787.8210,558.7236,9774.8650,-3795.2540,506.3712,9774.8650,-3795.2540,558.7237,9774.8650
Hangar_v3_basic,-3778.3590,506.3711,9779.8970,-3795.2540,558.7236,9779.8980,-3795.2540,506.3712,9779.8980
Hangar_v3_basic,-3795.2540,558.7236,9779.8980,-3778.3590,506.3711,9779.8970,-3778.3600,558.7235,9779.8970
Hangar_v3_basic,-3795.2540,506.3712,9779.8980,-3795.2540,558.7237,9774.8650,-3795.2540,506.3712,9774.8650
Hangar_v3_basic,-3795.2540,558.7237,9774.8650,-3795.2540,506.3712,9779.8980,-3795.2540,558.7236,9779.8980
Hangar_v3_basic,-3795.2540,565.4185,9774.8650,-3787.8190,565.4188,10277.5000,-3787.8210,565.4185,9774.8650
Hangar_v3_basic,-3787.8190,565.4188,10277.5000,-3795.2540,565.4185,9774.8650,-3795.2530,565.4188,10277.5000
Hangar_v3_basic,-3795.2530,558.7238,10277.5000,-3778.3600,558.7233,9774.8650,-3778.3580,558.7236,10277.5000
Hangar_v3_basic,-3795.2530,558.7238,10277.5000,-3787.8210,558.7234,9774.8650,-3778.3600,558.7233,9774.8650
Hangar_v3_basic,-3795.2540,558.7234,9774.8650,-3787.8210,558.7234,9774.8650,-3795.2530,558.7238,10277.5000
Hangar_v3_basic,-3795.2540,558.7234,9774.8650,-3795.2530,565.4188,10277.5000,-3795.2540,565.4185,9774.8650
Hangar_v3_basic,-3795.2530,565.4188,10277.5000,-3795.2540,558.7234,9774.8650,-3795.2530,558.7238,10277.5000
Hangar_v3_basic,-3787.8210,565.4185,9774.8650,-3795.2540,558.7234,9774.8650,-3795.2540,565.4185,9774.8650
Hangar_v3_basic,-3795.2540,558.7234,9774.8650,-3787.8210,565.4185,9774.8650,-3787.8210,558.7234,9774.8650
Hangar_v3_basic,-3795.2520,499.6765,10277.5000,-3787.8210,499.6761,9774.8650,-3787.8200,499.6764,10277.5000
Hangar_v3_basic,-3787.8210,499.6761,9774.8650,-3795.2520,499.6765,10277.5000,-3795.2540,499.6762,9774.8650
Hangar_v3_basic,-3787.8210,506.3712,9774.8650,-3778.3580,506.3715,10277.5000,-3778.3590,506.3712,9774.8650
Hangar_v3_basic,-3795.2540,506.3712,9774.8650,-3778.3580,506.3715,10277.5000,-3787.8210,506.3712,9774.8650
Hangar_v3_basic,-3795.2520,506.3715,10277.5000,-3778.3580,506.3715,10277.5000,-3795.2540,506.3712,9774.8650
Hangar_v3_basic,-3795.2520,506.3715,10277.5000,-3795.2540,499.6762,9774.8650,-3795.2520,499.6765,10277.5000
Hangar_v3_basic,-3795.2540,499.6762,9774.8650,-3795.2520,506.3715,10277.5000,-3795.2540,506.3712,9774.8650
Hangar_v3_basic,-3795.2540,506.3712,9774.8650,-3787.8210,499.6761,9774.8650,-3795.2540,499.6762,9774.8650
Hangar_v3_basic,-3787.8210,499.6761,9774.8650,-3795.2540,506.3712,9774.8650,-3787.8210,506.3712,9774.8650
Hangar_v3_basic,-3795.2520,506.3714,10780.1400,-3787.8190,558.7237,10780.1400,-3795.2520,558.7238,10780.1400
Hangar_v3_basic,-3787.8190,558.7237,10780.1400,-3795.2520,506.3714,10780.1400,-3787.8190,506.3714,10780.1400
Hangar_v3_basic,-3778.3580,506.3713,10775.1100,-3795.2520,558.7238,10775.1100,-3778.3570,558.7238,10775.1100
Hangar_v3_basic,-3795.2520,558.7238,10775.1100,-3778.3580,506.3713,10775.1100,-3795.2520,506.3714,10775.1100
Hangar_v3_basic,-3795.2520,506.3714,10775.1100,-3795.2520,558.7238,10780.1400,-3795.2520,558.7238,10775.1100
Hangar_v3_basic,-3795.2520,558.7238,10780.1400,-3795.2520,506.3714,10775.1100,-3795.2520,506.3714,10780.1400
Hangar_v3_basic,-3795.2530,565.4188,10277.5000,-3787.8190,565.4189,10780.1400,-3787.8190,565.4188,10277.5000
Hangar_v3_basic,-3787.8190,565.4189,10780.1400,-3795.2530,565.4188,10277.5000,-3795.2520,565.4189,10780.1400
Hangar_v3_basic,-3795.2530,558.7238,10277.5000,-3787.8190,558.7238,10780.1400,-3795.2520,558.7239,10780.1400
Hangar_v3_basic,-3795.2530,558.7238,10277.5000,-3778.3580,558.7236,10277.5000,-3787.8190,558.7238,10780.1400
Hangar_v3_basic,-3787.8190,558.7238,10780.1400,-3778.3580,558.7236,10277.5000,-3778.3570,558.7238,10780.1400
Hangar_v3_basic,-3795.2530,558.7238,10277.5000,-3795.2520,565.4189,10780.1400,-3795.2530,565.4188,10277.5000
Hangar_v3_basic,-3795.2520,565.4189,10780.1400,-3795.2530,558.7238,10277.5000,-3795.2520,558.7239,10780.1400
Hangar_v3_basic,-3795.2520,558.7239,10780.1400,-3787.8190,565.4189,10780.1400,-3795.2520,565.4189,10780.1400
Hangar_v3_basic,-3787.8190,565.4189,10780.1400,-3795.2520,558.7239,10780.1400,-3787.8190,558.7238,10780.1400
Hangar_v3_basic,-3795.2510,499.6765,10780.1400,-3787.8200,499.6764,10277.5000,-3787.8190,499.6765,10780.1400
Hangar_v3_basic,-3787.8200,499.6764,10277.5000,-3795.2510,499.6765,10780.1400,-3795.2520,499.6765,10277.5000
Hangar_v3_basic,-3778.3580,506.3715,10277.5000,-3787.8190,506.3716,10780.1400,-3778.3570,506.3716,10780.1400
Hangar_v3_basic,-3795.2520,506.3715,10277.5000,-3787.8190,506.3716,10780.1400,-3778.3580,506.3715,10277.5000
Hangar_v3_basic,-3795.2510,506.3716,10780.1400,-3787.8190,506.3716,10780.1400,-3795.2520,506.3715,10277.5000
Hangar_v3_basic,-3795.2510,506.3716,10780.1400,-3795.2520,499.6765,10277.5000,-3795.2510,499.6765,10780.1400
Hangar_v3_basic,-3795.2520,499.6765,10277.5000,-3795.2510,506.3716,10780.1400,-3795.2520,506.3715,10277.5000
Hangar_v3_basic,-3787.8190,499.6765,10780.1400,-3795.2510,506.3716,10780.1400,-3795.2510,499.6765,10780.1400
Hangar_v3_basic,-3795.2510,506.3716,10780.1400,-3787.8190,499.6765,10780.1400,-3787.8190,506.3716,10780.1400
Hangar_v3_basic,-3781.6630,148.8960,9802.6750,-3781.6620,249.0077,9945.4620,-3781.6640,249.0081,9802.6750
Hangar_v3_basic,-3781.6620,249.0077,9945.4620,-3781.6630,148.8960,9802.6750,-3781.6620,148.8956,9945.4620
Hangar_v3_basic,-3803.9540,249.0079,9797.6860,-3794.1470,148.8959,9797.6870,-3803.9550,148.8960,9797.6870
Hangar_v3_basic,-3794.1470,148.8959,9797.6870,-3803.9540,249.0079,9797.6860,-3794.1470,249.0078,9797.6860
Hangar_v3_basic,-3781.6620,249.0078,9802.6740,-3803.9550,148.8960,9802.6750,-3781.6630,148.8959,9802.6750
Hangar_v3_basic,-3803.9550,148.8960,9802.6750,-3781.6620,249.0078,9802.6740,-3803.9540,249.0079,9802.6740
Hangar_v3_basic,-3803.9540,249.0079,9802.6740,-3803.9550,148.8960,9797.6870,-3803.9550,148.8960,9802.6750
Hangar_v3_basic,-3803.9550,148.8960,9797.6870,-3803.9540,249.0079,9802.6740,-3803.9540,249.0079,9797.6860
Hangar_v3_basic,-3803.9550,255.6427,9950.4510,-3794.1480,255.6427,9797.6840,-3803.9550,255.6428,9797.6840
Hangar_v3_basic,-3794.1480,255.6427,9797.6840,-3803.9550,255.6427,9950.4510,-3794.1470,255.6427,9950.4510
Hangar_v3_basic,-3794.1470,249.0079,9950.4510,-3781.6640,249.0078,9797.6840,-3781.6620,249.0078,9950.4510
Hangar_v3_basic,-3803.9550,249.0080,9950.4510,-3781.6640,249.0078,9797.6840,-3794.1470,249.0079,9950.4510
Hangar_v3_basic,-3803.9550,249.0080,9950.4510,-3803.9550,249.0080,9797.6840,-3781.6640,249.0078,9797.6840
Hangar_v3_basic,-3803.9550,249.0080,9950.4510,-3803.9550,255.6428,9797.6840,-3803.9550,249.0080,9797.6840
Hangar_v3_basic,-3803.9550,255.6428,9797.6840,-3803.9550,249.0080,9950.4510,-3803.9550,255.6427,9950.4510
Hangar_v3_basic,-3803.9550,249.0080,9797.6840,-3794.1480,255.6427,9797.6840,-3794.1480,249.0080,9797.6870
Hangar_v3_basic,-3794.1480,255.6427,9797.6840,-3803.9550,249.0080,9797.6840,-3803.9550,255.6428,9797.6840
Hangar_v3_basic,-3794.1470,255.6427,9950.4510,-3803.9550,249.0080,9950.4510,-3794.1470,249.0079,9950.4510
Hangar_v3_basic,-3803.9550,249.0080,9950.4510,-3794.1470,255.6427,9950.4510,-3803.9550,255.6427,9950.4510
Hangar_v3_basic,-3803.9560,148.8960,9950.4540,-3794.1490,142.2612,9950.4540,-3794.1490,148.8960,9950.4540
Hangar_v3_basic,-3794.1490,142.2612,9950.4540,-3803.9560,148.8960,9950.4540,-3803.9560,142.2612,9950.4540
Hangar_v3_basic,-3794.1490,142.2612,9797.6870,-3803.9570,148.8960,9797.6870,-3794.1500,148.8959,9797.6870
Hangar_v3_basic,-3803.9570,148.8960,9797.6870,-3794.1490,142.2612,9797.6870,-3803.9570,142.2612,9797.6870
Hangar_v3_basic,-3803.9550,249.0079,9950.4490,-3794.1480,148.8959,9950.4510,-3794.1470,249.0078,9950.4490
Hangar_v3_basic,-3794.1480,148.8959,9950.4510,-3803.9550,249.0079,9950.4490,-3803.9560,148.8960,9950.4510
Hangar_v3_basic,-3781.6620,249.0077,9945.4610,-3803.9560,148.8959,9945.4640,-3803.9550,249.0078,9945.4610
Hangar_v3_basic,-3803.9560,148.8959,9945.4640,-3781.6620,249.0077,9945.4610,-3781.6620,148.8957,9945.4640
Hangar_v3_basic,-3803.9550,249.0078,9945.4610,-3803.9560,148.8960,9950.4510,-3803.9550,249.0079,9950.4490
Hangar_v3_basic,-3803.9560,148.8960,9950.4510,-3803.9550,249.0078,9945.4610,-3803.9560,148.8959,9945.4640
Hangar_v3_basic,-3803.9560,142.2612,9950.4540,-3794.1490,142.2612,9797.6870,-3794.1490,142.2612,9950.4540
Hangar_v3_basic,-3794.1490,142.2612,9797.6870,-3803.9560,142.2612,9950.4540,-3803.9570,142.2612,9797.6870
Hangar_v3_basic,-3781.6640,148.8958,9797.6870,-3794.1490,148.8960,9950.4540,-3781.6630,148.8959,9950.4540
Hangar_v3_basic,-3781.6640,148.8958,9797.6870,-3803.9560,148.8960,9950.4540,-3794.1490,148.8960,9950.4540
Hangar_v3_basic,-3781.6640,148.8958,9797.6870,-3803.9570,148.8960,9797.6870,-3803.9560,148.8960,9950.4540
Hangar_v3_basic,-3803.9560,148.8960,9950.4540,-3803.9570,142.2612,9797.6870,-3803.9560,142.2612,9950.4540
Hangar_v3_basic,-3803.9570,142.2612,9797.6870,-3803.9560,148.8960,9950.4540,-3803.9570,148.8960,9797.6870
Hangar_v3_basic,-2737.8510,657.6509,9657.5110,-2723.2200,907.3849,10277.5300,-2737.8450,907.3851,10277.5300
Hangar_v3_basic,-2723.2200,907.3849,10277.5300,-2737.8510,657.6509,9657.5110,-2723.2250,657.6509,9657.5080
Hangar_v3_basic,-3808.7680,907.3937,10277.5300,-3794.1470,657.6589,9657.5100,-3794.1430,907.3937,10277.5300
Hangar_v3_basic,-3794.1470,657.6589,9657.5100,-3808.7680,907.3937,10277.5300,-3808.7720,657.6592,9657.5110
Hangar_v3_basic,-3808.7700,657.6594,9657.5110,-2723.2260,657.6513,9642.8860,-2723.2260,657.6513,9657.5100
Hangar_v3_basic,-2723.2260,657.6513,9642.8860,-3808.7700,657.6594,9657.5110,-3808.7700,657.6593,9642.8870
Hangar_v3_basic,-3808.7700,657.6593,9642.8870,-2723.2260,667.4556,9642.8860,-2723.2260,657.6513,9642.8860
Hangar_v3_basic,-2723.2260,667.4556,9642.8860,-3808.7700,657.6593,9642.8870,-3808.7700,667.4636,9642.8870
Hangar_v3_basic,-2723.2260,657.6513,9642.8860,-2723.2260,667.4556,9655.6420,-2723.2260,657.6513,9657.5100
Hangar_v3_basic,-2723.2260,667.4556,9655.6420,-2723.2260,657.6513,9642.8860,-2723.2260,667.4556,9642.8860
Hangar_v3_basic,-3808.7700,667.4636,9655.6450,-3808.7700,657.6593,9642.8870,-3808.7700,657.6594,9657.5110
Hangar_v3_basic,-3808.7700,657.6593,9642.8870,-3808.7700,667.4636,9655.6450,-3808.7700,667.4636,9642.8870
Hangar_v3_basic,-2723.2200,917.9401,10277.5300,-2737.8500,667.4542,9655.6440,-2737.8450,917.9402,10277.5300
Hangar_v3_basic,-2737.8500,667.4542,9655.6440,-2723.2200,917.9401,10277.5300,-2723.2250,667.4540,9655.6440
Hangar_v3_basic,-2723.2250,657.6509,9657.5080,-2723.2200,917.9401,10277.5300,-2723.2200,907.3849,10277.5300
Hangar_v3_basic,-2723.2200,917.9401,10277.5300,-2723.2250,657.6509,9657.5080,-2723.2250,667.4540,9655.6440
Hangar_v3_basic,-3794.1430,917.9482,10277.5300,-3808.7720,667.4625,9655.6450,-3808.7680,917.9484,10277.5300
Hangar_v3_basic,-3808.7720,667.4625,9655.6450,-3794.1430,917.9482,10277.5300,-3794.1470,667.4625,9655.6440
Hangar_v3_basic,-3808.7720,657.6592,9657.5110,-3808.7680,917.9484,10277.5300,-3808.7720,667.4625,9655.6450
Hangar_v3_basic,-3808.7680,917.9484,10277.5300,-3808.7720,657.6592,9657.5110,-3808.7680,907.3937,10277.5300
Hangar_v3_basic,-3808.7700,667.4636,9642.8870,-2723.2260,667.4556,9655.6420,-2723.2260,667.4556,9642.8860
Hangar_v3_basic,-2723.2260,667.4556,9655.6420,-3808.7700,667.4636,9642.8870,-3808.7700,667.4636,9655.6450
Hangar_v3_basic,-2723.2200,907.3849,10277.5300,-2737.8460,657.6710,10897.5400,-2737.8450,907.3851,10277.5300
Hangar_v3_basic,-2737.8460,657.6710,10897.5400,-2723.2200,907.3849,10277.5300,-2723.2200,657.6711,10897.5400
Hangar_v3_basic,-3794.1420,657.6790,10897.5400,-3808.7680,907.3937,10277.5300,-3794.1430,907.3937,10277.5300
Hangar_v3_basic,-3808.7680,907.3937,10277.5300,-3794.1420,657.6790,10897.5400,-3808.7670,657.6792,10897.5400
Hangar_v3_basic,-3808.7650,657.6794,10897.5400,-2723.2210,657.6714,10912.1600,-3808.7650,657.6794,10912.1700
Hangar_v3_basic,-2723.2210,657.6714,10912.1600,-3808.7650,657.6794,10897.5400,-2723.2210,657.6714,10897.5400
Hangar_v3_basic,-3808.7650,657.6794,10912.1700,-2723.2210,667.4757,10912.1600,-3808.7650,667.4836,10912.1700
Hangar_v3_basic,-2723.2210,667.4757,10912.1600,-3808.7650,657.6794,10912.1700,-2723.2210,657.6714,10912.1600
Hangar_v3_basic,-2723.2210,657.6714,10912.1600,-2723.2210,667.4757,10899.4100,-2723.2210,667.4757,10912.1600
Hangar_v3_basic,-2723.2210,667.4757,10899.4100,-2723.2210,657.6714,10912.1600,-2723.2210,657.6714,10897.5400
Hangar_v3_basic,-3808.7650,667.4836,10899.4100,-3808.7650,657.6794,10912.1700,-3808.7650,667.4836,10912.1700
Hangar_v3_basic,-3808.7650,657.6794,10912.1700,-3808.7650,667.4836,10899.4100,-3808.7650,657.6794,10897.5400
Hangar_v3_basic,-2723.2200,917.9401,10277.5300,-2737.8450,667.4742,10899.4000,-2723.2200,667.4741,10899.4000
Hangar_v3_basic,-2737.8450,667.4742,10899.4000,-2723.2200,917.9401,10277.5300,-2737.8450,917.9402,10277.5300
Hangar_v3_basic,-2723.2200,657.6711,10897.5400,-2723.2200,917.9401,10277.5300,-2723.2200,667.4741,10899.4000
Hangar_v3_basic,-2723.2200,917.9401,10277.5300,-2723.2200,657.6711,10897.5400,-2723.2200,907.3849,10277.5300
Hangar_v3_basic,-3794.1430,917.9482,10277.5300,-3808.7670,667.4825,10899.4100,-3794.1420,667.4825,10899.4100
Hangar_v3_basic,-3808.7670,667.4825,10899.4100,-3794.1430,917.9482,10277.5300,-3808.7680,917.9484,10277.5300
Hangar_v3_basic,-3808.7670,657.6792,10897.5400,-3808.7680,917.9484,10277.5300,-3808.7680,907.3937,10277.5300
Hangar_v3_basic,-3808.7680,917.9484,10277.5300,-3808.7670,657.6792,10897.5400,-3808.7670,667.4825,10899.4100
Hangar_v3_basic,-3808.7650,667.4836,10912.1700,-2723.2210,667.4757,10899.4100,-3808.7650,667.4836,10899.4100
Hangar_v3_basic,-2723.2210,667.4757,10899.4100,-3808.7650,667.4836,10912.1700,-2723.2210,667.4757,10912.1600
Hangar_v3_basic,-3785.9480,411.9694,9664.9250,-2729.9820,411.9614,9650.2970,-2744.6040,411.9615,9664.9210
Hangar_v3_basic,-2729.9820,411.9614,9650.2970,-3785.9480,411.9694,9664.9250,-3800.5750,411.9695,9650.3010
Hangar_v3_basic,-3800.5750,411.9695,9650.3010,-2729.9820,417.7413,9650.2970,-2729.9820,411.9614,9650.2970
Hangar_v3_basic,-2729.9820,417.7413,9650.2970,-3800.5750,411.9695,9650.3010,-3800.5750,417.7494,9650.3010
Hangar_v3_basic,-3800.5740,581.1579,9650.3010,-2729.9830,575.3709,9650.2970,-3800.5740,575.3781,9650.3010
Hangar_v3_basic,-2729.9830,575.3709,9650.2970,-3800.5740,581.1579,9650.3010,-2729.9830,581.1508,9650.2970
Hangar_v3_basic,-3800.5740,411.9688,10904.7000,-2729.9800,417.7424,10904.7000,-3800.5740,417.7488,10904.7000
Hangar_v3_basic,-2729.9800,417.7424,10904.7000,-3800.5740,411.9688,10904.7000,-2729.9810,411.9625,10904.7000
Hangar_v3_basic,-3785.9480,581.1572,10890.0800,-2729.9790,581.1519,10904.7000,-2744.6030,581.1519,10890.0700
Hangar_v3_basic,-2729.9790,581.1519,10904.7000,-3785.9480,581.1572,10890.0800,-3800.5740,581.1573,10904.7000
Hangar_v3_basic,-3800.5740,581.1573,10904.7000,-2729.9800,575.3720,10904.7000,-2729.9790,581.1519,10904.7000
Hangar_v3_basic,-2729.9800,575.3720,10904.7000,-3800.5740,581.1573,10904.7000,-3800.5740,575.3774,10904.7000
Hangar_v3_basic,-2744.6070,411.9613,9664.9260,-2729.9810,411.9622,10904.7000,-2744.6050,411.9623,10890.0700
Hangar_v3_basic,-2729.9810,411.9622,10904.7000,-2744.6070,411.9613,9664.9260,-2729.9830,411.9612,9650.2970
Hangar_v3_basic,-2729.9830,411.9612,9650.2970,-2729.9800,417.7421,10904.7000,-2729.9810,411.9622,10904.7000
Hangar_v3_basic,-2729.9800,417.7421,10904.7000,-2729.9830,411.9612,9650.2970,-2729.9830,417.7411,9650.2970
Hangar_v3_basic,-2729.9820,581.1497,9650.2970,-2729.9800,575.3718,10904.7000,-2729.9820,575.3698,9650.2970
Hangar_v3_basic,-2729.9800,575.3718,10904.7000,-2729.9820,581.1497,9650.2970,-2729.9790,581.1516,10904.7000
Hangar_v3_basic,-3800.5750,411.9694,9650.3010,-3800.5740,417.7487,10904.7000,-3800.5750,417.7494,9650.3010
Hangar_v3_basic,-3800.5740,417.7487,10904.7000,-3800.5750,411.9694,9650.3010,-3800.5740,411.9688,10904.7000
Hangar_v3_basic,-3785.9500,581.1578,9664.9240,-3800.5740,581.1581,10904.7000,-3785.9500,581.1581,10890.0800
Hangar_v3_basic,-3800.5740,581.1581,10904.7000,-3785.9500,581.1578,9664.9240,-3800.5740,581.1579,9650.3010
Hangar_v3_basic,-3800.5740,581.1579,9650.3010,-3800.5740,575.3783,10904.7000,-3800.5740,581.1581,10904.7000
Hangar_v3_basic,-3800.5740,575.3783,10904.7000,-3800.5740,581.1579,9650.3010,-3800.5740,575.3780,9650.3010
Hangar_v3_basic,-2729.9820,417.7413,9650.2970,-3787.8150,417.7494,9663.0590,-2742.7360,417.7415,9663.0530
Hangar_v3_basic,-3787.8150,417.7494,9663.0590,-2729.9820,417.7413,9650.2970,-3800.5750,417.7494,9650.3010
Hangar_v3_basic,-2729.9830,581.1508,9650.2970,-3785.9480,581.1578,9664.9240,-2744.6030,581.1509,9664.9210
Hangar_v3_basic,-3785.9480,581.1578,9664.9240,-2729.9830,581.1508,9650.2970,-3800.5740,581.1579,9650.3010
Hangar_v3_basic,-2742.7350,575.3710,9663.0530,-3800.5740,575.3781,9650.3010,-2729.9830,575.3709,9650.2970
Hangar_v3_basic,-3800.5740,575.3781,9650.3010,-2742.7350,575.3710,9663.0530,-3787.8140,575.3779,9663.0580
Hangar_v3_basic,-3800.5740,411.9688,10904.7000,-3785.9510,411.9693,9664.9250,-3785.9500,411.9687,10890.0800
Hangar_v3_basic,-3785.9510,411.9693,9664.9250,-3800.5740,411.9688,10904.7000,-3800.5750,411.9694,9650.3010
Hangar_v3_basic,-3787.8180,417.7487,10891.9500,-3800.5750,417.7494,9650.3010,-3800.5740,417.7487,10904.7000
Hangar_v3_basic,-3800.5750,417.7494,9650.3010,-3787.8180,417.7487,10891.9500,-3787.8170,417.7493,9663.0570
Hangar_v3_basic,-3800.5740,575.3783,10904.7000,-3787.8160,575.3779,9663.0570,-3787.8170,575.3782,10891.9500
Hangar_v3_basic,-3787.8160,575.3779,9663.0570,-3800.5740,575.3783,10904.7000,-3800.5740,575.3780,9650.3010
Hangar_v3_basic,-2729.9800,417.7421,10904.7000,-2742.7410,417.7412,9663.0580,-2742.7370,417.7422,10891.9400
Hangar_v3_basic,-2742.7410,417.7412,9663.0580,-2729.9800,417.7421,10904.7000,-2729.9830,417.7411,9650.2970
Hangar_v3_basic,-2729.9790,581.1516,10904.7000,-2744.6060,581.1498,9664.9260,-2744.6040,581.1517,10890.0700
Hangar_v3_basic,-2744.6060,581.1498,9664.9260,-2729.9790,581.1516,10904.7000,-2729.9820,581.1497,9650.2970
Hangar_v3_basic,-2742.7360,575.3718,10891.9400,-2729.9820,575.3698,9650.2970,-2729.9800,575.3718,10904.7000
Hangar_v3_basic,-2729.9820,575.3698,9650.2970,-2742.7360,575.3718,10891.9400,-2742.7400,575.3699,9663.0580
Hangar_v3_basic,-2729.9810,411.9625,10904.7000,-3785.9500,411.9688,10890.0800,-2744.6030,411.9626,10890.0700
Hangar_v3_basic,-3785.9500,411.9688,10890.0800,-2729.9810,411.9625,10904.7000,-3800.5740,411.9688,10904.7000
Hangar_v3_basic,-2742.7370,417.7425,10891.9400,-3800.5740,417.7488,10904.7000,-2729.9800,417.7424,10904.7000
Hangar_v3_basic,-3800.5740,417.7488,10904.7000,-2742.7370,417.7425,10891.9400,-3787.8150,417.7487,10891.9500
Hangar_v3_basic,-3800.5740,575.3774,10904.7000,-2742.7360,575.3721,10891.9400,-2729.9800,575.3720,10904.7000
Hangar_v3_basic,-2742.7360,575.3721,10891.9400,-3800.5740,575.3774,10904.7000,-3787.8160,575.3774,10891.9500
Hangar_v3_basic,-3650.1510,284.6139,9564.0260,-3367.3680,289.8027,9561.8360,-3367.3680,284.6271,9564.0250
Hangar_v3_basic,-3367.3680,289.8027,9561.8360,-3650.1510,284.6139,9564.0260,-3650.1520,289.7894,9561.8370
Hangar_v3_basic,-3650.1510,350.1409,9657.5040,-3650.1520,289.7894,9561.8370,-3650.1510,284.6139,9564.0260
Hangar_v3_basic,-3650.1520,289.7894,9561.8370,-3650.1510,350.1409,9657.5040,-3650.1510,356.7756,9657.5040
Hangar_v3_basic,-3367.3670,350.1391,9657.5030,-3367.3680,289.8027,9561.8360,-3367.3670,356.7739,9657.5030
Hangar_v3_basic,-3367.3680,289.8027,9561.8360,-3367.3670,350.1391,9657.5030,-3367.3680,284.6271,9564.0250
Hangar_v3_basic,-3638.1130,252.3069,9643.2090,-3641.2240,253.0059,9653.3360,-3638.1120,254.7955,9650.2250
Hangar_v3_basic,-3641.2240,253.0059,9653.3360,-3638.1130,252.3069,9643.2090,-3641.2250,248.6422,9643.2150
Hangar_v3_basic,-3638.1130,252.3069,9643.2090,-3641.2240,294.5032,9578.1300,-3641.2250,248.6422,9643.2150
Hangar_v3_basic,-3641.2240,294.5032,9578.1300,-3638.1130,252.3069,9643.2090,-3638.1130,296.3964,9580.8340
Hangar_v3_basic,-3635.0010,248.6423,9643.2170,-3638.1120,254.7955,9650.2250,-3635.0010,253.0058,9653.3380
Hangar_v3_basic,-3638.1120,254.7955,9650.2250,-3635.0010,248.6423,9643.2170,-3638.1130,252.3069,9643.2090
Hangar_v3_basic,-3635.0010,294.5031,9578.1300,-3638.1130,252.3069,9643.2090,-3635.0010,248.6423,9643.2170
Hangar_v3_basic,-3638.1130,252.3069,9643.2090,-3635.0010,294.5031,9578.1300,-3638.1130,296.3964,9580.8340
Hangar_v3_basic,-3638.1130,245.0715,9643.5840,-3635.0010,253.0058,9653.3380,-3638.1130,251.3020,9656.4490
Hangar_v3_basic,-3635.0010,253.0058,9653.3380,-3638.1130,245.0715,9643.5840,-3635.0010,248.6423,9643.2170
Hangar_v3_basic,-3638.1120,292.6082,9575.4240,-3635.0010,248.6423,9643.2170,-3638.1130,245.0715,9643.5840
Hangar_v3_basic,-3635.0010,248.6423,9643.2170,-3638.1120,292.6082,9575.4240,-3635.0010,294.5031,9578.1300
Hangar_v3_basic,-3638.1130,251.3020,9656.4490,-3641.2250,248.6422,9643.2150,-3638.1130,245.0715,9643.5840
Hangar_v3_basic,-3641.2250,248.6422,9643.2150,-3638.1130,251.3020,9656.4490,-3641.2240,253.0059,9653.3360
Hangar_v3_basic,-3638.1130,251.3020,9656.4490,-3641.2240,347.1509,9653.3360,-3641.2240,253.0059,9653.3360
Hangar_v3_basic,-3641.2240,347.1509,9653.3360,-3638.1130,251.3020,9656.4490,-3638.1130,349.3286,9656.4470
Hangar_v3_basic,-3641.2250,248.6422,9643.2150,-3638.1120,292.6082,9575.4240,-3638.1130,245.0715,9643.5840
Hangar_v3_basic,-3638.1120,292.6082,9575.4240,-3641.2250,248.6422,9643.2150,-3641.2240,294.5032,9578.1300
Hangar_v3_basic,-3367.3670,350.1391,9657.5030,-3650.1510,284.6139,9564.0260,-3367.3680,284.6271,9564.0250
Hangar_v3_basic,-3650.1510,284.6139,9564.0260,-3367.3670,350.1391,9657.5030,-3650.1510,350.1409,9657.5040
Hangar_v3_basic,-3641.2240,253.0059,9653.3360,-3638.1120,344.9731,9650.2250,-3638.1120,254.7955,9650.2250
Hangar_v3_basic,-3638.1120,344.9731,9650.2250,-3641.2240,253.0059,9653.3360,-3641.2240,347.1509,9653.3360
Hangar_v3_basic,-3638.1120,344.9731,9650.2250,-3635.0010,253.0058,9653.3380,-3638.1120,254.7955,9650.2250
Hangar_v3_basic,-3635.0010,253.0058,9653.3380,-3638.1120,344.9731,9650.2250,-3635.0000,347.1508,9653.3380
Hangar_v3_basic,-3635.0000,347.1508,9653.3380,-3638.1130,251.3020,9656.4490,-3635.0010,253.0058,9653.3380
Hangar_v3_basic,-3638.1130,251.3020,9656.4490,-3635.0000,347.1508,9653.3380,-3638.1130,349.3286,9656.4470
Hangar_v3_basic,-3379.3920,252.3054,9643.2080,-3382.5040,253.0043,9653.3360,-3379.3920,254.7939,9650.2250
Hangar_v3_basic,-3382.5040,253.0043,9653.3360,-3379.3920,252.3054,9643.2080,-3382.5040,248.6406,9643.2150
Hangar_v3_basic,-3379.3920,252.3054,9643.2080,-3382.5040,294.5016,9578.1300,-3382.5040,248.6406,9643.2150
Hangar_v3_basic,-3382.5040,294.5016,9578.1300,-3379.3920,252.3054,9643.2080,-3379.3930,296.3947,9580.8330
Hangar_v3_basic,-3376.2810,248.6407,9643.2160,-3379.3920,254.7939,9650.2250,-3376.2810,253.0042,9653.3370
Hangar_v3_basic,-3379.3920,254.7939,9650.2250,-3376.2810,248.6407,9643.2160,-3379.3920,252.3054,9643.2080
Hangar_v3_basic,-3376.2810,294.5016,9578.1300,-3379.3920,252.3054,9643.2080,-3376.2810,248.6407,9643.2160
Hangar_v3_basic,-3379.3920,252.3054,9643.2080,-3376.2810,294.5016,9578.1300,-3379.3930,296.3947,9580.8330
Hangar_v3_basic,-3379.3930,245.0699,9643.5840,-3376.2810,253.0042,9653.3370,-3379.3930,251.3004,9656.4480
Hangar_v3_basic,-3376.2810,253.0042,9653.3370,-3379.3930,245.0699,9643.5840,-3376.2810,248.6407,9643.2160
Hangar_v3_basic,-3379.3920,292.6066,9575.4230,-3376.2810,248.6407,9643.2160,-3379.3930,245.0699,9643.5840
Hangar_v3_basic,-3376.2810,248.6407,9643.2160,-3379.3920,292.6066,9575.4230,-3376.2810,294.5016,9578.1300
Hangar_v3_basic,-3379.3930,251.3004,9656.4480,-3382.5040,248.6406,9643.2150,-3379.3930,245.0699,9643.5840
Hangar_v3_basic,-3382.5040,248.6406,9643.2150,-3379.3930,251.3004,9656.4480,-3382.5040,253.0043,9653.3360
Hangar_v3_basic,-3379.3930,251.3004,9656.4480,-3382.5030,347.1493,9653.3360,-3382.5040,253.0043,9653.3360
Hangar_v3_basic,-3382.5030,347.1493,9653.3360,-3379.3930,251.3004,9656.4480,-3379.3920,349.3270,9656.4470
Hangar_v3_basic,-3382.5040,248.6406,9643.2150,-3379.3920,292.6066,9575.4230,-3379.3930,245.0699,9643.5840
Hangar_v3_basic,-3379.3920,292.6066,9575.4230,-3382.5040,248.6406,9643.2150,-3382.5040,294.5016,9578.1300
Hangar_v3_basic,-3382.5040,253.0043,9653.3360,-3379.3920,344.9716,9650.2250,-3379.3920,254.7939,9650.2250
Hangar_v3_basic,-3379.3920,344.9716,9650.2250,-3382.5040,253.0043,9653.3360,-3382.5030,347.1493,9653.3360
Hangar_v3_basic,-3379.3920,344.9716,9650.2250,-3376.2810,253.0042,9653.3370,-3379.3920,254.7939,9650.2250
Hangar_v3_basic,-3376.2810,253.0042,9653.3370,-3379.3920,344.9716,9650.2250,-3376.2800,347.1493,9653.3370
Hangar_v3_basic,-3376.2800,347.1493,9653.3370,-3379.3930,251.3004,9656.4480,-3376.2810,253.0042,9653.3370
Hangar_v3_basic,-3379.3930,251.3004,9656.4480,-3376.2800,347.1493,9653.3370,-3379.3920,349.3270,9656.4470
Hangar_v3_basic,-2746.5120,-17.9325,9651.8960,-2733.1010,411.9615,9651.8970,-2733.1030,-17.9325,9651.8960
Hangar_v3_basic,-2733.1010,411.9615,9651.8970,-2746.5120,-17.9325,9651.8960,-2746.5100,411.9615,9651.8970
Hangar_v3_basic,-2733.1030,-17.9326,9665.8130,-2746.5100,411.9614,9665.8150,-2746.5120,-17.9326,9665.8130
Hangar_v3_basic,-2746.5100,411.9614,9665.8150,-2733.1030,-17.9326,9665.8130,-2733.1010,411.9614,9665.8150
Hangar_v3_basic,-2746.5120,-17.9326,9665.8130,-2746.5100,411.9615,9651.8970,-2746.5120,-17.9325,9651.8960
Hangar_v3_basic,-2746.5100,411.9615,9651.8970,-2746.5120,-17.9326,9665.8130,-2746.5100,411.9614,9665.8150
Hangar_v3_basic,-2733.1030,-17.9326,9665.8130,-2733.1010,411.9615,9651.8970,-2733.1010,411.9614,9665.8150
Hangar_v3_basic,-2733.1010,411.9615,9651.8970,-2733.1030,-17.9326,9665.8130,-2733.1030,-17.9325,9651.8960
Hangar_v3_basic,-2733.1010,-17.9323,10902.6000,-2746.5070,411.9619,10902.6000,-2746.5100,-17.9320,10902.6000
Hangar_v3_basic,-2746.5070,411.9619,10902.6000,-2733.1010,-17.9323,10902.6000,-2733.0980,411.9617,10902.6000
Hangar_v3_basic,-2746.5100,-17.9322,10888.6800,-2733.0980,411.9616,10888.6800,-2733.1020,-17.9323,10888.6800
Hangar_v3_basic,-2733.0980,411.9616,10888.6800,-2746.5100,-17.9322,10888.6800,-2746.5070,411.9617,10888.6800
Hangar_v3_basic,-2733.1020,-17.9323,10888.6800,-2733.0980,411.9617,10902.6000,-2733.1010,-17.9323,10902.6000
Hangar_v3_basic,-2733.0980,411.9617,10902.6000,-2733.1020,-17.9323,10888.6800,-2733.0980,411.9616,10888.6800
Hangar_v3_basic,-2746.5100,-17.9322,10888.6800,-2746.5070,411.9619,10902.6000,-2746.5070,411.9617,10888.6800
Hangar_v3_basic,-2746.5070,411.9619,10902.6000,-2746.5100,-17.9322,10888.6800,-2746.5100,-17.9320,10902.6000
Hangar_v3_basic,-3798.3680,-17.9261,9665.5630,-3798.3640,411.9680,9652.1540,-3798.3680,-17.9259,9652.1540
Hangar_v3_basic,-3798.3640,411.9680,9652.1540,-3798.3680,-17.9261,9665.5630,-3798.3640,411.9679,9665.5640
Hangar_v3_basic,-3784.4500,-17.9261,9652.1540,-3784.4460,411.9677,9665.5640,-3784.4500,-17.9262,9665.5640
Hangar_v3_basic,-3784.4460,411.9677,9665.5640,-3784.4500,-17.9261,9652.1540,-3784.4460,411.9678,9652.1560
Hangar_v3_basic,-3784.4500,-17.9262,9665.5640,-3798.3640,411.9679,9665.5640,-3798.3680,-17.9261,9665.5630
Hangar_v3_basic,-3798.3640,411.9679,9665.5640,-3784.4500,-17.9262,9665.5640,-3784.4460,411.9677,9665.5640
Hangar_v3_basic,-3784.4500,-17.9261,9652.1540,-3798.3640,411.9680,9652.1540,-3784.4460,411.9678,9652.1560
Hangar_v3_basic,-3798.3640,411.9680,9652.1540,-3784.4500,-17.9261,9652.1540,-3798.3680,-17.9259,9652.1540
Hangar_v3_basic,-3784.7000,-17.9258,10902.6000,-3798.1060,411.9684,10902.6000,-3798.1090,-17.9256,10902.6000
Hangar_v3_basic,-3798.1060,411.9684,10902.6000,-3784.7000,-17.9258,10902.6000,-3784.6970,411.9681,10902.6000
Hangar_v3_basic,-3798.1090,-17.9257,10888.6900,-3784.6970,411.9681,10888.6800,-3784.7000,-17.9259,10888.6900
Hangar_v3_basic,-3784.6970,411.9681,10888.6800,-3798.1090,-17.9257,10888.6900,-3798.1060,411.9682,10888.6800
Hangar_v3_basic,-3784.7000,-17.9259,10888.6900,-3784.6970,411.9681,10902.6000,-3784.7000,-17.9258,10902.6000
Hangar_v3_basic,-3784.6970,411.9681,10902.6000,-3784.7000,-17.9259,10888.6900,-3784.6970,411.9681,10888.6800
Hangar_v3_basic,-3798.1090,-17.9257,10888.6900,-3798.1060,411.9684,10902.6000,-3798.1060,411.9682,10888.6800
Hangar_v3_basic,-3798.1060,411.9684,10902.6000,-3798.1090,-17.9257,10888.6900,-3798.1090,-17.9256,10902.6000
Hangar_v3_basic,-3794.1510,-17.9401,9657.5060,-3794.1480,255.6428,9797.6840,-3794.1480,416.9485,9657.5060
Hangar_v3_basic,-3794.1480,255.6428,9797.6840,-3794.1460,416.9488,10070.8500,-3794.1480,416.9485,9657.5060
Hangar_v3_basic,-3794.1480,255.6428,9797.6840,-3794.1510,-17.9401,9657.5060,-3794.1490,142.2612,9797.6870
Hangar_v3_basic,-3794.1460,416.9488,10070.8500,-3794.1480,255.6428,9797.6840,-3794.1480,255.6428,9950.4510
Hangar_v3_basic,-3794.1510,-17.9401,9657.5060,-3794.1490,142.2613,9950.4550,-3794.1490,142.2612,9797.6870
Hangar_v3_basic,-3794.1480,255.6428,9950.4510,-3794.1490,-17.9400,10070.8500,-3794.1460,416.9488,10070.8500
Hangar_v3_basic,-3794.1490,142.2613,9950.4550,-3794.1510,-17.9401,9657.5060,-3794.1490,-17.9400,10070.8500
Hangar_v3_basic,-3794.1490,-17.9400,10070.8500,-3794.1480,255.6428,9950.4510,-3794.1490,142.2613,9950.4550
Hangar_v1_full,198.1248,306.5734,6996.1360,1154.4950,-1.4488,6996.1360,198.1252,-1.4490,6996.1370
Hangar_v1_full,198.1248,306.5734,6996.1360,1154.4950,266.7744,6996.1340,1154.4950,-1.4488,6996.1360
Hangar_v1_full,1154.4960,306.5734,6996.1360,1154.4950,266.7744,6996.1340,198.1248,306.5734,6996.1360
Hangar_v1_full,1154.4950,266.7744,6996.1340,1154.4950,266.7744,7356.0000,1154.4950,-1.4488,6996.1360
Hangar_v1_full,1154.4950,-1.4488,6996.1360,1154.4950,266.7744,7356.0000,1154.4960,-1.4490,7715.8650
Hangar_v1_full,1154.4960,-1.4490,7715.8650,1154.4950,266.7744,7356.0000,1154.4960,266.7743,7715.8650
Hangar_v1_full,1154.4960,306.5734,7715.8650,1154.4960,266.7743,7715.8650,1154.4950,266.7744,7356.0000
Hangar_v1_full,1154.4960,306.5734,7715.8650,1154.4950,266.7744,7356.0000,1154.4960,501.4492,7356.0000
Hangar_v1_full,1154.4960,306.5734,6996.1360,1154.4950,266.7744,7356.0000,1154.4950,266.7744,6996.1340
Hangar_v1_full,1154.4950,266.7744,7356.0000,1154.4960,306.5734,6996.1360,1154.4960,501.4492,7356.0000
Hangar_v1_full,198.1248,306.5734,6996.1360,676.3101,501.4492,7356.0000,676.3104,306.5734,6996.1360
Hangar_v1_full,676.3101,501.4492,7356.0000,198.1248,306.5734,6996.1360,198.1248,501.4492,7356.0000
Hangar_v1_full,676.3104,306.5734,6996.1360,1154.4960,501.4492,7356.0000,1154.4960,306.5734,6996.1360
Hangar_v1_full,1154.4960,501.4492,7356.0000,676.3104,306.5734,6996.1360,676.3101,501.4492,7356.0000
Hangar_v1_full,198.1255,266.7742,7213.7500,198.1252,-1.4490,6996.1370,198.1255,-1.4490,7213.7500
Hangar_v1_full,198.1252,-1.4490,6996.1370,198.1255,266.7742,7213.7500,198.1255,266.7742,6996.1340
Hangar_v1_full,1154.4960,266.7743,7715.8650,198.1255,-1.4492,7715.8650,1154.4960,-1.4490,7715.8650
Hangar_v1_full,1154.4960,306.5734,7715.8650,198.1255,-1.4492,7715.8650,1154.4960,266.7743,7715.8650
Hangar_v1_full,198.1255,306.5732,7715.8650,198.1255,-1.4492,7715.8650,1154.4960,306.5734,7715.8650
Hangar_v1_full,1154.4960,306.5734,7715.8650,676.3101,501.4492,7356.0000,676.3104,306.5733,7715.8650
Hangar_v1_full,676.3101,501.4492,7356.0000,1154.4960,306.5734,7715.8650,1154.4960,501.4492,7356.0000
Hangar_v1_full,676.3104,306.5733,7715.8650,198.1248,501.4492,7356.0000,198.1255,306.5732,7715.8650
Hangar_v1_full,198.1248,501.4492,7356.0000,676.3104,306.5733,7715.8650,676.3101,501.4492,7356.0000
Hangar_v1_full,211.6418,312.2132,7492.8980,211.6406,-1.4490,7219.1000,211.6414,-1.4488,7492.8970
Hangar_v1_full,211.6406,-1.4490,7219.1000,211.6418,312.2132,7492.8980,211.6399,312.2128,7219.1000
Hangar_v1_full,198.1259,266.7742,7715.8650,198.1255,-1.4491,7498.2450,198.1255,-1.4492,7715.8650
Hangar_v1_full,198.1255,-1.4491,7498.2450,198.1259,266.7742,7715.8650,198.1259,266.7742,7498.2450
Hangar_v1_full,198.1255,306.5732,7715.8650,198.1259,266.7742,7498.2450,198.1259,266.7742,7715.8650
Hangar_v1_full,198.1259,266.7742,7498.2450,198.1255,306.5732,7715.8650,198.1252,319.3315,7498.2450
Hangar_v1_full,198.1255,306.5732,7715.8650,198.1248,501.4492,7356.0000,198.1252,319.3315,7498.2450
Hangar_v1_full,198.1252,319.3315,7498.2450,198.1248,501.4492,7356.0000,198.1255,319.3314,7356.0000
Hangar_v1_full,198.1252,319.3314,7213.7500,198.1255,266.7742,6996.1340,198.1255,266.7742,7213.7500
Hangar_v1_full,198.1255,266.7742,6996.1340,198.1252,319.3314,7213.7500,198.1248,306.5734,6996.1360
Hangar_v1_full,198.1252,319.3314,7213.7500,198.1248,501.4492,7356.0000,198.1248,306.5734,6996.1360
Hangar_v1_full,198.1248,501.4492,7356.0000,198.1252,319.3314,7213.7500,198.1255,319.3314,7356.0000
Hangar_v1_full,187.5062,312.2128,7213.7510,198.1255,-1.4492,7213.7500,187.5077,-1.4492,7213.7500
Hangar_v1_full,198.1255,-1.4492,7213.7500,187.5062,312.2128,7213.7510,198.1240,312.2127,7213.7510
Hangar_v1_full,211.6399,312.2129,7219.1000,187.5077,-1.4492,7219.1000,211.6414,-1.4492,7219.1000
Hangar_v1_full,187.5077,-1.4492,7219.1000,211.6399,312.2129,7219.1000,187.5062,312.2129,7219.1000
Hangar_v1_full,187.5062,312.2129,7219.1000,187.5077,-1.4492,7213.7500,187.5077,-1.4492,7219.1000
Hangar_v1_full,187.5077,-1.4492,7213.7500,187.5062,312.2129,7219.1000,187.5062,312.2128,7213.7510
Hangar_v1_full,187.5073,-1.4488,7498.2450,198.1225,312.2131,7498.2470,187.5047,312.2131,7498.2470
Hangar_v1_full,198.1225,312.2131,7498.2470,187.5073,-1.4488,7498.2450,198.1252,-1.4488,7498.2450
Hangar_v1_full,211.6414,-1.4489,7492.8970,187.5047,312.2131,7492.8990,211.6384,312.2131,7492.8990
Hangar_v1_full,187.5047,312.2131,7492.8990,211.6414,-1.4489,7492.8970,187.5073,-1.4489,7492.8970
Hangar_v1_full,187.5073,-1.4489,7492.8970,187.5047,312.2131,7498.2470,187.5047,312.2131,7492.8990
Hangar_v1_full,187.5047,312.2131,7498.2470,187.5073,-1.4489,7492.8970,187.5073,-1.4488,7498.2450
Hangar_v1_full,187.5058,319.3316,7498.2470,198.1255,319.3312,7213.7510,187.5062,319.3312,7213.7510
Hangar_v1_full,198.1255,319.3312,7213.7510,187.5058,319.3316,7498.2470,198.1236,319.3316,7498.2470
Hangar_v1_full,211.6399,312.2133,7498.2470,198.1255,312.2129,7213.7510,211.6414,312.2129,7213.7510
Hangar_v1_full,198.1236,312.2133,7498.2470,198.1255,312.2129,7213.7510,211.6399,312.2133,7498.2470
Hangar_v1_full,198.1236,312.2133,7498.2470,187.5062,312.2129,7213.7510,198.1255,312.2129,7213.7510
Hangar_v1_full,187.5058,312.2133,7498.2470,187.5062,312.2129,7213.7510,198.1236,312.2133,7498.2470
Hangar_v1_full,187.5058,312.2133,7498.2470,187.5062,319.3312,7213.7510,187.5062,312.2129,7213.7510
Hangar_v1_full,187.5062,319.3312,7213.7510,187.5058,312.2133,7498.2470,187.5058,319.3316,7498.2470
Hangar_v1_full,187.5062,312.2129,7213.7510,198.1255,319.3312,7213.7510,198.1255,312.2129,7213.7510
Hangar_v1_full,198.1255,319.3312,7213.7510,187.5062,312.2129,7213.7510,187.5062,319.3312,7213.7510
Hangar_v1_full,198.1236,319.3316,7498.2470,187.5058,312.2133,7498.2470,198.1236,312.2133,7498.2470
Hangar_v1_full,187.5058,312.2133,7498.2470,198.1236,319.3316,7498.2470,187.5058,319.3316,7498.2470
Hangar_v1_full,198.1248,306.5734,7715.1360,1154.4950,-1.4488,7715.1360,198.1252,-1.4490,7715.1370
Hangar_v1_full,198.1248,306.5734,7715.1360,1154.4950,266.7744,7715.1340,1154.4950,-1.4488,7715.1360
Hangar_v1_full,1154.4960,306.5734,7715.1360,1154.4950,266.7744,7715.1340,198.1248,306.5734,7715.1360
Hangar_v1_full,1154.4950,266.7744,7715.1340,1154.4950,266.7744,8075.0000,1154.4950,-1.4488,7715.1360
Hangar_v1_full,1154.4950,-1.4488,7715.1360,1154.4950,266.7744,8075.0000,1154.4960,-1.4490,8434.8650
Hangar_v1_full,1154.4960,-1.4490,8434.8650,1154.4950,266.7744,8075.0000,1154.4960,266.7743,8434.8650
Hangar_v1_full,1154.4960,306.5734,8434.8650,1154.4960,266.7743,8434.8650,1154.4950,266.7744,8075.0000
Hangar_v1_full,1154.4960,306.5734,8434.8650,1154.4950,266.7744,8075.0000,1154.4960,501.4492,8075.0000
Hangar_v1_full,1154.4960,306.5734,7715.1360,1154.4950,266.7744,8075.0000,1154.4950,266.7744,7715.1340
Hangar_v1_full,1154.4950,266.7744,8075.0000,1154.4960,306.5734,7715.1360,1154.4960,501.4492,8075.0000
Hangar_v1_full,198.1248,306.5734,7715.1360,676.3101,501.4492,8075.0000,676.3104,306.5734,7715.1360
Hangar_v1_full,676.3101,501.4492,8075.0000,198.1248,306.5734,7715.1360,198.1248,501.4492,8075.0000
Hangar_v1_full,676.3104,306.5734,7715.1360,1154.4960,501.4492,8075.0000,1154.4960,306.5734,7715.1360
Hangar_v1_full,1154.4960,501.4492,8075.0000,676.3104,306.5734,7715.1360,676.3101,501.4492,8075.0000
Hangar_v1_full,198.1255,266.7742,7932.7500,198.1252,-1.4490,7715.1370,198.1255,-1.4490,7932.7500
Hangar_v1_full,198.1252,-1.4490,7715.1370,198.1255,266.7742,7932.7500,198.1255,266.7742,7715.1340
Hangar_v1_full,1154.4960,266.7743,8434.8650,198.1255,-1.4492,8434.8650,1154.4960,-1.4490,8434.8650
Hangar_v1_full,1154.4960,306.5734,8434.8650,198.1255,-1.4492,8434.8650,1154.4960,266.7743,8434.8650
Hangar_v1_full,198.1255,306.5732,8434.8650,198.1255,-1.4492,8434.8650,1154.4960,306.5734,8434.8650
Hangar_v1_full,1154.4960,306.5734,8434.8650,676.3101,501.4492,8075.0000,676.3104,306.5733,8434.8650
Hangar_v1_full,676.3101,501.4492,8075.0000,1154.4960,306.5734,8434.8650,1154.4960,501.4492,8075.0000
Hangar_v1_full,676.3104,306.5733,8434.8650,198.1248,501.4492,8075.0000,198.1255,306.5732,8434.8650
Hangar_v1_full,198.1248,501.4492,8075.0000,676.3104,306.5733,8434.8650,676.3101,501.4492,8075.0000
Hangar_v1_full,211.6418,312.2132,8211.8980,211.6406,-1.4490,7938.1010,211.6414,-1.4488,8211.8970
Hangar_v1_full,211.6406,-1.4490,7938.1010,211.6418,312.2132,8211.8980,211.6399,312.2128,7938.1010
Hangar_v1_full,198.1259,266.7742,8434.8650,198.1255,-1.4491,8217.2450,198.1255,-1.4492,8434.8650
Hangar_v1_full,198.1255,-1.4491,8217.2450,198.1259,266.7742,8434.8650,198.1259,266.7742,8217.2450
Hangar_v1_full,198.1255,306.5732,8434.8650,198.1259,266.7742,8217.2450,198.1259,266.7742,8434.8650
Hangar_v1_full,198.1259,266.7742,8217.2450,198.1255,306.5732,8434.8650,198.1252,319.3315,8217.2450
Hangar_v1_full,198.1255,306.5732,8434.8650,198.1248,501.4492,8075.0000,198.1252,319.3315,8217.2450
Hangar_v1_full,198.1252,319.3315,8217.2450,198.1248,501.4492,8075.0000,198.1255,319.3314,8075.0000
Hangar_v1_full,198.1252,319.3314,7932.7500,198.1255,266.7742,7715.1340,198.1255,266.7742,7932.7500
Hangar_v1_full,198.1255,266.7742,7715.1340,198.1252,319.3314,7932.7500,198.1248,306.5734,7715.1360
Hangar_v1_full,198.1252,319.3314,7932.7500,198.1248,501.4492,8075.0000,198.1248,306.5734,7715.1360
Hangar_v1_full,198.1248,501.4492,8075.0000,198.1252,319.3314,7932.7500,198.1255,319.3314,8075.0000
Hangar_v1_full,187.5062,312.2128,7932.7510,198.1255,-1.4492,7932.7500,187.5077,-1.4492,7932.7500
Hangar_v1_full,198.1255,-1.4492,7932.7500,187.5062,312.2128,7932.7510,198.1240,312.2127,7932.7510
Hangar_v1_full,211.6399,312.2129,7938.1010,187.5077,-1.4492,7938.1000,211.6414,-1.4492,7938.1000
Hangar_v1_full,187.5077,-1.4492,7938.1000,211.6399,312.2129,7938.1010,187.5062,312.2129,7938.1010
Hangar_v1_full,187.5062,312.2129,7938.1010,187.5077,-1.4492,7932.7500,187.5077,-1.4492,7938.1000
Hangar_v1_full,187.5077,-1.4492,7932.7500,187.5062,312.2129,7938.1010,187.5062,312.2128,7932.7510
Hangar_v1_full,187.5073,-1.4488,8217.2450,198.1225,312.2131,8217.2470,187.5047,312.2131,8217.2470
Hangar_v1_full,198.1225,312.2131,8217.2470,187.5073,-1.4488,8217.2450,198.1252,-1.4488,8217.2450
Hangar_v1_full,211.6414,-1.4489,8211.8970,187.5047,312.2131,8211.8990,211.6384,312.2131,8211.8990
Hangar_v1_full,187.5047,312.2131,8211.8990,211.6414,-1.4489,8211.8970,187.5073,-1.4489,8211.8970
Hangar_v1_full,187.5073,-1.4489,8211.8970,187.5047,312.2131,8217.2470,187.5047,312.2131,8211.8990
Hangar_v1_full,187.5047,312.2131,8217.2470,187.5073,-1.4489,8211.8970,187.5073,-1.4488,8217.2450
Hangar_v1_full,187.5058,319.3316,8217.2470,198.1255,319.3312,7932.7510,187.5062,319.3312,7932.7510
Hangar_v1_full,198.1255,319.3312,7932.7510,187.5058,319.3316,8217.2470,198.1236,319.3316,8217.2470
Hangar_v1_full,211.6399,312.2133,8217.2470,198.1255,312.2129,7932.7510,211.6414,312.2129,7932.7510
Hangar_v1_full,198.1236,312.2133,8217.2470,198.1255,312.2129,7932.7510,211.6399,312.2133,8217.2470
Hangar_v1_full,198.1236,312.2133,8217.2470,187.5062,312.2129,7932.7510,198.1255,312.2129,7932.7510
Hangar_v1_full,187.5058,312.2133,8217.2470,187.5062,312.2129,7932.7510,198.1236,312.2133,8217.2470
Hangar_v1_full,187.5058,312.2133,8217.2470,187.5062,319.3312,7932.7510,187.5062,312.2129,7932.7510
Hangar_v1_full,187.5062,319.3312,7932.7510,187.5058,312.2133,8217.2470,187.5058,319.3316,8217.2470
Hangar_v1_full,187.5062,312.2129,7932.7510,198.1255,319.3312,7932.7510,198.1255,312.2129,7932.7510
Hangar_v1_full,198.1255,319.3312,7932.7510,187.5062,312.2129,7932.7510,187.5062,319.3312,7932.7510
Hangar_v1_full,198.1236,319.3316,8217.2470,187.5058,312.2133,8217.2470,198.1236,312.2133,8217.2470
Hangar_v1_full,187.5058,312.2133,8217.2470,198.1236,319.3316,8217.2470,187.5058,319.3316,8217.2470
Hangar_v1_full,198.1248,306.5734,8432.1360,1154.4950,-1.4488,8432.1360,198.1252,-1.4490,8432.1370
Hangar_v1_full,198.1248,306.5734,8432.1360,1154.4950,266.7744,8432.1340,1154.4950,-1.4488,8432.1360
Hangar_v1_full,1154.4960,306.5734,8432.1360,1154.4950,266.7744,8432.1340,198.1248,306.5734,8432.1360
Hangar_v1_full,1154.4950,266.7744,8432.1340,1154.4950,266.7744,8792.0000,1154.4950,-1.4488,8432.1360
Hangar_v1_full,1154.4950,-1.4488,8432.1360,1154.4950,266.7744,8792.0000,1154.4960,-1.4490,9151.8650
Hangar_v1_full,1154.4960,-1.4490,9151.8650,1154.4950,266.7744,8792.0000,1154.4960,266.7743,9151.8650
Hangar_v1_full,1154.4960,306.5734,9151.8650,1154.4960,266.7743,9151.8650,1154.4950,266.7744,8792.0000
Hangar_v1_full,1154.4960,306.5734,9151.8650,1154.4950,266.7744,8792.0000,1154.4960,501.4492,8792.0000
Hangar_v1_full,1154.4960,306.5734,8432.1360,1154.4950,266.7744,8792.0000,1154.4950,266.7744,8432.1340
Hangar_v1_full,1154.4950,266.7744,8792.0000,1154.4960,306.5734,8432.1360,1154.4960,501.4492,8792.0000
Hangar_v1_full,198.1248,306.5734,8432.1360,676.3101,501.4492,8792.0000,676.3104,306.5734,8432.1360
Hangar_v1_full,676.3101,501.4492,8792.0000,198.1248,306.5734,8432.1360,198.1248,501.4492,8792.0000
Hangar_v1_full,676.3104,306.5734,8432.1360,1154.4960,501.4492,8792.0000,1154.4960,306.5734,8432.1360
Hangar_v1_full,1154.4960,501.4492,8792.0000,676.3104,306.5734,8432.1360,676.3101,501.4492,8792.0000
Hangar_v1_full,198.1255,266.7742,8649.7500,198.1252,-1.4490,8432.1370,198.1255,-1.4490,8649.7500
Hangar_v1_full,198.1252,-1.4490,8432.1370,198.1255,266.7742,8649.7500,198.1255,266.7742,8432.1340
Hangar_v1_full,1154.4960,266.7743,9151.8650,198.1255,-1.4492,9151.8650,1154.4960,-1.4490,9151.8650
Hangar_v1_full,1154.4960,306.5734,9151.8650,198.1255,-1.4492,9151.8650,1154.4960,266.7743,9151.8650
Hangar_v1_full,198.1255,306.5732,9151.8650,198.1255,-1.4492,9151.8650,1154.4960,306.5734,9151.8650
Hangar_v1_full,1154.4960,306.5734,9151.8650,676.3101,501.4492,8792.0000,676.3104,306.5733,9151.8650
Hangar_v1_full,676.3101,501.4492,8792.0000,1154.4960,306.5734,9151.8650,1154.4960,501.4492,8792.0000
Hangar_v1_full,676.3104,306.5733,9151.8650,198.1248,501.4492,8792.0000,198.1255,306.5732,9151.8650
Hangar_v1_full,198.1248,501.4492,8792.0000,676.3104,306.5733,9151.8650,676.3101,501.4492,8792.0000
Hangar_v1_full,211.6418,312.2132,8928.8970,211.6406,-1.4490,8655.1010,211.6414,-1.4488,8928.8970
Hangar_v1_full,211.6406,-1.4490,8655.1010,211.6418,312.2132,8928.8970,211.6399,312.2128,8655.1010
Hangar_v1_full,198.1259,266.7742,9151.8650,198.1255,-1.4491,8934.2450,198.1255,-1.4492,9151.8650
Hangar_v1_full,198.1255,-1.4491,8934.2450,198.1259,266.7742,9151.8650,198.1259,266.7742,8934.2450
Hangar_v1_full,198.1255,306.5732,9151.8650,198.1259,266.7742,8934.2450,198.1259,266.7742,9151.8650
Hangar_v1_full,198.1259,266.7742,8934.2450,198.1255,306.5732,9151.8650,198.1252,319.3315,8934.2450
Hangar_v1_full,198.1255,306.5732,9151.8650,198.1248,501.4492,8792.0000,198.1252,319.3315,8934.2450
Hangar_v1_full,198.1252,319.3315,8934.2450,198.1248,501.4492,8792.0000,198.1255,319.3314,8792.0000
Hangar_v1_full,198.1252,319.3314,8649.7500,198.1255,266.7742,8432.1340,198.1255,266.7742,8649.7500
Hangar_v1_full,198.1255,266.7742,8432.1340,198.1252,319.3314,8649.7500,198.1248,306.5734,8432.1360
Hangar_v1_full,198.1252,319.3314,8649.7500,198.1248,501.4492,8792.0000,198.1248,306.5734,8432.1360
Hangar_v1_full,198.1248,501.4492,8792.0000,198.1252,319.3314,8649.7500,198.1255,319.3314,8792.0000
Hangar_v1_full,187.5062,312.2128,8649.7510,198.1255,-1.4492,8649.7500,187.5077,-1.4492,8649.7500
Hangar_v1_full,198.1255,-1.4492,8649.7500,187.5062,312.2128,8649.7510,198.1240,312.2127,8649.7510
Hangar_v1_full,211.6399,312.2129,8655.1010,187.5077,-1.4492,8655.1000,211.6414,-1.4492,8655.1000
Hangar_v1_full,187.5077,-1.4492,8655.1000,211.6399,312.2129,8655.1010,187.5062,312.2129,8655.1010
Hangar_v1_full,187.5062,312.2129,8655.1010,187.5077,-1.4492,8649.7500,187.5077,-1.4492,8655.1000
Hangar_v1_full,187.5077,-1.4492,8649.7500,187.5062,312.2129,8655.1010,187.5062,312.2128,8649.7510
Hangar_v1_full,187.5073,-1.4488,8934.2450,198.1225,312.2131,8934.2470,187.5047,312.2131,8934.2470
Hangar_v1_full,198.1225,312.2131,8934.2470,187.5073,-1.4488,8934.2450,198.1252,-1.4488,8934.2450
Hangar_v1_full,211.6414,-1.4489,8928.8970,187.5047,312.2131,8928.8990,211.6384,312.2131,8928.8990
Hangar_v1_full,187.5047,312.2131,8928.8990,211.6414,-1.4489,8928.8970,187.5073,-1.4489,8928.8970
Hangar_v1_full,187.5073,-1.4489,8928.8970,187.5047,312.2131,8934.2470,187.5047,312.2131,8928.8990
Hangar_v1_full,187.5047,312.2131,8934.2470,187.5073,-1.4489,8928.8970,187.5073,-1.4488,8934.2450
Hangar_v1_full,187.5058,319.3316,8934.2470,198.1255,319.3312,8649.7510,187.5062,319.3312,8649.7510
Hangar_v1_full,198.1255,319.3312,8649.7510,187.5058,319.3316,8934.2470,198.1236,319.3316,8934.2470
Hangar_v1_full,211.6399,312.2133,8934.2470,198.1255,312.2129,8649.7510,211.6414,312.2129,8649.7510
Hangar_v1_full,198.1236,312.2133,8934.2470,198.1255,312.2129,8649.7510,211.6399,312.2133,8934.2470
Hangar_v1_full,198.1236,312.2133,8934.2470,187.5062,312.2129,8649.7510,198.1255,312.2129,8649.7510
Hangar_v1_full,187.5058,312.2133,8934.2470,187.5062,312.2129,8649.7510,198.1236,312.2133,8934.2470
Hangar_v1_full,187.5058,312.2133,8934.2470,187.5062,319.3312,8649.7510,187.5062,312.2129,8649.7510
Hangar_v1_full,187.5062,319.3312,8649.7510,187.5058,312.2133,8934.2470,187.5058,319.3316,8934.2470
Hangar_v1_full,187.5062,312.2129,8649.7510,198.1255,319.3312,8649.7510,198.1255,312.2129,8649.7510
Hangar_v1_full,198.1255,319.3312,8649.7510,187.5062,312.2129,8649.7510,187.5062,319.3312,8649.7510
Hangar_v1_full,198.1236,319.3316,8934.2470,187.5058,312.2133,8934.2470,198.1236,312.2133,8934.2470
Hangar_v1_full,187.5058,312.2133,8934.2470,198.1236,319.3316,8934.2470,187.5058,319.3316,8934.2470
Cargo_container_v1_LD1close,-3531.0000,290.0000,9353.0000,-2731.0000,290.0000,9653.0000,-2731.0000,290.0000,9353.0000
Cargo_container_v1_LD1close,-3531.0000,290.0000,9353.0000,-3531.0000,290.0000,9653.0000,-2731.0000,290.0000,9653.0000
Cargo_container_v1_LD1close,-3531.0000,290.0000,9653.0000,-2731.0000,-10.0000,9653.0000,-2731.0000,290.0000,9653.0000
Cargo_container_v1_LD1close,-3531.0000,290.0000,9653.0000,-3531.0000,-10.0000,9653.0000,-2731.0000,-10.0000,9653.0000
Cargo_container_v1_LD1close,-2731.0000,290.0000,9653.0000,-2731.0000,-10.0000,9353.0000,-2731.0000,290.0000,9353.0000
Cargo_container_v1_LD1close,-2731.0000,290.0000,9653.0000,-2731.0000,-10.0000,9653.0000,-2731.0000,-10.0000,9353.0000
Cargo_container_v1_LD1close,-3531.0000,290.0000,9653.0000,-3531.0000,290.0000,9353.0000,-3531.0000,-10.0000,9353.0000
Cargo_container_v1_LD1close,-3531.0000,-10.0000,9353.0000,-3531.0000,-10.0000,9653.0000,-3531.0000,290.0000,9653.0000
Cargo_container_v1_LD1close,-2731.0000,-10.0000,9353.0000,-2731.0000,-10.0000,9653.0000,-3531.0000,-10.0000,9353.0000
Cargo_container_v1_LD1close,-3531.0000,-10.0000,9653.0000,-3531.0000,-10.0000,9353.0000,-2731.0000,-10.0000,9653.0000
Cargo_container_v1_LD1close,-2731.0000,290.0000,9353.0000,-3531.0000,-10.0000,9353.0000,-3531.0000,290.0000,9353.0000
Cargo_container_v1_LD1close,-2731.0000,290.0000,9353.0000,-2731.0000,-10.0000,9353.0000,-3531.0000,-10.0000,9353.0000
Cargo_container_v1_LD1close,-3531.0000,590.0000,9220.0000,-2731.0000,590.0000,9520.0000,-2731.0000,590.0000,9220.0000
Cargo_container_v1_LD1close,-3531.0000,590.0000,9220.0000,-3531.0000,590.0000,9520.0000,-2731.0000,590.0000,9520.0000
Cargo_container_v1_LD1close,-3531.0000,590.0000,9520.0000,-2731.0000,290.0000,9520.0000,-2731.0000,590.0000,9520.0000
Cargo_container_v1_LD1close,-3531.0000,590.0000,9520.0000,-3531.0000,290.0000,9520.0000,-2731.0000,290.0000,9520.0000
Cargo_container_v1_LD1close,-2731.0000,590.0000,9520.0000,-2731.0000,290.0000,9220.0000,-2731.0000,590.0000,9220.0000
Cargo_container_v1_LD1close,-2731.0000,590.0000,9520.0000,-2731.0000,290.0000,9520.0000,-2731.0000,290.0000,9220.0000
Cargo_container_v1_LD1close,-3531.0000,590.0000,9520.0000,-3531.0000,590.0000,9220.0000,-3531.0000,290.0000,9220.0000
Cargo_container_v1_LD1close,-3531.0000,290.0000,9220.0000,-3531.0000,290.0000,9520.0000,-3531.0000,590.0000,9520.0000
Cargo_container_v1_LD1close,-2731.0000,290.0000,9220.0000,-2731.0000,290.0000,9520.0000,-3531.0000,290.0000,9220.0000
Cargo_container_v1_LD1close,-3531.0000,290.0000,9520.0000,-3531.0000,290.0000,9220.0000,-2731.0000,290.0000,9520.0000
Cargo_container_v1_LD1close,-2731.0000,590.0000,9220.0000,-3531.0000,290.0000,9220.0000,-3531.0000,590.0000,9220.0000
Cargo_container_v1_LD1close,-2731.0000,590.0000,9220.0000,-2731.0000,290.0000,9220.0000,-3531.0000,290.0000,9220.0000
Cargo_container_v1_LD1close,-3531.0000,290.0000,9057.0000,-2731.0000,290.0000,9357.0000,-2731.0000,290.0000,9057.0000
Cargo_container_v1_LD1close,-3531.0000,290.0000,9057.0000,-3531.0000,290.0000,9357.0000,-2731.0000,290.0000,9357.0000
Cargo_container_v1_LD1close,-3531.0000,290.0000,9357.0000,-2731.0000,-10.0000,9357.0000,-2731.0000,290.0000,9357.0000
Cargo_container_v1_LD1close,-3531.0000,290.0000,9357.0000,-3531.0000,-10.0000,9357.0000,-2731.0000,-10.0000,9357.0000
Cargo_container_v1_LD1close,-2731.0000,290.0000,9357.0000,-2731.0000,-10.0000,9057.0000,-2731.0000,290.0000,9057.0000
Cargo_container_v1_LD1close,-2731.0000,290.0000,9357.0000,-2731.0000,-10.0000,9357.0000,-2731.0000,-10.0000,9057.0000
Cargo_container_v1_LD1close,-3531.0000,290.0000,9357.0000,-3531.0000,290.0000,9057.0000,-3531.0000,-10.0000,9057.0000
Cargo_container_v1_LD1close,-3531.0000,-10.0000,9057.0000,-3531.0000,-10.0000,9357.0000,-3531.0000,290.0000,9357.0000
Cargo_container_v1_LD1close,-2731.0000,-10.0000,9057.0000,-2731.0000,-10.0000,9357.0000,-3531.0000,-10.0000,9057.0000
Cargo_container_v1_LD1close,-3531.0000,-10.0000,9357.0000,-3531.0000,-10.0000,9057.0000,-2731.0000,-10.0000,9357.0000
Cargo_container_v1_LD1close,-2731.0000,290.0000,9057.0000,-3531.0000,-10.0000,9057.0000,-3531.0000,290.0000,9057.0000
Cargo_container_v1_LD1close,-2731.0000,290.0000,9057.0000,-2731.0000,-10.0000,9057.0000,-3531.0000,-10.0000,9057.0000
